time,2015,2016,2017,2018,2019,favorable,adverse
01-01 00:00,4779.0,4996.0,4974.0,4875.0,4913.0,4591.0,4591.0
01-01 01:00,4782.0,4959.0,4949.0,4759.0,4844.0,4562.0,4562.0
01-01 02:00,4790.0,4985.0,4955.0,4741.0,4837.0,4500.0,4500.0
01-01 03:00,4792.0,4995.0,4938.0,4735.0,4802.0,4540.0,4540.0
01-01 04:00,4772.0,4889.0,4966.0,4751.0,4819.0,4484.0,4484.0
01-01 05:00,4765.0,4906.0,4950.0,4738.0,4749.0,4513.0,4513.0
01-01 06:00,4758.0,4938.0,4963.0,4777.0,4818.0,4567.0,4567.0
01-01 07:00,4748.0,4958.0,4981.0,4762.0,4822.0,4632.0,4632.0
01-01 08:00,4734.0,4997.0,5017.0,4804.0,4917.0,4747.0,4747.0
01-01 09:00,4759.0,4985.0,5036.0,4872.0,4931.0,4750.0,4750.0
01-01 10:00,4745.0,4976.0,5045.0,4887.0,5014.0,4758.0,4758.0
01-01 11:00,4776.0,4987.0,5052.0,4883.0,4948.0,4749.0,4749.0
01-01 12:00,4764.0,4986.0,5045.0,4871.0,4971.0,4663.0,4663.0
01-01 13:00,4744.0,5003.0,5053.0,4878.0,4898.0,4629.0,4629.0
01-01 14:00,4802.0,4981.0,5066.0,4876.0,4934.0,4596.0,4596.0
01-01 15:00,4774.0,4976.0,5089.0,4898.0,4929.0,4629.0,4629.0
01-01 16:00,4769.0,5145.0,5100.0,4924.0,4891.0,4811.0,4811.0
01-01 17:00,4751.0,5185.0,5143.0,4928.0,4810.0,4919.0,4919.0
01-01 18:00,4746.0,5093.0,5155.0,4992.0,4790.0,4888.0,4888.0
01-01 19:00,4773.0,5154.0,5157.0,5016.0,4781.0,4888.0,4888.0
01-01 20:00,4807.0,5217.0,5155.0,4901.0,4742.0,4886.0,4886.0
01-01 21:00,4801.0,5076.0,5097.0,4884.0,4744.0,4813.0,4813.0
01-01 22:00,4782.0,5025.0,5120.0,4850.0,4719.0,4720.0,4720.0
01-01 23:00,4777.0,4994.0,5067.0,4813.0,4699.0,4694.0,4694.0
01-02 00:00,4754.0,4845.0,5049.0,4783.0,4668.0,4590.0,4590.0
01-02 01:00,4757.0,4925.0,5059.0,4797.0,4644.0,4555.0,4555.0
01-02 02:00,4773.0,4863.0,5062.0,4790.0,4662.0,4557.0,4557.0
01-02 03:00,4758.0,4846.0,5071.0,4802.0,4674.0,4583.0,4583.0
01-02 04:00,4752.0,4857.0,5083.0,4792.0,4630.0,4573.0,4573.0
01-02 05:00,4702.0,4962.0,5093.0,4812.0,4687.0,4508.0,4508.0
01-02 06:00,4681.0,4880.0,5100.0,4845.0,4728.0,4603.0,4603.0
01-02 07:00,4719.0,4947.0,5183.0,4929.0,4804.0,4680.0,4680.0
01-02 08:00,4727.0,5002.0,5204.0,4961.0,4868.0,4788.0,4788.0
01-02 09:00,4665.0,4963.0,5213.0,4973.0,4858.0,4864.0,4864.0
01-02 10:00,4643.0,4991.0,5058.0,4978.0,4873.0,4819.0,4819.0
01-02 11:00,4653.0,5040.0,5103.0,4975.0,4911.0,4788.0,4788.0
01-02 12:00,4683.0,5032.0,5129.0,4970.0,4900.0,4742.0,4742.0
01-02 13:00,4690.0,4973.0,5049.0,4973.0,4924.0,4686.0,4686.0
01-02 14:00,4684.0,4987.0,5053.0,4968.0,4935.0,4704.0,4704.0
01-02 15:00,4669.0,4867.0,5065.0,5013.0,5026.0,4655.0,4655.0
01-02 16:00,4698.0,4960.0,5072.0,5033.0,5167.0,4775.0,4775.0
01-02 17:00,4715.0,4995.0,5093.0,5042.0,5052.0,4884.0,4884.0
01-02 18:00,4720.0,4983.0,5059.0,5014.0,5060.0,4859.0,4859.0
01-02 19:00,4729.0,4962.0,5057.0,4995.0,5111.0,4869.0,4869.0
01-02 20:00,4768.0,4939.0,5025.0,4967.0,5000.0,4810.0,4810.0
01-02 21:00,4719.0,4868.0,5015.0,4954.0,4898.0,4801.0,4801.0
01-02 22:00,4731.0,4914.0,5001.0,4909.0,4897.0,4731.0,4731.0
01-02 23:00,4736.0,4915.0,4998.0,4888.0,4849.0,4599.0,4599.0
01-03 00:00,4735.0,5028.0,5012.0,4848.0,4816.0,4606.0,4606.0
01-03 01:00,4704.0,5046.0,5022.0,4839.0,4784.0,4571.0,4571.0
01-03 02:00,4743.0,4808.0,4991.0,4833.0,4762.0,4547.0,4547.0
01-03 03:00,4731.0,4847.0,4949.0,4839.0,4747.0,4547.0,4547.0
01-03 04:00,4685.0,4834.0,5004.0,4830.0,4767.0,4576.0,4576.0
01-03 05:00,4680.0,4904.0,5056.0,4830.0,4802.0,4587.0,4587.0
01-03 06:00,4706.0,4898.0,5013.0,4857.0,4882.0,4625.0,4625.0
01-03 07:00,4716.0,5049.0,5037.0,4928.0,4944.0,4681.0,4681.0
01-03 08:00,4722.0,4868.0,5115.0,5018.0,4971.0,4762.0,4762.0
01-03 09:00,4753.0,4918.0,5113.0,4921.0,4944.0,4795.0,4795.0
01-03 10:00,4761.0,4880.0,5101.0,4935.0,4933.0,4793.0,4793.0
01-03 11:00,4742.0,4968.0,5100.0,5040.0,4954.0,4772.0,4772.0
01-03 12:00,4739.0,4850.0,5051.0,4929.0,4963.0,4711.0,4711.0
01-03 13:00,4760.0,4841.0,4994.0,4996.0,4860.0,4683.0,4683.0
01-03 14:00,4756.0,4857.0,5092.0,4978.0,4891.0,4655.0,4655.0
01-03 15:00,4808.0,4866.0,5123.0,5045.0,4949.0,4663.0,4663.0
01-03 16:00,4794.0,5190.0,5115.0,5140.0,4942.0,4821.0,4821.0
01-03 17:00,4801.0,4985.0,5074.0,4982.0,5125.0,4898.0,4898.0
01-03 18:00,4758.0,4914.0,5020.0,4986.0,5208.0,5155.0,5155.0
01-03 19:00,4777.0,5029.0,5028.0,5009.0,5034.0,5122.0,5122.0
01-03 20:00,4786.0,5128.0,4993.0,4936.0,4970.0,4936.0,4936.0
01-03 21:00,4744.0,4970.0,4966.0,4913.0,4917.0,4793.0,4793.0
01-03 22:00,4723.0,4968.0,4985.0,4905.0,4874.0,4817.0,4817.0
01-03 23:00,4691.0,5116.0,4970.0,4839.0,4860.0,4820.0,4820.0
01-04 00:00,4684.0,4925.0,5006.0,4817.0,4886.0,4822.0,4822.0
01-04 01:00,4684.0,4905.0,4925.0,4823.0,4758.0,4578.0,4578.0
01-04 02:00,4676.0,4824.0,4811.0,4800.0,4791.0,4546.0,4546.0
01-04 03:00,4689.0,4799.0,4789.0,4809.0,4797.0,4508.0,4508.0
01-04 04:00,4698.0,4856.0,4813.0,4837.0,4799.0,4518.0,4518.0
01-04 05:00,4687.0,4825.0,4816.0,4834.0,4805.0,4529.0,4529.0
01-04 06:00,4675.0,4845.0,4858.0,4859.0,4982.0,4593.0,4593.0
01-04 07:00,4699.0,5085.0,4880.0,4892.0,5098.0,4675.0,4675.0
01-04 08:00,4715.0,5142.0,4989.0,4948.0,5055.0,5158.0,5158.0
01-04 09:00,4757.0,5038.0,5030.0,4979.0,5206.0,5166.0,5166.0
01-04 10:00,4779.0,5157.0,5017.0,4988.0,5145.0,5150.0,5150.0
01-04 11:00,4746.0,5085.0,4929.0,5004.0,5099.0,5186.0,5186.0
01-04 12:00,4719.0,5141.0,4998.0,5005.0,5034.0,5314.0,5314.0
01-04 13:00,4763.0,5128.0,4992.0,5034.0,5025.0,4981.0,4981.0
01-04 14:00,4844.0,5017.0,4979.0,5057.0,5261.0,4881.0,4881.0
01-04 15:00,4810.0,4965.0,5032.0,5070.0,4954.0,4713.0,4713.0
01-04 16:00,4813.0,5036.0,5145.0,5089.0,5175.0,5192.0,5192.0
01-04 17:00,4809.0,5065.0,5057.0,5065.0,5069.0,5118.0,5118.0
01-04 18:00,4789.0,5203.0,5053.0,5083.0,5113.0,5059.0,5059.0
01-04 19:00,4770.0,5046.0,5089.0,5055.0,5090.0,4987.0,4987.0
01-04 20:00,4809.0,5063.0,5026.0,5000.0,5099.0,4926.0,4926.0
01-04 21:00,4754.0,4886.0,5022.0,4945.0,4948.0,4679.0,4679.0
01-04 22:00,4735.0,4872.0,4986.0,4896.0,4893.0,4809.0,4809.0
01-04 23:00,4699.0,4857.0,4951.0,4868.0,4848.0,4618.0,4618.0
01-05 00:00,4707.0,4825.0,4903.0,4830.0,4916.0,4648.0,4648.0
01-05 01:00,4721.0,4833.0,4895.0,4804.0,4848.0,4556.0,4556.0
01-05 02:00,4692.0,4860.0,4890.0,4815.0,4822.0,4646.0,4646.0
01-05 03:00,4688.0,4877.0,4899.0,4784.0,4818.0,4521.0,4521.0
01-05 04:00,4671.0,4885.0,4893.0,4825.0,4808.0,4537.0,4537.0
01-05 05:00,4660.0,4919.0,4855.0,4864.0,4835.0,4556.0,4556.0
01-05 06:00,4658.0,5045.0,4942.0,4881.0,4891.0,4629.0,4629.0
01-05 07:00,4690.0,5095.0,5015.0,4912.0,4830.0,4762.0,4762.0
01-05 08:00,4659.0,5081.0,5029.0,4989.0,4959.0,4832.0,4832.0
01-05 09:00,4564.0,4874.0,5035.0,4922.0,5100.0,4758.0,4758.0
01-05 10:00,4550.0,5108.0,5019.0,4958.0,5041.0,4873.0,4873.0
01-05 11:00,4609.0,5071.0,5027.0,4977.0,5064.0,4972.0,4972.0
01-05 12:00,4658.0,4965.0,5031.0,4992.0,4954.0,4979.0,4979.0
01-05 13:00,4641.0,4947.0,5026.0,4995.0,4941.0,4889.0,4889.0
01-05 14:00,4724.0,4960.0,5021.0,4979.0,4939.0,4958.0,4958.0
01-05 15:00,4674.0,5102.0,5063.0,4986.0,4976.0,4858.0,4858.0
01-05 16:00,4778.0,5335.0,5165.0,5321.0,5030.0,5041.0,5041.0
01-05 17:00,4737.0,5138.0,5189.0,5204.0,4996.0,5023.0,5023.0
01-05 18:00,4757.0,5140.0,5190.0,5134.0,5005.0,4927.0,4927.0
01-05 19:00,4744.0,5314.0,5174.0,5142.0,5068.0,4890.0,4890.0
01-05 20:00,4760.0,5084.0,5033.0,4997.0,4976.0,4762.0,4762.0
01-05 21:00,4758.0,4910.0,4992.0,4912.0,4960.0,4704.0,4704.0
01-05 22:00,4742.0,4868.0,4974.0,4896.0,4894.0,4631.0,4631.0
01-05 23:00,4724.0,4861.0,4938.0,4881.0,4821.0,4296.0,4296.0
01-06 00:00,4734.0,4805.0,4924.0,4837.0,4850.0,4248.0,4248.0
01-06 01:00,4751.0,4844.0,4881.0,4827.0,4853.0,4220.0,4220.0
01-06 02:00,4728.0,4883.0,4877.0,4809.0,4789.0,4472.0,4472.0
01-06 03:00,4709.0,4818.0,4860.0,4801.0,4899.0,4496.0,4496.0
01-06 04:00,4757.0,4819.0,4842.0,4797.0,4847.0,4563.0,4563.0
01-06 05:00,4761.0,4853.0,4833.0,4798.0,4924.0,4540.0,4540.0
01-06 06:00,4719.0,4979.0,4836.0,4814.0,4966.0,4576.0,4576.0
01-06 07:00,4716.0,4930.0,4854.0,4847.0,4865.0,4782.0,4782.0
01-06 08:00,4679.0,4810.0,4892.0,4925.0,4959.0,4911.0,4911.0
01-06 09:00,4659.0,4797.0,4910.0,4953.0,4903.0,5226.0,5226.0
01-06 10:00,4622.0,4969.0,4926.0,4953.0,4911.0,4867.0,4867.0
01-06 11:00,4706.0,5044.0,4912.0,4965.0,4922.0,4863.0,4863.0
01-06 12:00,4731.0,5099.0,4895.0,4963.0,5001.0,4726.0,4726.0
01-06 13:00,4710.0,4992.0,4960.0,4965.0,4908.0,4673.0,4673.0
01-06 14:00,4506.0,5000.0,5010.0,4935.0,4975.0,4678.0,4678.0
01-06 15:00,4516.0,4914.0,5045.0,4952.0,4958.0,4756.0,4756.0
01-06 16:00,4534.0,5014.0,5053.0,4964.0,4983.0,4995.0,4995.0
01-06 17:00,4748.0,5142.0,5046.0,4977.0,4994.0,5101.0,5101.0
01-06 18:00,4783.0,5158.0,5032.0,4980.0,4968.0,5036.0,5036.0
01-06 19:00,4798.0,5086.0,5027.0,4960.0,4988.0,5027.0,5027.0
01-06 20:00,4804.0,5122.0,5019.0,4881.0,4997.0,4960.0,4960.0
01-06 21:00,4807.0,5192.0,4971.0,4881.0,4981.0,4752.0,4752.0
01-06 22:00,4776.0,5095.0,4993.0,4847.0,4946.0,4647.0,4647.0
01-06 23:00,4805.0,5054.0,4965.0,4833.0,4927.0,4593.0,4593.0
01-07 00:00,4796.0,4907.0,4936.0,4823.0,4776.0,4557.0,4557.0
01-07 01:00,4761.0,4967.0,4922.0,4800.0,4811.0,4504.0,4504.0
01-07 02:00,4760.0,4862.0,4936.0,4789.0,4738.0,4522.0,4522.0
01-07 03:00,4744.0,4839.0,4944.0,4790.0,4781.0,4517.0,4517.0
01-07 04:00,4752.0,4852.0,4940.0,4797.0,4788.0,4559.0,4559.0
01-07 05:00,4794.0,4946.0,4931.0,4792.0,4888.0,4704.0,4704.0
01-07 06:00,4765.0,5034.0,4942.0,4796.0,4879.0,4897.0,4897.0
01-07 07:00,4766.0,4969.0,4947.0,4848.0,5350.0,5113.0,5113.0
01-07 08:00,4755.0,4972.0,4961.0,4932.0,5274.0,5013.0,5013.0
01-07 09:00,4763.0,4950.0,4992.0,4963.0,5346.0,4988.0,4988.0
01-07 10:00,4688.0,4978.0,4975.0,4950.0,5461.0,4981.0,4981.0
01-07 11:00,4675.0,5095.0,4976.0,4960.0,5247.0,4941.0,4941.0
01-07 12:00,4652.0,5121.0,4975.0,4934.0,5143.0,4939.0,4939.0
01-07 13:00,4698.0,5183.0,4988.0,4941.0,5165.0,4916.0,4916.0
01-07 14:00,4709.0,5226.0,4998.0,4945.0,5390.0,4842.0,4842.0
01-07 15:00,4726.0,5204.0,5013.0,4950.0,5436.0,4918.0,4918.0
01-07 16:00,4767.0,4988.0,5049.0,4968.0,5144.0,5154.0,5154.0
01-07 17:00,4874.0,5061.0,5201.0,5001.0,5094.0,5184.0,5184.0
01-07 18:00,4884.0,5031.0,5150.0,4975.0,4975.0,5186.0,5186.0
01-07 19:00,4803.0,4980.0,5108.0,4967.0,4974.0,5209.0,5209.0
01-07 20:00,4857.0,4862.0,5080.0,4893.0,5066.0,4926.0,4926.0
01-07 21:00,4775.0,4854.0,5099.0,4862.0,5091.0,4787.0,4787.0
01-07 22:00,4778.0,4810.0,5047.0,4846.0,4931.0,4753.0,4753.0
01-07 23:00,4791.0,4868.0,5038.0,4820.0,4829.0,4706.0,4706.0
01-08 00:00,4768.0,4974.0,5041.0,4796.0,4784.0,4659.0,4659.0
01-08 01:00,4737.0,4896.0,5018.0,4783.0,4811.0,4524.0,4524.0
01-08 02:00,4752.0,4908.0,5028.0,4777.0,4710.0,4528.0,4528.0
01-08 03:00,4681.0,4878.0,5031.0,4751.0,4787.0,4531.0,4531.0
01-08 04:00,4727.0,4923.0,5004.0,4747.0,4846.0,4604.0,4604.0
01-08 05:00,4747.0,4846.0,4971.0,4756.0,4860.0,4596.0,4596.0
01-08 06:00,4753.0,4957.0,4956.0,4796.0,4863.0,4672.0,4672.0
01-08 07:00,4758.0,4966.0,4965.0,4869.0,4890.0,4896.0,4896.0
01-08 08:00,4777.0,4826.0,5008.0,4894.0,4797.0,5031.0,5031.0
01-08 09:00,4660.0,4834.0,5151.0,4900.0,4828.0,5029.0,5029.0
01-08 10:00,4657.0,4811.0,5025.0,4858.0,4807.0,4954.0,4954.0
01-08 11:00,4690.0,4830.0,5059.0,4873.0,4864.0,4981.0,4981.0
01-08 12:00,4758.0,4858.0,5015.0,4893.0,4815.0,4958.0,4958.0
01-08 13:00,4760.0,4932.0,5009.0,4872.0,4820.0,4846.0,4846.0
01-08 14:00,4759.0,4934.0,4998.0,4872.0,4748.0,4710.0,4710.0
01-08 15:00,4775.0,4960.0,5015.0,4911.0,4805.0,4922.0,4922.0
01-08 16:00,4791.0,5147.0,5020.0,4936.0,4926.0,5058.0,5058.0
01-08 17:00,4785.0,5123.0,5048.0,4927.0,5008.0,5105.0,5105.0
01-08 18:00,4783.0,5120.0,5033.0,4963.0,4935.0,5053.0,5053.0
01-08 19:00,4788.0,5099.0,5050.0,4947.0,4894.0,4947.0,4947.0
01-08 20:00,4776.0,5146.0,5077.0,4884.0,4886.0,4780.0,4780.0
01-08 21:00,4772.0,5007.0,4999.0,4865.0,4834.0,4697.0,4697.0
01-08 22:00,4760.0,5042.0,4958.0,4820.0,5027.0,4659.0,4659.0
01-08 23:00,4716.0,4931.0,4937.0,4794.0,4806.0,4614.0,4614.0
01-09 00:00,4781.0,4949.0,4919.0,4791.0,4817.0,4578.0,4578.0
01-09 01:00,4722.0,4833.0,4914.0,4775.0,4775.0,4549.0,4549.0
01-09 02:00,4739.0,4854.0,4927.0,4764.0,4683.0,4552.0,4552.0
01-09 03:00,4715.0,4898.0,4895.0,4757.0,4746.0,4502.0,4502.0
01-09 04:00,4735.0,4804.0,4895.0,4754.0,4750.0,4508.0,4508.0
01-09 05:00,4723.0,4858.0,4915.0,4790.0,4813.0,4498.0,4498.0
01-09 06:00,4736.0,4869.0,4986.0,4813.0,4803.0,4607.0,4607.0
01-09 07:00,4799.0,4911.0,5075.0,4865.0,4840.0,4671.0,4671.0
01-09 08:00,4711.0,4941.0,5064.0,4865.0,4994.0,4766.0,4766.0
01-09 09:00,4732.0,4984.0,4979.0,4854.0,4906.0,4789.0,4789.0
01-09 10:00,4716.0,4893.0,4942.0,4829.0,4956.0,4790.0,4790.0
01-09 11:00,4699.0,4953.0,4958.0,4873.0,4808.0,4789.0,4789.0
01-09 12:00,4683.0,4953.0,5002.0,4867.0,4812.0,4766.0,4766.0
01-09 13:00,4679.0,4967.0,5010.0,4866.0,4780.0,4696.0,4696.0
01-09 14:00,4693.0,4938.0,5022.0,4906.0,4830.0,4711.0,4711.0
01-09 15:00,4779.0,4906.0,5055.0,4968.0,4820.0,4746.0,4746.0
01-09 16:00,4822.0,4892.0,5044.0,5007.0,5007.0,4958.0,4958.0
01-09 17:00,4834.0,4911.0,5181.0,5032.0,4943.0,5196.0,5196.0
01-09 18:00,4838.0,4926.0,5130.0,5047.0,4897.0,5086.0,5086.0
01-09 19:00,4852.0,4905.0,5081.0,5324.0,4911.0,5010.0,5010.0
01-09 20:00,4867.0,4922.0,4982.0,5093.0,5060.0,4938.0,4938.0
01-09 21:00,4854.0,4846.0,4967.0,4969.0,4941.0,4852.0,4852.0
01-09 22:00,4815.0,4851.0,4919.0,4928.0,4892.0,4766.0,4766.0
01-09 23:00,4811.0,4847.0,4907.0,4922.0,4928.0,4726.0,4726.0
01-10 00:00,4792.0,4872.0,4877.0,4911.0,4932.0,4660.0,4660.0
01-10 01:00,4721.0,4891.0,4874.0,4881.0,4877.0,4666.0,4666.0
01-10 02:00,4751.0,4885.0,4868.0,4878.0,4864.0,4669.0,4669.0
01-10 03:00,4715.0,4868.0,4860.0,4856.0,4901.0,4535.0,4535.0
01-10 04:00,4657.0,4912.0,4858.0,4856.0,4912.0,4525.0,4525.0
01-10 05:00,4682.0,4869.0,4857.0,4878.0,4912.0,4593.0,4593.0
01-10 06:00,4687.0,4883.0,4927.0,4939.0,5259.0,4637.0,4637.0
01-10 07:00,4714.0,4941.0,4948.0,4982.0,5758.0,4774.0,4774.0
01-10 08:00,4754.0,4949.0,4978.0,5019.0,5822.0,4847.0,4847.0
01-10 09:00,4744.0,5006.0,4959.0,4944.0,5659.0,4849.0,4849.0
01-10 10:00,4739.0,4896.0,4954.0,4913.0,5764.0,4948.0,4948.0
01-10 11:00,4742.0,4853.0,4951.0,4922.0,5681.0,4803.0,4803.0
01-10 12:00,4746.0,4895.0,4947.0,4916.0,5457.0,4778.0,4778.0
01-10 13:00,4748.0,4870.0,4973.0,4984.0,5530.0,4713.0,4713.0
01-10 14:00,4732.0,4898.0,4997.0,4965.0,5525.0,4835.0,4835.0
01-10 15:00,4688.0,4872.0,5024.0,4988.0,5479.0,4770.0,4770.0
01-10 16:00,4656.0,4933.0,5017.0,5144.0,5688.0,4960.0,4960.0
01-10 17:00,4670.0,4872.0,5186.0,5148.0,5668.0,4903.0,4903.0
01-10 18:00,4681.0,4850.0,5094.0,5240.0,5563.0,4889.0,4889.0
01-10 19:00,4692.0,4849.0,5054.0,5076.0,5438.0,4995.0,4995.0
01-10 20:00,4667.0,4889.0,4951.0,5006.0,5284.0,4815.0,4815.0
01-10 21:00,4724.0,4911.0,4939.0,5013.0,5035.0,4730.0,4730.0
01-10 22:00,4733.0,4814.0,4964.0,4984.0,4995.0,4699.0,4699.0
01-10 23:00,4692.0,4752.0,4957.0,4915.0,4923.0,4637.0,4637.0
01-11 00:00,4700.0,4829.0,4954.0,4917.0,4899.0,4632.0,4632.0
01-11 01:00,4694.0,4835.0,4876.0,4889.0,4924.0,4585.0,4585.0
01-11 02:00,4693.0,4823.0,5026.0,4858.0,4953.0,4538.0,4538.0
01-11 03:00,4674.0,4847.0,4894.0,4876.0,4858.0,4518.0,4518.0
01-11 04:00,4650.0,4778.0,4894.0,4885.0,5033.0,4566.0,4566.0
01-11 05:00,4664.0,4855.0,4935.0,4888.0,4995.0,4633.0,4633.0
01-11 06:00,4621.0,4973.0,4995.0,4937.0,5109.0,4806.0,4806.0
01-11 07:00,4644.0,5099.0,4950.0,5000.0,5339.0,4991.0,4991.0
01-11 08:00,4674.0,5096.0,5021.0,5028.0,5484.0,5263.0,5263.0
01-11 09:00,4749.0,5015.0,4979.0,5009.0,5330.0,4893.0,4893.0
01-11 10:00,4776.0,5050.0,4931.0,5008.0,5051.0,5188.0,5188.0
01-11 11:00,4770.0,4908.0,4889.0,5004.0,5125.0,4796.0,4796.0
01-11 12:00,4773.0,4849.0,4905.0,5003.0,4929.0,4938.0,4938.0
01-11 13:00,4774.0,4976.0,4894.0,5043.0,4944.0,4672.0,4672.0
01-11 14:00,4772.0,4849.0,4938.0,5033.0,4908.0,4700.0,4700.0
01-11 15:00,4769.0,4877.0,4933.0,5047.0,4924.0,4731.0,4731.0
01-11 16:00,4729.0,4913.0,4982.0,5323.0,5006.0,4863.0,4863.0
01-11 17:00,4747.0,4943.0,5054.0,5165.0,5049.0,4905.0,4905.0
01-11 18:00,4735.0,4967.0,4994.0,5149.0,5005.0,4917.0,4917.0
01-11 19:00,4758.0,4964.0,4982.0,5142.0,4996.0,4735.0,4735.0
01-11 20:00,4709.0,4951.0,4984.0,5035.0,4946.0,4639.0,4639.0
01-11 21:00,4715.0,4954.0,5001.0,5003.0,4929.0,4541.0,4541.0
01-11 22:00,4756.0,4936.0,4998.0,4975.0,4901.0,4526.0,4526.0
01-11 23:00,4688.0,4900.0,5028.0,4974.0,4895.0,4447.0,4447.0
01-12 00:00,4648.0,4927.0,4931.0,4921.0,4880.0,4373.0,4373.0
01-12 01:00,4663.0,4896.0,4953.0,4922.0,4816.0,4350.0,4350.0
01-12 02:00,4663.0,4865.0,4928.0,4878.0,4874.0,4362.0,4362.0
01-12 03:00,4630.0,4855.0,4943.0,4844.0,4866.0,4368.0,4368.0
01-12 04:00,4639.0,4865.0,4935.0,4865.0,4829.0,4430.0,4430.0
01-12 05:00,4721.0,4866.0,4939.0,4887.0,4850.0,4478.0,4478.0
01-12 06:00,4762.0,4967.0,4926.0,4950.0,4879.0,4532.0,4532.0
01-12 07:00,4783.0,4971.0,4958.0,5064.0,4920.0,4866.0,4866.0
01-12 08:00,4780.0,4949.0,4897.0,5165.0,4937.0,4878.0,4878.0
01-12 09:00,4717.0,4992.0,4898.0,5222.0,4974.0,4815.0,4815.0
01-12 10:00,4713.0,4899.0,4898.0,5292.0,4932.0,4890.0,4890.0
01-12 11:00,4741.0,4967.0,4899.0,5306.0,4937.0,4955.0,4955.0
01-12 12:00,4768.0,4948.0,4855.0,5282.0,4958.0,4761.0,4761.0
01-12 13:00,4774.0,4915.0,4884.0,5131.0,4923.0,4614.0,4614.0
01-12 14:00,4734.0,4923.0,4921.0,5139.0,4937.0,4625.0,4625.0
01-12 15:00,4752.0,4945.0,4956.0,5198.0,4933.0,4606.0,4606.0
01-12 16:00,4765.0,5018.0,4995.0,5302.0,5057.0,4760.0,4760.0
01-12 17:00,4799.0,5059.0,5041.0,5306.0,4984.0,4807.0,4807.0
01-12 18:00,4805.0,4983.0,5022.0,5280.0,5013.0,4806.0,4806.0
01-12 19:00,4778.0,4953.0,5002.0,5238.0,5003.0,4762.0,4762.0
01-12 20:00,4773.0,4908.0,4949.0,5097.0,5017.0,4621.0,4621.0
01-12 21:00,4779.0,4885.0,5009.0,4999.0,4961.0,4535.0,4535.0
01-12 22:00,4735.0,4907.0,4942.0,4983.0,4929.0,4541.0,4541.0
01-12 23:00,4735.0,4895.0,4928.0,4970.0,4927.0,4513.0,4513.0
01-13 00:00,4763.0,5007.0,4884.0,4911.0,4957.0,4525.0,4525.0
01-13 01:00,4806.0,4805.0,4926.0,4893.0,4882.0,4499.0,4499.0
01-13 02:00,4810.0,4806.0,4952.0,4895.0,4895.0,4460.0,4460.0
01-13 03:00,4819.0,4762.0,4868.0,4878.0,4843.0,4461.0,4461.0
01-13 04:00,4795.0,4824.0,4795.0,4877.0,4839.0,4467.0,4467.0
01-13 05:00,4793.0,4823.0,4859.0,4967.0,4835.0,4471.0,4471.0
01-13 06:00,4841.0,4913.0,4878.0,4879.0,4796.0,4587.0,4587.0
01-13 07:00,4870.0,4928.0,4859.0,4925.0,4879.0,4699.0,4699.0
01-13 08:00,4765.0,4894.0,4913.0,4993.0,4916.0,4759.0,4759.0
01-13 09:00,4709.0,4856.0,4952.0,5001.0,4922.0,4722.0,4722.0
01-13 10:00,4710.0,4883.0,4954.0,5011.0,4933.0,4678.0,4678.0
01-13 11:00,4671.0,4920.0,4922.0,5039.0,4929.0,4598.0,4598.0
01-13 12:00,4704.0,4920.0,4963.0,5034.0,4908.0,4536.0,4536.0
01-13 13:00,4736.0,4947.0,5009.0,5003.0,4928.0,4510.0,4510.0
01-13 14:00,4767.0,4960.0,4934.0,5004.0,4933.0,4528.0,4528.0
01-13 15:00,4779.0,4976.0,4974.0,4984.0,4943.0,4590.0,4590.0
01-13 16:00,4764.0,4956.0,4990.0,5018.0,4899.0,4737.0,4737.0
01-13 17:00,4785.0,4957.0,5022.0,5024.0,5009.0,4849.0,4849.0
01-13 18:00,4811.0,5012.0,5012.0,5004.0,4925.0,4761.0,4761.0
01-13 19:00,4787.0,4962.0,4985.0,4988.0,4901.0,4732.0,4732.0
01-13 20:00,4802.0,5019.0,4985.0,4933.0,4944.0,4655.0,4655.0
01-13 21:00,4779.0,4983.0,4994.0,4946.0,4921.0,4604.0,4604.0
01-13 22:00,4770.0,4961.0,4950.0,4933.0,4892.0,4540.0,4540.0
01-13 23:00,4797.0,4987.0,4927.0,4930.0,4958.0,4463.0,4463.0
01-14 00:00,4761.0,4900.0,4924.0,4898.0,4906.0,4434.0,4434.0
01-14 01:00,4741.0,4930.0,4929.0,4880.0,4872.0,4424.0,4424.0
01-14 02:00,4725.0,4931.0,4920.0,4853.0,4905.0,4476.0,4476.0
01-14 03:00,4778.0,4908.0,4915.0,4863.0,4871.0,4420.0,4420.0
01-14 04:00,4745.0,4907.0,4953.0,4842.0,4890.0,4442.0,4442.0
01-14 05:00,4750.0,4948.0,4915.0,4841.0,4849.0,4574.0,4574.0
01-14 06:00,4792.0,5018.0,4963.0,4842.0,5047.0,4691.0,4691.0
01-14 07:00,4812.0,5069.0,4947.0,4860.0,5338.0,4787.0,4787.0
01-14 08:00,4823.0,5022.0,5026.0,4926.0,5205.0,5101.0,5101.0
01-14 09:00,4797.0,4991.0,5002.0,4984.0,4958.0,4814.0,4814.0
01-14 10:00,4824.0,4898.0,5039.0,4973.0,4954.0,4727.0,4727.0
01-14 11:00,4749.0,4925.0,5042.0,4990.0,4844.0,4680.0,4680.0
01-14 12:00,4733.0,4926.0,4997.0,4989.0,4808.0,4642.0,4642.0
01-14 13:00,4727.0,4920.0,5004.0,4999.0,4776.0,4604.0,4604.0
01-14 14:00,4773.0,4964.0,5018.0,4960.0,4829.0,4626.0,4626.0
01-14 15:00,4827.0,4996.0,5048.0,4999.0,4996.0,4733.0,4733.0
01-14 16:00,4808.0,4975.0,5050.0,5031.0,5107.0,4821.0,4821.0
01-14 17:00,4805.0,4980.0,5058.0,5028.0,5395.0,4902.0,4902.0
01-14 18:00,4814.0,4975.0,5094.0,5017.0,5409.0,4988.0,4988.0
01-14 19:00,4822.0,5034.0,5086.0,5022.0,5100.0,5195.0,5195.0
01-14 20:00,4808.0,5032.0,5085.0,5012.0,5139.0,4744.0,4744.0
01-14 21:00,4811.0,4990.0,4981.0,4939.0,5033.0,4701.0,4701.0
01-14 22:00,4818.0,4971.0,4970.0,4910.0,5090.0,4593.0,4593.0
01-14 23:00,4812.0,4944.0,4964.0,5025.0,5037.0,4525.0,4525.0
01-15 00:00,4743.0,4887.0,4964.0,5020.0,4920.0,4550.0,4550.0
01-15 01:00,4730.0,4873.0,4920.0,4851.0,4840.0,4540.0,4540.0
01-15 02:00,4708.0,4862.0,4907.0,4897.0,4900.0,4508.0,4508.0
01-15 03:00,4697.0,4855.0,4958.0,4830.0,4807.0,4519.0,4519.0
01-15 04:00,4721.0,4901.0,4966.0,4833.0,4816.0,4506.0,4506.0
01-15 05:00,4754.0,4913.0,4921.0,4910.0,4822.0,4554.0,4554.0
01-15 06:00,4742.0,4956.0,4915.0,5195.0,4891.0,4608.0,4608.0
01-15 07:00,4881.0,5002.0,4946.0,5241.0,5121.0,4786.0,4786.0
01-15 08:00,4876.0,4977.0,4983.0,5287.0,5252.0,5136.0,5136.0
01-15 09:00,4733.0,5215.0,5025.0,5210.0,5347.0,5075.0,5075.0
01-15 10:00,4687.0,5311.0,5018.0,5167.0,5003.0,5040.0,5040.0
01-15 11:00,4705.0,5226.0,5024.0,4956.0,4861.0,5448.0,5448.0
01-15 12:00,4704.0,5220.0,5017.0,4934.0,4866.0,5257.0,5257.0
01-15 13:00,4771.0,5117.0,5061.0,4995.0,4912.0,4698.0,4698.0
01-15 14:00,4730.0,5198.0,5031.0,5165.0,4809.0,4634.0,4634.0
01-15 15:00,4758.0,5116.0,5031.0,4921.0,4783.0,4812.0,4812.0
01-15 16:00,4766.0,4980.0,5038.0,4892.0,4887.0,5079.0,5079.0
01-15 17:00,4780.0,5119.0,5020.0,4907.0,4875.0,5002.0,5002.0
01-15 18:00,4795.0,4982.0,5050.0,4920.0,4887.0,5102.0,5102.0
01-15 19:00,4786.0,4975.0,5039.0,4934.0,4944.0,5171.0,5171.0
01-15 20:00,4845.0,4988.0,4982.0,4897.0,4918.0,4879.0,4879.0
01-15 21:00,4810.0,4938.0,4968.0,4886.0,4926.0,4669.0,4669.0
01-15 22:00,4794.0,4900.0,4969.0,4881.0,4929.0,4587.0,4587.0
01-15 23:00,4703.0,4942.0,4985.0,4840.0,4905.0,4555.0,4555.0
01-16 00:00,4729.0,4897.0,4908.0,4815.0,4845.0,4552.0,4552.0
01-16 01:00,4714.0,4956.0,4931.0,4817.0,4857.0,4523.0,4523.0
01-16 02:00,4637.0,4945.0,4928.0,4836.0,4875.0,4493.0,4493.0
01-16 03:00,4671.0,4901.0,4900.0,4835.0,4838.0,4495.0,4495.0
01-16 04:00,4725.0,4899.0,4905.0,4845.0,4874.0,4492.0,4492.0
01-16 05:00,4698.0,4915.0,4950.0,4808.0,4787.0,4528.0,4528.0
01-16 06:00,4843.0,4922.0,5104.0,5047.0,4844.0,4601.0,4601.0
01-16 07:00,4919.0,4948.0,5092.0,4997.0,4904.0,4691.0,4691.0
01-16 08:00,4931.0,4953.0,5033.0,5054.0,4941.0,4789.0,4789.0
01-16 09:00,4851.0,5006.0,5021.0,5186.0,4846.0,4811.0,4811.0
01-16 10:00,4802.0,5001.0,4949.0,5185.0,4863.0,4816.0,4816.0
01-16 11:00,4823.0,4955.0,4919.0,5184.0,4902.0,4826.0,4826.0
01-16 12:00,4834.0,4980.0,4930.0,5178.0,4839.0,4752.0,4752.0
01-16 13:00,4951.0,4914.0,4922.0,5173.0,4833.0,4706.0,4706.0
01-16 14:00,4868.0,4895.0,4964.0,5178.0,4843.0,4640.0,4640.0
01-16 15:00,4834.0,4894.0,5041.0,4994.0,4864.0,4661.0,4661.0
01-16 16:00,4888.0,4937.0,5110.0,5113.0,4875.0,4816.0,4816.0
01-16 17:00,4887.0,4979.0,5081.0,5222.0,5012.0,4852.0,4852.0
01-16 18:00,4889.0,4978.0,5062.0,5255.0,4943.0,4870.0,4870.0
01-16 19:00,4873.0,4970.0,5027.0,5187.0,4970.0,4910.0,4910.0
01-16 20:00,4852.0,4951.0,4976.0,5101.0,4979.0,4775.0,4775.0
01-16 21:00,4880.0,4925.0,4960.0,4887.0,4950.0,4716.0,4716.0
01-16 22:00,4834.0,4914.0,4893.0,4889.0,4935.0,4661.0,4661.0
01-16 23:00,4831.0,4925.0,4886.0,4889.0,4867.0,4633.0,4633.0
01-17 00:00,4800.0,4935.0,4861.0,4907.0,4849.0,4541.0,4541.0
01-17 01:00,4778.0,4929.0,4855.0,4901.0,4845.0,4540.0,4540.0
01-17 02:00,4795.0,4893.0,4853.0,4821.0,4794.0,4524.0,4524.0
01-17 03:00,4824.0,4854.0,4846.0,4797.0,4753.0,4522.0,4522.0
01-17 04:00,4826.0,4843.0,4854.0,4891.0,4827.0,4510.0,4510.0
01-17 05:00,4807.0,4824.0,4902.0,4916.0,4896.0,4553.0,4553.0
01-17 06:00,4839.0,4870.0,4961.0,5110.0,4899.0,4608.0,4608.0
01-17 07:00,4832.0,4886.0,4977.0,5181.0,5024.0,4655.0,4655.0
01-17 08:00,4873.0,4917.0,5022.0,5196.0,5028.0,4730.0,4730.0
01-17 09:00,4871.0,4943.0,4909.0,5200.0,4930.0,4762.0,4762.0
01-17 10:00,4868.0,4944.0,4846.0,5207.0,4794.0,4797.0,4797.0
01-17 11:00,4864.0,4961.0,4889.0,5169.0,4792.0,4798.0,4798.0
01-17 12:00,4859.0,4935.0,4904.0,5209.0,4778.0,4719.0,4719.0
01-17 13:00,4816.0,4934.0,4930.0,5035.0,4819.0,4680.0,4680.0
01-17 14:00,4834.0,4922.0,4934.0,4888.0,4798.0,4664.0,4664.0
01-17 15:00,4834.0,4933.0,4958.0,4948.0,4809.0,4723.0,4723.0
01-17 16:00,4858.0,4967.0,4988.0,4927.0,4836.0,4685.0,4685.0
01-17 17:00,4880.0,5002.0,5076.0,4970.0,4878.0,4736.0,4736.0
01-17 18:00,4866.0,5015.0,5043.0,5054.0,4903.0,4739.0,4739.0
01-17 19:00,4826.0,4968.0,4990.0,4985.0,4961.0,4744.0,4744.0
01-17 20:00,4833.0,4943.0,4999.0,4946.0,4870.0,4765.0,4765.0
01-17 21:00,4784.0,4924.0,4951.0,4896.0,4888.0,4679.0,4679.0
01-17 22:00,4773.0,4897.0,4901.0,4898.0,4825.0,4626.0,4626.0
01-17 23:00,4819.0,4926.0,4929.0,4894.0,4809.0,4562.0,4562.0
01-18 00:00,4745.0,4852.0,4890.0,4893.0,4727.0,4522.0,4522.0
01-18 01:00,4759.0,4823.0,4885.0,4882.0,4714.0,4463.0,4463.0
01-18 02:00,4796.0,4853.0,4898.0,4885.0,4683.0,4474.0,4474.0
01-18 03:00,4780.0,4884.0,4895.0,4858.0,4727.0,4460.0,4460.0
01-18 04:00,4777.0,4883.0,4884.0,4848.0,4717.0,4486.0,4486.0
01-18 05:00,4779.0,4886.0,4858.0,4837.0,4725.0,4554.0,4554.0
01-18 06:00,4782.0,4929.0,4881.0,4876.0,4935.0,4727.0,4727.0
01-18 07:00,4788.0,5233.0,4935.0,4951.0,5409.0,4906.0,4906.0
01-18 08:00,4836.0,5166.0,4916.0,4984.0,5742.0,4883.0,4883.0
01-18 09:00,4849.0,5120.0,4938.0,4988.0,5792.0,5102.0,5102.0
01-18 10:00,4837.0,5110.0,4891.0,4947.0,5309.0,4886.0,4886.0
01-18 11:00,4823.0,5090.0,4909.0,4865.0,4957.0,4794.0,4794.0
01-18 12:00,4830.0,5031.0,4932.0,4981.0,5084.0,4774.0,4774.0
01-18 13:00,4839.0,4990.0,4935.0,4944.0,5077.0,4717.0,4717.0
01-18 14:00,4853.0,4954.0,4929.0,4872.0,4936.0,4748.0,4748.0
01-18 15:00,4899.0,5029.0,4965.0,5019.0,5433.0,4732.0,4732.0
01-18 16:00,4898.0,5081.0,5004.0,5158.0,5389.0,4850.0,4850.0
01-18 17:00,4930.0,5160.0,5087.0,5222.0,5318.0,4886.0,4886.0
01-18 18:00,4898.0,5133.0,5117.0,5161.0,5447.0,4831.0,4831.0
01-18 19:00,4858.0,5233.0,5039.0,5082.0,5545.0,4819.0,4819.0
01-18 20:00,4844.0,4935.0,5052.0,5012.0,5134.0,4726.0,4726.0
01-18 21:00,4799.0,4961.0,4992.0,5076.0,5105.0,4702.0,4702.0
01-18 22:00,4800.0,5090.0,4973.0,5053.0,5078.0,4678.0,4678.0
01-18 23:00,4799.0,4889.0,4999.0,5107.0,5034.0,4655.0,4655.0
01-19 00:00,4707.0,5060.0,4944.0,4892.0,4927.0,4612.0,4612.0
01-19 01:00,4731.0,4951.0,5026.0,4828.0,4915.0,4546.0,4546.0
01-19 02:00,4721.0,4887.0,4942.0,4850.0,5087.0,4505.0,4505.0
01-19 03:00,4721.0,4991.0,4935.0,4839.0,4851.0,4522.0,4522.0
01-19 04:00,4754.0,5035.0,4926.0,4862.0,5008.0,4594.0,4594.0
01-19 05:00,4862.0,4941.0,4969.0,5001.0,4853.0,4689.0,4689.0
01-19 06:00,4840.0,5055.0,4971.0,5187.0,4865.0,4678.0,4678.0
01-19 07:00,4861.0,5193.0,5112.0,5222.0,4890.0,4745.0,4745.0
01-19 08:00,4842.0,5122.0,5008.0,5230.0,4950.0,4815.0,4815.0
01-19 09:00,4819.0,5136.0,5023.0,5229.0,4965.0,4815.0,4815.0
01-19 10:00,4949.0,5154.0,5043.0,5124.0,5013.0,4761.0,4761.0
01-19 11:00,4802.0,5010.0,5037.0,5234.0,5025.0,4731.0,4731.0
01-19 12:00,4798.0,4969.0,4941.0,5247.0,4934.0,4702.0,4702.0
01-19 13:00,4767.0,4967.0,4957.0,5046.0,5015.0,4735.0,4735.0
01-19 14:00,4767.0,5072.0,4993.0,5016.0,5014.0,4655.0,4655.0
01-19 15:00,4829.0,5205.0,5026.0,5044.0,4996.0,4599.0,4599.0
01-19 16:00,4830.0,5060.0,5076.0,5170.0,4962.0,4683.0,4683.0
01-19 17:00,4904.0,5176.0,5115.0,5285.0,5029.0,4785.0,4785.0
01-19 18:00,4911.0,5067.0,5120.0,5286.0,5032.0,4753.0,4753.0
01-19 19:00,4854.0,5046.0,5066.0,5316.0,4992.0,4765.0,4765.0
01-19 20:00,4873.0,4956.0,5034.0,5048.0,4981.0,4747.0,4747.0
01-19 21:00,4861.0,4963.0,5004.0,5123.0,4954.0,4675.0,4675.0
01-19 22:00,4850.0,4957.0,4996.0,4964.0,4891.0,4674.0,4674.0
01-19 23:00,4846.0,4947.0,4998.0,4917.0,4850.0,4588.0,4588.0
01-20 00:00,4831.0,5057.0,4950.0,4891.0,4840.0,4540.0,4540.0
01-20 01:00,4757.0,4938.0,4955.0,4876.0,4827.0,4567.0,4567.0
01-20 02:00,4845.0,4924.0,4945.0,4860.0,4818.0,4538.0,4538.0
01-20 03:00,4859.0,4897.0,4931.0,4855.0,4846.0,4487.0,4487.0
01-20 04:00,4881.0,4893.0,4955.0,4823.0,4787.0,4545.0,4545.0
01-20 05:00,4882.0,4940.0,4962.0,4829.0,4819.0,4599.0,4599.0
01-20 06:00,4831.0,5166.0,5019.0,4858.0,4818.0,4725.0,4725.0
01-20 07:00,4888.0,5274.0,5031.0,4860.0,4912.0,4975.0,4975.0
01-20 08:00,4859.0,5143.0,5022.0,4928.0,5033.0,4930.0,4930.0
01-20 09:00,4894.0,5055.0,5020.0,4974.0,4980.0,4973.0,4973.0
01-20 10:00,4815.0,5147.0,5002.0,5012.0,5014.0,4806.0,4806.0
01-20 11:00,4831.0,5099.0,5006.0,5007.0,5122.0,4906.0,4906.0
01-20 12:00,4845.0,5126.0,5036.0,5191.0,5001.0,4832.0,4832.0
01-20 13:00,4893.0,5110.0,5049.0,5016.0,4923.0,4835.0,4835.0
01-20 14:00,4832.0,4970.0,5036.0,4948.0,5029.0,4628.0,4628.0
01-20 15:00,4864.0,4970.0,5031.0,4938.0,4991.0,4664.0,4664.0
01-20 16:00,4931.0,5104.0,5037.0,5038.0,5036.0,4883.0,4883.0
01-20 17:00,5003.0,5297.0,5125.0,5095.0,5198.0,5033.0,5033.0
01-20 18:00,4980.0,5163.0,5136.0,5105.0,5490.0,5051.0,5051.0
01-20 19:00,4942.0,5237.0,5065.0,5153.0,5202.0,5068.0,5068.0
01-20 20:00,4951.0,5282.0,5024.0,5039.0,5166.0,4964.0,4964.0
01-20 21:00,4888.0,4953.0,4996.0,4934.0,5049.0,4670.0,4670.0
01-20 22:00,4861.0,4964.0,5001.0,4910.0,5066.0,4706.0,4706.0
01-20 23:00,4833.0,4969.0,4988.0,4881.0,4909.0,4699.0,4699.0
01-21 00:00,4878.0,4928.0,4965.0,4859.0,4881.0,4616.0,4616.0
01-21 01:00,4881.0,4932.0,4959.0,4838.0,4937.0,4570.0,4570.0
01-21 02:00,4912.0,5051.0,4948.0,4829.0,4764.0,4514.0,4514.0
01-21 03:00,4869.0,5059.0,4929.0,4818.0,4803.0,4526.0,4526.0
01-21 04:00,4894.0,5070.0,4923.0,4811.0,4899.0,4542.0,4542.0
01-21 05:00,4878.0,5037.0,4933.0,4804.0,5138.0,4546.0,4546.0
01-21 06:00,4846.0,5003.0,4957.0,4801.0,5385.0,4641.0,4641.0
01-21 07:00,4887.0,5255.0,4986.0,4821.0,5545.0,4810.0,4810.0
01-21 08:00,4856.0,5233.0,5035.0,4874.0,5863.0,5037.0,5037.0
01-21 09:00,4811.0,5305.0,5042.0,4884.0,5619.0,4797.0,4797.0
01-21 10:00,4840.0,5162.0,5036.0,4895.0,5155.0,4857.0,4857.0
01-21 11:00,4859.0,5058.0,5079.0,4890.0,5174.0,4618.0,4618.0
01-21 12:00,4868.0,5163.0,5076.0,5056.0,5078.0,4639.0,4639.0
01-21 13:00,4876.0,4979.0,5077.0,4915.0,4996.0,4610.0,4610.0
01-21 14:00,4875.0,5046.0,5064.0,4906.0,5296.0,4552.0,4552.0
01-21 15:00,4893.0,5181.0,5068.0,4910.0,5341.0,4694.0,4694.0
01-21 16:00,4939.0,5208.0,5081.0,4915.0,5587.0,4789.0,4789.0
01-21 17:00,4987.0,5448.0,5120.0,4935.0,5952.0,4870.0,4870.0
01-21 18:00,4992.0,5233.0,5124.0,4932.0,5854.0,4924.0,4924.0
01-21 19:00,4955.0,5159.0,5096.0,4930.0,5685.0,4964.0,4964.0
01-21 20:00,4959.0,5109.0,5076.0,4918.0,5845.0,4735.0,4735.0
01-21 21:00,4906.0,5043.0,5006.0,4879.0,5855.0,4639.0,4639.0
01-21 22:00,4870.0,4974.0,4996.0,4874.0,5590.0,4628.0,4628.0
01-21 23:00,4853.0,4947.0,4982.0,4848.0,5602.0,4631.0,4631.0
01-22 00:00,4847.0,4960.0,5000.0,4837.0,5441.0,4518.0,4518.0
01-22 01:00,4787.0,5009.0,4999.0,4826.0,5313.0,4522.0,4522.0
01-22 02:00,4753.0,4925.0,5009.0,4827.0,4988.0,4560.0,4560.0
01-22 03:00,4781.0,4939.0,4996.0,4806.0,5021.0,4454.0,4454.0
01-22 04:00,4844.0,4893.0,5011.0,4803.0,5013.0,4548.0,4548.0
01-22 05:00,4846.0,4981.0,5025.0,4815.0,5088.0,4540.0,4540.0
01-22 06:00,4860.0,5048.0,5012.0,4845.0,5524.0,4750.0,4750.0
01-22 07:00,4921.0,5071.0,5014.0,4875.0,5620.0,4837.0,4837.0
01-22 08:00,4880.0,5142.0,5045.0,5034.0,5622.0,4945.0,4945.0
01-22 09:00,4849.0,5172.0,5077.0,5077.0,5550.0,4785.0,4785.0
01-22 10:00,4877.0,5055.0,5065.0,5006.0,5623.0,4777.0,4777.0
01-22 11:00,4940.0,5002.0,5044.0,5014.0,5433.0,4813.0,4813.0
01-22 12:00,4870.0,5051.0,5071.0,4894.0,5272.0,4916.0,4916.0
01-22 13:00,4842.0,4913.0,5080.0,4985.0,5427.0,4644.0,4644.0
01-22 14:00,4831.0,4918.0,5055.0,5058.0,5329.0,4636.0,4636.0
01-22 15:00,4899.0,4902.0,5063.0,5071.0,5503.0,4713.0,4713.0
01-22 16:00,4946.0,4922.0,5101.0,5026.0,5158.0,4766.0,4766.0
01-22 17:00,4956.0,4940.0,5097.0,5085.0,5350.0,4873.0,4873.0
01-22 18:00,4981.0,4973.0,5123.0,5068.0,5470.0,5077.0,5077.0
01-22 19:00,4971.0,5042.0,5089.0,5066.0,5351.0,4968.0,4968.0
01-22 20:00,4912.0,5028.0,5072.0,5007.0,5374.0,4817.0,4817.0
01-22 21:00,4914.0,5056.0,5022.0,4997.0,5353.0,4760.0,4760.0
01-22 22:00,4916.0,5142.0,4972.0,4921.0,5369.0,4709.0,4709.0
01-22 23:00,4853.0,5116.0,4953.0,4877.0,5194.0,4619.0,4619.0
01-23 00:00,4833.0,5216.0,4932.0,4842.0,5064.0,4581.0,4581.0
01-23 01:00,4780.0,4982.0,4915.0,4844.0,4977.0,4534.0,4534.0
01-23 02:00,4758.0,4961.0,4914.0,4829.0,4881.0,4516.0,4516.0
01-23 03:00,4766.0,4904.0,4900.0,4821.0,4957.0,4570.0,4570.0
01-23 04:00,4788.0,4866.0,4894.0,4823.0,4920.0,4635.0,4635.0
01-23 05:00,4796.0,4842.0,4919.0,4851.0,5236.0,4584.0,4584.0
01-23 06:00,4815.0,4852.0,5000.0,5067.0,5480.0,4629.0,4629.0
01-23 07:00,4841.0,4976.0,5084.0,5181.0,5881.0,4781.0,4781.0
01-23 08:00,4947.0,4942.0,5117.0,5215.0,5941.0,4824.0,4824.0
01-23 09:00,5012.0,4923.0,5098.0,5163.0,5770.0,4776.0,4776.0
01-23 10:00,4845.0,4955.0,4992.0,5140.0,5825.0,4771.0,4771.0
01-23 11:00,4873.0,4965.0,4958.0,5109.0,5833.0,4737.0,4737.0
01-23 12:00,4860.0,4971.0,5029.0,4973.0,5738.0,4681.0,4681.0
01-23 13:00,4852.0,4970.0,5082.0,4898.0,5703.0,4683.0,4683.0
01-23 14:00,4839.0,4965.0,5045.0,4863.0,5586.0,4676.0,4676.0
01-23 15:00,4827.0,5009.0,5047.0,4948.0,5545.0,4714.0,4714.0
01-23 16:00,4872.0,4983.0,5101.0,4984.0,5670.0,4838.0,4838.0
01-23 17:00,5044.0,4995.0,5118.0,5023.0,5787.0,4937.0,4937.0
01-23 18:00,5032.0,5014.0,5121.0,5094.0,5838.0,4966.0,4966.0
01-23 19:00,5032.0,4977.0,5078.0,5089.0,5845.0,4888.0,4888.0
01-23 20:00,5021.0,4968.0,4987.0,4891.0,5524.0,4816.0,4816.0
01-23 21:00,4938.0,4997.0,4990.0,4844.0,5539.0,4691.0,4691.0
01-23 22:00,4903.0,4916.0,4990.0,4872.0,5526.0,4682.0,4682.0
01-23 23:00,4877.0,4934.0,5009.0,4857.0,5324.0,4635.0,4635.0
01-24 00:00,4860.0,4959.0,4906.0,4842.0,5160.0,4557.0,4557.0
01-24 01:00,4869.0,4900.0,4938.0,4833.0,5044.0,4528.0,4528.0
01-24 02:00,4821.0,4894.0,4915.0,4841.0,4914.0,4531.0,4531.0
01-24 03:00,4831.0,4868.0,4908.0,4815.0,4938.0,4520.0,4520.0
01-24 04:00,4815.0,4850.0,4917.0,4814.0,5098.0,4515.0,4515.0
01-24 05:00,4828.0,4931.0,4915.0,4866.0,5002.0,4633.0,4633.0
01-24 06:00,4809.0,4936.0,4935.0,4847.0,5520.0,4560.0,4560.0
01-24 07:00,4838.0,4889.0,4983.0,4882.0,5674.0,4612.0,4612.0
01-24 08:00,4866.0,5004.0,5012.0,4908.0,5829.0,4727.0,4727.0
01-24 09:00,4906.0,4921.0,4968.0,4917.0,5675.0,4720.0,4720.0
01-24 10:00,4880.0,4875.0,4973.0,4875.0,5674.0,4759.0,4759.0
01-24 11:00,4883.0,4872.0,4954.0,4874.0,5624.0,4769.0,4769.0
01-24 12:00,4860.0,4876.0,4951.0,4849.0,5538.0,4683.0,4683.0
01-24 13:00,4867.0,4896.0,4987.0,4848.0,5573.0,4669.0,4669.0
01-24 14:00,4850.0,4954.0,4920.0,4880.0,5443.0,4570.0,4570.0
01-24 15:00,4861.0,4900.0,4950.0,4877.0,5472.0,4578.0,4578.0
01-24 16:00,4861.0,4895.0,4998.0,4880.0,5528.0,4697.0,4697.0
01-24 17:00,4878.0,4955.0,5158.0,4908.0,5955.0,4832.0,4832.0
01-24 18:00,4858.0,4996.0,5194.0,4901.0,5649.0,4874.0,4874.0
01-24 19:00,4861.0,4915.0,5190.0,4915.0,5443.0,4852.0,4852.0
01-24 20:00,4874.0,4916.0,5035.0,4883.0,5275.0,4753.0,4753.0
01-24 21:00,4840.0,4912.0,5020.0,4862.0,5401.0,4657.0,4657.0
01-24 22:00,4816.0,4896.0,4997.0,4857.0,5306.0,4585.0,4585.0
01-24 23:00,4813.0,4873.0,4990.0,4844.0,5139.0,4513.0,4513.0
01-25 00:00,4797.0,4909.0,4969.0,4794.0,5256.0,4477.0,4477.0
01-25 01:00,4827.0,4883.0,4944.0,4771.0,4987.0,4474.0,4474.0
01-25 02:00,4820.0,4854.0,4935.0,4766.0,4879.0,4486.0,4486.0
01-25 03:00,4819.0,4831.0,4910.0,4767.0,4945.0,4436.0,4436.0
01-25 04:00,4843.0,4859.0,4927.0,4763.0,4939.0,4456.0,4456.0
01-25 05:00,4807.0,4873.0,4932.0,4777.0,5218.0,4519.0,4519.0
01-25 06:00,4795.0,5022.0,4986.0,4830.0,5180.0,4806.0,4806.0
01-25 07:00,4865.0,5010.0,5042.0,4876.0,5718.0,5116.0,5116.0
01-25 08:00,4902.0,4985.0,5044.0,4934.0,5686.0,5051.0,5051.0
01-25 09:00,4882.0,4889.0,5049.0,4968.0,5648.0,4961.0,4961.0
01-25 10:00,4886.0,4815.0,5031.0,4961.0,5624.0,4857.0,4857.0
01-25 11:00,4900.0,4799.0,5051.0,4951.0,5138.0,4843.0,4843.0
01-25 12:00,4907.0,4838.0,5026.0,5007.0,5041.0,4708.0,4708.0
01-25 13:00,4894.0,4878.0,5002.0,5107.0,5061.0,4669.0,4669.0
01-25 14:00,4879.0,4776.0,5003.0,5220.0,5029.0,4679.0,4679.0
01-25 15:00,4872.0,4787.0,5103.0,5249.0,5045.0,4713.0,4713.0
01-25 16:00,4887.0,4826.0,5049.0,5250.0,5097.0,4838.0,4838.0
01-25 17:00,4921.0,4948.0,5094.0,5329.0,5590.0,4924.0,4924.0
01-25 18:00,4901.0,4906.0,5127.0,5285.0,5584.0,4920.0,4920.0
01-25 19:00,4871.0,4846.0,5105.0,5085.0,5418.0,4806.0,4806.0
01-25 20:00,4849.0,4824.0,5015.0,5159.0,5213.0,4690.0,4690.0
01-25 21:00,4823.0,4861.0,4988.0,5052.0,5155.0,4620.0,4620.0
01-25 22:00,4822.0,4939.0,4964.0,4982.0,4959.0,4571.0,4571.0
01-25 23:00,4824.0,4896.0,4978.0,5023.0,5124.0,4523.0,4523.0
01-26 00:00,4827.0,4873.0,4934.0,4903.0,5019.0,4527.0,4527.0
01-26 01:00,4788.0,4855.0,4913.0,4888.0,4862.0,4470.0,4470.0
01-26 02:00,4773.0,4857.0,4924.0,4864.0,4820.0,4462.0,4462.0
01-26 03:00,4778.0,4877.0,4964.0,4815.0,4827.0,4460.0,4460.0
01-26 04:00,4795.0,4830.0,4965.0,4826.0,4832.0,4545.0,4545.0
01-26 05:00,4821.0,4798.0,4930.0,4846.0,4808.0,4484.0,4484.0
01-26 06:00,4831.0,4776.0,4946.0,5171.0,4902.0,4664.0,4664.0
01-26 07:00,4839.0,5052.0,4951.0,5182.0,4920.0,4886.0,4886.0
01-26 08:00,4808.0,4787.0,4965.0,5178.0,4980.0,5175.0,5175.0
01-26 09:00,4796.0,4771.0,4948.0,5093.0,4963.0,4997.0,4997.0
01-26 10:00,4781.0,4755.0,4929.0,5080.0,4980.0,4805.0,4805.0
01-26 11:00,4792.0,4729.0,4941.0,5032.0,4981.0,4762.0,4762.0
01-26 12:00,4785.0,4722.0,4970.0,5041.0,5032.0,4727.0,4727.0
01-26 13:00,4795.0,4764.0,4990.0,5028.0,4990.0,4705.0,4705.0
01-26 14:00,4800.0,4814.0,4992.0,5028.0,4951.0,4656.0,4656.0
01-26 15:00,4815.0,4824.0,5039.0,5072.0,5016.0,4663.0,4663.0
01-26 16:00,4867.0,4847.0,5041.0,5199.0,5027.0,4781.0,4781.0
01-26 17:00,4899.0,4938.0,5060.0,5132.0,5132.0,4867.0,4867.0
01-26 18:00,4907.0,4901.0,5078.0,5098.0,5121.0,4867.0,4867.0
01-26 19:00,4865.0,4883.0,5071.0,5131.0,5121.0,4897.0,4897.0
01-26 20:00,4850.0,4842.0,5051.0,5021.0,4932.0,4723.0,4723.0
01-26 21:00,4828.0,4786.0,5026.0,4934.0,4919.0,4633.0,4633.0
01-26 22:00,4818.0,4799.0,5014.0,5006.0,5039.0,4610.0,4610.0
01-26 23:00,4901.0,4805.0,4981.0,4917.0,4998.0,4458.0,4458.0
01-27 00:00,4830.0,5067.0,4965.0,4856.0,4879.0,4467.0,4467.0
01-27 01:00,4843.0,4985.0,4931.0,4821.0,4981.0,4412.0,4412.0
01-27 02:00,4822.0,4776.0,4920.0,4801.0,5033.0,4451.0,4451.0
01-27 03:00,4821.0,4753.0,4935.0,4795.0,4898.0,4484.0,4484.0
01-27 04:00,4836.0,4773.0,4961.0,4827.0,4893.0,4456.0,4456.0
01-27 05:00,4838.0,4819.0,4970.0,4823.0,4868.0,4455.0,4455.0
01-27 06:00,4844.0,4899.0,5018.0,4852.0,4892.0,4702.0,4702.0
01-27 07:00,4855.0,4916.0,5047.0,4933.0,4906.0,4793.0,4793.0
01-27 08:00,4817.0,4855.0,5100.0,4991.0,4986.0,4770.0,4770.0
01-27 09:00,4811.0,5004.0,5070.0,5004.0,4946.0,4742.0,4742.0
01-27 10:00,4775.0,4714.0,5060.0,5007.0,4983.0,4698.0,4698.0
01-27 11:00,4746.0,4749.0,5064.0,5043.0,4968.0,4664.0,4664.0
01-27 12:00,4783.0,4834.0,5097.0,5024.0,4986.0,4613.0,4613.0
01-27 13:00,4775.0,4991.0,5164.0,5015.0,4905.0,4610.0,4610.0
01-27 14:00,4774.0,4835.0,5078.0,4973.0,4952.0,4850.0,4850.0
01-27 15:00,4824.0,4866.0,5087.0,4971.0,4910.0,4760.0,4760.0
01-27 16:00,4836.0,4893.0,5110.0,4979.0,4970.0,4811.0,4811.0
01-27 17:00,4963.0,4865.0,5142.0,4980.0,4988.0,5547.0,5547.0
01-27 18:00,4976.0,4977.0,5158.0,5002.0,4978.0,5086.0,5086.0
01-27 19:00,4914.0,4868.0,5207.0,5035.0,4941.0,4973.0,4973.0
01-27 20:00,4902.0,4884.0,5134.0,5004.0,4955.0,4751.0,4751.0
01-27 21:00,4945.0,4834.0,5085.0,5005.0,4940.0,4747.0,4747.0
01-27 22:00,4861.0,4866.0,5054.0,4937.0,4886.0,4651.0,4651.0
01-27 23:00,4857.0,4846.0,5035.0,4839.0,4914.0,4601.0,4601.0
01-28 00:00,4843.0,4821.0,5012.0,4790.0,4905.0,4452.0,4452.0
01-28 01:00,4801.0,4830.0,4999.0,4773.0,4848.0,4469.0,4469.0
01-28 02:00,4798.0,4828.0,5015.0,4773.0,4857.0,4383.0,4383.0
01-28 03:00,4786.0,4763.0,5010.0,4758.0,4907.0,4497.0,4497.0
01-28 04:00,4801.0,4783.0,5010.0,4761.0,4885.0,4564.0,4564.0
01-28 05:00,4823.0,4818.0,5011.0,4775.0,4725.0,4651.0,4651.0
01-28 06:00,4840.0,4845.0,5038.0,4768.0,4834.0,4798.0,4798.0
01-28 07:00,4854.0,4824.0,5014.0,4802.0,4857.0,4852.0,4852.0
01-28 08:00,4931.0,4777.0,5087.0,4889.0,4910.0,4874.0,4874.0
01-28 09:00,4851.0,4921.0,5094.0,4898.0,4871.0,4819.0,4819.0
01-28 10:00,4868.0,4899.0,5072.0,4922.0,4846.0,4819.0,4819.0
01-28 11:00,4761.0,4786.0,5086.0,4929.0,4665.0,4750.0,4750.0
01-28 12:00,4752.0,4818.0,5083.0,4927.0,4611.0,4672.0,4672.0
01-28 13:00,4815.0,4839.0,5094.0,4943.0,4625.0,4553.0,4553.0
01-28 14:00,4815.0,4912.0,5114.0,4937.0,4721.0,4522.0,4522.0
01-28 15:00,4838.0,4947.0,5098.0,4926.0,4777.0,4710.0,4710.0
01-28 16:00,4933.0,4932.0,5100.0,4937.0,4831.0,4736.0,4736.0
01-28 17:00,4855.0,4997.0,5087.0,4919.0,5057.0,4814.0,4814.0
01-28 18:00,4801.0,4999.0,5075.0,4944.0,4993.0,4845.0,4845.0
01-28 19:00,4805.0,4973.0,5078.0,4927.0,5047.0,4727.0,4727.0
01-28 20:00,4840.0,4962.0,5085.0,4906.0,4998.0,4704.0,4704.0
01-28 21:00,4822.0,4924.0,5059.0,4873.0,4831.0,4633.0,4633.0
01-28 22:00,4827.0,4942.0,5068.0,4863.0,4843.0,4587.0,4587.0
01-28 23:00,4776.0,4906.0,5074.0,4830.0,4785.0,4533.0,4533.0
01-29 00:00,4728.0,4845.0,5070.0,4812.0,4781.0,4515.0,4515.0
01-29 01:00,4727.0,4885.0,5029.0,4814.0,4830.0,4500.0,4500.0
01-29 02:00,4794.0,4876.0,5072.0,4813.0,4808.0,4463.0,4463.0
01-29 03:00,4783.0,4876.0,5067.0,4835.0,4828.0,4462.0,4462.0
01-29 04:00,4751.0,4894.0,5068.0,4809.0,4781.0,4517.0,4517.0
01-29 05:00,4792.0,4889.0,5053.0,4819.0,4925.0,4497.0,4497.0
01-29 06:00,4793.0,4900.0,5048.0,4865.0,5146.0,4592.0,4592.0
01-29 07:00,4796.0,4910.0,5065.0,5007.0,5558.0,4789.0,4789.0
01-29 08:00,4764.0,4878.0,5131.0,5045.0,5361.0,4877.0,4877.0
01-29 09:00,4747.0,4878.0,5156.0,5026.0,5426.0,4874.0,4874.0
01-29 10:00,4742.0,4875.0,5082.0,4973.0,5530.0,4727.0,4727.0
01-29 11:00,4793.0,4889.0,5152.0,5094.0,5085.0,4713.0,4713.0
01-29 12:00,4805.0,4930.0,5112.0,4919.0,5147.0,4597.0,4597.0
01-29 13:00,4802.0,4864.0,5075.0,4905.0,4973.0,4603.0,4603.0
01-29 14:00,4823.0,4885.0,5113.0,4938.0,4974.0,4628.0,4628.0
01-29 15:00,4841.0,4976.0,5069.0,4976.0,5223.0,4622.0,4622.0
01-29 16:00,4883.0,4996.0,5071.0,4990.0,5357.0,4722.0,4722.0
01-29 17:00,4882.0,4957.0,5120.0,5004.0,5638.0,4854.0,4854.0
01-29 18:00,4892.0,4939.0,5119.0,4989.0,5466.0,4831.0,4831.0
01-29 19:00,4919.0,4942.0,5042.0,4978.0,5314.0,4786.0,4786.0
01-29 20:00,4958.0,4917.0,5071.0,4940.0,5019.0,4715.0,4715.0
01-29 21:00,4971.0,4894.0,5068.0,4910.0,4935.0,4601.0,4601.0
01-29 22:00,4910.0,4884.0,5043.0,4919.0,5012.0,4589.0,4589.0
01-29 23:00,4867.0,4863.0,5038.0,4892.0,4937.0,4594.0,4594.0
01-30 00:00,4918.0,4871.0,5027.0,4866.0,4875.0,4430.0,4430.0
01-30 01:00,4835.0,4828.0,5025.0,4854.0,4884.0,4377.0,4377.0
01-30 02:00,4847.0,4824.0,4988.0,4854.0,4777.0,4439.0,4439.0
01-30 03:00,4835.0,4797.0,4926.0,4853.0,4777.0,4441.0,4441.0
01-30 04:00,4817.0,4804.0,4926.0,4865.0,4770.0,4465.0,4465.0
01-30 05:00,4843.0,4814.0,4951.0,4876.0,4911.0,4479.0,4479.0
01-30 06:00,4847.0,4854.0,4990.0,4934.0,5121.0,4529.0,4529.0
01-30 07:00,4874.0,4861.0,4990.0,5067.0,5134.0,4658.0,4658.0
01-30 08:00,4879.0,4913.0,4988.0,5196.0,5388.0,4746.0,4746.0
01-30 09:00,4865.0,4918.0,4994.0,5128.0,5309.0,4780.0,4780.0
01-30 10:00,4954.0,4972.0,4957.0,4958.0,5147.0,4853.0,4853.0
01-30 11:00,4976.0,4988.0,4955.0,4927.0,4909.0,4869.0,4869.0
01-30 12:00,5023.0,4993.0,4986.0,4936.0,4931.0,4705.0,4705.0
01-30 13:00,5000.0,4948.0,4985.0,4939.0,5051.0,4627.0,4627.0
01-30 14:00,4907.0,4937.0,4950.0,4951.0,5208.0,4656.0,4656.0
01-30 15:00,4900.0,5010.0,4964.0,4987.0,5375.0,4838.0,4838.0
01-30 16:00,4905.0,4968.0,5009.0,5092.0,5172.0,4995.0,4995.0
01-30 17:00,5011.0,4997.0,5080.0,5305.0,5390.0,5428.0,5428.0
01-30 18:00,5013.0,5007.0,5102.0,5115.0,5333.0,5295.0,5295.0
01-30 19:00,5005.0,5043.0,5052.0,5081.0,5194.0,5483.0,5483.0
01-30 20:00,4900.0,4993.0,5039.0,4965.0,4920.0,4790.0,4790.0
01-30 21:00,4874.0,4944.0,5066.0,5122.0,5252.0,4828.0,4828.0
01-30 22:00,4849.0,4904.0,5007.0,5077.0,5172.0,4795.0,4795.0
01-30 23:00,4840.0,4942.0,5032.0,4961.0,4895.0,4597.0,4597.0
01-31 00:00,4793.0,4904.0,4981.0,4826.0,4809.0,4538.0,4538.0
01-31 01:00,4769.0,4904.0,4970.0,4826.0,4812.0,4553.0,4553.0
01-31 02:00,4752.0,4889.0,4916.0,4814.0,4796.0,4586.0,4586.0
01-31 03:00,4759.0,4874.0,4902.0,4809.0,4837.0,4481.0,4481.0
01-31 04:00,4742.0,4839.0,4913.0,4781.0,4808.0,4496.0,4496.0
01-31 05:00,4765.0,4862.0,4936.0,4818.0,4837.0,4558.0,4558.0
01-31 06:00,4763.0,4865.0,4973.0,4864.0,5383.0,4563.0,4563.0
01-31 07:00,4797.0,4893.0,5038.0,4998.0,5586.0,4629.0,4629.0
01-31 08:00,4852.0,4914.0,5023.0,5029.0,5749.0,4708.0,4708.0
01-31 09:00,4895.0,4945.0,4962.0,4978.0,5666.0,4706.0,4706.0
01-31 10:00,4902.0,4950.0,4972.0,4966.0,5376.0,4730.0,4730.0
01-31 11:00,4903.0,4971.0,4986.0,4907.0,5415.0,4735.0,4735.0
01-31 12:00,4894.0,4983.0,4973.0,4910.0,5225.0,4649.0,4649.0
01-31 13:00,4853.0,5017.0,4950.0,4898.0,5176.0,4591.0,4591.0
01-31 14:00,4839.0,5032.0,4952.0,4952.0,5156.0,4579.0,4579.0
01-31 15:00,4854.0,5019.0,4958.0,5009.0,5427.0,4589.0,4589.0
01-31 16:00,4851.0,4965.0,4991.0,5054.0,5687.0,4689.0,4689.0
01-31 17:00,4900.0,5104.0,5122.0,5077.0,5856.0,4779.0,4779.0
01-31 18:00,4920.0,4960.0,5131.0,5143.0,5714.0,4782.0,4782.0
01-31 19:00,4904.0,5007.0,5059.0,5142.0,5420.0,4850.0,4850.0
01-31 20:00,4885.0,4983.0,5059.0,4955.0,4975.0,4775.0,4775.0
01-31 21:00,4845.0,4982.0,4993.0,4938.0,4842.0,4664.0,4664.0
01-31 22:00,4821.0,4928.0,4980.0,4909.0,4836.0,4705.0,4705.0
01-31 23:00,4831.0,4896.0,5019.0,4869.0,4822.0,4723.0,4723.0
02-01 00:00,4819.0,4948.0,4955.0,4844.0,4838.0,4628.0,4628.0
02-01 01:00,4819.0,4947.0,4887.0,4830.0,4820.0,4533.0,4533.0
02-01 02:00,4834.0,4903.0,4867.0,4849.0,4825.0,4511.0,4511.0
02-01 03:00,4807.0,4900.0,4868.0,4830.0,4847.0,4510.0,4510.0
02-01 04:00,4787.0,4908.0,4885.0,4828.0,4813.0,4525.0,4525.0
02-01 05:00,4783.0,4922.0,4919.0,4866.0,4865.0,4624.0,4624.0
02-01 06:00,4770.0,4960.0,5004.0,4886.0,4930.0,4829.0,4829.0
02-01 07:00,4800.0,5135.0,5004.0,4986.0,5393.0,4972.0,4972.0
02-01 08:00,4809.0,4929.0,5006.0,4984.0,5190.0,4953.0,4953.0
02-01 09:00,4826.0,4885.0,4992.0,4988.0,5275.0,4979.0,4979.0
02-01 10:00,4847.0,4887.0,4947.0,4941.0,5102.0,4731.0,4731.0
02-01 11:00,4853.0,4939.0,4946.0,4909.0,5224.0,4674.0,4674.0
02-01 12:00,4854.0,4860.0,4925.0,4917.0,5163.0,4629.0,4629.0
02-01 13:00,4857.0,4909.0,4975.0,4939.0,5231.0,4614.0,4614.0
02-01 14:00,4864.0,4855.0,4923.0,4934.0,4924.0,4587.0,4587.0
02-01 15:00,4844.0,4827.0,4944.0,4962.0,4948.0,4693.0,4693.0
02-01 16:00,4811.0,4860.0,4977.0,5056.0,5160.0,4856.0,4856.0
02-01 17:00,4859.0,4952.0,5066.0,5116.0,5582.0,4992.0,4992.0
02-01 18:00,4849.0,4898.0,5087.0,5097.0,5615.0,5078.0,5078.0
02-01 19:00,4820.0,4897.0,4993.0,5139.0,5468.0,4860.0,4860.0
02-01 20:00,4813.0,4902.0,4963.0,5035.0,5312.0,4753.0,4753.0
02-01 21:00,4809.0,4883.0,4953.0,4959.0,4986.0,4654.0,4654.0
02-01 22:00,4786.0,4853.0,4978.0,4927.0,4883.0,4585.0,4585.0
02-01 23:00,4787.0,4866.0,4959.0,4900.0,4865.0,4539.0,4539.0
02-02 00:00,4749.0,4886.0,4930.0,4897.0,4798.0,4493.0,4493.0
02-02 01:00,4754.0,4869.0,4892.0,4858.0,4851.0,4492.0,4492.0
02-02 02:00,4754.0,4845.0,4906.0,4845.0,4882.0,4484.0,4484.0
02-02 03:00,4726.0,4804.0,4865.0,4807.0,4887.0,4400.0,4400.0
02-02 04:00,4725.0,4838.0,4902.0,4827.0,4927.0,4315.0,4315.0
02-02 05:00,4745.0,4801.0,4912.0,4882.0,4844.0,4332.0,4332.0
02-02 06:00,4815.0,4947.0,4961.0,4884.0,4869.0,4721.0,4721.0
02-02 07:00,4884.0,4875.0,5004.0,4930.0,5086.0,4738.0,4738.0
02-02 08:00,4805.0,4866.0,5074.0,4984.0,5184.0,4908.0,4908.0
02-02 09:00,4747.0,4830.0,4981.0,4998.0,5206.0,4939.0,4939.0
02-02 10:00,4726.0,4783.0,4896.0,5000.0,5230.0,4770.0,4770.0
02-02 11:00,4744.0,4795.0,4938.0,4996.0,5073.0,4756.0,4756.0
02-02 12:00,4759.0,4889.0,4941.0,4996.0,5127.0,4691.0,4691.0
02-02 13:00,4766.0,4928.0,4919.0,5007.0,4975.0,4706.0,4706.0
02-02 14:00,4792.0,4914.0,4933.0,4994.0,5075.0,4613.0,4613.0
02-02 15:00,4787.0,4935.0,4942.0,4962.0,5003.0,4662.0,4662.0
02-02 16:00,4806.0,4930.0,4966.0,5007.0,5047.0,4693.0,4693.0
02-02 17:00,4865.0,5018.0,5052.0,5015.0,5355.0,4793.0,4793.0
02-02 18:00,4865.0,5092.0,5053.0,5029.0,5314.0,4802.0,4802.0
02-02 19:00,4855.0,5030.0,5020.0,4998.0,5252.0,4792.0,4792.0
02-02 20:00,4796.0,5148.0,4964.0,4971.0,5289.0,4666.0,4666.0
02-02 21:00,4774.0,4923.0,4955.0,4958.0,4897.0,4615.0,4615.0
02-02 22:00,4753.0,4944.0,4973.0,4936.0,4917.0,4573.0,4573.0
02-02 23:00,4744.0,4874.0,4966.0,4908.0,4896.0,4508.0,4508.0
02-03 00:00,4732.0,4879.0,4943.0,4859.0,4862.0,4469.0,4469.0
02-03 01:00,4720.0,4828.0,4930.0,4855.0,4847.0,4520.0,4520.0
02-03 02:00,4733.0,4826.0,4920.0,4845.0,4815.0,4468.0,4468.0
02-03 03:00,4731.0,4821.0,4917.0,4843.0,4831.0,4458.0,4458.0
02-03 04:00,4724.0,4860.0,5016.0,4831.0,4853.0,4461.0,4461.0
02-03 05:00,4724.0,4953.0,5023.0,4858.0,4868.0,4522.0,4522.0
02-03 06:00,4736.0,4989.0,5014.0,4888.0,4833.0,4588.0,4588.0
02-03 07:00,4781.0,5028.0,5019.0,4917.0,4917.0,4790.0,4790.0
02-03 08:00,4751.0,5222.0,5099.0,5015.0,5002.0,5117.0,5117.0
02-03 09:00,4758.0,4981.0,5084.0,5056.0,5046.0,5332.0,5332.0
02-03 10:00,4736.0,4926.0,5020.0,5041.0,5082.0,4913.0,4913.0
02-03 11:00,4735.0,4852.0,4994.0,5025.0,4944.0,5273.0,5273.0
02-03 12:00,4730.0,4887.0,4984.0,5031.0,4872.0,5191.0,5191.0
02-03 13:00,4709.0,4948.0,5048.0,5024.0,4876.0,4614.0,4614.0
02-03 14:00,4717.0,4941.0,5046.0,5010.0,4803.0,4573.0,4573.0
02-03 15:00,4716.0,4969.0,5037.0,5009.0,4831.0,4575.0,4575.0
02-03 16:00,4756.0,4986.0,5051.0,5023.0,4876.0,4629.0,4629.0
02-03 17:00,4874.0,5013.0,5083.0,5128.0,5062.0,4770.0,4770.0
02-03 18:00,4893.0,5052.0,5087.0,5196.0,5181.0,4791.0,4791.0
02-03 19:00,4858.0,4999.0,5038.0,5081.0,5031.0,4750.0,4750.0
02-03 20:00,4852.0,4973.0,4966.0,4957.0,4991.0,4688.0,4688.0
02-03 21:00,4773.0,4956.0,4953.0,5006.0,4874.0,4556.0,4556.0
02-03 22:00,4768.0,4964.0,4984.0,4934.0,4849.0,4548.0,4548.0
02-03 23:00,4758.0,4926.0,4926.0,4915.0,4825.0,4507.0,4507.0
02-04 00:00,4734.0,4945.0,4914.0,4883.0,4816.0,4468.0,4468.0
02-04 01:00,4713.0,4891.0,4906.0,4857.0,4691.0,4459.0,4459.0
02-04 02:00,4715.0,4906.0,4880.0,4873.0,4687.0,4447.0,4447.0
02-04 03:00,4749.0,4887.0,4863.0,4866.0,4694.0,4442.0,4442.0
02-04 04:00,4726.0,4921.0,4900.0,4841.0,4729.0,4472.0,4472.0
02-04 05:00,4722.0,4933.0,4919.0,4829.0,4759.0,4549.0,4549.0
02-04 06:00,4784.0,4975.0,4973.0,4853.0,4880.0,4671.0,4671.0
02-04 07:00,4827.0,5031.0,4965.0,4859.0,5302.0,4885.0,4885.0
02-04 08:00,4829.0,4901.0,5030.0,4912.0,5423.0,4832.0,4832.0
02-04 09:00,4830.0,4900.0,5029.0,4940.0,5522.0,4421.0,4421.0
02-04 10:00,4781.0,4991.0,5020.0,4974.0,5396.0,4431.0,4431.0
02-04 11:00,4791.0,4983.0,5008.0,4981.0,5285.0,4396.0,4396.0
02-04 12:00,4795.0,4995.0,5009.0,4955.0,5285.0,4295.0,4295.0
02-04 13:00,4784.0,5068.0,5007.0,4986.0,5270.0,4310.0,4310.0
02-04 14:00,4767.0,5053.0,5031.0,4945.0,5193.0,4336.0,4336.0
02-04 15:00,4743.0,4995.0,5041.0,4955.0,5190.0,4614.0,4614.0
02-04 16:00,4826.0,5036.0,5045.0,4969.0,5326.0,4645.0,4645.0
02-04 17:00,4853.0,5090.0,5080.0,4986.0,5220.0,4848.0,4848.0
02-04 18:00,4879.0,5125.0,5086.0,4975.0,5034.0,4983.0,4983.0
02-04 19:00,4890.0,5054.0,5078.0,4973.0,4981.0,4973.0,4973.0
02-04 20:00,4890.0,5001.0,5034.0,4920.0,4777.0,4803.0,4803.0
02-04 21:00,4858.0,4977.0,5030.0,4883.0,4752.0,4677.0,4677.0
02-04 22:00,4834.0,4936.0,5015.0,4886.0,4713.0,4583.0,4583.0
02-04 23:00,4802.0,4915.0,5001.0,4888.0,4751.0,4460.0,4460.0
02-05 00:00,4781.0,4887.0,4984.0,4866.0,4784.0,4472.0,4472.0
02-05 01:00,4789.0,4846.0,4970.0,4864.0,4722.0,4405.0,4405.0
02-05 02:00,4768.0,4854.0,4961.0,4844.0,4854.0,4433.0,4433.0
02-05 03:00,4761.0,4872.0,4940.0,4847.0,4876.0,4434.0,4434.0
02-05 04:00,4763.0,4889.0,4927.0,4846.0,4874.0,4453.0,4453.0
02-05 05:00,4761.0,4906.0,4902.0,4835.0,4852.0,4508.0,4508.0
02-05 06:00,4872.0,5051.0,4903.0,4869.0,5005.0,4582.0,4582.0
02-05 07:00,4860.0,5030.0,4938.0,4983.0,5216.0,4691.0,4691.0
02-05 08:00,4813.0,4980.0,4974.0,4988.0,5442.0,4766.0,4766.0
02-05 09:00,4842.0,4959.0,5007.0,4975.0,5213.0,4768.0,4768.0
02-05 10:00,4832.0,5049.0,4998.0,5100.0,5003.0,4728.0,4728.0
02-05 11:00,4833.0,4952.0,5008.0,4920.0,5065.0,4686.0,4686.0
02-05 12:00,4783.0,4967.0,5016.0,4919.0,5337.0,4621.0,4621.0
02-05 13:00,4792.0,4974.0,4993.0,4943.0,5256.0,4570.0,4570.0
02-05 14:00,4819.0,4969.0,5003.0,4962.0,4964.0,4560.0,4560.0
02-05 15:00,4789.0,4979.0,4999.0,4962.0,4993.0,4585.0,4585.0
02-05 16:00,4819.0,5018.0,5001.0,4992.0,5069.0,4703.0,4703.0
02-05 17:00,4898.0,5045.0,5022.0,5085.0,5448.0,4807.0,4807.0
02-05 18:00,4874.0,5033.0,5035.0,5067.0,5292.0,4866.0,4866.0
02-05 19:00,4881.0,5090.0,5036.0,5044.0,5459.0,4900.0,4900.0
02-05 20:00,4879.0,5097.0,5005.0,4974.0,5247.0,4718.0,4718.0
02-05 21:00,4834.0,5054.0,4973.0,4981.0,4900.0,4630.0,4630.0
02-05 22:00,4813.0,5008.0,4950.0,4925.0,4850.0,4585.0,4585.0
02-05 23:00,4816.0,5098.0,4933.0,4927.0,4864.0,4565.0,4565.0
02-06 00:00,4781.0,5013.0,4931.0,4870.0,4775.0,4606.0,4606.0
02-06 01:00,4794.0,5020.0,4967.0,4873.0,4849.0,4508.0,4508.0
02-06 02:00,4784.0,4983.0,4967.0,4878.0,4850.0,4470.0,4470.0
02-06 03:00,4730.0,4963.0,4928.0,4855.0,4848.0,4473.0,4473.0
02-06 04:00,4712.0,5060.0,4939.0,4826.0,4805.0,4461.0,4461.0
02-06 05:00,4737.0,5137.0,4957.0,4844.0,4858.0,4491.0,4491.0
02-06 06:00,4792.0,5055.0,4935.0,4847.0,4944.0,4517.0,4517.0
02-06 07:00,4807.0,5049.0,4959.0,4927.0,4986.0,4620.0,4620.0
02-06 08:00,4794.0,5050.0,5003.0,4965.0,5077.0,4726.0,4726.0
02-06 09:00,4780.0,5104.0,4922.0,4897.0,5027.0,4739.0,4739.0
02-06 10:00,4754.0,5062.0,4912.0,4972.0,4905.0,4717.0,4717.0
02-06 11:00,4794.0,5091.0,4918.0,4989.0,4906.0,4687.0,4687.0
02-06 12:00,4792.0,5063.0,4947.0,4889.0,4868.0,4588.0,4588.0
02-06 13:00,4789.0,4997.0,4921.0,4940.0,4809.0,4585.0,4585.0
02-06 14:00,4783.0,5020.0,4912.0,4964.0,4920.0,4492.0,4492.0
02-06 15:00,4771.0,5085.0,4939.0,4972.0,4950.0,4513.0,4513.0
02-06 16:00,4813.0,5074.0,4950.0,5033.0,5126.0,4577.0,4577.0
02-06 17:00,4868.0,5177.0,5036.0,5137.0,5550.0,4638.0,4638.0
02-06 18:00,4865.0,5114.0,5059.0,5110.0,5447.0,4651.0,4651.0
02-06 19:00,4854.0,5053.0,5013.0,5106.0,5393.0,4672.0,4672.0
02-06 20:00,4842.0,5003.0,4972.0,5156.0,4980.0,4670.0,4670.0
02-06 21:00,4804.0,5005.0,4958.0,4949.0,4994.0,4504.0,4504.0
02-06 22:00,4802.0,5125.0,4961.0,4921.0,4926.0,4472.0,4472.0
02-06 23:00,4845.0,5076.0,4936.0,4911.0,4880.0,4506.0,4506.0
02-07 00:00,4837.0,5051.0,4912.0,4894.0,4801.0,4479.0,4479.0
02-07 01:00,4842.0,5043.0,4904.0,4879.0,4815.0,4452.0,4452.0
02-07 02:00,4821.0,5072.0,4887.0,4832.0,4810.0,4456.0,4456.0
02-07 03:00,4802.0,4996.0,4879.0,4831.0,4718.0,4420.0,4420.0
02-07 04:00,4791.0,4970.0,4898.0,4840.0,4814.0,4405.0,4405.0
02-07 05:00,4784.0,5027.0,4891.0,4830.0,4882.0,4485.0,4485.0
02-07 06:00,4790.0,5029.0,4996.0,5085.0,5194.0,4464.0,4464.0
02-07 07:00,4807.0,5025.0,5011.0,5208.0,5354.0,4509.0,4509.0
02-07 08:00,4851.0,5051.0,5044.0,5227.0,5212.0,4577.0,4577.0
02-07 09:00,4857.0,5158.0,4955.0,5211.0,5095.0,4551.0,4551.0
02-07 10:00,4870.0,5080.0,4965.0,5163.0,5159.0,4582.0,4582.0
02-07 11:00,4880.0,5046.0,4957.0,5122.0,5122.0,4633.0,4633.0
02-07 12:00,4838.0,5036.0,5035.0,5129.0,4902.0,4610.0,4610.0
02-07 13:00,4850.0,5057.0,5000.0,5008.0,5001.0,4535.0,4535.0
02-07 14:00,4832.0,5073.0,5019.0,5066.0,4963.0,4508.0,4508.0
02-07 15:00,4801.0,5074.0,5025.0,5116.0,4979.0,4566.0,4566.0
02-07 16:00,4831.0,5005.0,5049.0,5091.0,5067.0,4556.0,4556.0
02-07 17:00,4891.0,5048.0,5110.0,5070.0,5084.0,4705.0,4705.0
02-07 18:00,4893.0,5033.0,5071.0,5071.0,5101.0,4917.0,4917.0
02-07 19:00,4876.0,5053.0,4990.0,5103.0,5085.0,4732.0,4732.0
02-07 20:00,4815.0,5055.0,4973.0,5161.0,4905.0,4654.0,4654.0
02-07 21:00,4797.0,5056.0,4942.0,5092.0,4959.0,4590.0,4590.0
02-07 22:00,4809.0,4989.0,4944.0,5007.0,5051.0,4530.0,4530.0
02-07 23:00,4791.0,5029.0,4925.0,4905.0,4918.0,4522.0,4522.0
02-08 00:00,4773.0,5034.0,4927.0,4861.0,4857.0,4600.0,4600.0
02-08 01:00,4806.0,5101.0,4961.0,4850.0,4819.0,4549.0,4549.0
02-08 02:00,4754.0,5053.0,4938.0,4840.0,4919.0,4460.0,4460.0
02-08 03:00,4744.0,5018.0,4929.0,4825.0,4785.0,4499.0,4499.0
02-08 04:00,4750.0,5026.0,4910.0,4838.0,4809.0,4429.0,4429.0
02-08 05:00,4734.0,5052.0,4932.0,4830.0,4891.0,4507.0,4507.0
02-08 06:00,4714.0,5051.0,4938.0,4970.0,4995.0,4747.0,4747.0
02-08 07:00,4737.0,4992.0,4920.0,5032.0,5252.0,4703.0,4703.0
02-08 08:00,4785.0,5029.0,4965.0,5108.0,5001.0,4778.0,4778.0
02-08 09:00,4822.0,5032.0,4936.0,5118.0,5019.0,4751.0,4751.0
02-08 10:00,4833.0,5013.0,4972.0,4924.0,5029.0,4636.0,4636.0
02-08 11:00,4847.0,4968.0,4956.0,4971.0,4963.0,4690.0,4690.0
02-08 12:00,4852.0,4933.0,4987.0,4977.0,4955.0,4534.0,4534.0
02-08 13:00,4841.0,4880.0,4961.0,4928.0,4856.0,4646.0,4646.0
02-08 14:00,4817.0,4920.0,4955.0,5021.0,4885.0,4661.0,4661.0
02-08 15:00,4838.0,4944.0,4983.0,4993.0,4902.0,4613.0,4613.0
02-08 16:00,4853.0,4956.0,5018.0,5060.0,4886.0,4695.0,4695.0
02-08 17:00,4870.0,5063.0,5093.0,5156.0,4940.0,5311.0,5311.0
02-08 18:00,4901.0,4983.0,5075.0,5161.0,4932.0,5317.0,5317.0
02-08 19:00,4889.0,4981.0,4996.0,5095.0,4917.0,5099.0,5099.0
02-08 20:00,4870.0,4985.0,4970.0,5107.0,4872.0,4871.0,4871.0
02-08 21:00,4852.0,4941.0,4987.0,4947.0,4869.0,4685.0,4685.0
02-08 22:00,4827.0,4936.0,4959.0,4921.0,4818.0,4515.0,4515.0
02-08 23:00,4824.0,4996.0,4918.0,4924.0,4865.0,4516.0,4516.0
02-09 00:00,4814.0,4920.0,4887.0,4904.0,4867.0,4488.0,4488.0
02-09 01:00,4781.0,4895.0,4874.0,4850.0,4793.0,4499.0,4499.0
02-09 02:00,4791.0,4864.0,4865.0,4852.0,4771.0,4517.0,4517.0
02-09 03:00,4752.0,4900.0,4873.0,4844.0,4772.0,4510.0,4510.0
02-09 04:00,4737.0,4928.0,4933.0,4850.0,4773.0,4531.0,4531.0
02-09 05:00,4770.0,4932.0,4881.0,4835.0,4822.0,4513.0,4513.0
02-09 06:00,4772.0,4985.0,4897.0,4934.0,4869.0,4648.0,4648.0
02-09 07:00,4779.0,5035.0,4952.0,5070.0,4978.0,4758.0,4758.0
02-09 08:00,4755.0,4983.0,4981.0,5027.0,4962.0,4871.0,4871.0
02-09 09:00,4738.0,4931.0,4975.0,4985.0,4924.0,4938.0,4938.0
02-09 10:00,4736.0,4953.0,4939.0,5033.0,4969.0,5011.0,5011.0
02-09 11:00,4752.0,5153.0,4955.0,5051.0,4953.0,5075.0,5075.0
02-09 12:00,4773.0,5373.0,4946.0,5031.0,4880.0,4922.0,4922.0
02-09 13:00,4767.0,5141.0,4959.0,4995.0,4788.0,4900.0,4900.0
02-09 14:00,4770.0,5020.0,4952.0,4976.0,4794.0,4529.0,4529.0
02-09 15:00,4792.0,5115.0,4954.0,5025.0,4902.0,4701.0,4701.0
02-09 16:00,4793.0,5032.0,4985.0,5110.0,4834.0,4618.0,4618.0
02-09 17:00,4821.0,5027.0,5030.0,5207.0,4991.0,4931.0,4931.0
02-09 18:00,4842.0,4976.0,5000.0,5238.0,5135.0,5021.0,5021.0
02-09 19:00,4876.0,4997.0,5016.0,5119.0,4958.0,5146.0,5146.0
02-09 20:00,4872.0,4975.0,5006.0,4971.0,4831.0,4736.0,4736.0
02-09 21:00,4863.0,4989.0,4989.0,4951.0,4594.0,4596.0,4596.0
02-09 22:00,4843.0,4935.0,5004.0,4966.0,4609.0,4527.0,4527.0
02-09 23:00,4825.0,4937.0,4946.0,4950.0,4763.0,4567.0,4567.0
02-10 00:00,4808.0,4877.0,4956.0,4920.0,4750.0,4587.0,4587.0
02-10 01:00,4814.0,4893.0,4907.0,4933.0,4724.0,4576.0,4576.0
02-10 02:00,4800.0,4868.0,4907.0,4934.0,4702.0,4527.0,4527.0
02-10 03:00,4789.0,4859.0,4905.0,4909.0,4753.0,4543.0,4543.0
02-10 04:00,4789.0,4923.0,4903.0,4911.0,4785.0,4569.0,4569.0
02-10 05:00,4803.0,4901.0,4897.0,4920.0,4862.0,4486.0,4486.0
02-10 06:00,4831.0,4950.0,4944.0,4942.0,4883.0,4647.0,4647.0
02-10 07:00,4841.0,4992.0,4988.0,5090.0,4921.0,4713.0,4713.0
02-10 08:00,4819.0,4999.0,5008.0,5035.0,4987.0,4810.0,4810.0
02-10 09:00,4794.0,4954.0,4936.0,5078.0,4999.0,4789.0,4789.0
02-10 10:00,4745.0,4905.0,4942.0,5072.0,4994.0,4727.0,4727.0
02-10 11:00,4757.0,4856.0,4947.0,5072.0,4992.0,4722.0,4722.0
02-10 12:00,4774.0,5238.0,4991.0,5053.0,4965.0,4934.0,4934.0
02-10 13:00,4742.0,5227.0,5029.0,5082.0,4936.0,4637.0,4637.0
02-10 14:00,4751.0,5031.0,5017.0,5056.0,4924.0,4287.0,4287.0
02-10 15:00,4823.0,5041.0,5034.0,5043.0,4975.0,4352.0,4352.0
02-10 16:00,4862.0,4992.0,5018.0,5059.0,5037.0,4595.0,4595.0
02-10 17:00,4908.0,5312.0,5107.0,5079.0,4984.0,4982.0,4982.0
02-10 18:00,4902.0,5340.0,5090.0,5082.0,5097.0,5407.0,5407.0
02-10 19:00,4897.0,5282.0,5020.0,5051.0,4989.0,5143.0,5143.0
02-10 20:00,4908.0,5061.0,5011.0,5139.0,4863.0,4760.0,4760.0
02-10 21:00,4898.0,5074.0,5009.0,4990.0,4837.0,4649.0,4649.0
02-10 22:00,4853.0,4984.0,4997.0,4969.0,4951.0,4600.0,4600.0
02-10 23:00,4826.0,4949.0,5000.0,4944.0,4919.0,4538.0,4538.0
02-11 00:00,4793.0,4921.0,4974.0,4928.0,4940.0,4534.0,4534.0
02-11 01:00,4788.0,4981.0,4995.0,4905.0,4720.0,4592.0,4592.0
02-11 02:00,4800.0,4905.0,5017.0,4907.0,4720.0,4523.0,4523.0
02-11 03:00,4809.0,4906.0,4966.0,4881.0,4755.0,4504.0,4504.0
02-11 04:00,4789.0,4932.0,4954.0,4860.0,4771.0,4324.0,4324.0
02-11 05:00,4789.0,4962.0,4947.0,4877.0,4757.0,4208.0,4208.0
02-11 06:00,4844.0,5032.0,4948.0,4876.0,5167.0,4462.0,4462.0
02-11 07:00,4867.0,5064.0,4977.0,4926.0,5184.0,4505.0,4505.0
02-11 08:00,4843.0,5035.0,5020.0,4969.0,4981.0,4539.0,4539.0
02-11 09:00,4813.0,4984.0,5030.0,4988.0,5010.0,4620.0,4620.0
02-11 10:00,4790.0,4975.0,5045.0,4973.0,5104.0,4389.0,4389.0
02-11 11:00,4794.0,5012.0,5042.0,4978.0,5135.0,4253.0,4253.0
02-11 12:00,4778.0,5006.0,5053.0,4947.0,5254.0,4271.0,4271.0
02-11 13:00,4763.0,5010.0,5017.0,4953.0,5240.0,4213.0,4213.0
02-11 14:00,4771.0,4983.0,5016.0,4978.0,4828.0,4234.0,4234.0
02-11 15:00,4800.0,5029.0,5008.0,4948.0,4876.0,4278.0,4278.0
02-11 16:00,4861.0,5139.0,5007.0,5008.0,5011.0,4422.0,4422.0
02-11 17:00,4891.0,5143.0,5040.0,5000.0,5264.0,4520.0,4520.0
02-11 18:00,4929.0,5247.0,5080.0,4961.0,4972.0,4638.0,4638.0
02-11 19:00,4951.0,5068.0,5112.0,4962.0,5156.0,4553.0,4553.0
02-11 20:00,4955.0,5126.0,4988.0,4937.0,5044.0,4496.0,4496.0
02-11 21:00,4873.0,5116.0,4969.0,4922.0,4972.0,4437.0,4437.0
02-11 22:00,4863.0,5088.0,4967.0,4916.0,5004.0,4355.0,4355.0
02-11 23:00,4805.0,5070.0,4983.0,4893.0,4812.0,4444.0,4444.0
02-12 00:00,4785.0,4967.0,4963.0,4848.0,4879.0,4440.0,4440.0
02-12 01:00,4752.0,4930.0,4981.0,4841.0,4857.0,4470.0,4470.0
02-12 02:00,4751.0,4950.0,4974.0,4834.0,4894.0,4525.0,4525.0
02-12 03:00,4757.0,4957.0,4978.0,4838.0,4908.0,4498.0,4498.0
02-12 04:00,4760.0,4898.0,4979.0,4843.0,4872.0,4560.0,4560.0
02-12 05:00,4772.0,4934.0,4963.0,4862.0,4833.0,4612.0,4612.0
02-12 06:00,4832.0,4983.0,4962.0,4884.0,5352.0,4633.0,4633.0
02-12 07:00,4831.0,5193.0,5009.0,4968.0,5212.0,4740.0,4740.0
02-12 08:00,4836.0,5188.0,5046.0,5006.0,5198.0,4789.0,4789.0
02-12 09:00,4822.0,5006.0,5052.0,5030.0,5257.0,4830.0,4830.0
02-12 10:00,4758.0,4955.0,5054.0,4986.0,4933.0,4697.0,4697.0
02-12 11:00,4756.0,4930.0,5069.0,5093.0,4926.0,4640.0,4640.0
02-12 12:00,4800.0,4977.0,5045.0,4943.0,4898.0,4586.0,4586.0
02-12 13:00,4829.0,4967.0,5074.0,4937.0,4823.0,4536.0,4536.0
02-12 14:00,4816.0,4958.0,5082.0,4959.0,4869.0,4509.0,4509.0
02-12 15:00,4774.0,4976.0,5059.0,4959.0,4889.0,4535.0,4535.0
02-12 16:00,4812.0,5002.0,5070.0,5046.0,4995.0,4683.0,4683.0
02-12 17:00,4814.0,5056.0,5057.0,5078.0,5027.0,4840.0,4840.0
02-12 18:00,4842.0,5097.0,5066.0,5220.0,4996.0,4798.0,4798.0
02-12 19:00,4869.0,5052.0,5093.0,5104.0,5057.0,4794.0,4794.0
02-12 20:00,4859.0,5009.0,5038.0,5016.0,4975.0,4674.0,4674.0
02-12 21:00,4871.0,4964.0,5002.0,4986.0,5000.0,4677.0,4677.0
02-12 22:00,4852.0,4949.0,5010.0,4985.0,4902.0,4672.0,4672.0
02-12 23:00,4839.0,4957.0,4977.0,4957.0,4907.0,4579.0,4579.0
02-13 00:00,4813.0,4987.0,4977.0,4928.0,4825.0,4542.0,4542.0
02-13 01:00,4778.0,4974.0,5008.0,4932.0,4765.0,4559.0,4559.0
02-13 02:00,4777.0,4938.0,4939.0,4903.0,4801.0,4537.0,4537.0
02-13 03:00,4771.0,4939.0,4951.0,4911.0,4779.0,4506.0,4506.0
02-13 04:00,4766.0,4927.0,4945.0,4913.0,4898.0,4497.0,4497.0
02-13 05:00,4802.0,4890.0,4968.0,4892.0,4774.0,4466.0,4466.0
02-13 06:00,4854.0,4949.0,4998.0,4918.0,5151.0,4529.0,4529.0
02-13 07:00,4862.0,4896.0,5009.0,4952.0,5202.0,4598.0,4598.0
02-13 08:00,4853.0,4933.0,4978.0,5113.0,5102.0,4775.0,4775.0
02-13 09:00,4854.0,4957.0,5007.0,5168.0,4959.0,4782.0,4782.0
02-13 10:00,4853.0,4967.0,4998.0,5118.0,4947.0,4761.0,4761.0
02-13 11:00,4870.0,4958.0,4982.0,4960.0,4887.0,4727.0,4727.0
02-13 12:00,4862.0,4963.0,4988.0,4963.0,4847.0,4647.0,4647.0
02-13 13:00,4840.0,4943.0,5005.0,4946.0,4900.0,4573.0,4573.0
02-13 14:00,4813.0,5030.0,5062.0,4945.0,4876.0,4567.0,4567.0
02-13 15:00,4863.0,5063.0,5082.0,4968.0,4919.0,4567.0,4567.0
02-13 16:00,4887.0,5026.0,5083.0,5224.0,4987.0,4697.0,4697.0
02-13 17:00,4917.0,4961.0,5106.0,5197.0,5283.0,4866.0,4866.0
02-13 18:00,4991.0,5199.0,5113.0,5337.0,5441.0,4968.0,4968.0
02-13 19:00,4883.0,5019.0,4966.0,5337.0,5452.0,4800.0,4800.0
02-13 20:00,4893.0,4925.0,4984.0,5262.0,4948.0,4676.0,4676.0
02-13 21:00,4869.0,4954.0,5006.0,4963.0,4961.0,4612.0,4612.0
02-13 22:00,4860.0,4956.0,4983.0,5184.0,4864.0,4549.0,4549.0
02-13 23:00,4856.0,4922.0,4991.0,5182.0,4853.0,4512.0,4512.0
02-14 00:00,4823.0,5021.0,5002.0,4921.0,4865.0,4483.0,4483.0
02-14 01:00,4822.0,4970.0,4952.0,4896.0,4833.0,4480.0,4480.0
02-14 02:00,4826.0,4912.0,4946.0,4882.0,4881.0,4475.0,4475.0
02-14 03:00,4833.0,4865.0,4913.0,4881.0,4845.0,4455.0,4455.0
02-14 04:00,4804.0,4880.0,4920.0,4888.0,4887.0,4470.0,4470.0
02-14 05:00,4800.0,4945.0,4938.0,4894.0,4856.0,4557.0,4557.0
02-14 06:00,4794.0,5110.0,4952.0,5051.0,5253.0,4597.0,4597.0
02-14 07:00,4809.0,5007.0,5036.0,5029.0,5583.0,4648.0,4648.0
02-14 08:00,4833.0,5007.0,5063.0,5077.0,5498.0,4706.0,4706.0
02-14 09:00,4832.0,5035.0,4996.0,5046.0,4991.0,4696.0,4696.0
02-14 10:00,4828.0,5067.0,4967.0,5001.0,5022.0,4666.0,4666.0
02-14 11:00,4830.0,5149.0,4972.0,4962.0,4928.0,4704.0,4704.0
02-14 12:00,4836.0,5017.0,5001.0,4935.0,4870.0,4628.0,4628.0
02-14 13:00,4835.0,5040.0,4979.0,4941.0,4887.0,4585.0,4585.0
02-14 14:00,4822.0,4978.0,4975.0,4970.0,4858.0,4527.0,4527.0
02-14 15:00,4828.0,5081.0,4981.0,4967.0,4866.0,4534.0,4534.0
02-14 16:00,4839.0,5067.0,5022.0,5014.0,5072.0,4611.0,4611.0
02-14 17:00,4843.0,5206.0,5182.0,5048.0,5180.0,4743.0,4743.0
02-14 18:00,4862.0,5042.0,5131.0,5052.0,5456.0,4733.0,4733.0
02-14 19:00,4850.0,5001.0,5068.0,5131.0,5309.0,4668.0,4668.0
02-14 20:00,4826.0,4982.0,5046.0,5253.0,5057.0,4656.0,4656.0
02-14 21:00,4818.0,4931.0,5031.0,4929.0,4975.0,4576.0,4576.0
02-14 22:00,4798.0,4938.0,4979.0,4904.0,4958.0,4572.0,4572.0
02-14 23:00,4787.0,4924.0,5004.0,4884.0,4899.0,4535.0,4535.0
02-15 00:00,4769.0,4933.0,4942.0,4868.0,4893.0,4450.0,4450.0
02-15 01:00,4768.0,4907.0,4985.0,4864.0,4871.0,4534.0,4534.0
02-15 02:00,4788.0,4900.0,4957.0,4861.0,4890.0,4552.0,4552.0
02-15 03:00,4759.0,4910.0,4932.0,4831.0,4905.0,4540.0,4540.0
02-15 04:00,4743.0,4918.0,4972.0,4822.0,4828.0,4545.0,4545.0
02-15 05:00,4737.0,4931.0,5015.0,4825.0,5041.0,4500.0,4500.0
02-15 06:00,4728.0,5042.0,5025.0,4916.0,5325.0,4632.0,4632.0
02-15 07:00,4743.0,5062.0,5051.0,4981.0,5423.0,4680.0,4680.0
02-15 08:00,4764.0,5086.0,5029.0,4965.0,5388.0,4737.0,4737.0
02-15 09:00,4795.0,5135.0,4968.0,5192.0,5156.0,4713.0,4713.0
02-15 10:00,4796.0,4968.0,4976.0,5000.0,4982.0,4614.0,4614.0
02-15 11:00,4794.0,4961.0,4956.0,4940.0,4945.0,4590.0,4590.0
02-15 12:00,4805.0,5007.0,4944.0,4970.0,4934.0,4546.0,4546.0
02-15 13:00,4797.0,4937.0,4929.0,5165.0,4912.0,4540.0,4540.0
02-15 14:00,4771.0,4970.0,4945.0,5188.0,4935.0,4672.0,4672.0
02-15 15:00,4767.0,5054.0,4959.0,5224.0,4963.0,4746.0,4746.0
02-15 16:00,4776.0,5073.0,5012.0,5004.0,5014.0,4799.0,4799.0
02-15 17:00,4771.0,5125.0,5130.0,5211.0,5166.0,4796.0,4796.0
02-15 18:00,4775.0,5189.0,5142.0,5292.0,5054.0,4814.0,4814.0
02-15 19:00,4764.0,5155.0,5117.0,5186.0,5122.0,4758.0,4758.0
02-15 20:00,4755.0,5129.0,5034.0,5055.0,5169.0,4748.0,4748.0
02-15 21:00,4736.0,5048.0,4985.0,5009.0,4966.0,4673.0,4673.0
02-15 22:00,4745.0,5024.0,4989.0,4981.0,4983.0,4680.0,4680.0
02-15 23:00,4730.0,5028.0,4991.0,5022.0,4892.0,4611.0,4611.0
02-16 00:00,4725.0,4893.0,4958.0,4939.0,4872.0,4612.0,4612.0
02-16 01:00,4703.0,4920.0,4933.0,4893.0,4874.0,4547.0,4547.0
02-16 02:00,4698.0,4879.0,4925.0,4885.0,4940.0,4548.0,4548.0
02-16 03:00,4680.0,4952.0,4941.0,4883.0,4919.0,4551.0,4551.0
02-16 04:00,4686.0,4964.0,4957.0,4897.0,4897.0,4547.0,4547.0
02-16 05:00,4701.0,4946.0,4938.0,4924.0,4849.0,4561.0,4561.0
02-16 06:00,4708.0,5015.0,4980.0,4991.0,4913.0,4787.0,4787.0
02-16 07:00,4750.0,5292.0,5093.0,5089.0,4979.0,4856.0,4856.0
02-16 08:00,4749.0,5303.0,5088.0,5117.0,5106.0,4980.0,4980.0
02-16 09:00,4708.0,5139.0,4983.0,5108.0,5091.0,5056.0,5056.0
02-16 10:00,4694.0,5081.0,4977.0,5062.0,5077.0,4724.0,4724.0
02-16 11:00,4717.0,4986.0,4985.0,5036.0,5034.0,4874.0,4874.0
02-16 12:00,4693.0,4976.0,4964.0,5087.0,5011.0,4936.0,4936.0
02-16 13:00,4683.0,4972.0,4970.0,5038.0,5006.0,4659.0,4659.0
02-16 14:00,4710.0,4974.0,4990.0,5029.0,4923.0,4542.0,4542.0
02-16 15:00,4712.0,4975.0,5002.0,5055.0,5095.0,4537.0,4537.0
02-16 16:00,4794.0,4988.0,5031.0,5175.0,5109.0,4758.0,4758.0
02-16 17:00,4787.0,5063.0,5147.0,5304.0,5414.0,5052.0,5052.0
02-16 18:00,4808.0,5222.0,5150.0,5259.0,5295.0,5108.0,5108.0
02-16 19:00,4805.0,5091.0,5074.0,5181.0,5197.0,5007.0,5007.0
02-16 20:00,4778.0,5110.0,5046.0,5085.0,5063.0,4968.0,4968.0
02-16 21:00,4789.0,5018.0,5032.0,5235.0,5073.0,4707.0,4707.0
02-16 22:00,4721.0,4990.0,5036.0,5014.0,5043.0,4680.0,4680.0
02-16 23:00,4749.0,4980.0,5046.0,4981.0,4988.0,4768.0,4768.0
02-17 00:00,4707.0,4934.0,5014.0,4940.0,4961.0,4540.0,4540.0
02-17 01:00,4726.0,4917.0,5011.0,4928.0,4926.0,4498.0,4498.0
02-17 02:00,4696.0,4938.0,4957.0,4929.0,4826.0,4468.0,4468.0
02-17 03:00,4691.0,4906.0,4999.0,4932.0,4857.0,4447.0,4447.0
02-17 04:00,4677.0,4868.0,5053.0,4914.0,4988.0,4509.0,4509.0
02-17 05:00,4715.0,4895.0,5004.0,4926.0,4998.0,4533.0,4533.0
02-17 06:00,4760.0,5150.0,5032.0,4993.0,4957.0,4675.0,4675.0
02-17 07:00,4779.0,4947.0,5008.0,5028.0,4936.0,4842.0,4842.0
02-17 08:00,4789.0,4967.0,5008.0,5101.0,5004.0,4869.0,4869.0
02-17 09:00,4800.0,4898.0,5044.0,5138.0,5025.0,4919.0,4919.0
02-17 10:00,4798.0,4871.0,5035.0,5141.0,4991.0,4851.0,4851.0
02-17 11:00,4735.0,4906.0,5082.0,5138.0,4970.0,4799.0,4799.0
02-17 12:00,4801.0,4902.0,5065.0,5133.0,4982.0,4573.0,4573.0
02-17 13:00,4780.0,4924.0,5050.0,5107.0,5034.0,4521.0,4521.0
02-17 14:00,4812.0,4919.0,5036.0,5066.0,5106.0,4799.0,4799.0
02-17 15:00,4825.0,4939.0,5043.0,5066.0,5097.0,4833.0,4833.0
02-17 16:00,4848.0,4942.0,5130.0,5095.0,5106.0,4981.0,4981.0
02-17 17:00,4877.0,5226.0,5156.0,5325.0,5211.0,5117.0,5117.0
02-17 18:00,4852.0,5125.0,5158.0,5368.0,5206.0,5087.0,5087.0
02-17 19:00,4854.0,4991.0,5152.0,5368.0,5078.0,5250.0,5250.0
02-17 20:00,4823.0,5003.0,5106.0,5280.0,4996.0,5045.0,5045.0
02-17 21:00,4793.0,4887.0,5074.0,5019.0,4938.0,4703.0,4703.0
02-17 22:00,4776.0,4881.0,5076.0,5004.0,4913.0,4701.0,4701.0
02-17 23:00,4749.0,4890.0,5068.0,4979.0,4889.0,4992.0,4992.0
02-18 00:00,4701.0,4860.0,5007.0,4956.0,4857.0,4784.0,4784.0
02-18 01:00,4687.0,4888.0,4957.0,4932.0,4808.0,4689.0,4689.0
02-18 02:00,4669.0,4875.0,4958.0,4915.0,4819.0,4676.0,4676.0
02-18 03:00,4667.0,4856.0,4950.0,4913.0,4814.0,4602.0,4602.0
02-18 04:00,4665.0,4903.0,4952.0,4901.0,4795.0,4677.0,4677.0
02-18 05:00,4677.0,4917.0,4971.0,4900.0,4823.0,4675.0,4675.0
02-18 06:00,4747.0,4942.0,4969.0,4917.0,5461.0,4943.0,4943.0
02-18 07:00,4774.0,4965.0,4995.0,4938.0,5218.0,5248.0,5248.0
02-18 08:00,4768.0,4967.0,5010.0,4992.0,5159.0,5211.0,5211.0
02-18 09:00,4740.0,4951.0,5036.0,5011.0,5048.0,4853.0,4853.0
02-18 10:00,4744.0,4934.0,5035.0,5011.0,4989.0,4875.0,4875.0
02-18 11:00,4723.0,4921.0,5041.0,5026.0,4832.0,4627.0,4627.0
02-18 12:00,4707.0,4971.0,5048.0,4990.0,4842.0,4646.0,4646.0
02-18 13:00,4685.0,5048.0,5038.0,4986.0,4861.0,4548.0,4548.0
02-18 14:00,4687.0,4971.0,5021.0,4980.0,4927.0,4522.0,4522.0
02-18 15:00,4712.0,4964.0,5010.0,4989.0,4923.0,4650.0,4650.0
02-18 16:00,4828.0,5108.0,5025.0,5058.0,5132.0,4786.0,4786.0
02-18 17:00,4829.0,5040.0,5021.0,5157.0,5554.0,4901.0,4901.0
02-18 18:00,4841.0,5029.0,5061.0,5212.0,5788.0,4949.0,4949.0
02-18 19:00,4861.0,5040.0,5039.0,5115.0,5503.0,5025.0,5025.0
02-18 20:00,4842.0,5081.0,4985.0,5034.0,5070.0,4800.0,4800.0
02-18 21:00,4798.0,5026.0,4974.0,5006.0,4967.0,4479.0,4479.0
02-18 22:00,4785.0,5037.0,4971.0,4988.0,4999.0,4433.0,4433.0
02-18 23:00,4763.0,4988.0,4946.0,4972.0,4876.0,4400.0,4400.0
02-19 00:00,4751.0,4972.0,4931.0,4916.0,4877.0,4361.0,4361.0
02-19 01:00,4729.0,4965.0,4932.0,4911.0,4797.0,4339.0,4339.0
02-19 02:00,4725.0,4952.0,4926.0,4903.0,4751.0,4332.0,4332.0
02-19 03:00,4714.0,5023.0,4907.0,4893.0,4820.0,4152.0,4152.0
02-19 04:00,4734.0,5064.0,4921.0,4893.0,4792.0,4095.0,4095.0
02-19 05:00,4750.0,5034.0,4933.0,4914.0,4783.0,4139.0,4139.0
02-19 06:00,4830.0,5086.0,4909.0,5245.0,4919.0,4268.0,4268.0
02-19 07:00,4818.0,5147.0,4900.0,5148.0,4928.0,4394.0,4394.0
02-19 08:00,4808.0,5130.0,4945.0,5122.0,5000.0,4493.0,4493.0
02-19 09:00,4752.0,5161.0,4984.0,5085.0,4948.0,4485.0,4485.0
02-19 10:00,4694.0,5093.0,4971.0,5178.0,4974.0,4477.0,4477.0
02-19 11:00,4642.0,5075.0,4994.0,5241.0,4851.0,4366.0,4366.0
02-19 12:00,4640.0,5132.0,4979.0,5274.0,4924.0,4285.0,4285.0
02-19 13:00,4686.0,5131.0,4993.0,4972.0,4967.0,4254.0,4254.0
02-19 14:00,4669.0,5027.0,5007.0,5004.0,4889.0,4217.0,4217.0
02-19 15:00,4728.0,5012.0,4949.0,5064.0,4918.0,4263.0,4263.0
02-19 16:00,4771.0,5127.0,5061.0,5162.0,4941.0,4415.0,4415.0
02-19 17:00,4855.0,5116.0,5082.0,5257.0,5051.0,4498.0,4498.0
02-19 18:00,4866.0,5181.0,5105.0,5222.0,5045.0,4529.0,4529.0
02-19 19:00,4850.0,5046.0,5088.0,5307.0,5041.0,4571.0,4571.0
02-19 20:00,4804.0,5068.0,5080.0,5265.0,4966.0,4481.0,4481.0
02-19 21:00,4811.0,5026.0,5077.0,5123.0,4922.0,4395.0,4395.0
02-19 22:00,4771.0,5026.0,4990.0,5143.0,4891.0,4285.0,4285.0
02-19 23:00,4705.0,5019.0,4954.0,4996.0,4821.0,4204.0,4204.0
02-20 00:00,4685.0,5020.0,4933.0,4934.0,4835.0,4173.0,4173.0
02-20 01:00,4677.0,4971.0,4924.0,4903.0,4769.0,4148.0,4148.0
02-20 02:00,4667.0,4949.0,4934.0,4891.0,4769.0,4151.0,4151.0
02-20 03:00,4648.0,4943.0,4910.0,4900.0,4778.0,4137.0,4137.0
02-20 04:00,4661.0,4922.0,4901.0,4901.0,4798.0,4117.0,4117.0
02-20 05:00,4719.0,4895.0,4937.0,5054.0,4827.0,4149.0,4149.0
02-20 06:00,4764.0,4912.0,4935.0,5084.0,5029.0,4256.0,4256.0
02-20 07:00,4783.0,4966.0,4996.0,5219.0,5232.0,4347.0,4347.0
02-20 08:00,4763.0,5014.0,4985.0,5309.0,4960.0,4451.0,4451.0
02-20 09:00,4737.0,5031.0,4991.0,5255.0,4887.0,4446.0,4446.0
02-20 10:00,4734.0,5030.0,4935.0,5148.0,4765.0,4398.0,4398.0
02-20 11:00,4711.0,5046.0,5012.0,5243.0,4784.0,4363.0,4363.0
02-20 12:00,4738.0,5035.0,5010.0,5182.0,4708.0,4298.0,4298.0
02-20 13:00,4717.0,5039.0,4947.0,5021.0,4832.0,4216.0,4216.0
02-20 14:00,4712.0,5075.0,4985.0,5253.0,4884.0,4182.0,4182.0
02-20 15:00,4718.0,5109.0,4941.0,5259.0,4934.0,4173.0,4173.0
02-20 16:00,4778.0,5102.0,4931.0,5245.0,5056.0,4309.0,4309.0
02-20 17:00,4778.0,5059.0,4992.0,5310.0,5284.0,4467.0,4467.0
02-20 18:00,4798.0,5022.0,4974.0,5218.0,5442.0,4494.0,4494.0
02-20 19:00,4796.0,5053.0,4960.0,5361.0,5293.0,4394.0,4394.0
02-20 20:00,4789.0,5060.0,4892.0,5297.0,5293.0,4367.0,4367.0
02-20 21:00,4766.0,5043.0,4951.0,4996.0,4931.0,4358.0,4358.0
02-20 22:00,4761.0,5022.0,4929.0,4957.0,4950.0,4217.0,4217.0
02-20 23:00,4741.0,4997.0,4879.0,4932.0,4888.0,4182.0,4182.0
02-21 00:00,4731.0,4945.0,4878.0,4909.0,4858.0,4186.0,4186.0
02-21 01:00,4695.0,4947.0,4887.0,4900.0,4898.0,4181.0,4181.0
02-21 02:00,4685.0,4900.0,4856.0,4891.0,4895.0,4209.0,4209.0
02-21 03:00,4674.0,4882.0,4846.0,4886.0,4869.0,4214.0,4214.0
02-21 04:00,4677.0,4872.0,4896.0,4883.0,4879.0,4196.0,4196.0
02-21 05:00,4678.0,4905.0,4889.0,4899.0,4847.0,4274.0,4274.0
02-21 06:00,4683.0,4962.0,4964.0,5185.0,4916.0,4309.0,4309.0
02-21 07:00,4710.0,4992.0,4902.0,5091.0,4988.0,4385.0,4385.0
02-21 08:00,4757.0,5010.0,4912.0,5113.0,5027.0,4477.0,4477.0
02-21 09:00,4728.0,5035.0,4918.0,5118.0,4958.0,4517.0,4517.0
02-21 10:00,4764.0,5046.0,4896.0,4951.0,4904.0,4465.0,4465.0
02-21 11:00,4738.0,5028.0,4893.0,4978.0,4877.0,4440.0,4440.0
02-21 12:00,4736.0,5035.0,4903.0,4943.0,4824.0,4354.0,4354.0
02-21 13:00,4705.0,5028.0,4924.0,4938.0,4885.0,4260.0,4260.0
02-21 14:00,4717.0,5030.0,4880.0,4944.0,4835.0,4295.0,4295.0
02-21 15:00,4724.0,4999.0,4936.0,4982.0,4885.0,4340.0,4340.0
02-21 16:00,4780.0,5008.0,5045.0,5052.0,4952.0,4479.0,4479.0
02-21 17:00,4781.0,5035.0,5087.0,5066.0,5040.0,4515.0,4515.0
02-21 18:00,4809.0,5029.0,5038.0,5068.0,5295.0,4541.0,4541.0
02-21 19:00,4789.0,5030.0,4983.0,5053.0,5086.0,4541.0,4541.0
02-21 20:00,4783.0,4996.0,5037.0,5033.0,5005.0,4481.0,4481.0
02-21 21:00,4777.0,4946.0,4958.0,4997.0,4896.0,4394.0,4394.0
02-21 22:00,4724.0,4976.0,4951.0,4965.0,4830.0,4356.0,4356.0
02-21 23:00,4693.0,4891.0,4966.0,4945.0,4828.0,4220.0,4220.0
02-22 00:00,4687.0,4839.0,4971.0,4893.0,4781.0,4127.0,4127.0
02-22 01:00,4645.0,4826.0,4882.0,4888.0,4760.0,4085.0,4085.0
02-22 02:00,4649.0,4798.0,4961.0,4899.0,4749.0,4089.0,4089.0
02-22 03:00,4651.0,4819.0,4847.0,4877.0,4818.0,4090.0,4090.0
02-22 04:00,4666.0,4846.0,4825.0,4873.0,4841.0,4106.0,4106.0
02-22 05:00,4666.0,4957.0,4846.0,4892.0,4851.0,4166.0,4166.0
02-22 06:00,4666.0,4964.0,4868.0,5057.0,5046.0,4353.0,4353.0
02-22 07:00,4685.0,5015.0,4919.0,5044.0,5310.0,4519.0,4519.0
02-22 08:00,4710.0,5126.0,4931.0,5190.0,5161.0,4567.0,4567.0
02-22 09:00,4721.0,4996.0,4893.0,5160.0,5047.0,4560.0,4560.0
02-22 10:00,4725.0,5044.0,4940.0,5141.0,5257.0,4412.0,4412.0
02-22 11:00,4723.0,5064.0,4961.0,5101.0,5274.0,4340.0,4340.0
02-22 12:00,4720.0,5083.0,4953.0,4972.0,5262.0,4249.0,4249.0
02-22 13:00,4699.0,5172.0,4956.0,4982.0,5104.0,4187.0,4187.0
02-22 14:00,4709.0,5115.0,4951.0,4976.0,5027.0,4183.0,4183.0
02-22 15:00,4713.0,5052.0,4984.0,5018.0,5027.0,4226.0,4226.0
02-22 16:00,4728.0,5041.0,5012.0,5042.0,5469.0,4430.0,4430.0
02-22 17:00,4773.0,5083.0,5029.0,5078.0,5369.0,4530.0,4530.0
02-22 18:00,4798.0,5106.0,5039.0,5067.0,5440.0,4615.0,4615.0
02-22 19:00,4775.0,5105.0,5066.0,5071.0,5255.0,4633.0,4633.0
02-22 20:00,4757.0,5002.0,5054.0,5035.0,5112.0,4416.0,4416.0
02-22 21:00,4725.0,4981.0,5013.0,5026.0,4972.0,4402.0,4402.0
02-22 22:00,4707.0,4972.0,4996.0,4984.0,4923.0,4047.0,4047.0
02-22 23:00,4706.0,4916.0,4936.0,4956.0,4867.0,4041.0,4041.0
02-23 00:00,4674.0,4903.0,4951.0,4924.0,4864.0,3931.0,3931.0
02-23 01:00,4660.0,4912.0,4932.0,4922.0,4915.0,3990.0,3990.0
02-23 02:00,4672.0,4908.0,4856.0,4911.0,4901.0,3866.0,3866.0
02-23 03:00,4641.0,4940.0,4861.0,4914.0,4823.0,3976.0,3976.0
02-23 04:00,4644.0,4877.0,4907.0,4913.0,4876.0,3957.0,3957.0
02-23 05:00,4711.0,4915.0,4916.0,4914.0,4838.0,4237.0,4237.0
02-23 06:00,4734.0,4990.0,4977.0,5189.0,4911.0,4338.0,4338.0
02-23 07:00,4699.0,5050.0,4974.0,5161.0,5006.0,4456.0,4456.0
02-23 08:00,4681.0,5232.0,4984.0,5246.0,5105.0,4465.0,4465.0
02-23 09:00,4615.0,5110.0,4976.0,5065.0,5215.0,4436.0,4436.0
02-23 10:00,4650.0,5020.0,4989.0,5053.0,5266.0,4361.0,4361.0
02-23 11:00,4620.0,4974.0,4998.0,4983.0,5166.0,4289.0,4289.0
02-23 12:00,4608.0,5010.0,4951.0,4969.0,5009.0,4207.0,4207.0
02-23 13:00,4637.0,4903.0,4931.0,4983.0,4976.0,4190.0,4190.0
02-23 14:00,4639.0,4936.0,4952.0,4967.0,5117.0,4159.0,4159.0
02-23 15:00,4659.0,4951.0,4938.0,4967.0,5104.0,4180.0,4180.0
02-23 16:00,4663.0,4957.0,4958.0,4987.0,5235.0,4351.0,4351.0
02-23 17:00,4702.0,5048.0,4973.0,5311.0,5459.0,4484.0,4484.0
02-23 18:00,4760.0,5156.0,4982.0,5269.0,5402.0,4527.0,4527.0
02-23 19:00,4761.0,5152.0,5016.0,5197.0,5178.0,4501.0,4501.0
02-23 20:00,4732.0,5095.0,4981.0,5024.0,5278.0,4390.0,4390.0
02-23 21:00,4693.0,4985.0,4998.0,4998.0,5060.0,4315.0,4315.0
02-23 22:00,4680.0,4929.0,4925.0,4960.0,5029.0,4284.0,4284.0
02-23 23:00,4695.0,4936.0,4915.0,4952.0,4946.0,4230.0,4230.0
02-24 00:00,4672.0,4860.0,4862.0,4916.0,4905.0,4181.0,4181.0
02-24 01:00,4644.0,4840.0,4874.0,4929.0,4892.0,4272.0,4272.0
02-24 02:00,4634.0,4837.0,4896.0,4920.0,4861.0,4160.0,4160.0
02-24 03:00,4632.0,4869.0,4835.0,4929.0,4840.0,4170.0,4170.0
02-24 04:00,4617.0,4858.0,4870.0,4921.0,4892.0,4241.0,4241.0
02-24 05:00,4583.0,4880.0,4878.0,4916.0,4901.0,4302.0,4302.0
02-24 06:00,4563.0,4912.0,4936.0,4923.0,4950.0,4403.0,4403.0
02-24 07:00,4585.0,5007.0,4952.0,4959.0,4945.0,4493.0,4493.0
02-24 08:00,4598.0,5092.0,4972.0,5249.0,5125.0,4520.0,4520.0
02-24 09:00,4594.0,4990.0,4980.0,5182.0,5121.0,4407.0,4407.0
02-24 10:00,4606.0,4980.0,5005.0,4998.0,5122.0,4359.0,4359.0
02-24 11:00,4643.0,5013.0,5018.0,4937.0,5010.0,4311.0,4311.0
02-24 12:00,4647.0,4952.0,5005.0,4926.0,4978.0,4205.0,4205.0
02-24 13:00,4665.0,4969.0,5013.0,4807.0,4967.0,4224.0,4224.0
02-24 14:00,4691.0,4967.0,5030.0,4920.0,4995.0,4368.0,4368.0
02-24 15:00,4694.0,5009.0,5065.0,4955.0,4961.0,4488.0,4488.0
02-24 16:00,4699.0,5015.0,5103.0,4972.0,5142.0,4757.0,4757.0
02-24 17:00,4729.0,5139.0,5085.0,5232.0,5147.0,4877.0,4877.0
02-24 18:00,4750.0,5364.0,5092.0,5092.0,5550.0,4936.0,4936.0
02-24 19:00,4734.0,5193.0,5077.0,5001.0,5045.0,4844.0,4844.0
02-24 20:00,4743.0,5259.0,5092.0,4975.0,5034.0,4989.0,4989.0
02-24 21:00,4746.0,4981.0,5096.0,4939.0,4923.0,4738.0,4738.0
02-24 22:00,4703.0,4953.0,5070.0,4922.0,4931.0,4517.0,4517.0
02-24 23:00,4666.0,4941.0,5086.0,4916.0,4874.0,4455.0,4455.0
02-25 00:00,4672.0,4891.0,4987.0,4880.0,4899.0,4409.0,4409.0
02-25 01:00,4655.0,4897.0,4993.0,4880.0,4979.0,4423.0,4423.0
02-25 02:00,4646.0,4879.0,5001.0,4868.0,4915.0,4424.0,4424.0
02-25 03:00,4647.0,4876.0,4919.0,4860.0,4904.0,4424.0,4424.0
02-25 04:00,4643.0,4881.0,4984.0,4865.0,4903.0,4489.0,4489.0
02-25 05:00,4640.0,4923.0,4991.0,4867.0,4948.0,4621.0,4621.0
02-25 06:00,4679.0,4974.0,4991.0,4908.0,5308.0,4758.0,4758.0
02-25 07:00,4671.0,4981.0,5027.0,4917.0,5557.0,4811.0,4811.0
02-25 08:00,4603.0,5034.0,5022.0,5223.0,5590.0,4819.0,4819.0
02-25 09:00,4617.0,5022.0,5007.0,5001.0,5150.0,4793.0,4793.0
02-25 10:00,4637.0,5048.0,5040.0,4987.0,5038.0,4729.0,4729.0
02-25 11:00,4654.0,5030.0,5067.0,5004.0,5074.0,4665.0,4665.0
02-25 12:00,4684.0,5014.0,5056.0,4993.0,4911.0,4550.0,4550.0
02-25 13:00,4684.0,4945.0,5037.0,4993.0,4923.0,4506.0,4506.0
02-25 14:00,4674.0,4947.0,5071.0,4986.0,4892.0,4518.0,4518.0
02-25 15:00,4652.0,4998.0,5002.0,4994.0,4905.0,4588.0,4588.0
02-25 16:00,4692.0,5050.0,5002.0,4989.0,5000.0,4793.0,4793.0
02-25 17:00,4729.0,5049.0,5036.0,5010.0,5192.0,4854.0,4854.0
02-25 18:00,4748.0,5089.0,5051.0,5007.0,5636.0,4977.0,4977.0
02-25 19:00,4775.0,5115.0,5092.0,4985.0,5535.0,4936.0,4936.0
02-25 20:00,4773.0,5323.0,5052.0,4987.0,5005.0,4768.0,4768.0
02-25 21:00,4766.0,4950.0,5055.0,4964.0,4956.0,4670.0,4670.0
02-25 22:00,4720.0,4931.0,5020.0,4941.0,4899.0,4606.0,4606.0
02-25 23:00,4661.0,4908.0,4999.0,4923.0,4807.0,4478.0,4478.0
02-26 00:00,4630.0,4909.0,4999.0,4905.0,4961.0,4429.0,4429.0
02-26 01:00,4623.0,4880.0,4942.0,4904.0,4838.0,4446.0,4446.0
02-26 02:00,4623.0,4885.0,4943.0,4882.0,4879.0,4459.0,4459.0
02-26 03:00,4623.0,4892.0,4869.0,4886.0,4952.0,4438.0,4438.0
02-26 04:00,4621.0,4914.0,4901.0,4870.0,4975.0,4446.0,4446.0
02-26 05:00,4651.0,4921.0,4863.0,4887.0,5169.0,4534.0,4534.0
02-26 06:00,4672.0,5115.0,4900.0,5013.0,5660.0,4698.0,4698.0
02-26 07:00,4732.0,5078.0,4912.0,5012.0,5656.0,4797.0,4797.0
02-26 08:00,4725.0,5179.0,4958.0,5250.0,5644.0,4895.0,4895.0
02-26 09:00,4725.0,5206.0,4981.0,5083.0,5293.0,4840.0,4840.0
02-26 10:00,4718.0,5005.0,5020.0,4959.0,5230.0,4762.0,4762.0
02-26 11:00,4756.0,4967.0,4979.0,4948.0,4880.0,4686.0,4686.0
02-26 12:00,4761.0,5137.0,4937.0,4901.0,4902.0,4616.0,4616.0
02-26 13:00,4730.0,5074.0,4947.0,4926.0,4899.0,4571.0,4571.0
02-26 14:00,4716.0,5017.0,4987.0,4949.0,4932.0,4583.0,4583.0
02-26 15:00,4720.0,5075.0,5011.0,4989.0,4942.0,4555.0,4555.0
02-26 16:00,4724.0,5122.0,5004.0,5019.0,5129.0,4653.0,4653.0
02-26 17:00,4763.0,5092.0,5002.0,5011.0,5305.0,4798.0,4798.0
02-26 18:00,4770.0,5107.0,5014.0,5209.0,5875.0,4872.0,4872.0
02-26 19:00,4789.0,5130.0,4978.0,5239.0,5781.0,4930.0,4930.0
02-26 20:00,4763.0,5102.0,4983.0,5150.0,5541.0,4785.0,4785.0
02-26 21:00,4763.0,5045.0,4933.0,4982.0,5146.0,4658.0,4658.0
02-26 22:00,4744.0,5033.0,4976.0,4961.0,5067.0,4580.0,4580.0
02-26 23:00,4714.0,5043.0,4904.0,4907.0,4966.0,4528.0,4528.0
02-27 00:00,4712.0,5038.0,4885.0,4910.0,4885.0,4463.0,4463.0
02-27 01:00,4699.0,5026.0,4860.0,4902.0,4886.0,4451.0,4451.0
02-27 02:00,4707.0,4966.0,4820.0,4899.0,4859.0,4462.0,4462.0
02-27 03:00,4678.0,4959.0,4841.0,4887.0,4812.0,4469.0,4469.0
02-27 04:00,4693.0,4954.0,4849.0,4877.0,4828.0,4483.0,4483.0
02-27 05:00,4700.0,4950.0,4856.0,4878.0,4909.0,4511.0,4511.0
02-27 06:00,4717.0,4939.0,4901.0,5129.0,5554.0,4619.0,4619.0
02-27 07:00,4756.0,4949.0,4919.0,5232.0,5663.0,4740.0,4740.0
02-27 08:00,4727.0,4968.0,4912.0,5267.0,5567.0,4767.0,4767.0
02-27 09:00,4712.0,5025.0,4881.0,5166.0,5205.0,4776.0,4776.0
02-27 10:00,4674.0,5001.0,4867.0,4952.0,4943.0,4723.0,4723.0
02-27 11:00,4725.0,5012.0,4887.0,4941.0,4876.0,4694.0,4694.0
02-27 12:00,4729.0,4998.0,4918.0,4940.0,4924.0,4604.0,4604.0
02-27 13:00,4732.0,4959.0,4963.0,4925.0,4796.0,4586.0,4586.0
02-27 14:00,4753.0,4971.0,4924.0,4934.0,4765.0,4530.0,4530.0
02-27 15:00,4743.0,4971.0,4934.0,4979.0,4730.0,4544.0,4544.0
02-27 16:00,4749.0,5021.0,5041.0,5161.0,5036.0,4650.0,4650.0
02-27 17:00,4765.0,5044.0,5085.0,5301.0,5406.0,4790.0,4790.0
02-27 18:00,4786.0,5087.0,5098.0,5091.0,5530.0,4907.0,4907.0
02-27 19:00,4792.0,5116.0,4983.0,5076.0,5495.0,4876.0,4876.0
02-27 20:00,4758.0,5007.0,4958.0,5157.0,5367.0,4850.0,4850.0
02-27 21:00,4758.0,4988.0,5026.0,4968.0,4959.0,4762.0,4762.0
02-27 22:00,4740.0,5032.0,4996.0,5049.0,4893.0,4661.0,4661.0
02-27 23:00,4730.0,4938.0,4949.0,4903.0,4671.0,4589.0,4589.0
02-28 00:00,4646.0,4927.0,4917.0,4910.0,4678.0,4492.0,4492.0
02-28 01:00,4646.0,4909.0,4874.0,4893.0,4753.0,4527.0,4527.0
02-28 02:00,4671.0,5035.0,4833.0,4878.0,4848.0,4461.0,4461.0
02-28 03:00,4659.0,4983.0,4846.0,4831.0,4737.0,4423.0,4423.0
02-28 04:00,4667.0,4972.0,4865.0,4811.0,4755.0,4419.0,4419.0
02-28 05:00,4664.0,4995.0,4876.0,4895.0,4798.0,4481.0,4481.0
02-28 06:00,4666.0,5046.0,4909.0,5121.0,4898.0,4537.0,4537.0
02-28 07:00,4700.0,5030.0,4920.0,5018.0,4886.0,4624.0,4624.0
02-28 08:00,4735.0,5088.0,4912.0,5209.0,4887.0,4676.0,4676.0
02-28 09:00,4750.0,5087.0,4834.0,5082.0,4953.0,4708.0,4708.0
02-28 10:00,4739.0,5098.0,4891.0,4891.0,4842.0,4655.0,4655.0
02-28 11:00,4722.0,5113.0,4930.0,4820.0,4808.0,4656.0,4656.0
02-28 12:00,4712.0,5047.0,5002.0,4840.0,4777.0,4575.0,4575.0
02-28 13:00,4704.0,5009.0,5025.0,4849.0,4730.0,4504.0,4504.0
02-28 14:00,4677.0,5003.0,5058.0,4881.0,4879.0,4520.0,4520.0
02-28 15:00,4699.0,5108.0,4973.0,4912.0,4847.0,4577.0,4577.0
02-28 16:00,4699.0,5063.0,4965.0,4934.0,4871.0,4639.0,4639.0
02-28 17:00,4706.0,5083.0,5073.0,4935.0,4906.0,5123.0,5123.0
02-28 18:00,4744.0,5251.0,4960.0,4969.0,5077.0,4955.0,4955.0
02-28 19:00,4738.0,5100.0,4991.0,5085.0,5151.0,4826.0,4826.0
02-28 20:00,4724.0,5050.0,5064.0,4918.0,4922.0,4855.0,4855.0
02-28 21:00,4644.0,5095.0,4927.0,4888.0,4911.0,4714.0,4714.0
02-28 22:00,4658.0,5070.0,4928.0,5112.0,4882.0,4637.0,4637.0
02-28 23:00,4674.0,5097.0,5005.0,4967.0,4861.0,4588.0,4588.0
03-01 00:00,4652.0,4983.0,4866.0,5071.0,4784.0,4440.0,4440.0
03-01 01:00,4626.0,4961.0,4892.0,4826.0,4811.0,4439.0,4439.0
03-01 02:00,4632.0,4929.0,4875.0,4804.0,4760.0,4447.0,4447.0
03-01 03:00,4631.0,4947.0,4858.0,4807.0,4792.0,4418.0,4418.0
03-01 04:00,4623.0,4916.0,4886.0,4808.0,4829.0,4438.0,4438.0
03-01 05:00,4637.0,4951.0,4881.0,4799.0,4827.0,4489.0,4489.0
03-01 06:00,4630.0,5016.0,4932.0,4960.0,5085.0,4743.0,4743.0
03-01 07:00,4654.0,5003.0,5027.0,5110.0,5093.0,5001.0,5001.0
03-01 08:00,4730.0,5030.0,4987.0,5126.0,5072.0,5061.0,5061.0
03-01 09:00,4714.0,5003.0,4932.0,4839.0,5086.0,4867.0,4867.0
03-01 10:00,4696.0,4974.0,4928.0,4804.0,5041.0,4796.0,4796.0
03-01 11:00,4676.0,4966.0,4954.0,4785.0,5116.0,4645.0,4645.0
03-01 12:00,4697.0,4961.0,4947.0,4823.0,4984.0,4530.0,4530.0
03-01 13:00,4683.0,4971.0,4906.0,4817.0,4900.0,4509.0,4509.0
03-01 14:00,4673.0,4967.0,4907.0,4859.0,4870.0,4539.0,4539.0
03-01 15:00,4663.0,4966.0,4970.0,4863.0,5107.0,4570.0,4570.0
03-01 16:00,4649.0,4974.0,5015.0,4905.0,5132.0,4734.0,4734.0
03-01 17:00,4683.0,5132.0,5080.0,5168.0,5306.0,4850.0,4850.0
03-01 18:00,4728.0,5196.0,5070.0,5150.0,5215.0,4787.0,4787.0
03-01 19:00,4714.0,5135.0,5070.0,5035.0,5154.0,4746.0,4746.0
03-01 20:00,4720.0,5049.0,4993.0,5122.0,5087.0,4674.0,4674.0
03-01 21:00,4684.0,5211.0,4967.0,4881.0,4929.0,4632.0,4632.0
03-01 22:00,4676.0,5228.0,4976.0,4868.0,4902.0,4515.0,4515.0
03-01 23:00,4675.0,4959.0,4932.0,4852.0,4883.0,4461.0,4461.0
03-02 00:00,4661.0,4941.0,4943.0,4869.0,4817.0,4510.0,4510.0
03-02 01:00,4623.0,4939.0,4923.0,4855.0,4777.0,4475.0,4475.0
03-02 02:00,4633.0,4979.0,4891.0,4858.0,4838.0,4487.0,4487.0
03-02 03:00,4610.0,4968.0,4858.0,4863.0,4823.0,4529.0,4529.0
03-02 04:00,4579.0,4977.0,4901.0,4830.0,4767.0,4536.0,4536.0
03-02 05:00,4636.0,5004.0,4877.0,4858.0,4795.0,4501.0,4501.0
03-02 06:00,4635.0,5053.0,4924.0,5132.0,4900.0,4659.0,4659.0
03-02 07:00,4637.0,5047.0,4939.0,5043.0,4982.0,4762.0,4762.0
03-02 08:00,4611.0,5075.0,4898.0,5128.0,5370.0,4764.0,4764.0
03-02 09:00,4580.0,4940.0,4898.0,5224.0,5269.0,4719.0,4719.0
03-02 10:00,4600.0,4926.0,4930.0,5091.0,5056.0,4685.0,4685.0
03-02 11:00,4586.0,4936.0,4914.0,5033.0,5049.0,4536.0,4536.0
03-02 12:00,4579.0,4951.0,4947.0,4924.0,4980.0,4441.0,4441.0
03-02 13:00,4547.0,4935.0,4900.0,4926.0,4905.0,4437.0,4437.0
03-02 14:00,4527.0,4917.0,4911.0,4949.0,4970.0,4479.0,4479.0
03-02 15:00,4542.0,4974.0,4919.0,5157.0,4977.0,4590.0,4590.0
03-02 16:00,4591.0,5042.0,4980.0,5064.0,4941.0,4666.0,4666.0
03-02 17:00,4648.0,5042.0,4993.0,5091.0,5049.0,4741.0,4741.0
03-02 18:00,4665.0,5012.0,5063.0,5136.0,4994.0,4843.0,4843.0
03-02 19:00,4696.0,4998.0,5082.0,5237.0,4960.0,4848.0,4848.0
03-02 20:00,4692.0,4952.0,5008.0,5080.0,4918.0,4739.0,4739.0
03-02 21:00,4680.0,4942.0,5008.0,5100.0,4912.0,4654.0,4654.0
03-02 22:00,4644.0,4904.0,4967.0,4975.0,4913.0,4575.0,4575.0
03-02 23:00,4655.0,4899.0,4946.0,4964.0,4825.0,4524.0,4524.0
03-03 00:00,4646.0,4878.0,4899.0,4955.0,4823.0,4428.0,4428.0
03-03 01:00,4626.0,4910.0,4905.0,4936.0,4872.0,4403.0,4403.0
03-03 02:00,4644.0,4918.0,4851.0,4925.0,4802.0,4360.0,4360.0
03-03 03:00,4645.0,4913.0,4873.0,4915.0,4807.0,4384.0,4384.0
03-03 04:00,4653.0,4838.0,4894.0,4909.0,4766.0,4420.0,4420.0
03-03 05:00,4628.0,4872.0,4904.0,4911.0,4770.0,4715.0,4715.0
03-03 06:00,4652.0,4943.0,4948.0,4913.0,4834.0,4851.0,4851.0
03-03 07:00,4701.0,4952.0,4954.0,4963.0,4929.0,4838.0,4838.0
03-03 08:00,4693.0,4886.0,5023.0,4966.0,4888.0,4851.0,4851.0
03-03 09:00,4670.0,4843.0,5009.0,4975.0,4947.0,4859.0,4859.0
03-03 10:00,4653.0,4850.0,4975.0,4961.0,4966.0,4812.0,4812.0
03-03 11:00,4657.0,4876.0,4957.0,4942.0,5006.0,4816.0,4816.0
03-03 12:00,4624.0,4859.0,4951.0,4910.0,4838.0,4578.0,4578.0
03-03 13:00,4636.0,4866.0,4938.0,4944.0,4896.0,4613.0,4613.0
03-03 14:00,4663.0,4885.0,4969.0,4920.0,4918.0,4590.0,4590.0
03-03 15:00,4673.0,4915.0,5002.0,4909.0,4920.0,4618.0,4618.0
03-03 16:00,4725.0,4918.0,5013.0,4925.0,4886.0,4813.0,4813.0
03-03 17:00,4752.0,4997.0,4988.0,5012.0,4871.0,4982.0,4982.0
03-03 18:00,4765.0,4995.0,5006.0,5048.0,4917.0,4885.0,4885.0
03-03 19:00,4759.0,5052.0,5048.0,5030.0,4884.0,4871.0,4871.0
03-03 20:00,4762.0,5027.0,4989.0,4962.0,4884.0,4796.0,4796.0
03-03 21:00,4760.0,4941.0,5002.0,4935.0,4866.0,4656.0,4656.0
03-03 22:00,4695.0,4894.0,5010.0,4918.0,4853.0,4583.0,4583.0
03-03 23:00,4685.0,4869.0,4945.0,4870.0,4739.0,4546.0,4546.0
03-04 00:00,4671.0,4893.0,4932.0,4867.0,4701.0,4488.0,4488.0
03-04 01:00,4678.0,4925.0,4935.0,4847.0,4705.0,4490.0,4490.0
03-04 02:00,4667.0,4856.0,4908.0,4847.0,4669.0,4452.0,4452.0
03-04 03:00,4677.0,4864.0,4922.0,4838.0,4702.0,4489.0,4489.0
03-04 04:00,4679.0,4881.0,4940.0,4835.0,4749.0,4617.0,4617.0
03-04 05:00,4671.0,4933.0,4933.0,4822.0,4750.0,4670.0,4670.0
03-04 06:00,4664.0,5012.0,4989.0,4834.0,4847.0,4767.0,4767.0
03-04 07:00,4665.0,4989.0,5006.0,4845.0,4870.0,4960.0,4960.0
03-04 08:00,4704.0,5002.0,5022.0,4890.0,5008.0,4985.0,4985.0
03-04 09:00,4654.0,4967.0,5093.0,4911.0,5135.0,4805.0,4805.0
03-04 10:00,4681.0,4952.0,5084.0,4921.0,4816.0,4843.0,4843.0
03-04 11:00,4673.0,5015.0,5041.0,4921.0,5076.0,4802.0,4802.0
03-04 12:00,4673.0,4980.0,5038.0,4911.0,5229.0,4683.0,4683.0
03-04 13:00,4671.0,4983.0,5023.0,4862.0,5112.0,4596.0,4596.0
03-04 14:00,4657.0,5083.0,5008.0,4871.0,4771.0,4582.0,4582.0
03-04 15:00,4660.0,5078.0,5052.0,4853.0,4813.0,4648.0,4648.0
03-04 16:00,4675.0,5020.0,4993.0,4855.0,4784.0,4720.0,4720.0
03-04 17:00,4718.0,5063.0,5031.0,4898.0,4992.0,4966.0,4966.0
03-04 18:00,4766.0,5167.0,5086.0,4924.0,5382.0,5066.0,5066.0
03-04 19:00,4759.0,5120.0,5139.0,4911.0,5051.0,5007.0,5007.0
03-04 20:00,4747.0,5032.0,5062.0,4891.0,4947.0,4817.0,4817.0
03-04 21:00,4743.0,5025.0,5085.0,4862.0,4791.0,4787.0,4787.0
03-04 22:00,4724.0,5045.0,5000.0,4838.0,4748.0,4706.0,4706.0
03-04 23:00,4717.0,5016.0,4998.0,4833.0,4667.0,4733.0,4733.0
03-05 00:00,4723.0,4947.0,4929.0,4819.0,4721.0,4672.0,4672.0
03-05 01:00,4705.0,4981.0,4945.0,4810.0,4615.0,4652.0,4652.0
03-05 02:00,4686.0,4997.0,4884.0,4796.0,4699.0,4525.0,4525.0
03-05 03:00,4685.0,4998.0,4962.0,4801.0,4575.0,4551.0,4551.0
03-05 04:00,4692.0,4965.0,4969.0,4804.0,4632.0,4633.0,4633.0
03-05 05:00,4706.0,4993.0,4994.0,4813.0,4625.0,4701.0,4701.0
03-05 06:00,4709.0,5000.0,4896.0,4844.0,4758.0,4789.0,4789.0
03-05 07:00,4752.0,5029.0,4929.0,4921.0,4759.0,4866.0,4866.0
03-05 08:00,4744.0,5064.0,5002.0,4920.0,4841.0,4993.0,4993.0
03-05 09:00,4727.0,5064.0,4951.0,4838.0,4837.0,4983.0,4983.0
03-05 10:00,4727.0,5052.0,4990.0,4810.0,4873.0,4855.0,4855.0
03-05 11:00,4696.0,5061.0,4986.0,4796.0,4794.0,4772.0,4772.0
03-05 12:00,4682.0,5048.0,5006.0,4812.0,4832.0,4692.0,4692.0
03-05 13:00,4672.0,5063.0,5030.0,4793.0,4825.0,4684.0,4684.0
03-05 14:00,4705.0,5044.0,5062.0,4807.0,4783.0,4663.0,4663.0
03-05 15:00,4754.0,5031.0,4997.0,4828.0,4822.0,4683.0,4683.0
03-05 16:00,4751.0,5055.0,5029.0,4849.0,5044.0,4765.0,4765.0
03-05 17:00,4793.0,5070.0,5049.0,5038.0,5359.0,4925.0,4925.0
03-05 18:00,4789.0,5147.0,5059.0,5180.0,5374.0,4915.0,4915.0
03-05 19:00,4804.0,5178.0,5112.0,5179.0,5044.0,4964.0,4964.0
03-05 20:00,4781.0,5155.0,4981.0,5134.0,5002.0,4912.0,4912.0
03-05 21:00,4776.0,5087.0,4923.0,5057.0,5207.0,4901.0,4901.0
03-05 22:00,4770.0,5060.0,4955.0,4951.0,4888.0,4861.0,4861.0
03-05 23:00,4729.0,5059.0,4915.0,4920.0,4772.0,4799.0,4799.0
03-06 00:00,4720.0,5037.0,4877.0,4972.0,4730.0,4631.0,4631.0
03-06 01:00,4724.0,5011.0,4881.0,4985.0,4789.0,4567.0,4567.0
03-06 02:00,4730.0,4985.0,4906.0,4838.0,4786.0,4547.0,4547.0
03-06 03:00,4695.0,4978.0,4849.0,4859.0,4727.0,4537.0,4537.0
03-06 04:00,4703.0,4979.0,4842.0,4866.0,4900.0,4595.0,4595.0
03-06 05:00,4700.0,4970.0,4838.0,4869.0,4845.0,4650.0,4650.0
03-06 06:00,4723.0,4995.0,4864.0,4913.0,4793.0,4726.0,4726.0
03-06 07:00,4750.0,5008.0,4881.0,5168.0,4918.0,4814.0,4814.0
03-06 08:00,4752.0,5021.0,4923.0,5073.0,4922.0,4871.0,4871.0
03-06 09:00,4752.0,5014.0,4909.0,4969.0,4928.0,4884.0,4884.0
03-06 10:00,4744.0,4993.0,4879.0,5120.0,4785.0,4849.0,4849.0
03-06 11:00,4756.0,5034.0,4889.0,4927.0,4754.0,4799.0,4799.0
03-06 12:00,4768.0,5010.0,4912.0,4922.0,4770.0,4726.0,4726.0
03-06 13:00,4742.0,5040.0,4885.0,4925.0,4870.0,4724.0,4724.0
03-06 14:00,4756.0,4969.0,4887.0,4837.0,4782.0,4717.0,4717.0
03-06 15:00,4771.0,4973.0,4916.0,4838.0,4844.0,4752.0,4752.0
03-06 16:00,4785.0,4970.0,4907.0,5072.0,4908.0,4800.0,4800.0
03-06 17:00,4790.0,5026.0,4924.0,4934.0,4966.0,5005.0,5005.0
03-06 18:00,4811.0,5186.0,4919.0,5071.0,4996.0,5016.0,5016.0
03-06 19:00,4822.0,5222.0,4911.0,5125.0,5003.0,5074.0,5074.0
03-06 20:00,4767.0,5194.0,4913.0,4993.0,4948.0,5017.0,5017.0
03-06 21:00,4773.0,5106.0,4906.0,4989.0,4858.0,4902.0,4902.0
03-06 22:00,4740.0,5107.0,4876.0,4957.0,4824.0,4912.0,4912.0
03-06 23:00,4729.0,5041.0,4826.0,4902.0,4827.0,4863.0,4863.0
03-07 00:00,4687.0,5003.0,4801.0,4852.0,4794.0,4750.0,4750.0
03-07 01:00,4678.0,4995.0,4783.0,4765.0,4795.0,4606.0,4606.0
03-07 02:00,4676.0,4996.0,4808.0,4743.0,4695.0,4507.0,4507.0
03-07 03:00,4669.0,4987.0,4837.0,4744.0,4695.0,4485.0,4485.0
03-07 04:00,4711.0,5013.0,4805.0,4756.0,4696.0,4495.0,4495.0
03-07 05:00,4679.0,4984.0,4838.0,4858.0,4852.0,4535.0,4535.0
03-07 06:00,4689.0,4979.0,4883.0,5116.0,4902.0,4582.0,4582.0
03-07 07:00,4724.0,5036.0,4944.0,5100.0,4893.0,4659.0,4659.0
03-07 08:00,4729.0,4989.0,4883.0,5065.0,4950.0,4693.0,4693.0
03-07 09:00,4729.0,5016.0,4831.0,4981.0,4961.0,4715.0,4715.0
03-07 10:00,4733.0,4930.0,4799.0,4905.0,4963.0,4672.0,4672.0
03-07 11:00,4689.0,4944.0,4848.0,4843.0,4794.0,4637.0,4637.0
03-07 12:00,4679.0,4934.0,4867.0,4964.0,4811.0,4632.0,4632.0
03-07 13:00,4692.0,4946.0,4870.0,4987.0,4764.0,4581.0,4581.0
03-07 14:00,4678.0,4896.0,4866.0,4844.0,4751.0,4623.0,4623.0
03-07 15:00,4694.0,4932.0,4865.0,4806.0,4785.0,4625.0,4625.0
03-07 16:00,4673.0,5010.0,4892.0,4868.0,4898.0,4686.0,4686.0
03-07 17:00,4686.0,5068.0,4941.0,4936.0,4980.0,4822.0,4822.0
03-07 18:00,4758.0,5215.0,5000.0,4917.0,5305.0,4933.0,4933.0
03-07 19:00,4744.0,5270.0,4942.0,4940.0,5455.0,4903.0,4903.0
03-07 20:00,4737.0,5197.0,4912.0,5063.0,4883.0,4890.0,4890.0
03-07 21:00,4724.0,5028.0,4879.0,4847.0,4880.0,4844.0,4844.0
03-07 22:00,4719.0,5005.0,4873.0,4824.0,4825.0,4694.0,4694.0
03-07 23:00,4707.0,5113.0,4840.0,4799.0,4782.0,4600.0,4600.0
03-08 00:00,4687.0,4911.0,4785.0,4830.0,4857.0,4485.0,4485.0
03-08 01:00,4696.0,4903.0,4785.0,4816.0,4872.0,4461.0,4461.0
03-08 02:00,4709.0,4853.0,4769.0,4804.0,4748.0,4511.0,4511.0
03-08 03:00,4702.0,4895.0,4751.0,4772.0,4768.0,4504.0,4504.0
03-08 04:00,4677.0,4882.0,4787.0,4807.0,4755.0,4559.0,4559.0
03-08 05:00,4686.0,4927.0,4804.0,4829.0,4756.0,4893.0,4893.0
03-08 06:00,4695.0,4972.0,4846.0,4955.0,4857.0,4932.0,4932.0
03-08 07:00,4702.0,5138.0,4895.0,4939.0,4930.0,5051.0,5051.0
03-08 08:00,4755.0,5227.0,4901.0,4972.0,5003.0,5139.0,5139.0
03-08 09:00,4761.0,5083.0,4857.0,4873.0,5020.0,4953.0,4953.0
03-08 10:00,4777.0,5083.0,4871.0,4812.0,4898.0,4789.0,4789.0
03-08 11:00,4740.0,4975.0,4836.0,4813.0,4935.0,4865.0,4865.0
03-08 12:00,4753.0,5013.0,4861.0,4796.0,4942.0,4720.0,4720.0
03-08 13:00,4724.0,4944.0,4848.0,4799.0,4906.0,4735.0,4735.0
03-08 14:00,4703.0,4962.0,4821.0,4821.0,4863.0,4676.0,4676.0
03-08 15:00,4694.0,4980.0,4876.0,4859.0,4874.0,4635.0,4635.0
03-08 16:00,4703.0,4958.0,4925.0,4853.0,5079.0,4715.0,4715.0
03-08 17:00,4734.0,5126.0,4940.0,4969.0,5220.0,5011.0,5011.0
03-08 18:00,4749.0,5125.0,4918.0,5234.0,5761.0,4929.0,4929.0
03-08 19:00,4765.0,5082.0,4921.0,5186.0,5720.0,5041.0,5041.0
03-08 20:00,4764.0,5112.0,4936.0,5102.0,5420.0,4815.0,4815.0
03-08 21:00,4743.0,4947.0,4908.0,4872.0,5117.0,4745.0,4745.0
03-08 22:00,4734.0,4920.0,4931.0,4948.0,5105.0,4681.0,4681.0
03-08 23:00,4718.0,4899.0,4880.0,4926.0,4954.0,4567.0,4567.0
03-09 00:00,4706.0,4958.0,4840.0,4913.0,4880.0,4487.0,4487.0
03-09 01:00,4685.0,4963.0,4794.0,4822.0,4830.0,4531.0,4531.0
03-09 02:00,4689.0,4959.0,4839.0,4816.0,4867.0,4444.0,4444.0
03-09 03:00,4681.0,4925.0,4817.0,4804.0,4829.0,4462.0,4462.0
03-09 04:00,4680.0,4909.0,4794.0,4812.0,4790.0,4560.0,4560.0
03-09 05:00,4692.0,4985.0,4883.0,4844.0,4833.0,4518.0,4518.0
03-09 06:00,4718.0,5038.0,4912.0,4863.0,4913.0,4914.0,4914.0
03-09 07:00,4737.0,4991.0,4842.0,4889.0,5074.0,4968.0,4968.0
03-09 08:00,4713.0,4973.0,4839.0,4913.0,4987.0,4986.0,4986.0
03-09 09:00,4718.0,4827.0,4835.0,4907.0,5006.0,4822.0,4822.0
03-09 10:00,4689.0,4826.0,4844.0,4906.0,4944.0,4807.0,4807.0
03-09 11:00,4671.0,4878.0,4815.0,4909.0,5026.0,4790.0,4790.0
03-09 12:00,4652.0,4852.0,4817.0,4933.0,4909.0,4730.0,4730.0
03-09 13:00,4654.0,4827.0,4811.0,5083.0,4906.0,4643.0,4643.0
03-09 14:00,4656.0,4873.0,4823.0,4979.0,4809.0,4336.0,4336.0
03-09 15:00,4656.0,4927.0,4851.0,4859.0,4974.0,4633.0,4633.0
03-09 16:00,4676.0,4972.0,4892.0,4888.0,4879.0,4954.0,4954.0
03-09 17:00,4701.0,4965.0,4910.0,5110.0,4940.0,5060.0,5060.0
03-09 18:00,4695.0,5065.0,4921.0,5070.0,5038.0,5083.0,5083.0
03-09 19:00,4756.0,4964.0,4913.0,5042.0,4978.0,5057.0,5057.0
03-09 20:00,4726.0,4988.0,4907.0,4909.0,4929.0,4952.0,4952.0
03-09 21:00,4736.0,5039.0,4872.0,4906.0,4983.0,4800.0,4800.0
03-09 22:00,4693.0,5050.0,4877.0,4854.0,4780.0,4586.0,4586.0
03-09 23:00,4672.0,4945.0,4842.0,4842.0,4704.0,4595.0,4595.0
03-10 00:00,4662.0,4977.0,4799.0,4816.0,4872.0,4558.0,4558.0
03-10 01:00,4657.0,4969.0,4798.0,4801.0,4717.0,4587.0,4587.0
03-10 02:00,4652.0,5014.0,4783.0,4798.0,4786.0,4546.0,4546.0
03-10 03:00,4654.0,5011.0,4774.0,4804.0,4814.0,4550.0,4550.0
03-10 04:00,4674.0,4956.0,4814.0,4792.0,4870.0,4585.0,4585.0
03-10 05:00,4668.0,4891.0,4834.0,4790.0,4848.0,4720.0,4720.0
03-10 06:00,4731.0,5046.0,4894.0,4785.0,4864.0,4801.0,4801.0
03-10 07:00,4761.0,4979.0,4920.0,4860.0,4954.0,4907.0,4907.0
03-10 08:00,4729.0,4901.0,4903.0,4911.0,5001.0,5121.0,5121.0
03-10 09:00,4681.0,4898.0,4895.0,4939.0,5077.0,5030.0,5030.0
03-10 10:00,4659.0,4898.0,4913.0,4944.0,5112.0,4859.0,4859.0
03-10 11:00,4646.0,4870.0,4896.0,4911.0,5031.0,4688.0,4688.0
03-10 12:00,4633.0,4878.0,4889.0,4845.0,5197.0,4553.0,4553.0
03-10 13:00,4627.0,4888.0,4891.0,4822.0,5091.0,4588.0,4588.0
03-10 14:00,4622.0,4969.0,4885.0,4820.0,5031.0,4588.0,4588.0
03-10 15:00,4653.0,4978.0,4894.0,4839.0,5073.0,4648.0,4648.0
03-10 16:00,4662.0,4998.0,4973.0,4872.0,5143.0,4779.0,4779.0
03-10 17:00,4725.0,4986.0,5077.0,4893.0,5079.0,5017.0,5017.0
03-10 18:00,4744.0,5113.0,5096.0,4902.0,5145.0,5224.0,5224.0
03-10 19:00,4743.0,5205.0,4999.0,4857.0,5258.0,5132.0,5132.0
03-10 20:00,4757.0,5086.0,4958.0,4829.0,5171.0,4922.0,4922.0
03-10 21:00,4737.0,5113.0,4958.0,4805.0,4994.0,4641.0,4641.0
03-10 22:00,4708.0,4989.0,4908.0,4782.0,4968.0,4601.0,4601.0
03-10 23:00,4676.0,5027.0,4859.0,4763.0,4881.0,4611.0,4611.0
03-11 00:00,4674.0,5034.0,4830.0,4760.0,4790.0,4428.0,4428.0
03-11 01:00,4659.0,5041.0,4827.0,4720.0,4826.0,4372.0,4372.0
03-11 02:00,4661.0,4989.0,4910.0,4724.0,4849.0,4382.0,4382.0
03-11 03:00,4650.0,4998.0,4937.0,4679.0,4878.0,4406.0,4406.0
03-11 04:00,4674.0,5070.0,4882.0,4719.0,4876.0,4430.0,4430.0
03-11 05:00,4672.0,5021.0,4890.0,4731.0,4836.0,4480.0,4480.0
03-11 06:00,4753.0,5288.0,4910.0,4762.0,5380.0,4627.0,4627.0
03-11 07:00,4776.0,5298.0,4935.0,4820.0,5649.0,5010.0,5010.0
03-11 08:00,4773.0,5429.0,4965.0,4870.0,5587.0,4876.0,4876.0
03-11 09:00,4726.0,5368.0,4959.0,4880.0,5569.0,4732.0,4732.0
03-11 10:00,4675.0,5125.0,4984.0,4885.0,5303.0,4681.0,4681.0
03-11 11:00,4667.0,5183.0,4969.0,4890.0,5029.0,4460.0,4460.0
03-11 12:00,4613.0,5123.0,4971.0,4831.0,5176.0,4365.0,4365.0
03-11 13:00,4643.0,5104.0,4966.0,4784.0,5016.0,4414.0,4414.0
03-11 14:00,4645.0,5108.0,4942.0,4771.0,5134.0,4420.0,4420.0
03-11 15:00,4697.0,5140.0,4926.0,4762.0,5201.0,4337.0,4337.0
03-11 16:00,4713.0,5121.0,4969.0,4771.0,5401.0,4444.0,4444.0
03-11 17:00,4715.0,5375.0,4974.0,4802.0,5337.0,4729.0,4729.0
03-11 18:00,4774.0,5531.0,5072.0,4802.0,5264.0,4707.0,4707.0
03-11 19:00,4785.0,5525.0,4970.0,4808.0,5839.0,4797.0,4797.0
03-11 20:00,4790.0,5256.0,4960.0,4749.0,5802.0,4713.0,4713.0
03-11 21:00,4756.0,5080.0,4923.0,4781.0,5295.0,4545.0,4545.0
03-11 22:00,4712.0,5085.0,4937.0,4969.0,5337.0,4510.0,4510.0
03-11 23:00,4677.0,5033.0,4903.0,4775.0,5332.0,4438.0,4438.0
03-12 00:00,4644.0,5071.0,4852.0,4767.0,5039.0,4524.0,4524.0
03-12 01:00,4626.0,5011.0,4897.0,4742.0,4871.0,4395.0,4395.0
03-12 02:00,4624.0,4977.0,4837.0,4718.0,4913.0,4376.0,4376.0
03-12 03:00,4601.0,4966.0,4822.0,4721.0,4903.0,4341.0,4341.0
03-12 04:00,4591.0,4970.0,4825.0,4716.0,4980.0,4376.0,4376.0
03-12 05:00,4594.0,4964.0,4872.0,4760.0,5029.0,4448.0,4448.0
03-12 06:00,4639.0,4932.0,4844.0,4768.0,5126.0,4601.0,4601.0
03-12 07:00,4665.0,5056.0,4890.0,4795.0,5570.0,4762.0,4762.0
03-12 08:00,4675.0,5018.0,4934.0,4803.0,5647.0,4731.0,4731.0
03-12 09:00,4650.0,5018.0,4950.0,4808.0,5195.0,4659.0,4659.0
03-12 10:00,4637.0,5078.0,4954.0,4811.0,5088.0,4573.0,4573.0
03-12 11:00,4641.0,5065.0,4933.0,4860.0,5015.0,4508.0,4508.0
03-12 12:00,4636.0,5071.0,4918.0,4878.0,5017.0,4461.0,4461.0
03-12 13:00,4631.0,4956.0,4891.0,5029.0,4825.0,4500.0,4500.0
03-12 14:00,4659.0,4953.0,4869.0,4834.0,4894.0,4512.0,4512.0
03-12 15:00,4701.0,4977.0,4874.0,4852.0,4979.0,4665.0,4665.0
03-12 16:00,4734.0,4998.0,4917.0,4878.0,5100.0,4811.0,4811.0
03-12 17:00,4747.0,5023.0,4960.0,5183.0,5147.0,4939.0,4939.0
03-12 18:00,4763.0,5073.0,4957.0,5214.0,5134.0,4959.0,4959.0
03-12 19:00,4771.0,5081.0,4949.0,5191.0,5095.0,5040.0,5040.0
03-12 20:00,4764.0,5040.0,4938.0,4963.0,5085.0,4809.0,4809.0
03-12 21:00,4708.0,5085.0,4917.0,4794.0,4990.0,4643.0,4643.0
03-12 22:00,4702.0,5058.0,4878.0,4761.0,4944.0,4667.0,4667.0
03-12 23:00,4669.0,5026.0,4834.0,4747.0,4803.0,4514.0,4514.0
03-13 00:00,4624.0,5020.0,4814.0,4726.0,4846.0,4502.0,4502.0
03-13 01:00,4616.0,4972.0,4834.0,4706.0,4814.0,4407.0,4407.0
03-13 02:00,4599.0,4982.0,4821.0,4693.0,4801.0,4421.0,4421.0
03-13 03:00,4589.0,4957.0,4823.0,4683.0,4801.0,4400.0,4400.0
03-13 04:00,4577.0,4984.0,4833.0,4713.0,4805.0,4429.0,4429.0
03-13 05:00,4597.0,5021.0,4864.0,4756.0,4835.0,4465.0,4465.0
03-13 06:00,4640.0,5019.0,4897.0,4715.0,5032.0,4539.0,4539.0
03-13 07:00,4673.0,5033.0,4911.0,4444.0,5053.0,4603.0,4603.0
03-13 08:00,4684.0,5070.0,4922.0,4455.0,5065.0,4734.0,4734.0
03-13 09:00,4654.0,5052.0,4934.0,4436.0,4970.0,4719.0,4719.0
03-13 10:00,4633.0,5060.0,4879.0,4407.0,4848.0,4652.0,4652.0
03-13 11:00,4649.0,5046.0,4908.0,4403.0,4668.0,4561.0,4561.0
03-13 12:00,4640.0,5041.0,4894.0,4379.0,4521.0,4629.0,4629.0
03-13 13:00,4691.0,5006.0,4885.0,4370.0,4510.0,4501.0,4501.0
03-13 14:00,4650.0,5019.0,4920.0,4387.0,4593.0,4540.0,4540.0
03-13 15:00,4687.0,4996.0,4907.0,4441.0,4658.0,4605.0,4605.0
03-13 16:00,4670.0,5037.0,4928.0,4472.0,4665.0,4662.0,4662.0
03-13 17:00,4715.0,5022.0,4993.0,4677.0,4758.0,4822.0,4822.0
03-13 18:00,4811.0,5024.0,5060.0,4919.0,4870.0,4819.0,4819.0
03-13 19:00,4806.0,5024.0,5024.0,5143.0,4874.0,4874.0,4874.0
03-13 20:00,4816.0,5114.0,4937.0,5006.0,4790.0,4744.0,4744.0
03-13 21:00,4781.0,4993.0,4953.0,4805.0,4823.0,4718.0,4718.0
03-13 22:00,4670.0,4967.0,4902.0,4769.0,4782.0,4624.0,4624.0
03-13 23:00,4671.0,4926.0,4875.0,4754.0,4665.0,4574.0,4574.0
03-14 00:00,4651.0,4955.0,4852.0,4786.0,4662.0,4554.0,4554.0
03-14 01:00,4639.0,4976.0,4827.0,4799.0,4625.0,4459.0,4459.0
03-14 02:00,4619.0,4961.0,4816.0,4828.0,4530.0,4492.0,4492.0
03-14 03:00,4651.0,4932.0,4826.0,4766.0,4492.0,4490.0,4490.0
03-14 04:00,4660.0,4927.0,4865.0,4746.0,4501.0,4565.0,4565.0
03-14 05:00,4658.0,4927.0,4865.0,4873.0,4615.0,4511.0,4511.0
03-14 06:00,4658.0,4982.0,4921.0,4969.0,4679.0,4607.0,4607.0
03-14 07:00,4696.0,5005.0,4919.0,5039.0,4831.0,4769.0,4769.0
03-14 08:00,4737.0,5027.0,4913.0,5096.0,4788.0,4793.0,4793.0
03-14 09:00,4842.0,5003.0,4850.0,5070.0,4739.0,4796.0,4796.0
03-14 10:00,4847.0,4957.0,4839.0,5056.0,4720.0,4654.0,4654.0
03-14 11:00,4820.0,4968.0,4795.0,4944.0,4648.0,4674.0,4674.0
03-14 12:00,4787.0,4978.0,4797.0,4737.0,4642.0,4727.0,4727.0
03-14 13:00,4798.0,4976.0,4801.0,4669.0,4885.0,4549.0,4549.0
03-14 14:00,4749.0,4932.0,4856.0,4698.0,4709.0,4502.0,4502.0
03-14 15:00,4776.0,4938.0,4900.0,4713.0,4659.0,4598.0,4598.0
03-14 16:00,4803.0,5020.0,4941.0,4726.0,4704.0,4724.0,4724.0
03-14 17:00,4829.0,5023.0,4931.0,4758.0,4809.0,4857.0,4857.0
03-14 18:00,4843.0,5228.0,4965.0,4879.0,4917.0,5039.0,5039.0
03-14 19:00,4835.0,5285.0,4919.0,4907.0,5155.0,5015.0,5015.0
03-14 20:00,4743.0,5214.0,4910.0,4807.0,4784.0,4884.0,4884.0
03-14 21:00,4751.0,5050.0,4931.0,4818.0,4608.0,4787.0,4787.0
03-14 22:00,4752.0,5044.0,4905.0,4874.0,4571.0,4692.0,4692.0
03-14 23:00,4698.0,5029.0,4881.0,4831.0,4549.0,4662.0,4662.0
03-15 00:00,4644.0,5044.0,4862.0,4817.0,4628.0,4520.0,4520.0
03-15 01:00,4638.0,4976.0,4834.0,4775.0,4569.0,4506.0,4506.0
03-15 02:00,4656.0,5019.0,4798.0,4775.0,4618.0,4474.0,4474.0
03-15 03:00,4651.0,5001.0,4799.0,4773.0,4483.0,4411.0,4411.0
03-15 04:00,4643.0,5023.0,4827.0,4764.0,4626.0,4501.0,4501.0
03-15 05:00,4641.0,5055.0,4884.0,4783.0,4641.0,4614.0,4614.0
03-15 06:00,4651.0,5031.0,4930.0,4873.0,4857.0,4643.0,4643.0
03-15 07:00,4724.0,5133.0,4974.0,4846.0,5079.0,4887.0,4887.0
03-15 08:00,4747.0,5264.0,4945.0,5016.0,5128.0,5141.0,5141.0
03-15 09:00,4737.0,5170.0,4937.0,4887.0,4731.0,4758.0,4758.0
03-15 10:00,4755.0,5006.0,4896.0,4801.0,4743.0,4748.0,4748.0
03-15 11:00,4758.0,5016.0,4913.0,4789.0,4792.0,4581.0,4581.0
03-15 12:00,4713.0,5007.0,4929.0,4763.0,4693.0,4512.0,4512.0
03-15 13:00,4719.0,5011.0,4922.0,4745.0,4632.0,4617.0,4617.0
03-15 14:00,4731.0,4999.0,4928.0,4694.0,4709.0,4565.0,4565.0
03-15 15:00,4700.0,5109.0,4921.0,4972.0,4637.0,4531.0,4531.0
03-15 16:00,4723.0,5122.0,4910.0,4789.0,4625.0,4728.0,4728.0
03-15 17:00,4771.0,5136.0,4963.0,4834.0,4726.0,5035.0,5035.0
03-15 18:00,4749.0,5318.0,5021.0,4849.0,4739.0,4945.0,4945.0
03-15 19:00,4749.0,5264.0,5062.0,4878.0,4793.0,5016.0,5016.0
03-15 20:00,4735.0,5063.0,4959.0,4866.0,4672.0,4861.0,4861.0
03-15 21:00,4712.0,5097.0,4936.0,4950.0,4612.0,4710.0,4710.0
03-15 22:00,4685.0,5080.0,4921.0,4916.0,4580.0,4661.0,4661.0
03-15 23:00,4672.0,5028.0,4877.0,4883.0,4528.0,4557.0,4557.0
03-16 00:00,4629.0,5032.0,4844.0,4811.0,4461.0,4554.0,4554.0
03-16 01:00,4624.0,5005.0,4820.0,4820.0,4459.0,4428.0,4428.0
03-16 02:00,4602.0,5038.0,4834.0,4824.0,4440.0,4443.0,4443.0
03-16 03:00,4585.0,5003.0,4824.0,4841.0,4475.0,4416.0,4416.0
03-16 04:00,4591.0,5002.0,4870.0,4872.0,4481.0,4447.0,4447.0
03-16 05:00,4645.0,5013.0,4888.0,4959.0,4498.0,4573.0,4573.0
03-16 06:00,4700.0,4997.0,4915.0,5100.0,4599.0,4671.0,4671.0
03-16 07:00,4704.0,4902.0,4905.0,5101.0,4659.0,4857.0,4857.0
03-16 08:00,4784.0,4909.0,4954.0,5167.0,4681.0,4960.0,4960.0
03-16 09:00,4759.0,4882.0,4922.0,5103.0,4677.0,4833.0,4833.0
03-16 10:00,4615.0,4914.0,4897.0,5053.0,4684.0,4719.0,4719.0
03-16 11:00,4609.0,4952.0,4920.0,5035.0,4626.0,4776.0,4776.0
03-16 12:00,4586.0,4961.0,4887.0,5045.0,4634.0,4758.0,4758.0
03-16 13:00,4563.0,4934.0,4896.0,4900.0,4693.0,4781.0,4781.0
03-16 14:00,4579.0,4932.0,4925.0,4788.0,4662.0,4635.0,4635.0
03-16 15:00,4619.0,4981.0,4974.0,4778.0,4653.0,4859.0,4859.0
03-16 16:00,4619.0,5011.0,5016.0,4876.0,4663.0,4892.0,4892.0
03-16 17:00,4636.0,4985.0,5007.0,5041.0,4732.0,4999.0,4999.0
03-16 18:00,4659.0,5026.0,5064.0,4990.0,4847.0,5263.0,5263.0
03-16 19:00,4666.0,5324.0,5018.0,5071.0,4726.0,4924.0,4924.0
03-16 20:00,4682.0,5045.0,4981.0,4836.0,4662.0,4932.0,4932.0
03-16 21:00,4682.0,5009.0,4976.0,4787.0,4662.0,4820.0,4820.0
03-16 22:00,4705.0,5027.0,4998.0,4746.0,4610.0,4630.0,4630.0
03-16 23:00,4600.0,5019.0,4924.0,4739.0,4692.0,4574.0,4574.0
03-17 00:00,4614.0,5038.0,4883.0,4710.0,4635.0,4498.0,4498.0
03-17 01:00,4603.0,5036.0,4856.0,4718.0,4490.0,4458.0,4458.0
03-17 02:00,4586.0,5029.0,4846.0,4720.0,4586.0,4448.0,4448.0
03-17 03:00,4615.0,5032.0,4863.0,4702.0,4451.0,4407.0,4407.0
03-17 04:00,4597.0,4983.0,4901.0,4719.0,4455.0,4505.0,4505.0
03-17 05:00,4638.0,5004.0,4892.0,4695.0,4572.0,4594.0,4594.0
03-17 06:00,4651.0,5035.0,4924.0,4703.0,4617.0,4753.0,4753.0
03-17 07:00,4707.0,4980.0,4942.0,4766.0,4734.0,4964.0,4964.0
03-17 08:00,4683.0,5018.0,4970.0,4781.0,4825.0,5090.0,5090.0
03-17 09:00,4642.0,4896.0,4975.0,4789.0,4771.0,5044.0,5044.0
03-17 10:00,4632.0,4830.0,4957.0,5016.0,4883.0,4897.0,4897.0
03-17 11:00,4620.0,4824.0,4961.0,5040.0,4780.0,4775.0,4775.0
03-17 12:00,4592.0,4853.0,5004.0,4752.0,4769.0,4669.0,4669.0
03-17 13:00,4563.0,4881.0,4962.0,4737.0,4650.0,4705.0,4705.0
03-17 14:00,4596.0,4874.0,4969.0,4665.0,4729.0,4646.0,4646.0
03-17 15:00,4589.0,4880.0,5009.0,4692.0,4715.0,4692.0,4692.0
03-17 16:00,4577.0,4894.0,5039.0,4752.0,4728.0,4786.0,4786.0
03-17 17:00,4620.0,4911.0,5029.0,4756.0,4758.0,5120.0,5120.0
03-17 18:00,4634.0,4939.0,5109.0,4739.0,4894.0,5255.0,5255.0
03-17 19:00,4714.0,5029.0,5078.0,4749.0,5083.0,5347.0,5347.0
03-17 20:00,4731.0,5193.0,4974.0,4741.0,4919.0,5058.0,5058.0
03-17 21:00,4660.0,5131.0,4968.0,4738.0,4808.0,4811.0,4811.0
03-17 22:00,4657.0,5160.0,4988.0,4695.0,4785.0,4717.0,4717.0
03-17 23:00,4612.0,5141.0,4941.0,4814.0,4611.0,4588.0,4588.0
03-18 00:00,4591.0,5128.0,4817.0,4701.0,4498.0,4491.0,4491.0
03-18 01:00,4567.0,4995.0,4842.0,4713.0,4559.0,4422.0,4422.0
03-18 02:00,4585.0,5044.0,4883.0,4714.0,4553.0,4436.0,4436.0
03-18 03:00,4576.0,5028.0,4866.0,4694.0,4469.0,4434.0,4434.0
03-18 04:00,4591.0,5077.0,4844.0,4696.0,4580.0,4453.0,4453.0
03-18 05:00,4639.0,4984.0,4875.0,4712.0,4639.0,4523.0,4523.0
03-18 06:00,4665.0,4972.0,4904.0,4675.0,4696.0,4892.0,4892.0
03-18 07:00,4731.0,4969.0,4947.0,4750.0,4982.0,5086.0,5086.0
03-18 08:00,4709.0,4973.0,4953.0,4780.0,5183.0,4978.0,4978.0
03-18 09:00,4652.0,4933.0,5032.0,4782.0,5149.0,4823.0,4823.0
03-18 10:00,4652.0,4953.0,5013.0,4769.0,4754.0,4771.0,4771.0
03-18 11:00,4616.0,4949.0,4987.0,4785.0,4951.0,4736.0,4736.0
03-18 12:00,4625.0,4957.0,4973.0,4738.0,4686.0,4671.0,4671.0
03-18 13:00,4600.0,4979.0,4986.0,4750.0,4533.0,4669.0,4669.0
03-18 14:00,4579.0,4966.0,4951.0,4738.0,4437.0,4666.0,4666.0
03-18 15:00,4575.0,4961.0,5012.0,4765.0,4580.0,4646.0,4646.0
03-18 16:00,4628.0,4982.0,4974.0,4791.0,4615.0,4914.0,4914.0
03-18 17:00,4647.0,4989.0,5004.0,4754.0,4898.0,5085.0,5085.0
03-18 18:00,4672.0,5047.0,5060.0,4805.0,4904.0,5277.0,5277.0
03-18 19:00,4686.0,5078.0,5043.0,4804.0,5337.0,5207.0,5207.0
03-18 20:00,4693.0,5107.0,5039.0,4792.0,5135.0,5062.0,5062.0
03-18 21:00,4670.0,5018.0,5000.0,4689.0,4878.0,4748.0,4748.0
03-18 22:00,4642.0,4935.0,4976.0,4541.0,4742.0,4649.0,4649.0
03-18 23:00,4625.0,4904.0,5018.0,4419.0,4617.0,4640.0,4640.0
03-19 00:00,4606.0,4889.0,4930.0,4407.0,4507.0,4599.0,4599.0
03-19 01:00,4606.0,4888.0,4936.0,4400.0,4570.0,4548.0,4548.0
03-19 02:00,4599.0,4901.0,4956.0,4395.0,4580.0,4627.0,4627.0
03-19 03:00,4596.0,4964.0,4936.0,4401.0,4589.0,4525.0,4525.0
03-19 04:00,4605.0,4949.0,4952.0,4385.0,4713.0,4560.0,4560.0
03-19 05:00,4606.0,4920.0,4896.0,4407.0,4640.0,4679.0,4679.0
03-19 06:00,4690.0,4893.0,4879.0,4452.0,4715.0,4988.0,4988.0
03-19 07:00,4755.0,4940.0,4950.0,4650.0,5074.0,5068.0,5068.0
03-19 08:00,4803.0,4977.0,5001.0,4633.0,5113.0,5339.0,5339.0
03-19 09:00,4735.0,4966.0,5005.0,4575.0,4646.0,4996.0,4996.0
03-19 10:00,4644.0,4945.0,5028.0,4431.0,4748.0,4888.0,4888.0
03-19 11:00,4682.0,4971.0,5027.0,4439.0,4817.0,4785.0,4785.0
03-19 12:00,4659.0,4974.0,5027.0,4408.0,4646.0,4691.0,4691.0
03-19 13:00,4646.0,4954.0,5020.0,4412.0,4600.0,4738.0,4738.0
03-19 14:00,4663.0,4950.0,4977.0,4415.0,4734.0,4693.0,4693.0
03-19 15:00,4682.0,4934.0,4997.0,4423.0,4918.0,4715.0,4715.0
03-19 16:00,4728.0,4937.0,4991.0,4472.0,5095.0,4890.0,4890.0
03-19 17:00,4791.0,4967.0,4986.0,4663.0,5202.0,5175.0,5175.0
03-19 18:00,4830.0,4991.0,4995.0,4690.0,5287.0,5281.0,5281.0
03-19 19:00,4918.0,5013.0,4969.0,4815.0,5496.0,5360.0,5360.0
03-19 20:00,4960.0,4995.0,4926.0,4596.0,5651.0,5229.0,5229.0
03-19 21:00,4891.0,4971.0,4941.0,4672.0,5109.0,5102.0,5102.0
03-19 22:00,4744.0,4939.0,4920.0,4437.0,5024.0,5060.0,5060.0
03-19 23:00,4725.0,4958.0,4873.0,4401.0,5034.0,4937.0,4937.0
03-20 00:00,4661.0,4917.0,4851.0,4390.0,4928.0,4818.0,4818.0
03-20 01:00,4670.0,4879.0,4838.0,4351.0,4852.0,4631.0,4631.0
03-20 02:00,4662.0,4880.0,4862.0,4363.0,4933.0,4504.0,4504.0
03-20 03:00,4642.0,4868.0,4862.0,4338.0,4919.0,4636.0,4636.0
03-20 04:00,4631.0,4868.0,4884.0,4431.0,4985.0,4526.0,4526.0
03-20 05:00,4667.0,4863.0,4876.0,4549.0,4892.0,4541.0,4541.0
03-20 06:00,4693.0,4875.0,4869.0,4617.0,5083.0,4699.0,4699.0
03-20 07:00,4723.0,4921.0,4939.0,4628.0,5442.0,4924.0,4924.0
03-20 08:00,4708.0,4925.0,4972.0,4465.0,5352.0,5101.0,5101.0
03-20 09:00,4770.0,4925.0,4927.0,4418.0,5398.0,4956.0,4956.0
03-20 10:00,4881.0,4953.0,4881.0,4382.0,5233.0,4882.0,4882.0
03-20 11:00,4881.0,4968.0,4889.0,4379.0,5176.0,4706.0,4706.0
03-20 12:00,4854.0,4947.0,4906.0,4317.0,5059.0,4606.0,4606.0
03-20 13:00,4812.0,4940.0,4910.0,4344.0,5141.0,4572.0,4572.0
03-20 14:00,4793.0,4922.0,4861.0,4367.0,5006.0,4634.0,4634.0
03-20 15:00,4782.0,4915.0,4899.0,4446.0,5073.0,4688.0,4688.0
03-20 16:00,4793.0,4914.0,4914.0,4441.0,5224.0,4773.0,4773.0
03-20 17:00,4796.0,4954.0,4986.0,4752.0,5143.0,4863.0,4863.0
03-20 18:00,4821.0,5067.0,4987.0,4717.0,5435.0,4905.0,4905.0
03-20 19:00,4838.0,5291.0,4991.0,4779.0,5766.0,5253.0,5253.0
03-20 20:00,4832.0,5007.0,4920.0,4718.0,5431.0,5003.0,5003.0
03-20 21:00,4817.0,4966.0,4928.0,4639.0,5199.0,4928.0,4928.0
03-20 22:00,4792.0,4948.0,4890.0,4504.0,5186.0,4731.0,4731.0
03-20 23:00,4774.0,4947.0,4790.0,4451.0,5012.0,4599.0,4599.0
03-21 00:00,4762.0,4592.0,4794.0,4422.0,4927.0,4664.0,4664.0
03-21 01:00,4754.0,4564.0,4773.0,4392.0,5006.0,4554.0,4554.0
03-21 02:00,4744.0,4870.0,4842.0,4388.0,4979.0,4517.0,4517.0
03-21 03:00,4723.0,5058.0,4820.0,4379.0,4936.0,4424.0,4424.0
03-21 04:00,4705.0,4978.0,4789.0,4497.0,4987.0,4402.0,4402.0
03-21 05:00,4729.0,5105.0,4798.0,4634.0,5264.0,4453.0,4453.0
03-21 06:00,4750.0,5034.0,4861.0,4667.0,5267.0,4464.0,4464.0
03-21 07:00,4776.0,5151.0,4866.0,4740.0,5414.0,4551.0,4551.0
03-21 08:00,4788.0,5191.0,4881.0,4742.0,5353.0,4655.0,4655.0
03-21 09:00,4795.0,4950.0,4800.0,4711.0,5338.0,4605.0,4605.0
03-21 10:00,4808.0,4942.0,4789.0,4531.0,5082.0,4594.0,4594.0
03-21 11:00,4800.0,4901.0,4786.0,4424.0,5120.0,4576.0,4576.0
03-21 12:00,4771.0,4970.0,4775.0,4418.0,5195.0,4490.0,4490.0
03-21 13:00,4774.0,5003.0,4789.0,4399.0,4892.0,4515.0,4515.0
03-21 14:00,4753.0,5120.0,4933.0,4413.0,4963.0,4572.0,4572.0
03-21 15:00,4779.0,5084.0,4949.0,4429.0,5201.0,4569.0,4569.0
03-21 16:00,4776.0,5168.0,4995.0,4449.0,5273.0,4702.0,4702.0
03-21 17:00,4772.0,5191.0,5053.0,4549.0,5203.0,4817.0,4817.0
03-21 18:00,4775.0,5070.0,5111.0,4637.0,5588.0,4691.0,4691.0
03-21 19:00,4751.0,5052.0,5106.0,4606.0,5800.0,4753.0,4753.0
03-21 20:00,4753.0,5005.0,5078.0,4573.0,5424.0,4772.0,4772.0
03-21 21:00,4751.0,4995.0,4945.0,4476.0,5351.0,4671.0,4671.0
03-21 22:00,4714.0,4958.0,4914.0,4448.0,5094.0,4345.0,4345.0
03-21 23:00,4766.0,4926.0,4857.0,4436.0,5200.0,4373.0,4373.0
03-22 00:00,4737.0,4898.0,4828.0,4424.0,5073.0,4190.0,4190.0
03-22 01:00,4723.0,4889.0,4819.0,4479.0,4939.0,4152.0,4152.0
03-22 02:00,4795.0,4890.0,4827.0,4471.0,4962.0,4164.0,4164.0
03-22 03:00,4834.0,4894.0,4805.0,4480.0,4926.0,4175.0,4175.0
03-22 04:00,4771.0,4906.0,4829.0,4485.0,4870.0,4186.0,4186.0
03-22 05:00,4773.0,4904.0,4872.0,4455.0,5222.0,4442.0,4442.0
03-22 06:00,4789.0,4921.0,4930.0,4476.0,5559.0,4684.0,4684.0
03-22 07:00,4749.0,4946.0,4950.0,4511.0,5628.0,4565.0,4565.0
03-22 08:00,4769.0,4957.0,4915.0,4548.0,5697.0,4566.0,4566.0
03-22 09:00,4812.0,4939.0,4890.0,4531.0,5670.0,4548.0,4548.0
03-22 10:00,4840.0,4920.0,4872.0,4520.0,5212.0,4430.0,4430.0
03-22 11:00,4848.0,4952.0,4852.0,4506.0,5137.0,4431.0,4431.0
03-22 12:00,4813.0,4961.0,4910.0,4501.0,5050.0,4340.0,4340.0
03-22 13:00,4821.0,4930.0,4943.0,4634.0,4951.0,4237.0,4237.0
03-22 14:00,4786.0,5009.0,4910.0,4825.0,4937.0,4236.0,4236.0
03-22 15:00,4816.0,5091.0,4903.0,4705.0,4909.0,4277.0,4277.0
03-22 16:00,4803.0,5108.0,4969.0,4686.0,4988.0,4485.0,4485.0
03-22 17:00,4785.0,5051.0,4993.0,4660.0,5174.0,4773.0,4773.0
03-22 18:00,4812.0,5241.0,4990.0,4717.0,5205.0,4861.0,4861.0
03-22 19:00,4872.0,5337.0,5014.0,4842.0,5076.0,4753.0,4753.0
03-22 20:00,4834.0,5138.0,4933.0,4669.0,5089.0,4545.0,4545.0
03-22 21:00,4788.0,5034.0,4876.0,4586.0,5212.0,4438.0,4438.0
03-22 22:00,4745.0,5022.0,4838.0,4574.0,4986.0,4317.0,4317.0
03-22 23:00,4739.0,5039.0,4832.0,4559.0,4938.0,4212.0,4212.0
03-23 00:00,4671.0,4936.0,4826.0,4529.0,4820.0,4135.0,4135.0
03-23 01:00,4636.0,4951.0,4779.0,4524.0,4830.0,4190.0,4190.0
03-23 02:00,4636.0,4899.0,4785.0,4514.0,4781.0,4136.0,4136.0
03-23 03:00,4628.0,4917.0,4769.0,4503.0,4943.0,4199.0,4199.0
03-23 04:00,4620.0,5015.0,4835.0,4518.0,4770.0,4242.0,4242.0
03-23 05:00,4613.0,4985.0,4885.0,4541.0,4817.0,4324.0,4324.0
03-23 06:00,4672.0,4957.0,4910.0,4572.0,4947.0,4797.0,4797.0
03-23 07:00,4724.0,5016.0,4916.0,4596.0,5103.0,4696.0,4696.0
03-23 08:00,4820.0,4987.0,4967.0,4684.0,5285.0,4721.0,4721.0
03-23 09:00,4810.0,4964.0,4945.0,4623.0,5284.0,4662.0,4662.0
03-23 10:00,4827.0,4946.0,4900.0,4616.0,5089.0,4517.0,4517.0
03-23 11:00,4818.0,4926.0,4848.0,4631.0,4897.0,4507.0,4507.0
03-23 12:00,4705.0,4948.0,4822.0,4625.0,4874.0,4411.0,4411.0
03-23 13:00,4692.0,4944.0,4869.0,4737.0,4788.0,4375.0,4375.0
03-23 14:00,4677.0,4965.0,4868.0,4742.0,4856.0,4385.0,4385.0
03-23 15:00,4693.0,5000.0,4853.0,4757.0,4860.0,4369.0,4369.0
03-23 16:00,4725.0,5105.0,4903.0,4850.0,4935.0,4582.0,4582.0
03-23 17:00,4748.0,5143.0,4936.0,4881.0,5071.0,4750.0,4750.0
03-23 18:00,4827.0,5366.0,4937.0,4871.0,5177.0,4754.0,4754.0
03-23 19:00,4990.0,5357.0,4935.0,4844.0,5089.0,4900.0,4900.0
03-23 20:00,4883.0,5181.0,4908.0,4896.0,4996.0,4745.0,4745.0
03-23 21:00,4791.0,5226.0,4908.0,4809.0,4929.0,4632.0,4632.0
03-23 22:00,4750.0,5002.0,4842.0,4746.0,4907.0,4348.0,4348.0
03-23 23:00,4727.0,4992.0,4807.0,4594.0,4875.0,4274.0,4274.0
03-24 00:00,4717.0,4914.0,4779.0,4556.0,4826.0,4264.0,4264.0
03-24 01:00,4702.0,4955.0,4799.0,4538.0,4964.0,4146.0,4146.0
03-24 02:00,4695.0,4950.0,4794.0,4540.0,4903.0,4103.0,4103.0
03-24 03:00,4704.0,4932.0,4781.0,4543.0,4956.0,4139.0,4139.0
03-24 04:00,4709.0,4975.0,4801.0,4527.0,4795.0,4168.0,4168.0
03-24 05:00,4758.0,4916.0,4844.0,4561.0,4812.0,4418.0,4418.0
03-24 06:00,4897.0,5035.0,4861.0,4561.0,4939.0,4600.0,4600.0
03-24 07:00,4917.0,5029.0,4953.0,4602.0,5007.0,4732.0,4732.0
03-24 08:00,4836.0,5082.0,4983.0,4663.0,5038.0,4678.0,4678.0
03-24 09:00,4818.0,5183.0,4930.0,4641.0,5037.0,4567.0,4567.0
03-24 10:00,4780.0,4904.0,4897.0,4645.0,4988.0,4538.0,4538.0
03-24 11:00,4732.0,4877.0,4961.0,4638.0,4908.0,4491.0,4491.0
03-24 12:00,4728.0,4933.0,4914.0,4615.0,4878.0,4345.0,4345.0
03-24 13:00,4736.0,4940.0,4870.0,4581.0,4826.0,4301.0,4301.0
03-24 14:00,4812.0,4923.0,4855.0,4586.0,4890.0,4285.0,4285.0
03-24 15:00,4817.0,4940.0,4864.0,4589.0,4836.0,4431.0,4431.0
03-24 16:00,4842.0,4995.0,4907.0,4605.0,4895.0,4461.0,4461.0
03-24 17:00,4826.0,5067.0,5002.0,4623.0,5062.0,4649.0,4649.0
03-24 18:00,4858.0,5274.0,5032.0,4678.0,5223.0,4854.0,4854.0
03-24 19:00,4873.0,5350.0,4994.0,4646.0,5192.0,5000.0,5000.0
03-24 20:00,4857.0,5270.0,4970.0,4600.0,5065.0,4681.0,4681.0
03-24 21:00,4846.0,5050.0,4936.0,4588.0,4913.0,4649.0,4649.0
03-24 22:00,4809.0,5067.0,4924.0,4536.0,4862.0,4547.0,4547.0
03-24 23:00,4721.0,5002.0,4900.0,4574.0,4844.0,4323.0,4323.0
03-25 00:00,4694.0,4933.0,4819.0,4487.0,4764.0,4231.0,4231.0
03-25 01:00,4674.0,4935.0,4825.0,4475.0,4701.0,4132.0,4132.0
03-25 02:00,4654.0,4923.0,4831.0,4479.0,4735.0,4095.0,4095.0
03-25 03:00,4650.0,4900.0,4813.0,4483.0,4728.0,4170.0,4170.0
03-25 04:00,4645.0,4917.0,4787.0,4500.0,4688.0,4172.0,4172.0
03-25 05:00,4714.0,4916.0,4824.0,4489.0,4784.0,4490.0,4490.0
03-25 06:00,4728.0,4931.0,4868.0,4490.0,5223.0,4601.0,4601.0
03-25 07:00,4760.0,4962.0,4926.0,4525.0,5032.0,4688.0,4688.0
03-25 08:00,4781.0,4981.0,4998.0,4554.0,5059.0,4617.0,4617.0
03-25 09:00,4801.0,4982.0,4957.0,4569.0,4949.0,4572.0,4572.0
03-25 10:00,4794.0,4992.0,4948.0,4595.0,4946.0,4481.0,4481.0
03-25 11:00,4739.0,5009.0,4993.0,4592.0,4943.0,4307.0,4307.0
03-25 12:00,4719.0,5002.0,4932.0,4579.0,4928.0,4235.0,4235.0
03-25 13:00,4707.0,4989.0,4946.0,4577.0,4929.0,4218.0,4218.0
03-25 14:00,4744.0,4998.0,4944.0,4556.0,4951.0,4228.0,4228.0
03-25 15:00,4764.0,5006.0,4953.0,4543.0,4806.0,4263.0,4263.0
03-25 16:00,4748.0,4999.0,4966.0,4534.0,4868.0,4609.0,4609.0
03-25 17:00,4730.0,5003.0,4968.0,4553.0,5063.0,4730.0,4730.0
03-25 18:00,4780.0,5058.0,4953.0,4611.0,5284.0,4774.0,4774.0
03-25 19:00,4863.0,5094.0,4956.0,4667.0,5172.0,5020.0,5020.0
03-25 20:00,4724.0,5190.0,4951.0,4622.0,5096.0,4646.0,4646.0
03-25 21:00,4717.0,5017.0,4910.0,4600.0,4935.0,4618.0,4618.0
03-25 22:00,4716.0,5005.0,4956.0,4579.0,4923.0,4584.0,4584.0
03-25 23:00,4673.0,4930.0,4866.0,4527.0,4850.0,4320.0,4320.0
03-26 00:00,4625.0,4922.0,4872.0,4492.0,4791.0,4299.0,4299.0
03-26 01:00,4609.0,4927.0,4872.0,4502.0,4768.0,4243.0,4243.0
03-26 02:00,4606.0,4898.0,4860.0,4501.0,4793.0,4262.0,4262.0
03-26 03:00,4602.0,4889.0,4848.0,4498.0,4782.0,4178.0,4178.0
03-26 04:00,4604.0,4896.0,4824.0,4518.0,4746.0,4271.0,4271.0
03-26 05:00,4638.0,4993.0,4870.0,4522.0,4800.0,4667.0,4667.0
03-26 06:00,4822.0,5022.0,4837.0,4639.0,4983.0,5103.0,5103.0
03-26 07:00,4896.0,5043.0,4858.0,4629.0,5105.0,4963.0,4963.0
03-26 08:00,4841.0,5042.0,4911.0,4810.0,5252.0,4949.0,4949.0
03-26 09:00,4835.0,5078.0,4921.0,4830.0,5201.0,4831.0,4831.0
03-26 10:00,4774.0,5082.0,4934.0,4802.0,5133.0,4684.0,4684.0
03-26 11:00,4707.0,5073.0,4929.0,4635.0,5100.0,4600.0,4600.0
03-26 12:00,4719.0,5027.0,4922.0,4707.0,4939.0,4597.0,4597.0
03-26 13:00,4825.0,4847.0,4907.0,4685.0,4914.0,4585.0,4585.0
03-26 14:00,4792.0,4909.0,4921.0,4749.0,4954.0,4536.0,4536.0
03-26 15:00,4860.0,4915.0,4918.0,4778.0,4994.0,4557.0,4557.0
03-26 16:00,4796.0,4904.0,4899.0,4837.0,5063.0,4663.0,4663.0
03-26 17:00,4797.0,4999.0,4898.0,4888.0,5060.0,5059.0,5059.0
03-26 18:00,4856.0,4948.0,4921.0,4982.0,5403.0,5091.0,5091.0
03-26 19:00,4825.0,5058.0,4972.0,4931.0,5559.0,4854.0,4854.0
03-26 20:00,4820.0,4995.0,5048.0,4963.0,5397.0,4874.0,4874.0
03-26 21:00,4816.0,4942.0,4958.0,4849.0,5062.0,4706.0,4706.0
03-26 22:00,4753.0,5000.0,4923.0,4776.0,4952.0,4586.0,4586.0
03-26 23:00,4724.0,4973.0,4892.0,4789.0,4880.0,4662.0,4662.0
03-27 00:00,4696.0,4936.0,4830.0,4778.0,4848.0,4489.0,4489.0
03-27 01:00,4658.0,4924.0,4804.0,4738.0,4824.0,4413.0,4413.0
03-27 02:00,4668.0,4916.0,4822.0,4763.0,4804.0,4397.0,4397.0
03-27 03:00,4664.0,4908.0,4841.0,4752.0,4779.0,4390.0,4390.0
03-27 04:00,4683.0,4953.0,4796.0,4717.0,4851.0,4442.0,4442.0
03-27 05:00,4733.0,4975.0,4818.0,4739.0,5098.0,4515.0,4515.0
03-27 06:00,4749.0,5001.0,4950.0,4948.0,5499.0,4539.0,4539.0
03-27 07:00,4750.0,4998.0,4911.0,4969.0,5445.0,4694.0,4694.0
03-27 08:00,4735.0,4993.0,4976.0,5204.0,5195.0,4686.0,4686.0
03-27 09:00,4724.0,5045.0,5012.0,5127.0,5111.0,4668.0,4668.0
03-27 10:00,4716.0,4999.0,4958.0,5007.0,5006.0,4602.0,4602.0
03-27 11:00,4743.0,5005.0,4913.0,4876.0,4953.0,4557.0,4557.0
03-27 12:00,4739.0,5060.0,4898.0,4890.0,4995.0,4526.0,4526.0
03-27 13:00,4743.0,5017.0,4893.0,4874.0,4956.0,4512.0,4512.0
03-27 14:00,4741.0,5013.0,4895.0,4838.0,4959.0,4536.0,4536.0
03-27 15:00,4772.0,4978.0,4873.0,4909.0,4952.0,4557.0,4557.0
03-27 16:00,4770.0,4971.0,4892.0,4937.0,4994.0,4821.0,4821.0
03-27 17:00,4795.0,5025.0,4953.0,4917.0,5203.0,4978.0,4978.0
03-27 18:00,4803.0,5000.0,5005.0,4942.0,5351.0,4926.0,4926.0
03-27 19:00,4804.0,5016.0,4921.0,4934.0,5535.0,4880.0,4880.0
03-27 20:00,4808.0,5262.0,4989.0,4876.0,5372.0,4936.0,4936.0
03-27 21:00,4778.0,5052.0,4981.0,4841.0,4941.0,4747.0,4747.0
03-27 22:00,4767.0,5099.0,4943.0,4813.0,4966.0,4663.0,4663.0
03-27 23:00,4747.0,5034.0,4948.0,4821.0,4769.0,4593.0,4593.0
03-28 00:00,4707.0,4947.0,4832.0,4798.0,4720.0,4617.0,4617.0
03-28 01:00,4654.0,4922.0,4778.0,4746.0,4670.0,4450.0,4450.0
03-28 02:00,4637.0,4909.0,4789.0,4755.0,4696.0,4456.5,4456.5
03-28 03:00,4636.0,4909.0,4805.0,4774.0,4695.0,4463.0,4463.0
03-28 04:00,4662.0,4917.0,4833.0,4780.0,4800.0,4485.0,4485.0
03-28 05:00,4700.0,4948.0,4838.0,4808.0,4931.0,4525.0,4525.0
03-28 06:00,4689.0,5033.0,4923.0,4873.0,5362.0,4662.0,4662.0
03-28 07:00,4744.0,4932.0,4952.0,4926.0,5165.0,4653.0,4653.0
03-28 08:00,4775.0,4972.0,4955.0,4943.0,5173.0,4741.0,4741.0
03-28 09:00,4788.0,5131.0,4915.0,4973.0,5093.0,4693.0,4693.0
03-28 10:00,4771.0,4972.0,4878.0,4940.0,4940.0,4617.0,4617.0
03-28 11:00,4729.0,4970.0,4875.0,4926.0,4904.0,4615.0,4615.0
03-28 12:00,4684.0,4984.0,4839.0,4924.0,4800.0,4668.0,4668.0
03-28 13:00,4690.0,4962.0,4815.0,4883.0,4820.0,4686.0,4686.0
03-28 14:00,4673.0,4967.0,4760.0,4873.0,5143.0,4622.0,4622.0
03-28 15:00,4672.0,4977.0,4768.0,4851.0,5091.0,4609.0,4609.0
03-28 16:00,4701.0,4955.0,4812.0,4882.0,5333.0,4650.0,4650.0
03-28 17:00,4727.0,4992.0,4829.0,4921.0,5576.0,4781.0,4781.0
03-28 18:00,4736.0,5044.0,4906.0,4942.0,5627.0,4959.0,4959.0
03-28 19:00,4709.0,5201.0,4950.0,4930.0,5711.0,5148.0,5148.0
03-28 20:00,4700.0,5341.0,4934.0,4888.0,5325.0,5083.0,5083.0
03-28 21:00,4672.0,5026.0,4946.0,4852.0,5036.0,4808.0,4808.0
03-28 22:00,4669.0,5045.0,4897.0,4802.0,5059.0,4657.0,4657.0
03-28 23:00,4623.0,4986.0,4894.0,4797.0,4852.0,4604.0,4604.0
03-29 00:00,4622.0,4865.0,4810.0,4819.0,4770.0,4463.0,4463.0
03-29 01:00,4619.0,4867.0,4774.0,4768.0,4753.0,4451.0,4451.0
03-29 02:00,4609.5,4858.0,4793.0,4770.0,4656.0,4433.0,4433.0
03-29 03:00,4600.0,4866.0,4794.0,4771.0,4681.0,4452.0,4452.0
03-29 04:00,4599.0,4876.0,4778.0,4759.0,4720.0,4422.0,4422.0
03-29 05:00,4604.0,4877.0,4832.0,4746.0,4790.0,4547.0,4547.0
03-29 06:00,4629.0,4900.0,4920.0,4832.0,5024.0,4735.0,4735.0
03-29 07:00,4620.0,4957.0,4970.0,4984.0,5063.0,4994.0,4994.0
03-29 08:00,4672.0,4949.0,5000.0,4801.0,5060.0,5337.0,5337.0
03-29 09:00,4682.0,4945.0,4901.0,4678.0,4963.0,4771.0,4771.0
03-29 10:00,4696.0,4906.0,4838.0,4630.0,5009.0,4823.0,4823.0
03-29 11:00,4719.0,4949.0,4820.0,4604.0,4860.0,4640.0,4640.0
03-29 12:00,4722.0,4978.0,4862.0,4608.0,4773.0,4522.0,4522.0
03-29 13:00,4707.0,4972.0,4847.0,4582.0,4733.0,4467.0,4467.0
03-29 14:00,4727.0,4959.0,4883.0,4530.0,4776.0,4425.0,4425.0
03-29 15:00,4722.0,4961.0,4862.0,4561.0,4871.0,4582.0,4582.0
03-29 16:00,4788.0,5006.0,4857.0,4587.0,4905.0,4614.0,4614.0
03-29 17:00,4793.0,5019.0,4857.0,4640.0,5147.0,4809.0,4809.0
03-29 18:00,4764.0,5017.0,4874.0,4638.0,5334.0,5097.0,5097.0
03-29 19:00,4774.0,5013.0,4991.0,4618.0,5383.0,5148.0,5148.0
03-29 20:00,4705.0,4984.0,4929.0,4700.0,5217.0,4943.0,4943.0
03-29 21:00,4689.0,5035.0,4858.0,4740.0,4992.0,4794.0,4794.0
03-29 22:00,4679.0,5149.0,4835.0,4540.0,4958.0,4613.0,4613.0
03-29 23:00,4665.0,5130.0,4810.0,4703.0,4966.0,4601.0,4601.0
03-30 00:00,4708.0,5070.0,4764.0,4811.0,4883.0,4498.0,4498.0
03-30 01:00,4686.0,5022.0,4761.0,4789.0,4899.0,4498.0,4498.0
03-30 02:00,4646.0,4891.0,4720.0,4785.0,4881.0,4414.0,4414.0
03-30 03:00,4610.0,4907.0,4741.0,4760.0,4887.0,4431.0,4431.0
03-30 04:00,4580.0,4907.0,4785.0,4745.0,4889.0,4483.0,4483.0
03-30 05:00,4570.0,4904.0,4821.0,4766.0,5143.0,4545.0,4545.0
03-30 06:00,4587.0,4926.0,4893.0,4798.0,5152.0,4759.0,4759.0
03-30 07:00,4618.0,4947.0,4897.0,4830.0,5226.0,5107.0,5107.0
03-30 08:00,4626.0,4971.0,4890.0,4903.0,5088.0,5001.0,5001.0
03-30 09:00,4649.0,4951.0,4846.0,4889.0,5284.0,4854.0,4854.0
03-30 10:00,4620.0,4946.0,4812.0,4889.0,5278.0,4742.0,4742.0
03-30 11:00,4539.0,4876.0,4791.0,4873.0,4905.0,4633.0,4633.0
03-30 12:00,4554.0,4938.0,4751.0,4813.0,4797.0,4558.0,4558.0
03-30 13:00,4558.0,4893.0,4758.0,4765.0,4771.0,4684.0,4684.0
03-30 14:00,4596.0,4887.0,4758.0,4834.0,4764.0,4617.0,4617.0
03-30 15:00,4556.0,4890.0,4777.0,4825.0,4898.0,4567.0,4567.0
03-30 16:00,4633.0,4906.0,4778.0,4862.0,4912.0,4520.0,4520.0
03-30 17:00,4672.0,4930.0,4807.0,4907.0,5268.0,4632.0,4632.0
03-30 18:00,4629.0,4956.0,4837.0,4886.0,5667.0,4789.0,4789.0
03-30 19:00,4617.0,4970.0,4820.0,4875.0,5532.0,4827.0,4827.0
03-30 20:00,4773.0,4986.0,4841.0,4864.0,5684.0,5031.0,5031.0
03-30 21:00,4745.0,4972.0,4815.0,4830.0,5287.0,4967.0,4967.0
03-30 22:00,4749.0,4932.0,4808.0,4803.0,5127.0,4782.0,4782.0
03-30 23:00,4719.0,4892.0,4746.0,4765.0,4932.0,4644.0,4644.0
03-31 00:00,4652.0,4842.0,4707.0,4751.0,5086.0,4564.0,4564.0
03-31 01:00,4596.0,4819.0,4692.0,4730.0,4861.0,4406.0,4406.0
03-31 02:00,4590.0,4809.0,4682.0,4731.0,4832.5,4369.0,4369.0
03-31 03:00,4606.0,4832.0,4717.0,4715.0,4804.0,4415.0,4415.0
03-31 04:00,4601.0,4849.0,4743.0,4726.0,4801.0,4472.0,4472.0
03-31 05:00,4606.0,4871.0,4765.0,4748.0,4818.0,4626.0,4626.0
03-31 06:00,4646.0,4907.0,4808.0,4754.0,4889.0,4936.0,4936.0
03-31 07:00,4585.0,4934.0,4838.0,4793.0,4896.0,4967.0,4967.0
03-31 08:00,4553.0,4926.0,4834.0,4827.0,4977.0,5076.0,5076.0
03-31 09:00,4541.0,4948.0,4847.0,4818.0,4957.0,5002.0,5002.0
03-31 10:00,4549.0,4914.0,4843.0,4825.0,5047.0,4781.0,4781.0
03-31 11:00,4527.0,4908.0,4808.0,4827.0,5019.0,4705.0,4705.0
03-31 12:00,4484.0,4916.0,4831.0,4804.0,4981.0,4555.0,4555.0
03-31 13:00,4541.0,4938.0,4786.0,4830.0,4874.0,4343.0,4343.0
03-31 14:00,4621.0,4988.0,4719.0,4821.0,4854.0,4305.0,4305.0
03-31 15:00,4615.0,5000.0,4737.0,4798.0,4877.0,4346.0,4346.0
03-31 16:00,4549.0,4962.0,4752.0,4818.0,4864.0,4468.0,4468.0
03-31 17:00,4556.0,4966.0,4760.0,4818.0,5017.0,4675.0,4675.0
03-31 18:00,4561.0,4955.0,4771.0,4817.0,4966.0,4911.0,4911.0
03-31 19:00,4594.0,5004.0,4800.0,4791.0,4900.0,4920.0,4920.0
03-31 20:00,4633.0,4998.0,4861.0,4779.0,4963.0,4912.0,4912.0
03-31 21:00,4665.0,4984.0,4835.0,4773.0,4922.0,4884.0,4884.0
03-31 22:00,4654.0,4970.0,4822.0,4760.0,4906.0,4729.0,4729.0
03-31 23:00,4694.0,4952.0,4813.0,4774.0,4837.0,4486.0,4486.0
04-01 00:00,4648.0,4876.0,4745.0,4758.0,4761.0,4332.0,4332.0
04-01 01:00,4616.0,4862.0,4733.0,4687.0,4765.0,4466.0,4466.0
04-01 02:00,4610.0,4825.0,4759.0,4681.0,4783.0,4464.0,4464.0
04-01 03:00,4686.0,4843.0,4751.0,4660.0,4719.0,4348.0,4348.0
04-01 04:00,4722.0,4867.0,4724.0,4671.0,4838.0,4377.0,4377.0
04-01 05:00,4695.0,4888.0,4800.0,4671.0,4913.0,4583.0,4583.0
04-01 06:00,4739.0,4895.0,4832.0,4706.0,4928.0,4858.0,4858.0
04-01 07:00,4756.0,4965.0,4838.0,4757.0,5095.0,5199.0,5199.0
04-01 08:00,4660.0,5029.0,4888.0,4806.0,5246.0,5123.0,5123.0
04-01 09:00,4624.0,5007.0,4882.0,4820.0,5183.0,5133.0,5133.0
04-01 10:00,4563.0,4976.0,4848.0,4836.0,5028.0,5112.0,5112.0
04-01 11:00,4553.0,5035.0,4891.0,4832.0,4898.0,4797.0,4797.0
04-01 12:00,4515.0,5014.0,4779.0,4807.0,4855.0,4722.0,4722.0
04-01 13:00,4518.0,4972.0,4767.0,4809.0,4880.0,4726.0,4726.0
04-01 14:00,4510.0,4958.0,4761.0,4785.0,4762.0,4720.0,4720.0
04-01 15:00,4620.0,4960.0,4749.0,4795.0,4914.0,4713.0,4713.0
04-01 16:00,4669.0,4953.0,4789.0,4795.0,4970.0,4527.0,4527.0
04-01 17:00,4720.0,4959.0,4768.0,4826.0,5037.0,4738.0,4738.0
04-01 18:00,4730.0,4975.0,4771.0,4814.0,5240.0,4718.0,4718.0
04-01 19:00,4850.0,4983.0,4741.0,4806.0,5297.0,4830.0,4830.0
04-01 20:00,4898.0,5042.0,4713.0,4787.0,5534.0,4781.0,4781.0
04-01 21:00,4844.0,5007.0,4773.0,4781.0,5042.0,4702.0,4702.0
04-01 22:00,4769.0,4974.0,4771.0,4761.0,4945.0,4624.0,4624.0
04-01 23:00,4742.0,4976.0,4739.0,4760.0,4950.0,4491.0,4491.0
04-02 00:00,4707.0,4992.0,4697.0,4721.0,4852.0,4401.0,4401.0
04-02 01:00,4692.0,4957.0,4650.0,4733.0,4784.0,4376.0,4376.0
04-02 02:00,4665.0,4931.0,4731.0,4722.0,4747.0,4379.0,4379.0
04-02 03:00,4656.0,4945.0,4675.0,4721.0,4760.0,4375.0,4375.0
04-02 04:00,4661.0,4921.0,4727.0,4726.0,4740.0,4441.0,4441.0
04-02 05:00,4684.0,4919.0,4680.0,4723.0,4798.0,4498.0,4498.0
04-02 06:00,4752.0,4898.0,4725.0,4726.0,5279.0,4676.0,4676.0
04-02 07:00,4797.0,4939.0,4788.0,4748.0,5196.0,4767.0,4767.0
04-02 08:00,4799.0,4970.0,4842.0,4808.0,5499.0,4823.0,4823.0
04-02 09:00,4756.0,5073.0,4876.0,4817.0,5286.0,5184.0,5184.0
04-02 10:00,4736.0,4984.0,4834.0,4826.0,5007.0,5061.0,5061.0
04-02 11:00,4672.0,4976.0,4835.0,4808.0,4853.0,4671.0,4671.0
04-02 12:00,4649.0,4968.0,4822.0,4791.0,4758.0,4707.0,4707.0
04-02 13:00,4700.0,4949.0,4776.0,4788.0,4757.0,4518.0,4518.0
04-02 14:00,4684.0,4889.0,4755.0,4776.0,4727.0,4497.0,4497.0
04-02 15:00,4666.0,4882.0,4738.0,4782.0,4717.0,4498.0,4498.0
04-02 16:00,4650.0,4869.0,4750.0,4791.0,4850.0,4592.0,4592.0
04-02 17:00,4696.0,4916.0,4760.0,4802.0,5042.0,4664.0,4664.0
04-02 18:00,4682.0,4951.0,4779.0,4800.0,5167.0,4692.0,4692.0
04-02 19:00,4712.0,4942.0,4763.0,4792.0,5291.0,4821.0,4821.0
04-02 20:00,4758.0,4916.0,4763.0,4788.0,5238.0,4837.0,4837.0
04-02 21:00,4742.0,4918.0,4785.0,4755.0,5284.0,4798.0,4798.0
04-02 22:00,4784.0,4920.0,4776.0,4754.0,5055.0,4737.0,4737.0
04-02 23:00,4744.0,4900.0,4736.0,4744.0,4912.0,4651.0,4651.0
04-03 00:00,4727.0,4878.0,4672.0,4700.0,5006.0,4534.0,4534.0
04-03 01:00,4758.0,4885.0,4700.0,4670.0,4682.0,4521.0,4521.0
04-03 02:00,4697.0,4875.0,4720.0,4674.0,4665.0,4456.0,4456.0
04-03 03:00,4680.0,4859.0,4716.0,4655.0,4670.0,4505.0,4505.0
04-03 04:00,4677.0,4866.0,4719.0,4668.0,4720.0,4540.0,4540.0
04-03 05:00,4690.0,4860.0,4744.0,4666.0,5017.0,4495.0,4495.0
04-03 06:00,4689.0,4842.0,4762.0,4728.0,5473.0,4648.0,4648.0
04-03 07:00,4706.0,4874.0,4818.0,4771.0,5732.0,4778.0,4778.0
04-03 08:00,4709.0,4917.0,4805.0,4815.0,5829.0,4819.0,4819.0
04-03 09:00,4716.0,4912.0,4756.0,4774.0,5568.0,4762.0,4762.0
04-03 10:00,4727.0,4907.0,4743.0,4709.0,5421.0,4720.0,4720.0
04-03 11:00,4787.0,4916.0,4704.0,4610.0,4944.0,4694.0,4694.0
04-03 12:00,4717.0,4885.0,4784.0,4609.0,5238.0,4680.0,4680.0
04-03 13:00,4744.0,4946.0,4796.0,4665.0,5155.0,4642.0,4642.0
04-03 14:00,4729.0,4829.0,4774.0,4678.0,4904.0,4548.0,4548.0
04-03 15:00,4731.0,4829.0,4792.0,4676.0,5011.0,4512.0,4512.0
04-03 16:00,4737.0,4840.0,4865.0,4711.0,5118.0,4590.0,4590.0
04-03 17:00,4730.0,4853.0,4864.0,4750.0,5360.0,4694.0,4694.0
04-03 18:00,4757.0,4896.0,4840.0,4855.0,5297.0,4871.0,4871.0
04-03 19:00,4854.0,4938.0,4827.0,4892.0,5538.0,4961.0,4961.0
04-03 20:00,4876.0,4952.0,4924.0,5036.0,5545.0,4953.0,4953.0
04-03 21:00,4790.0,4947.0,4908.0,4949.0,5128.0,4957.0,4957.0
04-03 22:00,4738.0,4881.0,4794.0,4894.0,5105.0,4832.0,4832.0
04-03 23:00,4732.0,4847.0,4804.0,4671.0,5096.0,4711.0,4711.0
04-04 00:00,4681.0,4845.0,4767.0,4651.0,4804.0,4596.0,4596.0
04-04 01:00,4642.0,4827.0,4759.0,4631.0,4854.0,4535.0,4535.0
04-04 02:00,4675.0,4839.0,4754.0,4606.0,4823.0,4436.0,4436.0
04-04 03:00,4684.0,4842.0,4701.0,4488.0,4963.0,4418.0,4418.0
04-04 04:00,4658.0,4829.0,4726.0,4590.0,5315.0,4472.0,4472.0
04-04 05:00,4726.0,4823.0,4750.0,4625.0,5389.0,4523.0,4523.0
04-04 06:00,4693.0,4893.0,4799.0,4680.0,5669.0,4588.0,4588.0
04-04 07:00,4757.0,4920.0,4812.0,4737.0,5810.0,4667.0,4667.0
04-04 08:00,4782.0,4931.0,4871.0,4782.0,5924.0,4783.0,4783.0
04-04 09:00,4770.0,4916.0,4842.0,4513.0,5822.0,4797.0,4797.0
04-04 10:00,4811.0,4843.0,4848.0,4498.0,5642.0,4749.0,4749.0
04-04 11:00,4891.0,4824.0,4824.0,4600.0,5592.0,4759.0,4759.0
04-04 12:00,4937.0,4782.0,4900.0,4659.0,5286.0,4643.0,4643.0
04-04 13:00,4819.0,4779.0,4791.0,4691.0,5255.0,4584.0,4584.0
04-04 14:00,4753.0,4769.0,4773.0,4706.0,5045.0,4523.0,4523.0
04-04 15:00,4770.0,4751.0,4814.0,4689.0,5013.0,4543.0,4543.0
04-04 16:00,4760.0,4756.0,4922.0,4725.0,5197.0,4711.0,4711.0
04-04 17:00,4812.0,4765.0,4928.0,4730.0,5243.0,4766.0,4766.0
04-04 18:00,4751.0,4813.0,4939.0,4743.0,5439.0,4824.0,4824.0
04-04 19:00,4839.0,4843.0,4992.0,4780.0,5392.0,5084.0,5084.0
04-04 20:00,4798.0,4883.0,4885.0,4866.0,5690.0,5019.0,5019.0
04-04 21:00,4780.0,4564.0,4840.0,4794.0,5666.0,4993.0,4993.0
04-04 22:00,4769.0,4488.0,4852.0,4983.0,5163.0,4797.0,4797.0
04-04 23:00,4761.0,4457.0,4798.0,4871.0,5162.0,4683.0,4683.0
04-05 00:00,4754.0,4457.0,4727.0,4694.0,5033.0,4500.0,4500.0
04-05 01:00,4707.0,4445.0,4705.0,4689.0,4868.0,4459.0,4459.0
04-05 02:00,4692.0,4450.0,4676.0,4669.0,4925.0,4476.0,4476.0
04-05 03:00,4676.0,4435.0,4705.0,4640.0,4928.0,4423.0,4423.0
04-05 04:00,4714.0,4446.0,4750.0,4657.0,4899.0,4425.0,4425.0
04-05 05:00,4711.0,4497.0,4745.0,4674.0,4930.0,4454.0,4454.0
04-05 06:00,4672.0,4567.0,4791.0,4720.0,5487.0,4518.0,4518.0
04-05 07:00,4726.0,4555.0,4819.0,4772.0,5793.0,4608.0,4608.0
04-05 08:00,4777.0,4626.0,4836.0,4786.0,5737.0,4595.0,4595.0
04-05 09:00,4793.0,4938.0,4829.0,4756.0,5685.0,4568.0,4568.0
04-05 10:00,4802.0,4891.0,4812.0,4776.0,5697.0,4503.0,4503.0
04-05 11:00,4859.0,4953.0,4789.0,4751.0,5708.0,4468.0,4468.0
04-05 12:00,4821.0,4928.0,4827.0,4722.0,5088.0,4371.0,4371.0
04-05 13:00,4786.0,4807.0,4790.0,4685.0,5241.0,4268.0,4268.0
04-05 14:00,4747.0,4819.0,4771.0,4690.0,5121.0,4272.0,4272.0
04-05 15:00,4727.0,4797.0,4836.0,4689.0,4888.0,4300.0,4300.0
04-05 16:00,4782.0,4823.0,4804.0,4733.0,5339.0,4391.0,4391.0
04-05 17:00,4793.0,4846.0,4847.0,5019.0,5277.0,4529.0,4529.0
04-05 18:00,4778.0,4856.0,4867.0,4800.0,5404.0,4601.0,4601.0
04-05 19:00,4788.0,4862.0,4881.0,4821.0,5401.0,4645.0,4645.0
04-05 20:00,4786.0,4853.0,4856.0,4807.0,5423.0,4774.0,4774.0
04-05 21:00,4769.0,4837.0,4810.0,5090.0,5292.0,4697.0,4697.0
04-05 22:00,4768.0,4829.0,4804.0,4919.0,5284.0,4623.0,4623.0
04-05 23:00,4754.0,4832.0,4768.0,4753.0,5310.0,4624.0,4624.0
04-06 00:00,4771.0,4775.0,4754.0,4698.0,5271.0,4410.0,4410.0
04-06 01:00,4742.0,4762.0,4738.0,4690.0,5223.0,4350.0,4350.0
04-06 02:00,4731.0,4785.0,4756.0,4679.0,5072.0,4297.0,4297.0
04-06 03:00,4727.0,4798.0,4698.0,4691.0,5173.0,4323.0,4323.0
04-06 04:00,4777.0,4801.0,4747.0,4714.0,5142.0,4389.0,4389.0
04-06 05:00,4769.0,4794.0,4818.0,4747.0,5001.0,4469.0,4469.0
04-06 06:00,4754.0,4840.0,4879.0,4853.0,5026.0,4872.0,4872.0
04-06 07:00,4741.0,4866.0,4905.0,4937.0,5231.0,5458.0,5458.0
04-06 08:00,4817.0,4890.0,4927.0,4962.0,5325.0,5797.0,5797.0
04-06 09:00,4800.0,4869.0,4899.0,4902.0,5581.0,5261.0,5261.0
04-06 10:00,4798.0,4829.0,4934.0,4917.0,5536.0,4846.0,4846.0
04-06 11:00,4809.0,4848.0,4893.0,4809.0,5047.0,4702.0,4702.0
04-06 12:00,4792.0,4826.0,4891.0,4772.0,5047.0,4620.0,4620.0
04-06 13:00,4796.0,4821.0,4793.0,4769.0,4926.0,4624.0,4624.0
04-06 14:00,4803.0,4799.0,4898.0,4798.0,4865.0,4508.0,4508.0
04-06 15:00,4742.0,4886.0,4817.0,4809.0,5004.0,4445.0,4445.0
04-06 16:00,4747.0,4890.0,4840.0,4804.0,4882.0,4562.0,4562.0
04-06 17:00,4773.0,4858.0,4891.0,4824.0,5032.0,4863.0,4863.0
04-06 18:00,4779.0,4912.0,4982.0,4897.0,5069.0,4800.0,4800.0
04-06 19:00,4773.0,4931.0,4917.0,4834.0,4983.0,4961.0,4961.0
04-06 20:00,4823.0,4911.0,4953.0,4922.0,5031.0,4969.0,4969.0
04-06 21:00,4790.0,4902.0,4908.0,4760.0,5032.0,4889.0,4889.0
04-06 22:00,4736.0,4909.0,4889.0,4745.0,4990.0,4858.0,4858.0
04-06 23:00,4816.0,4881.0,4856.0,4731.0,4948.0,4787.0,4787.0
04-07 00:00,4732.0,4877.0,4764.0,4720.0,4840.0,4600.0,4600.0
04-07 01:00,4688.0,4866.0,4780.0,4714.0,4722.0,4508.0,4508.0
04-07 02:00,4708.0,4882.0,4804.0,4723.0,4718.0,4478.0,4478.0
04-07 03:00,4640.0,4851.0,4809.0,4700.0,4685.0,4466.0,4466.0
04-07 04:00,4710.0,4874.0,4808.0,4695.0,4720.0,4520.0,4520.0
04-07 05:00,4694.0,4904.0,4799.0,4722.0,4728.0,4555.0,4555.0
04-07 06:00,4779.0,4940.0,4870.0,4753.0,4777.0,4851.0,4851.0
04-07 07:00,4825.0,5006.0,4915.0,4812.0,4805.0,5080.0,5080.0
04-07 08:00,4840.0,4943.0,4884.0,4855.0,4908.0,5183.0,5183.0
04-07 09:00,4782.0,4888.0,4859.0,4840.0,5091.0,5147.0,5147.0
04-07 10:00,4765.0,4901.0,4817.0,4843.0,4878.0,4834.0,4834.0
04-07 11:00,4739.0,4859.0,4852.0,4828.0,4807.0,4796.0,4796.0
04-07 12:00,4726.0,4839.0,4871.0,4799.0,4811.0,4758.0,4758.0
04-07 13:00,4723.0,4810.0,4900.0,4773.0,4787.0,4740.0,4740.0
04-07 14:00,4766.0,4837.0,4865.0,4719.0,4756.0,4619.0,4619.0
04-07 15:00,4788.0,4881.0,4883.0,4722.0,4764.0,4526.0,4526.0
04-07 16:00,4771.0,4935.0,4972.0,4697.0,4899.0,4550.0,4550.0
04-07 17:00,4780.0,4907.0,4948.0,4721.0,5052.0,4690.0,4690.0
04-07 18:00,4800.0,4934.0,4979.0,4733.0,5062.0,4793.0,4793.0
04-07 19:00,4812.0,4925.0,4934.0,4806.0,5153.0,4849.0,4849.0
04-07 20:00,4948.0,4940.0,4956.0,4728.0,5128.0,4807.0,4807.0
04-07 21:00,4821.0,4933.0,4917.0,4699.0,4929.0,4941.0,4941.0
04-07 22:00,4885.0,4881.0,4890.0,4669.0,4882.0,4869.0,4869.0
04-07 23:00,4820.0,4844.0,4855.0,4693.0,4532.0,4741.0,4741.0
04-08 00:00,4687.0,4808.0,4866.0,4680.0,4415.0,4684.0,4684.0
04-08 01:00,4734.0,4860.0,4776.0,4638.0,4273.0,4539.0,4539.0
04-08 02:00,4692.0,4817.0,4775.0,4649.0,4357.0,4501.0,4501.0
04-08 03:00,4690.0,4792.0,4798.0,4663.0,4359.0,4491.0,4491.0
04-08 04:00,4709.0,4797.0,4753.0,4671.0,4398.0,4529.0,4529.0
04-08 05:00,4730.0,4830.0,4823.0,4664.0,4333.0,4547.0,4547.0
04-08 06:00,4806.0,4873.0,4818.0,4670.0,4703.0,4951.0,4951.0
04-08 07:00,4847.0,4874.0,4848.0,4708.0,4559.0,5184.0,5184.0
04-08 08:00,4815.0,4895.0,4897.0,4744.0,4787.0,5400.0,5400.0
04-08 09:00,4777.0,4868.0,4957.0,4779.0,4650.0,5022.0,5022.0
04-08 10:00,4760.0,4837.0,4935.0,4759.0,4515.0,4894.0,4894.0
04-08 11:00,4719.0,4887.0,4929.0,4733.0,4442.0,4820.0,4820.0
04-08 12:00,4705.0,4881.0,4888.0,4703.0,4398.0,4649.0,4649.0
04-08 13:00,4716.0,4921.0,4842.0,4663.0,4430.0,4622.0,4622.0
04-08 14:00,4704.0,4927.0,4833.0,4626.0,4593.0,4523.0,4523.0
04-08 15:00,4643.0,4942.0,4794.0,4617.0,4614.0,4617.0,4617.0
04-08 16:00,4606.0,4961.0,4795.0,4490.0,4726.0,4602.0,4602.0
04-08 17:00,4693.0,4951.0,4840.0,4496.0,4529.0,4829.0,4829.0
04-08 18:00,4711.0,4952.0,4851.0,4524.0,4600.0,4976.0,4976.0
04-08 19:00,4755.0,4977.0,4855.0,4534.0,4639.0,5078.0,5078.0
04-08 20:00,4887.0,4956.0,4879.0,4581.0,4626.0,5159.0,5159.0
04-08 21:00,4811.0,4986.0,4852.0,4553.0,4398.0,5302.0,5302.0
04-08 22:00,4767.0,4915.0,4841.0,4493.0,4394.0,4846.0,4846.0
04-08 23:00,4773.0,4879.0,4790.0,4480.0,4286.0,4665.0,4665.0
04-09 00:00,4740.0,4852.0,4734.0,4443.0,4297.0,4472.0,4472.0
04-09 01:00,4674.0,4846.0,4744.0,4441.0,4361.0,4441.0,4441.0
04-09 02:00,4708.0,4839.0,4757.0,4427.0,4377.0,4419.0,4419.0
04-09 03:00,4659.0,4830.0,4735.0,4426.0,4348.0,4403.0,4403.0
04-09 04:00,4686.0,4853.0,4758.0,4420.0,4365.0,4458.0,4458.0
04-09 05:00,4710.0,4869.0,4836.0,4434.0,4461.0,4528.0,4528.0
04-09 06:00,4758.0,4868.0,4781.0,4540.0,4543.0,4802.0,4802.0
04-09 07:00,4854.0,4901.0,4834.0,4715.0,4854.0,4940.0,4940.0
04-09 08:00,4793.0,4932.0,4844.0,4837.0,4825.0,4966.0,4966.0
04-09 09:00,4737.0,4969.0,4870.0,4859.0,4674.0,4855.0,4855.0
04-09 10:00,4727.0,4952.0,4890.0,4698.0,4540.0,4744.0,4744.0
04-09 11:00,4723.0,4916.0,4889.0,4576.0,4441.0,4589.0,4589.0
04-09 12:00,4712.0,4911.0,4880.0,4536.0,4481.0,4544.0,4544.0
04-09 13:00,4686.0,4869.0,4812.0,4514.0,4383.0,4512.0,4512.0
04-09 14:00,4685.0,4864.0,4824.0,4482.0,4346.0,4531.0,4531.0
04-09 15:00,4690.0,4855.0,4801.0,4500.0,4357.0,4572.0,4572.0
04-09 16:00,4659.0,4847.0,4841.0,4567.0,4436.0,4795.0,4795.0
04-09 17:00,4695.0,4855.0,4830.0,4571.0,4492.0,4953.0,4953.0
04-09 18:00,4684.0,4913.0,4829.0,4769.0,4528.0,5128.0,5128.0
04-09 19:00,4694.0,4975.0,4918.0,4683.0,4507.0,5112.0,5112.0
04-09 20:00,4686.0,4923.0,4954.0,4773.0,4548.0,5311.0,5311.0
04-09 21:00,4703.0,4918.0,4963.0,4616.0,4528.0,5223.0,5223.0
04-09 22:00,4693.0,4881.0,4870.0,4518.0,4503.0,4794.0,4794.0
04-09 23:00,4661.0,4835.0,4784.0,4442.0,4511.0,4785.0,4785.0
04-10 00:00,4671.0,4837.0,4755.0,4436.0,4457.0,4754.0,4754.0
04-10 01:00,4615.0,4815.0,4718.0,4420.0,4480.0,4560.0,4560.0
04-10 02:00,4632.0,4815.0,4707.0,4417.0,4468.0,4585.0,4585.0
04-10 03:00,4610.0,4830.0,4700.0,4429.0,4361.0,4585.0,4585.0
04-10 04:00,4675.0,4824.0,4747.0,4440.0,4403.0,4511.0,4511.0
04-10 05:00,4683.0,4846.0,4806.0,4471.0,4451.0,4637.0,4637.0
04-10 06:00,4743.0,4885.0,4789.0,4796.0,4736.0,4806.0,4806.0
04-10 07:00,4735.0,4913.0,4869.0,4723.0,4484.0,5069.0,5069.0
04-10 08:00,4805.0,4905.0,4882.0,4621.0,4681.0,5179.0,5179.0
04-10 09:00,4795.0,4907.0,4904.0,4538.0,4588.0,5135.0,5135.0
04-10 10:00,4734.0,4927.0,4853.0,4556.0,4541.0,5051.0,5051.0
04-10 11:00,4685.0,4928.0,4776.0,4528.0,4472.0,4940.0,4940.0
04-10 12:00,4711.0,4935.0,4764.0,4515.0,4414.0,4742.0,4742.0
04-10 13:00,4715.0,4936.0,4705.0,4523.0,4404.0,4723.0,4723.0
04-10 14:00,4689.0,4904.0,4719.0,4514.0,4437.0,4597.0,4597.0
04-10 15:00,4658.0,4872.0,4741.0,4518.0,4448.0,4661.0,4661.0
04-10 16:00,4662.0,4882.0,4750.0,4515.0,4483.0,4836.0,4836.0
04-10 17:00,4640.0,4906.0,4813.0,4449.0,4528.0,4826.0,4826.0
04-10 18:00,4665.0,4905.0,4807.0,4510.0,4597.0,5170.0,5170.0
04-10 19:00,4659.0,4947.0,4789.0,4475.0,4598.0,5212.0,5212.0
04-10 20:00,4665.0,4931.0,4793.0,4455.0,4557.0,5285.0,5285.0
04-10 21:00,4663.0,4902.0,4840.0,4428.0,4476.0,5147.0,5147.0
04-10 22:00,4648.0,4917.0,4745.0,4434.0,4458.0,4935.0,4935.0
04-10 23:00,4609.0,4869.0,4741.0,4386.0,4398.0,4813.0,4813.0
04-11 00:00,4627.0,4863.0,4679.0,4377.0,4401.0,4753.0,4753.0
04-11 01:00,4616.0,4826.0,4679.0,4375.0,4386.0,4530.0,4530.0
04-11 02:00,4615.0,4839.0,4663.0,4374.0,4416.0,4459.0,4459.0
04-11 03:00,4585.0,4820.0,4663.0,4374.0,4426.0,4510.0,4510.0
04-11 04:00,4592.0,4870.0,4679.0,4371.0,4402.0,4452.0,4452.0
04-11 05:00,4598.0,4854.0,4697.0,4423.0,4538.0,4479.0,4479.0
04-11 06:00,4631.0,4886.0,4751.0,4599.0,4609.0,4598.0,4598.0
04-11 07:00,4672.0,4960.0,4780.0,4573.0,4648.0,4613.0,4613.0
04-11 08:00,4742.0,4953.0,4792.0,4592.0,4773.0,4638.0,4638.0
04-11 09:00,4776.0,4896.0,4787.0,4561.0,4635.0,4680.0,4680.0
04-11 10:00,4711.0,4853.0,4791.0,4543.0,4527.0,4640.0,4640.0
04-11 11:00,4713.0,4794.0,4783.0,4506.0,4559.0,4693.0,4693.0
04-11 12:00,4683.0,4787.0,4761.0,4487.0,4530.0,4669.0,4669.0
04-11 13:00,4642.0,4790.0,4823.0,4506.0,4441.0,4593.0,4593.0
04-11 14:00,4592.0,4857.0,4808.0,4465.0,4421.0,4613.0,4613.0
04-11 15:00,4596.0,4845.0,4842.0,4472.0,4092.0,4662.0,4662.0
04-11 16:00,4624.0,4832.0,4889.0,4486.0,4439.0,4613.0,4613.0
04-11 17:00,4625.0,4884.0,4955.0,4495.0,4543.0,4709.0,4709.0
04-11 18:00,4635.0,4857.0,4988.0,4531.0,4586.0,4896.0,4896.0
04-11 19:00,4619.0,4884.0,4846.0,4550.0,4571.0,4835.0,4835.0
04-11 20:00,4609.0,4916.0,4842.0,4519.0,4561.0,5247.0,5247.0
04-11 21:00,4622.0,4963.0,4896.0,4518.0,4555.0,4954.0,4954.0
04-11 22:00,4610.0,4843.0,4834.0,4475.0,4497.0,4647.0,4647.0
04-11 23:00,4564.0,4832.0,4798.0,4449.0,4469.0,4718.0,4718.0
04-12 00:00,4524.0,4812.0,4824.0,4400.0,4371.0,4712.0,4712.0
04-12 01:00,4564.0,4824.0,4740.0,4392.0,4381.0,4512.0,4512.0
04-12 02:00,4562.0,4814.0,4820.0,4404.0,4406.0,4379.0,4379.0
04-12 03:00,4574.0,4805.0,4788.0,4477.0,4425.0,4363.0,4363.0
04-12 04:00,4581.0,4777.0,4792.0,4483.0,4459.0,4407.0,4407.0
04-12 05:00,4615.0,4829.0,4863.0,4516.0,4474.0,4715.0,4715.0
04-12 06:00,4612.0,4849.0,4865.0,4610.0,4549.0,4912.0,4912.0
04-12 07:00,4653.0,4844.0,4839.0,4882.0,4818.0,5421.0,5421.0
04-12 08:00,4732.0,4982.0,4824.0,4807.0,5397.0,5660.0,5660.0
04-12 09:00,4703.0,4970.0,4809.0,4630.0,4961.0,5057.0,5057.0
04-12 10:00,4690.0,4951.0,4818.0,4622.0,4608.0,4917.0,4917.0
04-12 11:00,4706.0,4862.0,4723.0,4590.0,4563.0,4887.0,4887.0
04-12 12:00,4689.0,4874.0,4728.0,4559.0,4515.0,4670.0,4670.0
04-12 13:00,4641.0,4747.0,4763.0,4551.0,4488.0,4580.0,4580.0
04-12 14:00,4623.0,4854.0,4795.0,4548.0,4483.0,4492.0,4492.0
04-12 15:00,4612.0,4838.0,4779.0,4558.0,4520.0,4528.0,4528.0
04-12 16:00,4624.0,4838.0,4796.0,4556.0,4572.0,4691.0,4691.0
04-12 17:00,4639.0,4864.0,4809.0,4578.0,4701.0,4796.0,4796.0
04-12 18:00,4646.0,4904.0,4857.0,4801.0,4832.0,4855.0,4855.0
04-12 19:00,4701.0,4947.0,4847.0,4860.0,4760.0,4859.0,4859.0
04-12 20:00,4697.0,4908.0,4822.0,4837.0,4737.0,5012.0,5012.0
04-12 21:00,4665.0,4902.0,4844.0,4626.0,4829.0,5034.0,5034.0
04-12 22:00,4651.0,4833.0,4825.0,4543.0,4839.0,4757.0,4757.0
04-12 23:00,4637.0,4843.0,4834.0,4514.0,4877.0,4530.0,4530.0
04-13 00:00,4550.0,4829.0,4845.0,4489.0,4880.0,4473.0,4473.0
04-13 01:00,4530.0,4922.0,4736.0,4442.0,4873.0,4390.0,4390.0
04-13 02:00,4572.0,4835.0,4735.0,4427.0,4914.0,4498.0,4498.0
04-13 03:00,4570.0,4884.0,4730.0,4422.0,4898.0,4429.0,4429.0
04-13 04:00,4586.0,4916.0,4806.0,4457.0,4916.0,4380.0,4380.0
04-13 05:00,4635.0,4847.0,4759.0,4477.0,4928.0,4533.0,4533.0
04-13 06:00,4687.0,5008.0,4763.0,4629.0,5017.0,4922.0,4922.0
04-13 07:00,4752.0,5053.0,4842.0,4796.0,5087.0,4959.0,4959.0
04-13 08:00,4771.0,5058.0,4865.0,4644.0,5154.0,4924.0,4924.0
04-13 09:00,4653.0,5030.0,4819.0,4639.0,4965.0,4692.0,4692.0
04-13 10:00,4682.0,4997.0,4769.0,4635.0,5052.0,4710.0,4710.0
04-13 11:00,4650.0,4944.0,4843.0,4642.0,5036.0,4545.0,4545.0
04-13 12:00,4622.0,4918.0,4835.0,4811.0,4992.0,4442.0,4442.0
04-13 13:00,4622.0,4870.0,4787.0,4622.0,5221.0,4468.0,4468.0
04-13 14:00,4609.0,4849.0,4809.0,4587.0,4889.0,4396.0,4396.0
04-13 15:00,4616.0,4923.0,4781.0,4589.0,4815.0,4306.0,4306.0
04-13 16:00,4672.0,4965.0,4819.0,4604.0,4961.0,4447.0,4447.0
04-13 17:00,4682.0,4908.0,4849.0,4646.0,5046.0,4741.0,4741.0
04-13 18:00,4739.0,4897.0,4902.0,4667.0,5433.0,4754.0,4754.0
04-13 19:00,4774.0,4961.0,4952.0,4672.0,5522.0,4881.0,4881.0
04-13 20:00,4788.0,4978.0,4946.0,4634.0,5278.0,4947.0,4947.0
04-13 21:00,4772.0,4941.0,4897.0,4601.0,5157.0,4854.0,4854.0
04-13 22:00,4737.0,4937.0,4878.0,4568.0,5082.0,4713.0,4713.0
04-13 23:00,4686.0,4886.0,4871.0,4551.0,4877.0,4555.0,4555.0
04-14 00:00,4688.0,4886.0,4914.0,4522.0,4734.0,4382.0,4382.0
04-14 01:00,4638.0,4868.0,4832.0,4483.0,4734.0,4349.0,4349.0
04-14 02:00,4627.0,4873.0,4795.0,4498.0,4766.0,4398.0,4398.0
04-14 03:00,4616.0,4825.0,4843.0,4519.0,4820.0,4377.0,4377.0
04-14 04:00,4603.0,4829.0,4810.0,4509.0,4812.0,4439.0,4439.0
04-14 05:00,4652.0,4864.0,4799.0,4530.0,4821.0,4486.0,4486.0
04-14 06:00,4744.0,4925.0,4867.0,4567.0,4813.0,4654.0,4654.0
04-14 07:00,4714.0,4938.0,4908.0,4629.0,4922.0,4691.0,4691.0
04-14 08:00,4709.0,4896.0,4879.0,4662.0,5027.0,4802.0,4802.0
04-14 09:00,4679.0,4835.0,4877.0,4646.0,5052.0,4803.0,4803.0
04-14 10:00,4617.0,4875.0,4884.0,4653.0,5011.0,4656.0,4656.0
04-14 11:00,4569.0,4897.0,4875.0,4656.0,4931.0,4887.0,4887.0
04-14 12:00,4551.0,4886.0,4861.0,4649.0,4942.0,4565.0,4565.0
04-14 13:00,4531.0,4864.0,4880.0,4631.0,4874.0,4444.0,4444.0
04-14 14:00,4536.0,4875.0,4908.0,4617.0,4887.0,4410.0,4410.0
04-14 15:00,4588.0,4898.0,4969.0,4629.0,4924.0,4487.0,4487.0
04-14 16:00,4596.0,4974.0,4992.0,4618.0,4886.0,4639.0,4639.0
04-14 17:00,4637.0,4969.0,4995.0,4623.0,4903.0,4929.0,4929.0
04-14 18:00,4643.0,5003.0,4996.0,4676.0,4998.0,5112.0,5112.0
04-14 19:00,4655.0,5055.0,4993.0,4675.0,5013.0,5304.0,5304.0
04-14 20:00,4666.0,5091.0,4961.0,4908.0,4982.0,5297.0,5297.0
04-14 21:00,4774.0,5082.0,4948.0,4860.0,4965.0,5189.0,5189.0
04-14 22:00,4711.0,4964.0,4942.0,4582.0,4986.0,4874.0,4874.0
04-14 23:00,4567.0,4921.0,4931.0,4566.0,4992.0,4821.0,4821.0
04-15 00:00,4605.0,4850.0,4849.0,4525.0,4704.0,4636.0,4636.0
04-15 01:00,4579.0,4898.0,4855.0,4549.0,4621.0,4619.0,4619.0
04-15 02:00,4573.0,4932.0,4834.0,4548.0,4611.0,4505.0,4505.0
04-15 03:00,4570.0,4824.0,4774.0,4539.0,4592.0,4477.0,4477.0
04-15 04:00,4582.0,4871.0,4779.0,4532.0,4600.0,4552.0,4552.0
04-15 05:00,4657.0,4863.0,4849.0,4533.0,4652.0,4812.0,4812.0
04-15 06:00,4717.0,4909.0,4846.0,4570.0,4780.0,5011.0,5011.0
04-15 07:00,4721.0,4894.0,4870.0,4603.0,4877.0,5098.0,5098.0
04-15 08:00,4720.0,4935.0,4911.0,4633.0,4817.0,5011.0,5011.0
04-15 09:00,4710.0,4916.0,4923.0,4605.0,4918.0,4935.0,4935.0
04-15 10:00,4648.0,4886.0,4897.0,4604.0,5042.0,4738.0,4738.0
04-15 11:00,4567.0,4882.0,4895.0,4603.0,4872.0,4647.0,4647.0
04-15 12:00,4541.0,4859.0,4938.0,4592.0,4762.0,4590.0,4590.0
04-15 13:00,4455.0,4855.0,4842.0,4583.0,4683.0,4519.0,4519.0
04-15 14:00,4413.0,4871.0,4827.0,4579.0,4739.0,4432.0,4432.0
04-15 15:00,4407.0,5019.0,4831.0,4555.0,4670.0,4469.0,4469.0
04-15 16:00,4436.0,4910.0,4808.0,4541.0,4745.0,4511.0,4511.0
04-15 17:00,4521.0,4896.0,4864.0,4586.0,4790.0,4638.0,4638.0
04-15 18:00,4525.0,4883.0,4879.0,4601.0,4941.0,4831.0,4831.0
04-15 19:00,4586.0,4898.0,4873.0,4614.0,4917.0,4874.0,4874.0
04-15 20:00,4712.0,4880.0,4963.0,4596.0,4779.0,4826.0,4826.0
04-15 21:00,4633.0,4915.0,4982.0,4559.0,4786.0,4749.0,4749.0
04-15 22:00,4586.0,4870.0,4933.0,4567.0,4739.0,4575.0,4575.0
04-15 23:00,4578.0,4830.0,4902.0,4522.0,4667.0,4447.0,4447.0
04-16 00:00,4520.0,4833.0,4945.0,4472.0,4625.0,4483.0,4483.0
04-16 01:00,4531.0,4833.0,4885.0,4465.0,4599.0,4477.0,4477.0
04-16 02:00,4555.0,4816.0,4867.0,4458.0,4642.0,4482.0,4482.0
04-16 03:00,4574.0,4805.0,4844.0,4476.0,4617.0,4471.0,4471.0
04-16 04:00,4681.0,4883.0,4872.0,4455.0,4581.0,4509.0,4509.0
04-16 05:00,4671.0,4817.0,4816.0,4525.0,4630.0,4551.0,4551.0
04-16 06:00,4673.0,4842.0,4806.0,4588.0,4802.0,4767.0,4767.0
04-16 07:00,4670.0,5018.0,4876.0,4641.0,4886.0,4935.0,4935.0
04-16 08:00,4694.0,5052.0,4916.0,4650.0,5075.0,4907.0,4907.0
04-16 09:00,4661.0,5077.0,4895.0,4625.0,4954.0,4810.0,4810.0
04-16 10:00,4630.0,4885.0,4895.0,4594.0,5038.0,4828.0,4828.0
04-16 11:00,4606.0,4942.0,4960.0,4579.0,4847.0,4806.0,4806.0
04-16 12:00,4573.0,4893.0,4916.0,4557.0,4756.0,4621.0,4621.0
04-16 13:00,4518.0,4810.0,4903.0,4534.0,4854.0,4494.0,4494.0
04-16 14:00,4537.0,4835.0,4916.0,4670.0,4884.0,4476.0,4476.0
04-16 15:00,4540.0,4843.0,4931.0,4477.0,4911.0,4472.0,4472.0
04-16 16:00,4529.0,4877.0,4958.0,4491.0,4896.0,4550.0,4550.0
04-16 17:00,4568.0,4924.0,4968.0,4496.0,5033.0,4681.0,4681.0
04-16 18:00,4568.0,4955.0,4996.0,4525.0,5038.0,4811.0,4811.0
04-16 19:00,4550.0,4933.0,4985.0,4556.0,5013.0,4927.0,4927.0
04-16 20:00,4544.0,4936.0,4991.0,4569.0,4988.0,5064.0,5064.0
04-16 21:00,4560.0,4898.0,4963.0,4563.0,4938.0,5013.0,5013.0
04-16 22:00,4563.0,4884.0,4970.0,4478.0,4852.0,4630.0,4630.0
04-16 23:00,4515.0,4836.0,4990.0,4464.0,4877.0,4555.0,4555.0
04-17 00:00,4461.0,4837.0,4922.0,4448.0,4836.0,4505.0,4505.0
04-17 01:00,4460.0,4819.0,4926.0,4423.0,4785.0,4435.0,4435.0
04-17 02:00,4459.0,4800.0,4909.0,4443.0,4763.0,4427.0,4427.0
04-17 03:00,4476.0,4861.0,4861.0,4437.0,4781.0,4395.0,4395.0
04-17 04:00,4484.0,4865.0,4908.0,4440.0,4799.0,4413.0,4413.0
04-17 05:00,4512.0,4921.0,4918.0,4495.0,4884.0,4452.0,4452.0
04-17 06:00,4590.0,4933.0,4942.0,4729.0,5039.0,4583.0,4583.0
04-17 07:00,4620.0,4957.0,4969.0,4768.0,5035.0,4715.0,4715.0
04-17 08:00,4703.0,4959.0,5005.0,4651.0,5137.0,4841.0,4841.0
04-17 09:00,4644.0,4997.0,4981.0,4599.0,5071.0,4839.0,4839.0
04-17 10:00,4580.0,5029.0,5001.0,4578.0,4887.0,4709.0,4709.0
04-17 11:00,4606.0,5078.0,5004.0,4542.0,4839.0,4628.0,4628.0
04-17 12:00,4624.0,4990.0,4996.0,4502.0,4810.0,4527.0,4527.0
04-17 13:00,4594.0,5022.0,4988.0,4493.0,4827.0,4469.0,4469.0
04-17 14:00,4559.0,5043.0,4916.0,4477.0,4741.0,4465.0,4465.0
04-17 15:00,4568.0,5114.0,5021.0,4487.0,4788.0,4500.0,4500.0
04-17 16:00,4583.0,5067.0,4937.0,4515.0,4840.0,4566.0,4566.0
04-17 17:00,4600.0,5058.0,5001.0,4510.0,4923.0,4631.0,4631.0
04-17 18:00,4650.0,5048.0,4982.0,4554.0,5096.0,4879.0,4879.0
04-17 19:00,4633.0,5075.0,5012.0,4580.0,4886.0,4930.0,4930.0
04-17 20:00,4613.0,5022.0,4940.0,4616.0,4840.0,5007.0,5007.0
04-17 21:00,4635.0,5014.0,4972.0,4540.0,4845.0,4907.0,4907.0
04-17 22:00,4612.0,4988.0,4950.0,4443.0,4819.0,4810.0,4810.0
04-17 23:00,4595.0,5020.0,4928.0,4403.0,4774.0,4583.0,4583.0
04-18 00:00,4538.0,4995.0,4887.0,4381.0,4713.0,4486.0,4486.0
04-18 01:00,4547.0,5019.0,4863.0,4374.0,4695.0,4502.0,4502.0
04-18 02:00,4554.0,5009.0,4851.0,4374.0,4768.0,4393.0,4393.0
04-18 03:00,4556.0,4998.0,4869.0,4353.0,4704.0,4358.0,4358.0
04-18 04:00,4553.0,5028.0,4844.0,4354.0,4701.0,4327.0,4327.0
04-18 05:00,4494.0,5045.0,4863.0,4378.0,4736.0,4385.0,4385.0
04-18 06:00,4558.0,5032.0,4894.0,4501.0,4845.0,4489.0,4489.0
04-18 07:00,4624.0,5071.0,4948.0,4535.0,4959.0,4617.0,4617.0
04-18 08:00,4664.0,5060.0,5031.0,4580.0,4957.0,4653.0,4653.0
04-18 09:00,4661.0,4814.0,5001.0,4537.0,4921.0,4654.0,4654.0
04-18 10:00,4667.0,4786.0,4996.0,4491.0,4829.0,4611.0,4611.0
04-18 11:00,4670.0,4824.0,4992.0,4466.0,4785.0,4567.0,4567.0
04-18 12:00,4685.0,4826.0,4918.0,4380.0,4713.0,4505.0,4505.0
04-18 13:00,4652.0,4781.0,4896.0,4377.0,4682.0,4446.0,4446.0
04-18 14:00,4606.0,4835.0,4910.0,4366.0,4694.0,4464.0,4464.0
04-18 15:00,4631.0,4825.0,4901.0,4371.0,4719.0,4447.0,4447.0
04-18 16:00,4642.0,4853.0,4970.0,4395.0,4782.0,4562.0,4562.0
04-18 17:00,4693.0,4880.0,4997.0,4404.0,4843.0,4649.0,4649.0
04-18 18:00,4717.0,4889.0,5004.0,4428.0,4939.0,4693.0,4693.0
04-18 19:00,4711.0,4872.0,5008.0,4611.0,5115.0,4739.0,4739.0
04-18 20:00,4693.0,4883.0,4987.0,4535.0,5060.0,4768.0,4768.0
04-18 21:00,4673.0,4863.0,5002.0,4554.0,4813.0,4867.0,4867.0
04-18 22:00,4648.0,4824.0,4983.0,4407.0,4869.0,4696.0,4696.0
04-18 23:00,4624.0,4802.0,4933.0,4383.0,4765.0,4646.0,4646.0
04-19 00:00,4576.0,4800.0,4836.0,4494.0,4680.0,4427.0,4427.0
04-19 01:00,4551.0,4787.0,4924.0,4386.0,4672.0,4385.0,4385.0
04-19 02:00,4563.0,4776.0,4934.0,4374.0,4668.0,4386.0,4386.0
04-19 03:00,4567.0,4757.0,4948.0,4365.0,4690.0,4356.0,4356.0
04-19 04:00,4488.0,4730.0,4929.0,4382.0,4677.0,4427.0,4427.0
04-19 05:00,4522.0,4778.0,4945.0,4531.0,4691.0,4468.0,4468.0
04-19 06:00,4529.0,4832.0,4969.0,4559.0,4802.0,4731.0,4731.0
04-19 07:00,4628.0,4856.0,5049.0,4606.0,4836.0,4872.0,4872.0
04-19 08:00,4687.0,4817.0,5080.0,4603.0,4884.0,4826.0,4826.0
04-19 09:00,4723.0,4796.0,5043.0,4579.0,4931.0,4736.0,4736.0
04-19 10:00,4691.0,4781.0,5021.0,4492.0,5021.0,4958.0,4958.0
04-19 11:00,4701.0,4819.0,5053.0,4455.0,4832.0,4623.0,4623.0
04-19 12:00,4765.0,4835.0,5037.0,4420.0,4734.0,4419.0,4419.0
04-19 13:00,4748.0,4774.0,4965.0,4381.0,4711.0,4381.0,4381.0
04-19 14:00,4732.0,4776.0,5005.0,4340.0,4732.0,4478.0,4478.0
04-19 15:00,4738.0,4807.0,4977.0,4348.0,4675.0,4431.0,4431.0
04-19 16:00,4696.0,4795.0,4982.0,4431.0,4729.0,4522.0,4522.0
04-19 17:00,4698.0,4821.0,4978.0,4437.0,4711.0,4647.0,4647.0
04-19 18:00,4686.0,4822.0,4932.0,4562.0,4776.0,4699.0,4699.0
04-19 19:00,4674.0,4834.0,4955.0,4633.0,4819.0,4782.0,4782.0
04-19 20:00,4648.0,4874.0,4955.0,4690.0,4833.0,4727.0,4727.0
04-19 21:00,4596.0,4858.0,4972.0,4551.0,4831.0,4872.0,4872.0
04-19 22:00,4584.0,4801.0,4981.0,4397.0,4769.0,4775.0,4775.0
04-19 23:00,4567.0,4746.0,4963.0,4401.0,4754.0,4756.0,4756.0
04-20 00:00,4539.0,4695.0,4903.0,4388.0,4698.0,4374.0,4374.0
04-20 01:00,4542.0,4688.0,4882.0,4376.0,4738.0,4355.0,4355.0
04-20 02:00,4545.0,4702.0,4891.0,4378.0,4817.0,4359.0,4359.0
04-20 03:00,4517.0,4694.0,4887.0,4375.0,4771.0,4365.0,4365.0
04-20 04:00,4530.0,4744.0,4909.0,4389.0,4798.0,4434.0,4434.0
04-20 05:00,4570.0,4757.0,4914.0,4420.0,4831.0,4538.0,4538.0
04-20 06:00,4634.0,4811.0,4954.0,4501.0,4878.0,4709.0,4709.0
04-20 07:00,4676.0,4808.0,4979.0,4517.0,4885.0,4749.0,4749.0
04-20 08:00,4616.0,4782.0,4974.0,4564.0,4919.0,4745.0,4745.0
04-20 09:00,4587.0,4782.0,4992.0,4544.0,4965.0,4690.0,4690.0
04-20 10:00,4570.0,4780.0,4985.0,4517.0,4999.0,4694.0,4694.0
04-20 11:00,4555.0,4778.0,4962.0,4501.0,4840.0,4551.0,4551.0
04-20 12:00,4571.0,4758.0,4886.0,4467.0,4777.0,4413.0,4413.0
04-20 13:00,4570.0,4742.0,4887.0,4420.0,4762.0,4481.0,4481.0
04-20 14:00,4661.0,4791.0,4850.0,4387.0,4746.0,4389.0,4389.0
04-20 15:00,4611.0,4793.0,4867.0,4383.0,4784.0,4406.0,4406.0
04-20 16:00,4629.0,4832.0,4865.0,4394.0,4865.0,4479.0,4479.0
04-20 17:00,4647.0,4830.0,4972.0,4416.0,4808.0,4635.0,4635.0
04-20 18:00,4647.0,4848.0,4948.0,4465.0,4976.0,4702.0,4702.0
04-20 19:00,4637.0,4872.0,5032.0,4453.0,5052.0,4847.0,4847.0
04-20 20:00,4652.0,4843.0,5010.0,4510.0,4865.0,4710.0,4710.0
04-20 21:00,4660.0,4844.0,5027.0,4651.0,4899.0,4692.0,4692.0
04-20 22:00,4621.0,4807.0,4984.0,4468.0,4915.0,4530.0,4530.0
04-20 23:00,4547.0,4789.0,4933.0,4553.0,4919.0,4435.0,4435.0
04-21 00:00,4500.0,4740.0,4919.0,4465.0,4819.0,4297.0,4297.0
04-21 01:00,4499.0,4735.0,4851.0,4465.0,4761.0,4270.0,4270.0
04-21 02:00,4492.0,4716.0,4861.0,4538.0,4754.0,4308.0,4308.0
04-21 03:00,4479.0,4712.0,4878.0,4559.0,4809.0,4268.0,4268.0
04-21 04:00,4505.0,4723.0,4867.0,4546.0,4704.0,4299.0,4299.0
04-21 05:00,4504.0,4751.0,4918.0,4566.0,4739.0,4429.0,4429.0
04-21 06:00,4542.0,4785.0,4948.0,4623.0,4843.0,4673.0,4673.0
04-21 07:00,4598.0,4837.0,4984.0,4651.0,4810.0,4692.0,4692.0
04-21 08:00,4589.0,4842.0,4973.0,4725.0,4848.0,4800.0,4800.0
04-21 09:00,4540.0,4864.0,4955.0,4713.0,4928.0,4592.0,4592.0
04-21 10:00,4488.0,4809.0,4975.0,4698.0,4782.0,4540.0,4540.0
04-21 11:00,4499.0,4800.0,4974.0,4631.0,4769.0,4399.0,4399.0
04-21 12:00,4483.0,4785.0,4917.0,4617.0,4733.0,4308.0,4308.0
04-21 13:00,4446.0,4731.0,4914.0,4598.0,4661.0,4326.0,4326.0
04-21 14:00,4474.0,4735.0,4896.0,4562.0,4675.0,4291.0,4291.0
04-21 15:00,4494.0,4760.0,4917.0,4558.0,4694.0,4271.0,4271.0
04-21 16:00,4485.0,4763.0,4978.0,4546.0,4701.0,4334.0,4334.0
04-21 17:00,4522.0,4764.0,4965.0,4577.0,4690.0,4451.0,4451.0
04-21 18:00,4558.0,4851.0,4952.0,4598.0,4763.0,4677.0,4677.0
04-21 19:00,4560.0,4843.0,4932.0,4607.0,4783.0,4628.0,4628.0
04-21 20:00,4575.0,4842.0,4897.0,4603.0,4769.0,4621.0,4621.0
04-21 21:00,4585.0,4837.0,4899.0,4598.0,4767.0,4546.0,4546.0
04-21 22:00,4586.0,4802.0,4851.0,4557.0,4751.0,4447.0,4447.0
04-21 23:00,4536.0,4808.0,4818.0,4563.0,4712.0,4380.0,4380.0
04-22 00:00,4497.0,4747.0,4784.0,4513.0,4709.0,4250.0,4250.0
04-22 01:00,4468.0,4726.0,4808.0,4440.0,4649.0,4310.0,4310.0
04-22 02:00,4473.0,4683.0,4804.0,4216.0,4688.0,4264.0,4264.0
04-22 03:00,4475.0,4677.0,4819.0,4240.0,4644.0,4214.0,4214.0
04-22 04:00,4455.0,4721.0,4853.0,4254.0,4646.0,4289.0,4289.0
04-22 05:00,4525.0,4736.0,4875.0,4270.0,4658.0,4527.0,4527.0
04-22 06:00,4581.0,4807.0,4934.0,4278.0,4757.0,4853.0,4853.0
04-22 07:00,4632.0,4855.0,4871.0,4306.0,4868.0,4891.0,4891.0
04-22 08:00,4614.0,4884.0,4908.0,4389.0,4916.0,4875.0,4875.0
04-22 09:00,4566.0,4818.0,4992.0,4400.0,4863.0,4695.0,4695.0
04-22 10:00,4533.0,4818.0,4969.0,4344.0,4988.0,4499.0,4499.0
04-22 11:00,4514.0,4795.0,4898.0,4328.0,4972.0,4478.0,4478.0
04-22 12:00,4512.0,4768.0,4861.0,4292.0,4805.0,4438.0,4438.0
04-22 13:00,4521.0,4778.0,4900.0,4257.0,4670.0,4299.0,4299.0
04-22 14:00,4553.0,4795.0,4869.0,4243.0,4706.0,4255.0,4255.0
04-22 15:00,4555.0,4804.0,4904.0,4223.0,4684.0,4358.0,4358.0
04-22 16:00,4598.0,4800.0,4906.0,4221.0,4868.0,4471.0,4471.0
04-22 17:00,4624.0,4781.0,4928.0,4243.0,4832.0,4677.0,4677.0
04-22 18:00,4678.0,4792.0,4916.0,4268.0,4962.0,4776.0,4776.0
04-22 19:00,4676.0,4797.0,4924.0,4294.0,4933.0,4868.0,4868.0
04-22 20:00,4671.0,4802.0,4908.0,4308.0,4871.0,4827.0,4827.0
04-22 21:00,4682.0,4784.0,4920.0,4315.0,4915.0,4797.0,4797.0
04-22 22:00,4633.0,4804.0,4899.0,4282.0,4777.0,4692.0,4692.0
04-22 23:00,4587.0,4800.0,4898.0,4233.0,4903.0,4522.0,4522.0
04-23 00:00,4572.0,4785.0,4800.0,4212.0,4789.0,4412.0,4412.0
04-23 01:00,4534.0,4783.0,4799.0,4379.0,4818.0,4336.0,4336.0
04-23 02:00,4537.0,4785.0,4802.0,4278.0,4779.0,4323.0,4323.0
04-23 03:00,4546.0,4752.0,4892.0,4128.0,4794.0,4358.0,4358.0
04-23 04:00,4559.0,4769.0,4823.0,4142.0,4807.0,4360.0,4360.0
04-23 05:00,4608.0,4752.0,4821.0,4163.0,4890.0,4600.0,4600.0
04-23 06:00,4635.0,4763.0,4854.0,4261.0,4904.0,4754.0,4754.0
04-23 07:00,4677.0,4837.0,4854.0,4325.0,4891.0,4960.0,4960.0
04-23 08:00,4605.0,4835.0,4895.0,4612.0,5031.0,4930.0,4930.0
04-23 09:00,4615.0,4841.0,4943.0,4529.0,4960.0,4840.0,4840.0
04-23 10:00,4538.0,4874.0,4953.0,4257.0,4936.0,4723.0,4723.0
04-23 11:00,4508.0,4888.0,4995.0,4215.0,4811.0,4588.0,4588.0
04-23 12:00,4553.0,4875.0,4932.0,4193.0,4902.0,4509.0,4509.0
04-23 13:00,4568.0,4872.0,4912.0,4194.0,4659.0,4503.0,4503.0
04-23 14:00,4546.0,4842.0,4874.0,4179.0,4832.0,4507.0,4507.0
04-23 15:00,4568.0,4817.0,4921.0,4210.0,4912.0,4482.0,4482.0
04-23 16:00,4533.0,4785.0,4946.0,4205.0,4882.0,4604.0,4604.0
04-23 17:00,4580.0,4795.0,4946.0,4284.0,4849.0,4695.0,4695.0
04-23 18:00,4634.0,4809.0,4977.0,4294.0,4993.0,4789.0,4789.0
04-23 19:00,4668.0,4824.0,4976.0,4330.0,4924.0,4880.0,4880.0
04-23 20:00,4593.0,4819.0,4949.0,4304.0,4843.0,5097.0,5097.0
04-23 21:00,4644.0,4805.0,4941.0,4357.0,4889.0,4994.0,4994.0
04-23 22:00,4576.0,4787.0,4884.0,4254.0,5001.0,4907.0,4907.0
04-23 23:00,4605.0,4785.0,4864.0,4200.0,5132.0,4641.0,4641.0
04-24 00:00,4517.0,4782.0,4845.0,4169.0,4700.0,4449.0,4449.0
04-24 01:00,4568.0,4765.0,4908.0,4148.0,4765.0,4376.0,4376.0
04-24 02:00,4538.0,4790.0,4930.0,4170.0,4660.0,4368.0,4368.0
04-24 03:00,4573.0,4795.0,4914.0,4168.0,4814.0,4447.0,4447.0
04-24 04:00,4572.0,4805.0,4952.0,4180.0,4830.0,4408.0,4408.0
04-24 05:00,4648.0,4794.0,4975.0,4207.0,4966.0,4468.0,4468.0
04-24 06:00,4670.0,4805.0,4988.0,4275.0,4946.0,4608.0,4608.0
04-24 07:00,4704.0,4878.0,5036.0,4333.0,4848.0,4668.0,4668.0
04-24 08:00,4651.0,4949.0,5036.0,4356.0,4883.0,4718.0,4718.0
04-24 09:00,4625.0,4920.0,4949.0,4355.0,4819.0,4671.0,4671.0
04-24 10:00,4600.0,4917.0,4864.0,4273.0,4909.0,4567.0,4567.0
04-24 11:00,4602.0,4913.0,4843.0,4296.0,4768.0,4537.0,4537.0
04-24 12:00,4619.0,4880.0,4879.0,4273.0,4659.0,4481.0,4481.0
04-24 13:00,4634.0,4906.0,4843.0,4228.0,4649.0,4408.0,4408.0
04-24 14:00,4601.0,4899.0,4851.0,4228.0,4679.0,4398.0,4398.0
04-24 15:00,4568.0,4921.0,4834.0,4224.0,4618.0,4451.0,4451.0
04-24 16:00,4626.0,4945.0,4913.0,4278.0,4727.0,4561.0,4561.0
04-24 17:00,4672.0,4977.0,4924.0,4315.0,4757.0,4646.0,4646.0
04-24 18:00,4697.0,4943.0,4973.0,4328.0,4743.0,4771.0,4771.0
04-24 19:00,4654.0,4957.0,4933.0,4364.0,4906.0,4899.0,4899.0
04-24 20:00,4626.0,4941.0,5011.0,4376.0,4887.0,4911.0,4911.0
04-24 21:00,4626.0,4940.0,5019.0,4356.0,4832.0,4687.0,4687.0
04-24 22:00,4622.0,4921.0,4943.0,4280.0,4750.0,4623.0,4623.0
04-24 23:00,4589.0,4919.0,4915.0,4260.0,4757.0,4566.0,4566.0
04-25 00:00,4530.0,4922.0,4830.0,4211.0,4684.0,4512.0,4512.0
04-25 01:00,4509.0,4922.0,4792.0,4176.0,4707.0,4519.0,4519.0
04-25 02:00,4519.0,4913.0,4833.0,4165.0,5044.0,4441.0,4441.0
04-25 03:00,4521.0,4912.0,4798.0,4173.0,4992.0,4433.0,4433.0
04-25 04:00,4529.0,4904.0,4840.0,4148.0,4702.0,4396.0,4396.0
04-25 05:00,4494.0,4937.0,4864.0,4169.0,4772.0,4477.0,4477.0
04-25 06:00,4552.0,5012.0,4913.0,4233.0,4913.0,4671.0,4671.0
04-25 07:00,4619.0,5057.0,4976.0,4297.0,5059.0,4669.0,4669.0
04-25 08:00,4698.0,5120.0,4946.0,4331.0,5232.0,4727.0,4727.0
04-25 09:00,4712.0,5045.0,4912.0,4303.0,5063.0,4621.0,4621.0
04-25 10:00,4666.0,4829.0,4917.0,4226.0,5001.0,4597.0,4597.0
04-25 11:00,4656.0,4821.0,4882.0,4240.0,4776.0,4545.0,4545.0
04-25 12:00,4652.0,4828.0,4866.0,4232.0,4735.0,4505.0,4505.0
04-25 13:00,4647.0,4813.0,4859.0,4261.0,4746.0,4551.0,4551.0
04-25 14:00,4614.0,4816.0,4838.0,4235.0,4741.0,4557.0,4557.0
04-25 15:00,4630.0,4822.0,4848.0,4237.0,4817.0,4511.0,4511.0
04-25 16:00,4647.0,4847.0,4906.0,4266.0,5064.0,4512.0,4512.0
04-25 17:00,4646.0,4882.0,4907.0,4308.0,5327.0,4649.0,4649.0
04-25 18:00,4645.0,4888.0,4898.0,4314.0,5221.0,4740.0,4740.0
04-25 19:00,4713.0,4872.0,4912.0,4348.0,5419.0,4825.0,4825.0
04-25 20:00,4707.0,4849.0,4863.0,4333.0,5240.0,4832.0,4832.0
04-25 21:00,4693.0,4849.0,4905.0,4307.0,4972.0,4834.0,4834.0
04-25 22:00,4660.0,4816.0,4889.0,4249.0,4949.0,4744.0,4744.0
04-25 23:00,4611.0,4806.0,4887.0,4252.0,4882.0,4607.0,4607.0
04-26 00:00,4616.0,4809.0,4792.0,4239.0,4818.0,4542.0,4542.0
04-26 01:00,4583.0,4779.0,4829.0,4231.0,4822.0,4484.0,4484.0
04-26 02:00,4537.0,4755.0,4816.0,4212.0,4894.0,4390.0,4390.0
04-26 03:00,4606.0,4730.0,4773.0,4220.0,4687.0,4389.0,4389.0
04-26 04:00,4571.0,4763.0,4792.0,4237.0,4645.0,4413.0,4413.0
04-26 05:00,4565.0,4772.0,4848.0,4251.0,4688.0,4557.0,4557.0
04-26 06:00,4601.0,4817.0,4933.0,4326.0,4919.0,4828.0,4828.0
04-26 07:00,4620.0,4851.0,4954.0,4401.0,5322.0,4860.0,4860.0
04-26 08:00,4643.0,4847.0,4962.0,4651.0,5344.0,4912.0,4912.0
04-26 09:00,4695.0,4882.0,4995.0,4370.0,5135.0,4847.0,4847.0
04-26 10:00,4694.0,4861.0,4966.0,4316.0,4961.0,4651.0,4651.0
04-26 11:00,4678.0,4837.0,5019.0,4288.0,5369.0,4591.0,4591.0
04-26 12:00,4677.0,4831.0,4951.0,4281.0,5258.0,4500.0,4500.0
04-26 13:00,4659.0,4823.0,4960.0,4295.0,4763.0,4432.0,4432.0
04-26 14:00,4621.0,4844.0,4915.0,4274.0,5102.0,4470.0,4470.0
04-26 15:00,4620.0,4844.0,4940.0,4287.0,4915.0,4458.0,4458.0
04-26 16:00,4636.0,4839.0,4901.0,4297.0,4945.0,4555.0,4555.0
04-26 17:00,4637.0,4866.0,4985.0,4350.0,5170.0,4684.0,4684.0
04-26 18:00,4657.0,4869.0,4988.0,4365.0,5169.0,4799.0,4799.0
04-26 19:00,4660.0,4863.0,4922.0,4407.0,5015.0,4840.0,4840.0
04-26 20:00,4652.0,4836.0,4903.0,4493.0,4991.0,4812.0,4812.0
04-26 21:00,4676.0,4830.0,4903.0,4403.0,5159.0,4754.0,4754.0
04-26 22:00,4665.0,4792.0,4893.0,4353.0,5023.0,4627.0,4627.0
04-26 23:00,4621.0,4775.0,4869.0,4337.0,5018.0,4464.0,4464.0
04-27 00:00,4640.0,4761.0,4803.0,4259.0,4980.0,4351.0,4351.0
04-27 01:00,4646.0,4771.0,4813.0,4243.0,4792.0,4331.0,4331.0
04-27 02:00,4591.0,4727.0,4749.0,4269.0,4731.0,4314.0,4314.0
04-27 03:00,4602.0,4711.0,4757.0,4272.0,4751.0,4394.0,4394.0
04-27 04:00,4595.0,4713.0,4763.0,4304.0,4694.0,4433.0,4433.0
04-27 05:00,4617.0,4731.0,4819.0,4317.0,4707.0,4450.0,4450.0
04-27 06:00,4683.0,4777.0,4930.0,4396.0,4832.0,4667.0,4667.0
04-27 07:00,4731.0,4819.0,4983.0,4440.0,4876.0,4707.0,4707.0
04-27 08:00,4674.0,4829.0,4920.0,4487.0,5004.0,4788.0,4788.0
04-27 09:00,4648.0,4790.0,4887.0,4487.0,4878.0,4923.0,4923.0
04-27 10:00,4618.0,4787.0,4861.0,4405.0,4881.0,4502.0,4502.0
04-27 11:00,4613.0,4787.0,4886.0,4401.0,4875.0,4427.0,4427.0
04-27 12:00,4595.0,4787.0,4864.0,4352.0,4822.0,4336.0,4336.0
04-27 13:00,4558.0,4778.0,4863.0,4367.0,4753.0,4353.0,4353.0
04-27 14:00,4609.0,4785.0,4880.0,4367.0,4731.0,4342.0,4342.0
04-27 15:00,4612.0,4808.0,4851.0,4382.0,4798.0,4449.0,4449.0
04-27 16:00,4625.0,4822.0,4916.0,4399.0,5101.0,4529.0,4529.0
04-27 17:00,4661.0,4844.0,4919.0,4438.0,5374.0,4734.0,4734.0
04-27 18:00,4698.0,4856.0,4980.0,4487.0,5631.0,5080.0,5080.0
04-27 19:00,4706.0,4867.0,4981.0,4632.0,5557.0,5108.0,5108.0
04-27 20:00,4714.0,4883.0,4933.0,4653.0,5341.0,5113.0,5113.0
04-27 21:00,4728.0,4881.0,4923.0,4696.0,5309.0,4925.0,4925.0
04-27 22:00,4650.0,4848.0,4843.0,4459.0,5264.0,4602.0,4602.0
04-27 23:00,4634.0,4828.0,4808.0,4353.0,5026.0,4461.0,4461.0
04-28 00:00,4599.0,4798.0,4842.0,4326.0,4950.0,4556.0,4556.0
04-28 01:00,4606.0,4794.0,4832.0,4314.0,4826.0,4333.0,4333.0
04-28 02:00,4614.0,4788.0,4747.0,4307.0,4866.0,4371.0,4371.0
04-28 03:00,4619.0,4769.0,4759.0,4293.0,4857.0,4405.0,4405.0
04-28 04:00,4599.0,4763.0,4827.0,4309.0,4879.0,4432.0,4432.0
04-28 05:00,4597.0,4777.0,4826.0,4314.0,4881.0,4526.0,4526.0
04-28 06:00,4673.0,4821.0,4892.0,4346.0,4849.0,4956.0,4956.0
04-28 07:00,4712.0,4861.0,4965.0,4394.0,4916.0,4749.0,4749.0
04-28 08:00,4640.0,4847.0,4929.0,4422.0,4978.0,4743.0,4743.0
04-28 09:00,4608.0,4879.0,4943.0,4431.0,4971.0,4950.0,4950.0
04-28 10:00,4598.0,4879.0,4955.0,4393.0,4941.0,4776.0,4776.0
04-28 11:00,4606.0,4844.0,4998.0,4388.0,4914.0,4484.0,4484.0
04-28 12:00,4619.0,4810.0,4938.0,4346.0,4932.0,4399.0,4399.0
04-28 13:00,4621.0,4814.0,4901.0,4341.0,4908.0,4379.0,4379.0
04-28 14:00,4592.0,4824.0,4946.0,4309.0,4863.0,4413.0,4413.0
04-28 15:00,4608.0,4833.0,4941.0,4322.0,4767.0,4469.0,4469.0
04-28 16:00,4690.0,4837.0,4958.0,4329.0,4856.0,4614.0,4614.0
04-28 17:00,4697.0,4877.0,4888.0,4353.0,4917.0,4832.0,4832.0
04-28 18:00,4721.0,4866.0,4885.0,4422.0,5037.0,4943.0,4943.0
04-28 19:00,4725.0,4881.0,4904.0,4436.0,5013.0,4862.0,4862.0
04-28 20:00,4676.0,4885.0,4999.0,4428.0,5254.0,5243.0,5243.0
04-28 21:00,4732.0,4897.0,4955.0,4480.0,5117.0,4935.0,4935.0
04-28 22:00,4751.0,4879.0,4925.0,4381.0,4987.0,4799.0,4799.0
04-28 23:00,4685.0,4832.0,4865.0,4377.0,4836.0,4502.0,4502.0
04-29 00:00,4699.0,4774.0,4813.0,4337.0,4842.0,4340.0,4340.0
04-29 01:00,4661.0,4770.0,4747.0,4314.0,4728.0,4329.0,4329.0
04-29 02:00,4669.0,4753.0,4727.0,4314.0,4705.0,4305.0,4305.0
04-29 03:00,4675.0,4740.0,4704.0,4316.0,4759.0,4301.0,4301.0
04-29 04:00,4641.0,4743.0,4751.0,4318.0,4806.0,4381.0,4381.0
04-29 05:00,4648.0,4763.0,4763.0,4447.0,4946.0,4440.0,4440.0
04-29 06:00,4704.0,4813.0,4818.0,4555.0,5241.0,4674.0,4674.0
04-29 07:00,4742.0,4838.0,4903.0,4643.0,5337.0,5285.0,5285.0
04-29 08:00,4703.0,4870.0,4933.0,4710.0,5364.0,5245.0,5245.0
04-29 09:00,4714.0,4841.0,4943.0,4713.0,5058.0,4921.0,4921.0
04-29 10:00,4693.0,4829.0,5142.0,4716.0,5078.0,4807.0,4807.0
04-29 11:00,4675.0,4835.0,5104.0,4704.0,4966.0,4793.0,4793.0
04-29 12:00,4597.0,4822.0,4878.0,4422.0,4943.0,4503.0,4503.0
04-29 13:00,4582.0,4787.0,4868.0,4399.0,4933.0,4418.0,4418.0
04-29 14:00,4567.0,4823.0,4845.0,4364.0,4743.0,4606.0,4606.0
04-29 15:00,4637.0,4801.0,4827.0,4350.0,4877.0,4558.0,4558.0
04-29 16:00,4695.0,4829.0,4832.0,4365.0,4935.0,4752.0,4752.0
04-29 17:00,4757.0,4839.0,4848.0,4618.0,5151.0,4868.0,4868.0
04-29 18:00,4811.0,4877.0,4900.0,4662.0,5094.0,4784.0,4784.0
04-29 19:00,4833.0,4873.0,4901.0,4697.0,5285.0,4857.0,4857.0
04-29 20:00,4854.0,4874.0,4843.0,4653.0,5277.0,4837.0,4837.0
04-29 21:00,4843.0,4863.0,4868.0,4638.0,5291.0,4682.0,4682.0
04-29 22:00,4808.0,4794.0,4873.0,4616.0,4781.0,4542.0,4542.0
04-29 23:00,4669.0,4786.0,4921.0,4592.0,4724.0,4467.0,4467.0
04-30 00:00,4640.0,4745.0,4952.0,4558.0,4778.0,4365.0,4365.0
04-30 01:00,4638.0,4740.0,4843.0,4563.0,4699.0,4345.0,4345.0
04-30 02:00,4644.0,4740.0,4842.0,4544.0,4664.0,4317.0,4317.0
04-30 03:00,4625.0,4730.0,4804.0,4549.0,4648.0,4402.0,4402.0
04-30 04:00,4661.0,4757.0,4791.0,4574.0,4705.0,4385.0,4385.0
04-30 05:00,4647.0,4759.0,4775.0,4638.0,4686.0,4456.0,4456.0
04-30 06:00,4740.0,4764.0,4841.0,4662.0,5202.0,4742.0,4742.0
04-30 07:00,4809.0,4830.0,5113.0,4743.0,5633.0,4986.0,4986.0
04-30 08:00,4757.0,4836.0,5056.0,4787.0,5434.0,5098.0,5098.0
04-30 09:00,4729.0,4838.0,4931.0,4768.0,5316.0,5121.0,5121.0
04-30 10:00,4683.0,4828.0,4841.0,4729.0,5038.0,4800.0,4800.0
04-30 11:00,4683.0,4823.0,4902.0,4712.0,4979.0,4646.0,4646.0
04-30 12:00,4706.0,4810.0,4874.0,4671.0,4783.0,4544.0,4544.0
04-30 13:00,4666.0,4813.0,4827.0,4694.0,4798.0,4598.0,4598.0
04-30 14:00,4687.0,4821.0,4473.0,4641.0,4775.0,4457.0,4457.0
04-30 15:00,4729.0,4798.0,4840.0,4680.0,4857.0,4493.0,4493.0
04-30 16:00,4719.0,4796.0,4833.0,4716.0,4860.0,4538.0,4538.0
04-30 17:00,4734.0,4805.0,4799.0,4665.0,4979.0,4815.0,4815.0
04-30 18:00,4803.0,4782.0,4874.0,4678.0,5032.0,5039.0,5039.0
04-30 19:00,4789.0,4823.0,4934.0,4760.0,5053.0,5047.0,5047.0
04-30 20:00,4778.0,4797.0,4920.0,4853.0,5062.0,4881.0,4881.0
04-30 21:00,4765.0,4829.0,4897.0,5013.0,5010.0,4883.0,4883.0
04-30 22:00,4792.0,4830.0,4903.0,4888.0,4916.0,4714.0,4714.0
04-30 23:00,4753.0,4795.0,4827.0,4739.0,4893.0,4529.0,4529.0
05-01 00:00,4702.0,4760.0,4770.0,4673.0,4933.0,4574.0,4574.0
05-01 01:00,4706.0,4743.0,4748.0,4657.0,4882.0,4587.0,4587.0
05-01 02:00,4693.0,4730.0,4748.0,4664.0,4857.0,4522.0,4522.0
05-01 03:00,4665.0,4737.0,4723.0,4642.0,4875.0,4506.0,4506.0
05-01 04:00,4708.0,4777.0,4793.0,4640.0,4922.0,4505.0,4505.0
05-01 05:00,4722.0,4780.0,4749.0,4646.0,4772.0,4569.0,4569.0
05-01 06:00,4682.0,4782.0,4779.0,4672.0,4797.0,4640.0,4640.0
05-01 07:00,4693.0,4843.0,4844.0,4718.0,4843.0,4789.0,4789.0
05-01 08:00,4730.0,4875.0,4886.0,4749.0,4954.0,4751.0,4751.0
05-01 09:00,4751.0,4894.0,4868.0,4745.0,4967.0,4770.0,4770.0
05-01 10:00,4725.0,4884.0,4868.0,4746.0,4917.0,4697.0,4697.0
05-01 11:00,4734.0,4874.0,4846.0,4735.0,4876.0,4664.0,4664.0
05-01 12:00,4705.0,4868.0,4872.0,4718.0,4847.0,4539.0,4539.0
05-01 13:00,4701.0,4830.0,4826.0,4730.0,4794.0,4484.0,4484.0
05-01 14:00,4702.0,4815.0,4813.0,4707.0,4737.0,4523.0,4523.0
05-01 15:00,4662.0,4807.0,4776.0,4709.0,4661.0,4546.0,4546.0
05-01 16:00,4659.0,4803.0,4819.0,4728.0,4813.0,4587.0,4587.0
05-01 17:00,4693.0,4801.0,4922.0,4752.0,4868.0,4704.0,4704.0
05-01 18:00,4718.0,4818.0,5029.0,4775.0,4950.0,5163.0,5163.0
05-01 19:00,4736.0,4822.0,5066.0,4800.0,4989.0,5057.0,5057.0
05-01 20:00,4742.0,4798.0,4992.0,4785.0,4921.0,4872.0,4872.0
05-01 21:00,4771.0,4807.0,4798.0,4773.0,4989.0,4905.0,4905.0
05-01 22:00,4745.0,4776.0,4882.0,4748.0,5167.0,5007.0,5007.0
05-01 23:00,4731.0,4775.0,4738.0,4713.0,4882.0,4824.0,4824.0
05-02 00:00,4596.0,4750.0,4669.0,4637.0,4786.0,4747.0,4747.0
05-02 01:00,4587.0,4756.0,4693.0,4655.0,4776.0,4460.0,4460.0
05-02 02:00,4597.0,4773.0,4680.0,4649.0,4800.0,4436.0,4436.0
05-02 03:00,4583.0,4785.0,4681.0,4654.0,4773.0,4425.0,4425.0
05-02 04:00,4632.0,4755.0,4697.0,4651.0,4770.0,4398.0,4398.0
05-02 05:00,4624.0,4761.0,4668.0,4674.0,4915.0,4451.0,4451.0
05-02 06:00,4647.0,4807.0,4787.0,4754.0,5022.0,4553.0,4553.0
05-02 07:00,4650.0,4912.0,4783.0,4799.0,5491.0,4641.0,4641.0
05-02 08:00,4730.0,4919.0,4817.0,4859.0,5661.0,4682.0,4682.0
05-02 09:00,4723.0,4930.0,4794.0,5000.0,5533.0,4632.0,4632.0
05-02 10:00,4708.0,4905.0,4855.0,4891.0,5125.0,4597.0,4597.0
05-02 11:00,4721.0,4912.0,4796.0,4750.0,4984.0,4595.0,4595.0
05-02 12:00,4672.0,4889.0,4868.0,4711.0,4940.0,4549.0,4549.0
05-02 13:00,4684.0,4874.0,4909.0,4720.0,4920.0,4568.0,4568.0
05-02 14:00,4650.0,4842.0,4851.0,4691.0,4803.0,4355.0,4355.0
05-02 15:00,4648.0,4835.0,4822.0,4728.0,4834.0,4366.0,4366.0
05-02 16:00,4632.0,4759.0,4790.0,4773.0,4864.0,4438.0,4438.0
05-02 17:00,4684.0,4751.0,4914.0,4770.0,5087.0,4711.0,4711.0
05-02 18:00,4726.0,4772.0,4886.0,4782.0,5685.0,4779.0,4779.0
05-02 19:00,4676.0,4807.0,4931.0,4857.0,5193.0,4793.0,4793.0
05-02 20:00,4660.0,4788.0,4905.0,5043.0,4927.0,4793.0,4793.0
05-02 21:00,4715.0,4796.0,4870.0,4828.0,5018.0,4815.0,4815.0
05-02 22:00,4668.0,4793.0,4875.0,4713.0,5025.0,4866.0,4866.0
05-02 23:00,4633.0,4778.0,4870.0,4718.0,4751.0,4590.0,4590.0
05-03 00:00,4615.0,4782.0,4772.0,4670.0,4776.0,4485.0,4485.0
05-03 01:00,4592.0,4765.0,4715.0,4603.0,4741.0,4397.0,4397.0
05-03 02:00,4587.0,4797.0,4710.0,4627.0,4847.0,4372.0,4372.0
05-03 03:00,4575.0,4779.0,4714.0,4644.0,4801.0,4320.0,4320.0
05-03 04:00,4592.0,4773.0,4705.0,4641.0,4812.0,4390.0,4390.0
05-03 05:00,4631.0,4799.0,4715.0,4643.0,4798.0,4562.0,4562.0
05-03 06:00,4601.0,4868.0,4795.0,4760.0,5498.0,4796.0,4796.0
05-03 07:00,4683.0,4879.0,4860.0,5039.0,5667.0,5270.0,5270.0
05-03 08:00,4720.0,4812.0,4921.0,5062.0,5479.0,5265.0,5265.0
05-03 09:00,4692.0,4804.0,4901.0,4904.0,4918.0,4773.0,4773.0
05-03 10:00,4679.0,4724.0,4828.0,4746.0,4964.0,4872.0,4872.0
05-03 11:00,4705.0,4796.0,4806.0,4451.0,5102.0,4576.0,4576.0
05-03 12:00,4665.0,4819.0,4813.0,4473.0,4910.0,4525.0,4525.0
05-03 13:00,4621.0,4817.0,4781.0,4485.0,4771.0,4452.0,4452.0
05-03 14:00,4562.0,4784.0,4830.0,4581.0,4721.0,4384.0,4384.0
05-03 15:00,4548.0,4819.0,4827.0,4708.0,4703.0,4466.0,4466.0
05-03 16:00,4558.0,4832.0,4821.0,4740.0,4713.0,4553.0,4553.0
05-03 17:00,4594.0,4842.0,4865.0,4733.0,4917.0,4772.0,4772.0
05-03 18:00,4686.0,4814.0,4887.0,4932.0,5525.0,4904.0,4904.0
05-03 19:00,4677.0,4846.0,4873.0,4962.0,5452.0,5152.0,5152.0
05-03 20:00,4683.0,4864.0,4818.0,4956.0,5079.0,5242.0,5242.0
05-03 21:00,4643.0,4876.0,4830.0,4754.0,5055.0,5284.0,5284.0
05-03 22:00,4630.0,4866.0,4781.0,4696.0,5217.0,4844.0,4844.0
05-03 23:00,4616.0,4863.0,4782.0,4662.0,4951.0,4694.0,4694.0
05-04 00:00,4519.0,4828.0,4711.0,4638.0,5015.0,4507.0,4507.0
05-04 01:00,4494.0,4861.0,4684.0,4646.0,4707.0,4528.0,4528.0
05-04 02:00,4451.0,4815.0,4706.0,4644.0,4679.0,4487.0,4487.0
05-04 03:00,4482.0,4837.0,4718.0,4626.0,4653.0,4441.0,4441.0
05-04 04:00,4488.0,4810.0,4704.0,4636.0,4644.0,4441.0,4441.0
05-04 05:00,4499.0,4851.0,4787.0,4685.0,4601.0,4569.0,4569.0
05-04 06:00,4529.0,4960.0,4844.0,4997.0,4698.0,4811.0,4811.0
05-04 07:00,4534.0,4963.0,4811.0,4789.0,4747.0,4710.0,4710.0
05-04 08:00,4551.0,4975.0,4802.0,5005.0,4826.0,4844.0,4844.0
05-04 09:00,4539.0,4929.0,4791.0,4988.0,4842.0,4532.0,4532.0
05-04 10:00,4479.0,4870.0,4766.0,5010.0,4826.0,4505.0,4505.0
05-04 11:00,4497.0,4896.0,4768.0,4719.0,4812.0,4322.0,4322.0
05-04 12:00,4449.0,4876.0,4799.0,4706.0,4717.0,4338.0,4338.0
05-04 13:00,4447.0,4875.0,4792.0,4702.0,4727.0,4484.0,4484.0
05-04 14:00,4454.0,4880.0,4774.0,4697.0,4809.0,4401.0,4401.0
05-04 15:00,4443.0,4895.0,4814.0,4702.0,4616.0,4361.0,4361.0
05-04 16:00,4478.0,4918.0,4828.0,4717.0,4646.0,4338.0,4338.0
05-04 17:00,4554.0,4960.0,4839.0,4701.0,4691.0,4571.0,4571.0
05-04 18:00,4564.0,5019.0,4831.0,4681.0,4780.0,5035.0,5035.0
05-04 19:00,4555.0,5003.0,4922.0,4966.0,4846.0,4849.0,4849.0
05-04 20:00,4550.0,4947.0,4863.0,4880.0,4842.0,4900.0,4900.0
05-04 21:00,4559.0,4922.0,4821.0,4780.0,4823.0,4806.0,4806.0
05-04 22:00,4559.0,4901.0,4793.0,4712.0,4818.0,4695.0,4695.0
05-04 23:00,4502.0,4917.0,4790.0,4669.0,4763.0,4635.0,4635.0
05-05 00:00,4493.0,4843.0,4706.0,4640.0,4691.0,4629.0,4629.0
05-05 01:00,4463.0,4833.0,4711.0,4650.0,4739.0,4319.0,4319.0
05-05 02:00,4463.0,4837.0,4710.0,4664.0,4742.0,4094.0,4094.0
05-05 03:00,4430.0,4872.0,4652.0,4651.0,4739.0,4302.0,4302.0
05-05 04:00,4444.0,4883.0,4685.0,4653.0,4704.0,4465.0,4465.0
05-05 05:00,4542.0,4866.0,4708.0,4671.0,4681.0,4521.0,4521.0
05-05 06:00,4633.0,4878.0,4791.0,4706.0,4744.0,4987.0,4987.0
05-05 07:00,4641.0,4944.0,4864.0,4735.0,4793.0,4969.0,4969.0
05-05 08:00,4680.0,4987.0,4866.0,5023.0,4937.0,4867.0,4867.0
05-05 09:00,4599.0,4997.0,4821.0,4991.0,4814.0,4364.0,4364.0
05-05 10:00,4638.0,4987.0,4847.0,4933.0,4894.0,4778.0,4778.0
05-05 11:00,4517.0,4981.0,4889.0,4993.0,4948.0,4575.0,4575.0
05-05 12:00,4594.0,4942.0,4894.0,4976.0,4824.0,4627.0,4627.0
05-05 13:00,4512.0,4883.0,4863.0,4738.0,4751.0,4387.0,4387.0
05-05 14:00,4456.0,4855.0,4802.0,4659.0,4757.0,4374.0,4374.0
05-05 15:00,4421.0,4848.0,4818.0,4658.0,4735.0,4206.0,4206.0
05-05 16:00,4406.0,4826.0,4817.0,4661.0,4704.0,4389.0,4389.0
05-05 17:00,4469.0,4859.0,4819.0,4652.0,4893.0,4699.0,4699.0
05-05 18:00,4530.0,4872.0,4846.0,4831.0,4934.0,4701.0,4701.0
05-05 19:00,4555.0,4881.0,4843.0,4926.0,4936.0,4855.0,4855.0
05-05 20:00,4593.0,4885.0,4820.0,4871.0,4911.0,4855.0,4855.0
05-05 21:00,4613.0,4884.0,4819.0,4900.0,5022.0,4583.0,4583.0
05-05 22:00,4578.0,4883.0,4808.0,4760.0,4826.0,4543.0,4543.0
05-05 23:00,4502.0,4868.0,4827.0,4633.0,4799.0,4591.0,4591.0
05-06 00:00,4436.0,4823.0,4779.0,4801.0,4700.0,4524.0,4524.0
05-06 01:00,4429.0,4793.0,4766.0,4562.0,4570.0,4466.0,4466.0
05-06 02:00,4479.0,4818.0,4725.0,4564.0,4633.0,4345.0,4345.0
05-06 03:00,4479.0,4820.0,4737.0,4565.0,4729.0,4390.0,4390.0
05-06 04:00,4456.0,4844.0,4752.0,4565.0,4749.0,4316.0,4316.0
05-06 05:00,4449.0,4844.0,4782.0,4565.0,4950.0,4344.0,4344.0
05-06 06:00,4636.0,4878.0,4798.0,4612.0,5318.0,4860.0,4860.0
05-06 07:00,4736.0,4901.0,4845.0,4667.0,5539.0,5030.0,5030.0
05-06 08:00,4705.0,4936.0,4905.0,4730.0,5280.0,5079.0,5079.0
05-06 09:00,4622.0,4922.0,4933.0,4719.0,4973.0,4989.0,4989.0
05-06 10:00,4538.0,4894.0,4913.0,4711.0,4971.0,5025.0,5025.0
05-06 11:00,4537.0,4840.0,4834.0,4683.0,5330.0,4955.0,4955.0
05-06 12:00,4501.0,4818.0,4810.0,4664.0,5131.0,4661.0,4661.0
05-06 13:00,4483.0,4784.0,4798.0,4641.0,4731.0,4632.0,4632.0
05-06 14:00,4480.0,4738.0,4774.0,4612.0,4734.0,4766.0,4766.0
05-06 15:00,4518.0,4767.0,4754.0,4567.0,4733.0,4630.0,4630.0
05-06 16:00,4482.0,4746.0,4740.0,4605.0,4921.0,4744.0,4744.0
05-06 17:00,4538.0,4774.0,4757.0,4595.0,4968.0,4947.0,4947.0
05-06 18:00,4617.0,4789.0,4782.0,4653.0,5277.0,5030.0,5030.0
05-06 19:00,4667.0,4796.0,4794.0,4784.0,5061.0,4968.0,4968.0
05-06 20:00,4680.0,4778.0,4773.0,4927.0,5131.0,4989.0,4989.0
05-06 21:00,4657.0,4772.0,4770.0,4693.0,5077.0,5055.0,5055.0
05-06 22:00,4600.0,4761.0,4739.0,4756.0,4984.0,4923.0,4923.0
05-06 23:00,4579.0,4779.0,4706.0,4609.0,4711.0,4813.0,4813.0
05-07 00:00,4484.0,4754.0,4684.0,4592.0,4662.0,4706.0,4706.0
05-07 01:00,4497.0,4755.0,4659.0,4560.0,4675.0,4800.0,4800.0
05-07 02:00,4448.0,4754.0,4624.0,4555.0,4631.0,4592.0,4592.0
05-07 03:00,4410.0,4777.0,4609.0,4554.0,4649.0,4517.0,4517.0
05-07 04:00,4439.0,4775.0,4649.0,4571.0,4936.0,4638.0,4638.0
05-07 05:00,4465.0,4817.0,4657.0,4602.0,4767.0,4742.0,4742.0
05-07 06:00,4518.0,4843.0,4731.0,4896.0,5096.0,4876.0,4876.0
05-07 07:00,4579.0,4902.0,4775.0,4740.0,5232.0,5018.0,5018.0
05-07 08:00,4634.0,4916.0,4823.0,4937.0,5189.0,4963.0,4963.0
05-07 09:00,4627.0,4924.0,4845.0,4850.0,4918.0,4889.0,4889.0
05-07 10:00,4641.0,4917.0,4836.0,4706.0,4924.0,4783.0,4783.0
05-07 11:00,4601.0,4867.0,4928.0,4712.0,4887.0,4699.0,4699.0
05-07 12:00,4612.0,4807.0,4860.0,4748.0,4795.0,4654.0,4654.0
05-07 13:00,4592.0,4786.0,4743.0,4675.0,4772.0,4713.0,4713.0
05-07 14:00,4589.0,4768.0,4770.0,4562.0,4751.0,4685.0,4685.0
05-07 15:00,4571.0,4749.0,4804.0,4570.0,4728.0,4681.0,4681.0
05-07 16:00,4634.0,4754.0,4807.0,4556.0,4856.0,4700.0,4700.0
05-07 17:00,4682.0,4745.0,4741.0,4661.0,4830.0,4751.0,4751.0
05-07 18:00,4710.0,4763.0,4780.0,4935.0,5004.0,4865.0,4865.0
05-07 19:00,4769.0,4765.0,4749.0,4876.0,5343.0,5030.0,5030.0
05-07 20:00,4692.0,4734.0,4726.0,4975.0,5185.0,5018.0,5018.0
05-07 21:00,4705.0,4745.0,4718.0,4877.0,5490.0,4991.0,4991.0
05-07 22:00,4689.0,4760.0,4709.0,4870.0,5162.0,4821.0,4821.0
05-07 23:00,4669.0,4731.0,4708.0,4725.0,4867.0,4737.0,4737.0
05-08 00:00,4580.0,4736.0,4648.0,4829.0,4781.0,4762.0,4762.0
05-08 01:00,4570.0,4737.0,4633.0,4745.0,4838.0,4611.0,4611.0
05-08 02:00,4567.0,4726.0,4626.0,4543.0,4777.0,4700.0,4700.0
05-08 03:00,4569.0,4710.0,4628.0,4562.0,4696.0,4642.0,4642.0
05-08 04:00,4547.0,4731.0,4643.0,4582.0,4626.0,4672.0,4672.0
05-08 05:00,4574.0,4746.0,4644.0,4630.0,4631.0,4801.0,4801.0
05-08 06:00,4665.0,4784.0,4747.0,4885.0,4809.0,4853.0,4853.0
05-08 07:00,4678.0,4817.0,4746.0,4958.0,4980.0,4848.0,4848.0
05-08 08:00,4709.0,4829.0,4749.0,4886.0,5115.0,4871.0,4871.0
05-08 09:00,4690.0,4838.0,4739.0,4931.0,5112.0,4908.0,4908.0
05-08 10:00,4652.0,4791.0,4788.0,4840.0,4863.0,4787.0,4787.0
05-08 11:00,4647.0,4635.0,4794.0,4766.0,4761.0,4695.0,4695.0
05-08 12:00,4640.0,4757.0,4696.0,4766.0,4964.0,4594.0,4594.0
05-08 13:00,4623.0,4710.0,4730.0,4779.0,5322.0,4766.0,4766.0
05-08 14:00,4569.0,4703.0,4699.0,4795.0,4798.0,4686.0,4686.0
05-08 15:00,4615.0,4708.0,4699.0,4712.0,4755.0,4706.0,4706.0
05-08 16:00,4633.0,4742.0,4716.0,4686.0,4842.0,4778.0,4778.0
05-08 17:00,4624.0,4722.0,4751.0,4607.0,4933.0,4823.0,4823.0
05-08 18:00,4635.0,4764.0,4740.0,4749.0,5071.0,4915.0,4915.0
05-08 19:00,4678.0,4802.0,4746.0,4827.0,5270.0,5066.0,5066.0
05-08 20:00,4661.0,4769.0,4722.0,4913.0,5420.0,5140.0,5140.0
05-08 21:00,4645.0,4750.0,4713.0,4900.0,5036.0,5166.0,5166.0
05-08 22:00,4657.0,4768.0,4674.0,4676.0,4902.0,4826.0,4826.0
05-08 23:00,4652.0,4724.0,4652.0,4618.0,4725.0,4681.0,4681.0
05-09 00:00,4569.0,4736.0,4625.0,4579.0,4617.0,4603.0,4603.0
05-09 01:00,4529.0,4740.0,4618.0,4565.0,4548.0,4495.0,4495.0
05-09 02:00,4539.0,4747.0,4589.0,4576.0,4599.0,4503.0,4503.0
05-09 03:00,4494.0,4734.0,4571.0,4580.0,4665.0,4513.0,4513.0
05-09 04:00,4515.0,4741.0,4562.0,4576.0,4631.0,4516.0,4516.0
05-09 05:00,4538.0,4758.0,4619.0,4682.0,4679.0,4542.0,4542.0
05-09 06:00,4592.0,4830.0,4671.0,4958.0,4900.0,4626.0,4626.0
05-09 07:00,4661.0,4860.0,4774.0,5013.0,4778.0,4710.0,4710.0
05-09 08:00,4694.0,4791.0,4782.0,5010.0,4756.0,4681.0,4681.0
05-09 09:00,4730.0,4772.0,4755.0,4967.0,4691.0,4617.0,4617.0
05-09 10:00,4720.0,4745.0,4794.0,4921.0,4709.0,4627.0,4627.0
05-09 11:00,4708.0,4743.0,4757.0,4869.0,4727.0,4563.0,4563.0
05-09 12:00,4640.0,4709.0,4707.0,4583.0,4508.0,4502.0,4502.0
05-09 13:00,4573.0,4694.0,4663.0,4570.0,4355.0,4390.0,4390.0
05-09 14:00,4562.0,4592.0,4674.0,4516.0,4302.0,4352.0,4352.0
05-09 15:00,4572.0,4613.0,4676.0,4514.0,4317.0,4282.0,4282.0
05-09 16:00,4604.0,4738.0,4737.0,4543.0,4374.0,4343.0,4343.0
05-09 17:00,4639.0,4679.0,4791.0,4720.0,4732.0,4511.0,4511.0
05-09 18:00,4627.0,4678.0,4837.0,4777.0,4882.0,4586.0,4586.0
05-09 19:00,4618.0,4725.0,4805.0,4806.0,5003.0,4671.0,4671.0
05-09 20:00,4591.0,4748.0,4776.0,4782.0,5157.0,4648.0,4648.0
05-09 21:00,4570.0,4740.0,4806.0,4602.0,5040.0,4708.0,4708.0
05-09 22:00,4542.0,4745.0,4743.0,4567.0,4803.0,4689.0,4689.0
05-09 23:00,4582.0,4762.0,4710.0,4602.0,4846.0,4574.0,4574.0
05-10 00:00,4595.0,4689.0,4661.0,4630.0,4728.0,4448.0,4448.0
05-10 01:00,4593.0,4710.0,4658.0,4544.0,4630.0,4440.0,4440.0
05-10 02:00,4601.0,4696.0,4654.0,4541.0,4627.0,4532.0,4532.0
05-10 03:00,4607.0,4689.0,4641.0,4530.0,4540.0,4481.0,4481.0
05-10 04:00,4507.0,4684.0,4691.0,4540.0,4604.0,4483.0,4483.0
05-10 05:00,4490.0,4665.0,4702.0,4553.0,4698.0,4494.0,4494.0
05-10 06:00,4613.0,4756.0,4777.0,4612.0,4990.0,4688.0,4688.0
05-10 07:00,4619.0,4797.0,4740.0,4681.0,5087.0,4787.0,4787.0
05-10 08:00,4647.0,4792.0,4794.0,4847.0,5125.0,5003.0,5003.0
05-10 09:00,4668.0,4748.0,4767.0,4949.0,5298.0,4994.0,4994.0
05-10 10:00,4645.0,4661.0,4708.0,4730.0,5068.0,4861.0,4861.0
05-10 11:00,4601.0,4651.0,4698.0,4740.0,5220.0,4611.0,4611.0
05-10 12:00,4610.0,4707.0,4680.0,4738.0,5062.0,4508.0,4508.0
05-10 13:00,4565.0,4678.0,4694.0,4744.0,4717.0,4321.0,4321.0
05-10 14:00,4564.0,4646.0,4679.0,4687.0,4731.0,4470.0,4470.0
05-10 15:00,4621.0,4665.0,4708.0,4635.0,4621.0,4389.0,4389.0
05-10 16:00,4613.0,4670.0,4746.0,4654.0,4828.0,4554.0,4554.0
05-10 17:00,4633.0,4662.0,4770.0,4651.0,4916.0,4854.0,4854.0
05-10 18:00,4685.0,4694.0,4781.0,4702.0,4827.0,4880.0,4880.0
05-10 19:00,4700.0,4706.0,4764.0,4693.0,5139.0,5056.0,5056.0
05-10 20:00,4682.0,4731.0,4744.0,4726.0,5342.0,4807.0,4807.0
05-10 21:00,4770.0,4749.0,4749.0,4794.0,5529.0,5025.0,5025.0
05-10 22:00,4676.0,4726.0,4731.0,4856.0,5059.0,4797.0,4797.0
05-10 23:00,4640.0,4703.0,4719.0,4717.0,4797.0,4714.0,4714.0
05-11 00:00,4625.0,4671.0,4669.0,4673.0,4865.0,4594.0,4594.0
05-11 01:00,4571.0,4657.0,4688.0,4615.0,4805.0,4582.0,4582.0
05-11 02:00,4647.0,4674.0,4662.0,4629.0,4571.0,4525.0,4525.0
05-11 03:00,4590.0,4640.0,4624.0,4622.0,4588.0,4421.0,4421.0
05-11 04:00,4572.0,4629.0,4642.0,4632.0,4642.0,4565.0,4565.0
05-11 05:00,4549.0,4654.0,4686.0,4654.0,4724.0,4691.0,4691.0
05-11 06:00,4680.0,4738.0,4728.0,4704.0,4721.0,4894.0,4894.0
05-11 07:00,4745.0,4773.0,4762.0,4743.0,4834.0,5088.0,5088.0
05-11 08:00,4760.0,4774.0,4760.0,4782.0,4812.0,4946.0,4946.0
05-11 09:00,4729.0,4752.0,4732.0,4783.0,4832.0,5165.0,5165.0
05-11 10:00,4695.0,4716.0,4703.0,4781.0,4912.0,4939.0,4939.0
05-11 11:00,4682.0,4641.0,4696.0,4765.0,4785.0,4888.0,4888.0
05-11 12:00,4656.0,4655.0,4630.0,4713.0,4723.0,4826.0,4826.0
05-11 13:00,4622.0,4687.0,4647.0,4684.0,4719.0,4878.0,4878.0
05-11 14:00,4572.0,4664.0,4585.0,4673.0,4641.0,4757.0,4757.0
05-11 15:00,4535.0,4640.0,4648.0,4700.0,4746.0,4715.0,4715.0
05-11 16:00,4571.0,4639.0,4595.0,4724.0,4734.0,4610.0,4610.0
05-11 17:00,4598.0,4629.0,4619.0,4919.0,4698.0,4753.0,4753.0
05-11 18:00,4647.0,4694.0,4647.0,5024.0,4777.0,4869.0,4869.0
05-11 19:00,4694.0,4693.0,4662.0,5012.0,4916.0,4942.0,4942.0
05-11 20:00,4665.0,4740.0,4736.0,4990.0,4959.0,4953.0,4953.0
05-11 21:00,4664.0,4731.0,4607.0,4972.0,4782.0,5107.0,5107.0
05-11 22:00,4646.0,4724.0,4622.0,4911.0,4705.0,5016.0,5016.0
05-11 23:00,4616.0,4704.0,4615.0,4702.0,4941.0,4839.0,4839.0
05-12 00:00,4545.0,4668.0,4611.0,4615.0,4866.0,4708.0,4708.0
05-12 01:00,4213.0,4679.0,4581.0,4599.0,4619.0,4494.0,4494.0
05-12 02:00,4489.0,4655.0,4584.0,4614.0,4593.0,4435.0,4435.0
05-12 03:00,4476.0,4637.0,4563.0,4604.0,4572.0,4490.0,4490.0
05-12 04:00,4511.0,4643.0,4532.0,4615.0,4566.0,4508.0,4508.0
05-12 05:00,4556.0,4657.0,4604.0,4630.0,4569.0,4564.0,4564.0
05-12 06:00,4612.0,4729.0,4742.0,4688.0,4813.0,4954.0,4954.0
05-12 07:00,4692.0,4742.0,4755.0,4745.0,4733.0,5255.0,5255.0
05-12 08:00,4724.0,4738.0,4813.0,4779.0,4869.0,5286.0,5286.0
05-12 09:00,4663.0,4690.0,4750.0,4790.0,4869.0,5195.0,5195.0
05-12 10:00,4613.0,4650.0,4744.0,4764.0,4791.0,5071.0,5071.0
05-12 11:00,4567.0,4692.0,4677.0,4725.0,4780.0,5085.0,5085.0
05-12 12:00,4517.0,4662.0,4690.0,4674.0,4726.0,5094.0,5094.0
05-12 13:00,4509.0,4637.0,4639.0,4674.0,4705.0,4983.0,4983.0
05-12 14:00,4529.0,4663.0,4638.0,4653.0,4660.0,4916.0,4916.0
05-12 15:00,4461.0,4652.0,4618.0,4649.0,4739.0,4780.0,4780.0
05-12 16:00,4438.0,4657.0,4638.0,4595.0,4613.0,4732.0,4732.0
05-12 17:00,4448.0,4695.0,4658.0,4622.0,4788.0,4918.0,4918.0
05-12 18:00,4494.0,4685.0,4722.0,4695.0,4814.0,5048.0,5048.0
05-12 19:00,4548.0,4717.0,4688.0,4694.0,4901.0,4965.0,4965.0
05-12 20:00,4624.0,4747.0,4674.0,4670.0,4855.0,4923.0,4923.0
05-12 21:00,4613.0,4753.0,4673.0,4655.0,4685.0,5033.0,5033.0
05-12 22:00,4555.0,4726.0,4674.0,4633.0,4751.0,5193.0,5193.0
05-12 23:00,4580.0,4720.0,4650.0,4612.0,4694.0,5080.0,5080.0
05-13 00:00,4573.0,4657.0,4583.0,4580.0,4624.0,4983.0,4983.0
05-13 01:00,4581.0,4681.0,4561.0,4567.0,4620.0,4759.0,4759.0
05-13 02:00,4606.0,4669.0,4561.0,4539.0,4653.0,4773.0,4773.0
05-13 03:00,4597.0,4656.0,4552.0,4550.0,4651.0,4749.0,4749.0
05-13 04:00,4604.0,4689.0,4556.0,4576.0,4596.0,4648.0,4648.0
05-13 05:00,4626.0,4710.0,4584.0,4572.0,4701.0,4905.0,4905.0
05-13 06:00,4695.0,4733.0,4591.0,4623.0,4804.0,4857.0,4857.0
05-13 07:00,4730.0,4763.0,4662.0,4655.0,4767.0,5201.0,5201.0
05-13 08:00,4658.0,4730.0,4706.0,4694.0,4878.0,5334.0,5334.0
05-13 09:00,4662.0,4720.0,4688.0,4676.0,4833.0,5155.0,5155.0
05-13 10:00,4690.0,4725.0,4654.0,4669.0,4702.0,5055.0,5055.0
05-13 11:00,4691.0,4733.0,4676.0,4667.0,4672.0,5011.0,5011.0
05-13 12:00,4589.0,4742.0,4638.0,4612.0,4682.0,4969.0,4969.0
05-13 13:00,4602.0,4729.0,4712.0,4513.0,4654.0,4876.0,4876.0
05-13 14:00,4627.0,4700.0,4695.0,4559.0,4715.0,4661.0,4661.0
05-13 15:00,4666.0,4642.0,4580.0,4562.0,4689.0,4830.0,4830.0
05-13 16:00,4657.0,4662.0,4642.0,4552.0,4738.0,4806.0,4806.0
05-13 17:00,4674.0,4653.0,4603.0,4542.0,4819.0,4961.0,4961.0
05-13 18:00,4612.0,4684.0,4611.0,4545.0,4891.0,5149.0,5149.0
05-13 19:00,4670.0,4702.0,4707.0,4586.0,4983.0,5404.0,5404.0
05-13 20:00,4678.0,4749.0,4663.0,4595.0,5062.0,5379.0,5379.0
05-13 21:00,4646.0,4750.0,4679.0,4598.0,4742.0,5282.0,5282.0
05-13 22:00,4653.0,4732.0,4665.0,4571.0,4801.0,5140.0,5140.0
05-13 23:00,4629.0,4750.0,4612.0,4657.0,4731.0,4979.0,4979.0
05-14 00:00,4592.0,4685.0,4641.0,4644.0,4703.0,4600.0,4600.0
05-14 01:00,4570.0,4709.0,4647.0,4487.0,4594.0,4523.0,4523.0
05-14 02:00,4576.0,4700.0,4610.0,4485.0,4755.0,4574.0,4574.0
05-14 03:00,4588.0,4652.0,4615.0,4490.0,4634.0,4517.0,4517.0
05-14 04:00,4603.0,4666.0,4618.0,4510.0,4625.0,4630.0,4630.0
05-14 05:00,4619.0,4710.0,4636.0,4532.0,4629.0,4821.0,4821.0
05-14 06:00,4599.0,4728.0,4621.0,4589.0,4750.0,5062.0,5062.0
05-14 07:00,4699.0,4773.0,4674.0,4923.0,4798.0,5179.0,5179.0
05-14 08:00,4743.0,4783.0,4667.0,4888.0,4831.0,5128.0,5128.0
05-14 09:00,4723.0,4802.0,4659.0,4860.0,5015.0,5305.0,5305.0
05-14 10:00,4762.0,4806.0,4628.0,4654.0,4731.0,5108.0,5108.0
05-14 11:00,4773.0,4793.0,4644.0,4612.0,4693.0,5098.0,5098.0
05-14 12:00,4749.0,4792.0,4653.0,4632.0,4665.0,5124.0,5124.0
05-14 13:00,4676.0,4787.0,4636.0,4660.0,4748.0,4917.0,4917.0
05-14 14:00,4713.0,4806.0,4574.0,4720.0,4598.0,4824.0,4824.0
05-14 15:00,4760.0,4798.0,4579.0,4594.0,4629.0,4898.0,4898.0
05-14 16:00,4746.0,4758.0,4620.0,4566.0,4620.0,4923.0,4923.0
05-14 17:00,4730.0,4776.0,4655.0,4556.0,4695.0,5396.0,5396.0
05-14 18:00,4718.0,4812.0,4660.0,4589.0,4784.0,5222.0,5222.0
05-14 19:00,4713.0,4846.0,4692.0,4834.0,4989.0,5063.0,5063.0
05-14 20:00,4692.0,4823.0,4697.0,4832.0,4925.0,5279.0,5279.0
05-14 21:00,4685.0,4789.0,4700.0,4705.0,4714.0,5209.0,5209.0
05-14 22:00,4670.0,4788.0,4690.0,4538.0,4691.0,5132.0,5132.0
05-14 23:00,4634.0,4795.0,4605.0,4512.0,4674.0,4902.0,4902.0
05-15 00:00,4599.0,4732.0,4573.0,4488.0,4666.0,4688.0,4688.0
05-15 01:00,4571.0,4736.0,4552.0,4478.0,4575.0,4676.0,4676.0
05-15 02:00,4567.0,4749.0,4517.0,4476.0,4559.0,4630.0,4630.0
05-15 03:00,4541.0,4757.0,4523.0,4485.0,4549.0,4597.0,4597.0
05-15 04:00,4573.0,4749.0,4534.0,4501.0,4598.0,4735.0,4735.0
05-15 05:00,4576.0,4747.0,4560.0,4521.0,4679.0,4646.0,4646.0
05-15 06:00,4591.0,4743.0,4663.0,4781.0,4938.0,4744.0,4744.0
05-15 07:00,4640.0,4782.0,4705.0,4641.0,5068.0,5047.0,5047.0
05-15 08:00,4748.0,4810.0,4710.0,4903.0,5440.0,5128.0,5128.0
05-15 09:00,4760.0,4813.0,4675.0,4864.0,5011.0,5122.0,5122.0
05-15 10:00,4704.0,4876.0,4613.0,4689.0,4829.0,5005.0,5005.0
05-15 11:00,4704.0,4872.0,4569.0,4654.0,4866.0,4905.0,4905.0
05-15 12:00,4701.0,4820.0,4604.0,4557.0,4806.0,4746.0,4746.0
05-15 13:00,4663.0,4824.0,4607.0,4483.0,4706.0,4713.0,4713.0
05-15 14:00,4639.0,4849.0,4559.0,4541.0,4643.0,4739.0,4739.0
05-15 15:00,4618.0,4838.0,4570.0,4677.0,4733.0,4775.0,4775.0
05-15 16:00,4654.0,4874.0,4628.0,4545.0,4698.0,4776.0,4776.0
05-15 17:00,4712.0,4856.0,4632.0,4553.0,4720.0,4941.0,4941.0
05-15 18:00,4728.0,4850.0,4663.0,4597.0,4838.0,5061.0,5061.0
05-15 19:00,4765.0,4838.0,4693.0,4612.0,4901.0,4958.0,4958.0
05-15 20:00,4749.0,4849.0,4643.0,4607.0,4828.0,4884.0,4884.0
05-15 21:00,4735.0,4860.0,4691.0,4483.0,4818.0,4892.0,4892.0
05-15 22:00,4707.0,4852.0,4606.0,4315.0,4789.0,5057.0,5057.0
05-15 23:00,4680.0,4821.0,4586.0,4297.0,4734.0,4680.0,4680.0
05-16 00:00,4613.0,4784.0,4562.0,4270.0,4662.0,4441.0,4441.0
05-16 01:00,4578.0,4790.0,4509.0,4242.0,4673.0,4424.0,4424.0
05-16 02:00,4610.0,4785.0,4505.0,4244.0,4603.0,4351.0,4351.0
05-16 03:00,4608.0,4788.0,4527.0,4254.0,4572.0,4382.0,4382.0
05-16 04:00,4589.0,4786.0,4494.0,4281.0,4579.0,4401.0,4401.0
05-16 05:00,4594.0,4799.0,4506.0,4285.0,4670.0,4447.0,4447.0
05-16 06:00,4589.0,4820.0,4604.0,4444.0,4985.0,4498.0,4498.0
05-16 07:00,4597.0,4832.0,4691.0,4609.0,5112.0,4553.0,4553.0
05-16 08:00,4643.0,4849.0,4652.0,4651.0,4967.0,4586.0,4586.0
05-16 09:00,4663.0,4861.0,4629.0,4631.0,4895.0,4615.0,4615.0
05-16 10:00,4658.0,4837.0,4632.0,4639.0,4889.0,4573.0,4573.0
05-16 11:00,4658.0,4873.0,4607.0,4588.0,4849.0,4502.0,4502.0
05-16 12:00,4641.0,4837.0,4577.0,4525.0,4785.0,4449.0,4449.0
05-16 13:00,4685.0,4844.0,4579.0,4381.0,4826.0,4413.0,4413.0
05-16 14:00,4679.0,4819.0,4602.0,4358.0,4846.0,4386.0,4386.0
05-16 15:00,4686.0,4835.0,4603.0,4396.0,4917.0,4419.0,4419.0
05-16 16:00,4673.0,4840.0,4634.0,4287.0,4733.0,4524.0,4524.0
05-16 17:00,4649.0,4825.0,4676.0,4553.0,4922.0,4607.0,4607.0
05-16 18:00,4674.0,4837.0,4685.0,4629.0,4900.0,4762.0,4762.0
05-16 19:00,4716.0,4819.0,4668.0,4631.0,4797.0,4807.0,4807.0
05-16 20:00,4695.0,4807.0,4579.0,4750.0,4902.0,4845.0,4845.0
05-16 21:00,4703.0,4811.0,4612.0,4643.0,4932.0,4789.0,4789.0
05-16 22:00,4713.0,4738.0,4566.0,4792.0,4926.0,4848.0,4848.0
05-16 23:00,4701.0,4755.0,4570.0,4776.0,4893.0,4658.0,4658.0
05-17 00:00,4641.0,4731.0,4558.0,4582.0,4839.0,4573.0,4573.0
05-17 01:00,4650.0,4716.0,4535.0,4564.0,4839.0,4435.0,4435.0
05-17 02:00,4642.0,4714.0,4526.0,4578.0,4720.0,4431.0,4431.0
05-17 03:00,4610.0,4701.0,4526.0,4570.0,4737.0,4372.0,4372.0
05-17 04:00,4610.0,4707.0,4558.0,4594.0,4819.0,4356.0,4356.0
05-17 05:00,4604.0,4731.0,4575.0,4613.0,4839.0,4416.0,4416.0
05-17 06:00,4632.0,4785.0,4646.0,4645.0,5045.0,4900.0,4900.0
05-17 07:00,4633.0,4834.0,4725.0,4708.0,5256.0,4784.0,4784.0
05-17 08:00,4674.0,4845.0,4736.0,4699.0,5571.0,4920.0,4920.0
05-17 09:00,4639.0,4780.0,4691.0,4695.0,5184.0,4693.0,4693.0
05-17 10:00,4633.0,4689.0,4690.0,4699.0,5012.0,4735.0,4735.0
05-17 11:00,4760.0,4711.0,4625.0,4664.0,4852.0,4583.0,4583.0
05-17 12:00,4709.0,4734.0,4549.0,4677.0,4856.0,4564.0,4564.0
05-17 13:00,4694.0,4682.0,4486.0,4638.0,4841.0,4464.0,4464.0
05-17 14:00,4747.0,4702.0,4499.0,4610.0,4793.0,4444.0,4444.0
05-17 15:00,4692.0,4695.0,4529.0,4637.0,4747.0,4448.0,4448.0
05-17 16:00,4680.0,4724.0,4531.0,4669.0,4723.0,4685.0,4685.0
05-17 17:00,4703.0,4753.0,4546.0,4702.0,4888.0,4941.0,4941.0
05-17 18:00,4673.0,4783.0,4544.0,4738.0,5100.0,5066.0,5066.0
05-17 19:00,4781.0,4776.0,4537.0,4720.0,5052.0,5147.0,5147.0
05-17 20:00,4703.0,4768.0,4565.0,4696.0,4941.0,5084.0,5084.0
05-17 21:00,4743.0,4781.0,4530.0,4667.0,4931.0,4929.0,4929.0
05-17 22:00,4748.0,4765.0,4524.0,4625.0,4988.0,4630.0,4630.0
05-17 23:00,4723.0,4727.0,4549.0,4618.0,4735.0,4573.0,4573.0
05-18 00:00,4700.0,4707.0,4470.0,4613.0,4655.0,4511.0,4511.0
05-18 01:00,4728.0,4693.0,4539.0,4596.0,4599.0,4650.0,4650.0
05-18 02:00,4694.0,4680.0,4505.0,4608.0,4575.0,4591.0,4591.0
05-18 03:00,4728.0,4661.0,4488.0,4605.0,4560.0,4384.0,4384.0
05-18 04:00,4733.0,4653.0,4490.0,4609.0,4625.0,4431.0,4431.0
05-18 05:00,4735.0,4632.0,4526.0,4644.0,4654.0,4563.0,4563.0
05-18 06:00,4770.0,4667.0,4604.0,4948.0,4701.0,4847.0,4847.0
05-18 07:00,4800.0,4722.0,4747.0,4836.0,4793.0,5189.0,5189.0
05-18 08:00,4858.0,4759.0,4738.0,4826.0,4822.0,4952.0,4952.0
05-18 09:00,4808.0,4735.0,4636.0,4883.0,4808.0,4815.0,4815.0
05-18 10:00,4774.0,4745.0,4638.0,4771.0,4832.0,4768.0,4768.0
05-18 11:00,4733.0,4719.0,4526.0,4768.0,4744.0,4722.0,4722.0
05-18 12:00,4788.0,4718.0,4552.0,4733.0,4710.0,4519.0,4519.0
05-18 13:00,4724.0,4725.0,4520.0,4722.0,4663.0,4552.0,4552.0
05-18 14:00,4711.0,4689.0,4544.0,4710.0,4608.0,4507.0,4507.0
05-18 15:00,4691.0,4692.0,4460.0,4719.0,4580.0,4445.0,4445.0
05-18 16:00,4686.0,4715.0,4521.0,4750.0,4680.0,4550.0,4550.0
05-18 17:00,4735.0,4764.0,4551.0,4758.0,4717.0,4981.0,4981.0
05-18 18:00,4744.0,4780.0,4578.0,4923.0,4718.0,5169.0,5169.0
05-18 19:00,4733.0,4776.0,4598.0,4915.0,4924.0,5180.0,5180.0
05-18 20:00,4761.0,4771.0,4647.0,4916.0,4794.0,5254.0,5254.0
05-18 21:00,4737.0,4767.0,4630.0,4812.0,4778.0,5245.0,5245.0
05-18 22:00,4710.0,4763.0,4641.0,4749.0,4865.0,5059.0,5059.0
05-18 23:00,4637.0,4753.0,4565.0,4666.0,4693.0,4808.0,4808.0
05-19 00:00,4627.0,4705.0,4534.0,4635.0,4694.0,4682.0,4682.0
05-19 01:00,4661.0,4682.0,4526.0,4730.0,4640.0,4427.0,4427.0
05-19 02:00,4601.0,4682.0,4527.0,4736.0,4591.0,4383.0,4383.0
05-19 03:00,4655.0,4687.0,4549.0,4748.0,4537.0,4418.0,4418.0
05-19 04:00,4717.0,4682.0,4558.0,4753.0,4541.0,4452.0,4452.0
05-19 05:00,4708.0,4698.0,4543.0,4741.0,4557.0,4549.0,4549.0
05-19 06:00,4807.0,4758.0,4637.0,4732.0,4685.0,5035.0,5035.0
05-19 07:00,4875.0,4842.0,4695.0,4801.0,4647.0,5218.0,5218.0
05-19 08:00,4814.0,4852.0,4740.0,4861.0,4684.0,5179.0,5179.0
05-19 09:00,4751.0,4785.0,4737.0,4843.0,4681.0,4770.0,4770.0
05-19 10:00,4704.0,4746.0,4699.0,4805.0,4646.0,4773.0,4773.0
05-19 11:00,4699.0,4750.0,4680.0,4764.0,4654.0,4656.0,4656.0
05-19 12:00,4634.0,4727.0,4725.0,4751.0,4651.0,4589.0,4589.0
05-19 13:00,4674.0,4734.0,4691.0,4753.0,4572.0,4485.0,4485.0
05-19 14:00,4667.0,4731.0,4713.0,4694.0,4527.0,4383.0,4383.0
05-19 15:00,4694.0,4694.0,4725.0,4679.0,4519.0,4425.0,4425.0
05-19 16:00,4661.0,4719.0,4670.0,4702.0,4618.0,4603.0,4603.0
05-19 17:00,4746.0,4748.0,4702.0,4733.0,4643.0,4715.0,4715.0
05-19 18:00,4812.0,4805.0,4724.0,4886.0,4636.0,5132.0,5132.0
05-19 19:00,4840.0,4790.0,4681.0,4863.0,4729.0,5054.0,5054.0
05-19 20:00,4765.0,4786.0,4688.0,4880.0,4771.0,5084.0,5084.0
05-19 21:00,4736.0,4749.0,4600.0,4916.0,4762.0,5064.0,5064.0
05-19 22:00,4714.0,4752.0,4621.0,4848.0,4772.0,4961.0,4961.0
05-19 23:00,4697.0,4721.0,4646.0,4689.0,4626.0,4759.0,4759.0
05-20 00:00,4739.0,4678.0,4570.0,4671.0,4608.0,4703.0,4703.0
05-20 01:00,4679.0,4661.0,4556.0,4645.0,4549.0,4478.0,4478.0
05-20 02:00,4665.0,4653.0,4534.0,4631.0,4574.0,4405.0,4405.0
05-20 03:00,4650.0,4626.0,4570.0,4585.0,4569.0,4429.0,4429.0
05-20 04:00,4665.0,4646.0,4639.0,4611.0,4539.0,4430.0,4430.0
05-20 05:00,4671.0,4679.0,4618.0,4595.0,4589.0,4531.0,4531.0
05-20 06:00,4751.0,4733.0,4629.0,4589.0,4863.0,5018.0,5018.0
05-20 07:00,4818.0,4744.0,4649.0,4671.0,5348.0,5079.0,5079.0
05-20 08:00,4832.0,4706.0,4712.0,4708.0,5524.0,4897.0,4897.0
05-20 09:00,4816.0,4690.0,4729.0,4704.0,5430.0,4817.0,4817.0
05-20 10:00,4835.0,4683.0,4726.0,4665.0,5229.0,4815.0,4815.0
05-20 11:00,4829.0,4737.0,4714.0,4642.0,4984.0,4623.0,4623.0
05-20 12:00,4872.0,4701.0,4729.0,4618.0,4913.0,4603.0,4603.0
05-20 13:00,4827.0,4684.0,4700.0,4586.0,4954.0,4551.0,4551.0
05-20 14:00,4792.0,4705.0,4674.0,4560.0,4918.0,4559.0,4559.0
05-20 15:00,4768.0,4759.0,4660.0,4544.0,4675.0,4675.0,4675.0
05-20 16:00,4762.0,4756.0,4688.0,4574.0,4895.0,4754.0,4754.0
05-20 17:00,4812.0,4809.0,4659.0,4569.0,5066.0,4984.0,4984.0
05-20 18:00,4854.0,4807.0,4706.0,4627.0,4849.0,5117.0,5117.0
05-20 19:00,4882.0,4784.0,4701.0,4648.0,4936.0,5192.0,5192.0
05-20 20:00,4806.0,4774.0,4657.0,4652.0,4822.0,5306.0,5306.0
05-20 21:00,4784.0,4747.0,4639.0,4643.0,4876.0,5266.0,5266.0
05-20 22:00,4767.0,4739.0,4623.0,4615.0,4713.0,5045.0,5045.0
05-20 23:00,4726.0,4687.0,4616.0,4596.0,4698.0,4813.0,4813.0
05-21 00:00,4703.0,4685.0,4647.0,4574.0,4680.0,4567.0,4567.0
05-21 01:00,4700.0,4620.0,4602.0,4554.0,4714.0,4512.0,4512.0
05-21 02:00,4695.0,4629.0,4580.0,4533.0,4596.0,4472.0,4472.0
05-21 03:00,4694.0,4639.0,4596.0,4545.0,4598.0,4449.0,4449.0
05-21 04:00,4689.0,4673.0,4612.0,4567.0,4652.0,4465.0,4465.0
05-21 05:00,4704.0,4718.0,4639.0,4582.0,4646.0,4640.0,4640.0
05-21 06:00,4792.0,4730.0,4686.0,4623.0,4815.0,4831.0,4831.0
05-21 07:00,4790.0,4740.0,4705.0,4647.0,5031.0,4949.0,4949.0
05-21 08:00,4825.0,4762.0,4746.0,4670.0,5075.0,5065.0,5065.0
05-21 09:00,4794.0,4761.0,4757.0,4670.0,5035.0,4927.0,4927.0
05-21 10:00,4815.0,4740.0,4748.0,4677.0,4835.0,4943.0,4943.0
05-21 11:00,4840.0,4732.0,4792.0,4644.0,4908.0,4746.0,4746.0
05-21 12:00,4816.0,4741.0,4756.0,4643.0,4877.0,4575.0,4575.0
05-21 13:00,4773.0,4738.0,4685.0,4576.0,4670.0,4510.0,4510.0
05-21 14:00,4789.0,4726.0,4668.0,4550.0,4622.0,4518.0,4518.0
05-21 15:00,4783.0,4666.0,4655.0,4546.0,4671.0,4541.0,4541.0
05-21 16:00,4807.0,4678.0,4677.0,4530.0,4675.0,4610.0,4610.0
05-21 17:00,4771.0,4701.0,4688.0,4487.0,4797.0,4798.0,4798.0
05-21 18:00,4818.0,4685.0,4686.0,4518.0,4768.0,4910.0,4910.0
05-21 19:00,4854.0,4711.0,4704.0,4524.0,4824.0,5036.0,5036.0
05-21 20:00,4826.0,4703.0,4679.0,4510.0,4801.0,5092.0,5092.0
05-21 21:00,4789.0,4725.0,4644.0,4502.0,4794.0,5256.0,5256.0
05-21 22:00,4794.0,4733.0,4669.0,4498.0,4763.0,5026.0,5026.0
05-21 23:00,4744.0,4678.0,4656.0,4482.0,4694.0,4740.0,4740.0
05-22 00:00,4708.0,4671.0,4664.0,4455.0,4643.0,4623.0,4623.0
05-22 01:00,4687.0,4623.0,4615.0,4464.0,4625.0,4563.0,4563.0
05-22 02:00,4686.0,4590.0,4607.0,4477.0,4610.0,4697.0,4697.0
05-22 03:00,4674.0,4573.0,4591.0,4468.0,4577.0,4534.0,4534.0
05-22 04:00,4642.0,4560.0,4596.0,4479.0,4593.0,4575.0,4575.0
05-22 05:00,4675.0,4611.0,4665.0,4497.0,4623.0,4562.0,4562.0
05-22 06:00,4781.0,4638.0,4748.0,4556.0,4670.0,4738.0,4738.0
05-22 07:00,4835.0,4661.0,4822.0,4608.0,4784.0,4776.0,4776.0
05-22 08:00,4835.0,4706.0,4817.0,4677.0,4898.0,4832.0,4832.0
05-22 09:00,4867.0,4675.0,4770.0,4667.0,4877.0,4864.0,4864.0
05-22 10:00,4868.0,4642.0,4738.0,4601.0,4901.0,4769.0,4769.0
05-22 11:00,4839.0,4651.0,4716.0,4510.0,4853.0,4748.0,4748.0
05-22 12:00,4863.0,4660.0,4710.0,4487.0,4778.0,4693.0,4693.0
05-22 13:00,4852.0,4609.0,4674.0,4479.0,4757.0,4667.0,4667.0
05-22 14:00,4895.0,4566.0,4708.0,4652.0,4835.0,4625.0,4625.0
05-22 15:00,4865.0,4576.0,4733.0,4639.0,4712.0,4635.0,4635.0
05-22 16:00,4861.0,4580.0,4740.0,4751.0,4732.0,4712.0,4712.0
05-22 17:00,4867.0,4600.0,4765.0,4580.0,4827.0,4960.0,4960.0
05-22 18:00,4878.0,4606.0,4813.0,4600.0,4909.0,4941.0,4941.0
05-22 19:00,4910.0,4602.0,4760.0,4613.0,5053.0,4992.0,4992.0
05-22 20:00,4901.0,4629.0,4738.0,4615.0,5010.0,5115.0,5115.0
05-22 21:00,4904.0,4620.0,4725.0,4759.0,5043.0,4969.0,4969.0
05-22 22:00,4870.0,4602.0,4726.0,4767.0,4848.0,4964.0,4964.0
05-22 23:00,4853.0,4556.0,4695.0,4720.0,4651.0,4766.0,4766.0
05-23 00:00,4821.0,4552.0,4641.0,4578.0,4670.0,4717.0,4717.0
05-23 01:00,4782.0,4537.0,4630.0,4710.0,4509.0,4769.0,4769.0
05-23 02:00,4782.0,4539.0,4581.0,4471.0,4518.0,4623.0,4623.0
05-23 03:00,4784.0,4508.0,4563.0,4443.0,4509.0,4640.0,4640.0
05-23 04:00,4770.0,4552.0,4635.0,4441.0,4523.0,4690.0,4690.0
05-23 05:00,4792.0,4549.0,4690.0,4497.0,4578.0,4698.0,4698.0
05-23 06:00,4800.0,4589.0,4770.0,4746.0,4824.0,4753.0,4753.0
05-23 07:00,4818.0,4703.0,4811.0,4862.0,4983.0,5095.0,5095.0
05-23 08:00,4936.0,4719.0,4801.0,4874.0,4991.0,5129.0,5129.0
05-23 09:00,4896.0,4675.0,4741.0,4791.0,4789.0,4772.0,4772.0
05-23 10:00,4869.0,4647.0,4851.0,4793.0,4756.0,4821.0,4821.0
05-23 11:00,4914.0,4666.0,4700.0,4662.0,4760.0,4780.0,4780.0
05-23 12:00,4946.0,4667.0,4661.0,4472.0,4651.0,4681.0,4681.0
05-23 13:00,4959.0,4689.0,4669.0,4475.0,4606.0,4662.0,4662.0
05-23 14:00,4947.0,4650.0,4695.0,4512.0,4701.0,4548.0,4548.0
05-23 15:00,4898.0,4616.0,4676.0,4527.0,4772.0,4617.0,4617.0
05-23 16:00,4895.0,4701.0,4703.0,4533.0,4841.0,4723.0,4723.0
05-23 17:00,4863.0,4672.0,4724.0,4649.0,5116.0,4963.0,4963.0
05-23 18:00,4902.0,4677.0,4788.0,4738.0,5307.0,5262.0,5262.0
05-23 19:00,4923.0,4684.0,4805.0,4694.0,5302.0,5157.0,5157.0
05-23 20:00,4910.0,4686.0,4792.0,4712.0,5282.0,5254.0,5254.0
05-23 21:00,4851.0,4682.0,4742.0,4858.0,5263.0,5321.0,5321.0
05-23 22:00,4884.0,4670.0,4702.0,4779.0,5186.0,5110.0,5110.0
05-23 23:00,4873.0,4628.0,4685.0,4532.0,4734.0,4974.0,4974.0
05-24 00:00,4861.0,4568.0,4658.0,4572.0,4625.0,4901.0,4901.0
05-24 01:00,4859.0,4553.0,4643.0,4510.0,4572.0,4776.0,4776.0
05-24 02:00,4823.0,4515.0,4619.0,4511.0,4524.0,4636.0,4636.0
05-24 03:00,4796.0,4520.0,4579.0,4501.0,4519.0,4597.0,4597.0
05-24 04:00,4757.0,4523.0,4614.0,4508.0,4518.0,4580.0,4580.0
05-24 05:00,4772.0,4534.0,4646.0,4604.0,4542.0,4649.0,4649.0
05-24 06:00,4821.0,4595.0,4706.0,4764.0,4734.0,4674.0,4674.0
05-24 07:00,4874.0,4647.0,4786.0,4946.0,4871.0,4752.0,4752.0
05-24 08:00,4961.0,4717.0,4756.0,4957.0,5120.0,4833.0,4833.0
05-24 09:00,4991.0,4720.0,4753.0,4932.0,5439.0,4991.0,4991.0
05-24 10:00,4958.0,4714.0,4738.0,4724.0,5126.0,4689.0,4689.0
05-24 11:00,5008.0,4692.0,4717.0,4811.0,4864.0,4688.0,4688.0
05-24 12:00,4979.0,4719.0,4765.0,4747.0,4774.0,4616.0,4616.0
05-24 13:00,4932.0,4704.0,4862.0,4796.0,4657.0,4601.0,4601.0
05-24 14:00,4921.0,4696.0,4808.0,4683.0,4655.0,4715.0,4715.0
05-24 15:00,4845.0,4721.0,4783.0,4742.0,4600.0,4709.0,4709.0
05-24 16:00,4865.0,4687.0,4830.0,4787.0,4675.0,4717.0,4717.0
05-24 17:00,4849.0,4726.0,4767.0,4913.0,4692.0,4854.0,4854.0
05-24 18:00,4842.0,4731.0,4759.0,4965.0,4831.0,5088.0,5088.0
05-24 19:00,4924.0,4757.0,4774.0,4709.0,5138.0,5389.0,5389.0
05-24 20:00,4911.0,4739.0,4781.0,4928.0,5071.0,5293.0,5293.0
05-24 21:00,4947.0,4712.0,4742.0,4898.0,4842.0,5207.0,5207.0
05-24 22:00,4949.0,4680.0,4685.0,4649.0,4862.0,5203.0,5203.0
05-24 23:00,4940.0,4690.0,4643.0,4602.0,4692.0,5206.0,5206.0
05-25 00:00,4878.0,4667.0,4624.0,4566.0,4584.0,4771.0,4771.0
05-25 01:00,4831.0,4619.0,4609.0,4569.0,4535.0,4616.0,4616.0
05-25 02:00,4822.0,4637.0,4618.0,4564.0,4611.0,4678.0,4678.0
05-25 03:00,4826.0,4647.0,4639.0,4565.0,4648.0,4564.0,4564.0
05-25 04:00,4833.0,4641.0,4648.0,4565.0,4539.0,4583.0,4583.0
05-25 05:00,4835.0,4673.0,4640.0,4837.0,4564.0,4818.0,4818.0
05-25 06:00,4836.0,4718.0,4736.0,4919.0,4610.0,5493.0,5493.0
05-25 07:00,4886.0,4742.0,4803.0,4910.0,4746.0,5586.0,5586.0
05-25 08:00,4899.0,4749.0,4776.0,4895.0,4758.0,5492.0,5492.0
05-25 09:00,4923.0,4724.0,4767.0,4842.0,4806.0,5568.0,5568.0
05-25 10:00,4941.0,4725.0,4784.0,4753.0,4787.0,5424.0,5424.0
05-25 11:00,4934.0,4743.0,4762.0,4719.0,4792.0,5138.0,5138.0
05-25 12:00,4928.0,4754.0,4747.0,4646.0,4906.0,4831.0,4831.0
05-25 13:00,4918.0,4733.0,4708.0,4626.0,4752.0,4745.0,4745.0
05-25 14:00,4942.0,4766.0,4726.0,4502.0,4795.0,4560.0,4560.0
05-25 15:00,4902.0,4752.0,4703.0,4507.0,4663.0,4894.0,4894.0
05-25 16:00,4878.0,4747.0,4723.0,4543.0,4678.0,5075.0,5075.0
05-25 17:00,4900.0,4745.0,4739.0,4601.0,4772.0,5284.0,5284.0
05-25 18:00,4889.0,4756.0,4762.0,4884.0,4858.0,5323.0,5323.0
05-25 19:00,4904.0,4756.0,4786.0,4770.0,4999.0,5439.0,5439.0
05-25 20:00,4873.0,4711.0,4738.0,4834.0,4929.0,5437.0,5437.0
05-25 21:00,4881.0,4724.0,4722.0,4820.0,4781.0,5496.0,5496.0
05-25 22:00,4892.0,4714.0,4678.0,4652.0,4759.0,5445.0,5445.0
05-25 23:00,4874.0,4715.0,4621.0,4679.0,4703.0,5273.0,5273.0
05-26 00:00,4836.0,4698.0,4560.0,4686.0,4646.0,5038.0,5038.0
05-26 01:00,4758.0,4670.0,4528.0,4702.0,4588.0,4785.0,4785.0
05-26 02:00,4744.0,4649.0,4534.0,4844.0,4560.0,4576.0,4576.0
05-26 03:00,4761.0,4658.0,4544.0,4783.0,4516.0,4549.0,4549.0
05-26 04:00,4740.0,4666.0,4560.0,4717.0,4544.0,4513.0,4513.0
05-26 05:00,4787.0,4684.0,4585.0,4675.0,4683.0,4625.0,4625.0
05-26 06:00,4884.0,4750.0,4638.0,4671.0,4659.0,5108.0,5108.0
05-26 07:00,4908.0,4760.0,4669.0,4906.0,4730.0,5297.0,5297.0
05-26 08:00,4929.0,4806.0,4741.0,4979.0,4793.0,5287.0,5287.0
05-26 09:00,4885.0,4800.0,4722.0,4972.0,4744.0,5152.0,5152.0
05-26 10:00,4879.0,4808.0,4720.0,4701.0,4760.0,5452.0,5452.0
05-26 11:00,4838.0,4786.0,4740.0,4651.0,4734.0,5476.0,5476.0
05-26 12:00,4841.0,4808.0,4737.0,4607.0,4670.0,4766.0,4766.0
05-26 13:00,4830.0,4797.0,4743.0,4596.0,4611.0,4665.0,4665.0
05-26 14:00,4847.0,4760.0,4724.0,4557.0,4684.0,4700.0,4700.0
05-26 15:00,4802.0,4709.0,4659.0,4540.0,4686.0,4628.0,4628.0
05-26 16:00,4757.0,4741.0,4680.0,4537.0,4691.0,4627.0,4627.0
05-26 17:00,4818.0,4705.0,4672.0,4748.0,4730.0,4681.0,4681.0
05-26 18:00,4786.0,4727.0,4669.0,4836.0,4709.0,4971.0,4971.0
05-26 19:00,4866.0,4743.0,4716.0,4872.0,4742.0,4985.0,4985.0
05-26 20:00,4862.0,4744.0,4637.0,4871.0,4869.0,5226.0,5226.0
05-26 21:00,4836.0,4769.0,4630.0,4848.0,4766.0,5431.0,5431.0
05-26 22:00,4820.0,4758.0,4676.0,4744.0,4774.0,5451.0,5451.0
05-26 23:00,4794.0,4711.0,4652.0,4548.0,4717.0,4880.0,4880.0
05-27 00:00,4778.0,4668.0,4583.0,4540.0,4653.0,4654.0,4654.0
05-27 01:00,4758.0,4646.0,4564.0,4539.0,4646.0,4624.0,4624.0
05-27 02:00,4734.0,4647.0,4563.0,4535.0,4593.0,4570.0,4570.0
05-27 03:00,4732.0,4649.0,4541.0,4518.0,4597.0,4514.0,4514.0
05-27 04:00,4691.0,4594.0,4544.0,4501.0,4617.0,4538.0,4538.0
05-27 05:00,4714.0,4628.0,4592.0,4499.0,4685.0,4629.0,4629.0
05-27 06:00,4776.0,4686.0,4666.0,4546.0,4961.0,5204.0,5204.0
05-27 07:00,4812.0,4708.0,4743.0,4586.0,5065.0,5208.0,5208.0
05-27 08:00,4820.0,4760.0,4703.0,4613.0,4791.0,5133.0,5133.0
05-27 09:00,4820.0,4733.0,4736.0,4598.0,4810.0,5319.0,5319.0
05-27 10:00,4781.0,4727.0,4727.0,4598.0,4778.0,5121.0,5121.0
05-27 11:00,4813.0,4714.0,4710.0,4571.0,4805.0,5050.0,5050.0
05-27 12:00,4801.0,4719.0,4643.0,4532.0,5003.0,4739.0,4739.0
05-27 13:00,4775.0,4726.0,4573.0,4502.0,4716.0,4818.0,4818.0
05-27 14:00,4784.0,4731.0,4572.0,4471.0,4692.0,4809.0,4809.0
05-27 15:00,4816.0,4732.0,4520.0,4741.0,4704.0,5127.0,5127.0
05-27 16:00,4839.0,4750.0,4530.0,4741.0,4904.0,5109.0,5109.0
05-27 17:00,4822.0,4757.0,4580.0,4508.0,5115.0,5388.0,5388.0
05-27 18:00,4851.0,4709.0,4586.0,4711.0,5203.0,5352.0,5352.0
05-27 19:00,4889.0,4720.0,4589.0,4585.0,5302.0,5521.0,5521.0
05-27 20:00,4898.0,4698.0,4573.0,4597.0,5146.0,5454.0,5454.0
05-27 21:00,4873.0,4734.0,4553.0,4575.0,4987.0,5461.0,5461.0
05-27 22:00,4871.0,4705.0,4561.0,4824.0,4803.0,5442.0,5442.0
05-27 23:00,4791.0,4698.0,4563.0,4808.0,4792.0,5226.0,5226.0
05-28 00:00,4793.0,4656.0,4534.0,4542.0,4665.0,4762.0,4762.0
05-28 01:00,4827.0,4664.0,4557.0,4480.0,4654.0,4735.0,4735.0
05-28 02:00,4817.0,4675.0,4558.0,4468.0,4682.0,4731.0,4731.0
05-28 03:00,4831.0,4622.0,4510.0,4448.0,4633.0,4674.0,4674.0
05-28 04:00,4837.0,4624.0,4506.0,4443.0,4738.0,4769.0,4769.0
05-28 05:00,4812.0,4617.0,4501.0,4490.0,4789.0,4978.0,4978.0
05-28 06:00,4842.0,4651.0,4534.0,4806.0,4992.0,5231.0,5231.0
05-28 07:00,4893.0,4677.0,4612.0,4846.0,5488.0,5660.0,5660.0
05-28 08:00,4864.0,4722.0,4669.0,4886.0,5578.0,5718.0,5718.0
05-28 09:00,4788.0,4724.0,4671.0,4845.0,5462.0,5540.0,5540.0
05-28 10:00,4682.0,4740.0,4632.0,4746.0,5168.0,5547.0,5547.0
05-28 11:00,4743.0,4721.0,4602.0,4701.0,5024.0,5103.0,5103.0
05-28 12:00,4734.0,4705.0,4580.0,4413.0,4683.0,4890.0,4890.0
05-28 13:00,4700.0,4688.0,4526.0,4408.0,4735.0,4878.0,4878.0
05-28 14:00,4726.0,4687.0,4542.0,4431.0,4820.0,4846.0,4846.0
05-28 15:00,4734.0,4664.0,4484.0,4518.0,4820.0,4658.0,4658.0
05-28 16:00,4699.0,4651.0,4553.0,4480.0,4820.0,4897.0,4897.0
05-28 17:00,4785.0,4659.0,4486.0,4444.0,4772.0,5313.0,5313.0
05-28 18:00,4804.0,4657.0,4517.0,4575.0,4556.0,5499.0,5499.0
05-28 19:00,4867.0,4608.0,4603.0,4581.0,4645.0,5495.0,5495.0
05-28 20:00,4820.0,4649.0,4553.0,4643.0,4691.0,5443.0,5443.0
05-28 21:00,4822.0,4658.0,4560.0,4680.0,4706.0,5500.0,5500.0
05-28 22:00,4847.0,4641.0,4611.0,4594.0,4661.0,5486.0,5486.0
05-28 23:00,4767.0,4623.0,4564.0,4604.0,4424.0,5241.0,5241.0
05-29 00:00,4783.0,4587.0,4491.0,4595.0,4523.0,4910.0,4910.0
05-29 01:00,4791.0,4566.0,4423.0,4608.0,4501.0,4748.0,4748.0
05-29 02:00,4776.0,4563.0,4392.0,4585.0,4469.0,4763.0,4763.0
05-29 03:00,4687.0,4572.0,4449.0,4512.0,4487.0,4625.0,4625.0
05-29 04:00,4738.0,4556.0,4431.0,4512.0,4607.0,4672.0,4672.0
05-29 05:00,4729.0,4560.0,4505.0,4567.0,4491.0,4758.0,4758.0
05-29 06:00,4762.0,4582.0,4550.0,4703.0,4653.0,5048.0,5048.0
05-29 07:00,4858.0,4598.0,4520.0,4792.0,4678.0,4869.0,4869.0
05-29 08:00,4836.0,4623.0,4551.0,4798.0,4641.0,5497.0,5497.0
05-29 09:00,4810.0,4660.0,4546.0,4720.0,4701.0,5591.0,5591.0
05-29 10:00,4852.0,4671.0,4506.0,4637.0,4637.0,5279.0,5279.0
05-29 11:00,4807.0,4663.0,4498.0,4602.0,4447.0,4963.0,4963.0
05-29 12:00,4753.0,4684.0,4463.0,4458.0,4376.0,4849.0,4849.0
05-29 13:00,4739.0,4665.0,4413.0,4369.0,4423.0,4872.0,4872.0
05-29 14:00,4743.0,4661.0,4365.0,4341.0,4409.0,4648.0,4648.0
05-29 15:00,4742.0,4675.0,4327.0,4180.0,4408.0,4647.0,4647.0
05-29 16:00,4755.0,4682.0,4366.0,4248.0,4604.0,4764.0,4764.0
05-29 17:00,4782.0,4679.0,4489.0,4343.0,4772.0,4820.0,4820.0
05-29 18:00,4788.0,4689.0,4585.0,4466.0,4764.0,4807.0,4807.0
05-29 19:00,4866.0,4655.0,4563.0,4482.0,4996.0,4958.0,4958.0
05-29 20:00,4853.0,4653.0,4514.0,4462.0,5037.0,4972.0,4972.0
05-29 21:00,4798.0,4648.0,4568.0,4353.0,4676.0,5002.0,5002.0
05-29 22:00,4860.0,4608.0,4555.0,4332.0,4520.0,5239.0,5239.0
05-29 23:00,4878.0,4605.0,4507.0,4426.0,4440.0,4637.0,4637.0
05-30 00:00,4827.0,4570.0,4508.0,4564.0,4530.0,4427.0,4427.0
05-30 01:00,4791.0,4552.0,4508.0,4473.0,4563.0,4464.0,4464.0
05-30 02:00,4817.0,4517.0,4461.0,4513.0,4744.0,4433.0,4433.0
05-30 03:00,4772.0,4519.0,4442.0,4524.0,4951.0,4424.0,4424.0
05-30 04:00,4750.0,4503.0,4452.0,4489.0,4736.0,4367.0,4367.0
05-30 05:00,4805.0,4617.0,4418.0,4540.0,4854.0,4423.0,4423.0
05-30 06:00,4824.0,4684.0,4495.0,4616.0,4837.0,4530.0,4530.0
05-30 07:00,4851.0,4696.0,4511.0,4674.0,4843.0,4539.0,4539.0
05-30 08:00,4826.0,4711.0,4580.0,4649.0,4816.0,4668.0,4668.0
05-30 09:00,4861.0,4624.0,4546.0,4605.0,4760.0,4739.0,4739.0
05-30 10:00,4896.0,4622.0,4523.0,4630.0,4863.0,4590.0,4590.0
05-30 11:00,4828.0,4565.0,4500.0,4569.0,4817.0,4529.0,4529.0
05-30 12:00,4803.0,4582.0,4464.0,4356.0,4698.0,4494.0,4494.0
05-30 13:00,4728.0,4606.0,4475.0,4314.0,4689.0,4478.0,4478.0
05-30 14:00,4765.0,4606.0,4497.0,4446.0,4661.0,4427.0,4427.0
05-30 15:00,4737.0,4559.0,4517.0,4393.0,4667.0,4449.0,4449.0
05-30 16:00,4812.0,4564.0,4527.0,4456.0,4808.0,4537.0,4537.0
05-30 17:00,4800.0,4586.0,4556.0,4496.0,4850.0,4586.0,4586.0
05-30 18:00,4820.0,4617.0,4588.0,4566.0,4821.0,4674.0,4674.0
05-30 19:00,4828.0,4611.0,4549.0,4632.0,4926.0,5053.0,5053.0
05-30 20:00,4872.0,4650.0,4545.0,4618.0,5040.0,4940.0,4940.0
05-30 21:00,4847.0,4653.0,4531.0,4624.0,5035.0,5048.0,5048.0
05-30 22:00,4883.0,4582.0,4512.0,4586.0,5456.0,5004.0,5004.0
05-30 23:00,4827.0,4599.0,4479.0,4426.0,4728.0,4735.0,4735.0
05-31 00:00,4810.0,4592.0,4464.0,4552.0,4730.0,4485.0,4485.0
05-31 01:00,4786.0,4562.0,4525.0,4508.0,4832.0,4349.0,4349.0
05-31 02:00,4781.0,4569.0,4514.0,4430.0,4860.0,4329.0,4329.0
05-31 03:00,4738.0,4564.0,4500.0,4396.0,4836.0,4341.0,4341.0
05-31 04:00,4782.0,4568.0,4485.0,4393.0,4658.0,4441.0,4441.0
05-31 05:00,4769.0,4615.0,4400.0,4412.0,4782.0,4468.0,4468.0
05-31 06:00,4753.0,4640.0,4535.0,4438.0,4815.0,5253.0,5253.0
05-31 07:00,4845.0,4664.0,4620.0,4511.0,4920.0,5353.0,5353.0
05-31 08:00,4842.0,4663.0,4597.0,4622.0,4857.0,5149.0,5149.0
05-31 09:00,4844.0,4664.0,4550.0,4473.0,4856.0,5112.0,5112.0
05-31 10:00,4851.0,4645.0,4529.0,4458.0,4872.0,4887.0,4887.0
05-31 11:00,4813.0,4666.0,4535.0,4399.0,4851.0,4730.0,4730.0
05-31 12:00,4841.0,4637.0,4554.0,4379.0,4757.0,4538.0,4538.0
05-31 13:00,4791.0,4629.0,4504.0,4276.0,4830.0,4513.0,4513.0
05-31 14:00,4773.0,4671.0,4581.0,4265.0,4617.0,4521.0,4521.0
05-31 15:00,4783.0,4649.0,4610.0,4259.0,4643.0,4572.0,4572.0
05-31 16:00,4756.0,4616.0,4627.0,4300.0,4700.0,4739.0,4739.0
05-31 17:00,4772.0,4653.0,4615.0,4442.0,4895.0,4688.0,4688.0
05-31 18:00,4792.0,4642.0,4639.0,4506.0,4923.0,4970.0,4970.0
05-31 19:00,4753.0,4640.0,4621.0,4547.0,4898.0,5308.0,5308.0
05-31 20:00,4754.0,4637.0,4653.0,4566.0,4925.0,5096.0,5096.0
05-31 21:00,4732.0,4618.0,4589.0,4584.0,5061.0,5150.0,5150.0
05-31 22:00,4769.0,4633.0,4641.0,4502.0,5013.0,4950.0,4950.0
05-31 23:00,4738.0,4612.0,4603.0,4452.0,4830.0,4738.0,4738.0
06-01 00:00,4705.0,4586.0,4563.0,4436.0,4732.0,4461.0,4461.0
06-01 01:00,4662.0,4571.0,4549.0,4455.0,4758.0,4409.0,4409.0
06-01 02:00,4673.0,4574.0,4527.0,4456.0,4760.0,4320.0,4320.0
06-01 03:00,4663.0,4558.0,4505.0,4467.0,4622.0,4318.0,4318.0
06-01 04:00,4665.0,4520.0,4570.0,4484.0,4685.0,4281.0,4281.0
06-01 05:00,4682.0,4558.0,4533.0,4534.0,4729.0,4392.0,4392.0
06-01 06:00,4784.0,4614.0,4681.0,4505.0,4911.0,4934.0,4934.0
06-01 07:00,4767.0,4663.0,4686.0,4689.0,4865.0,4941.0,4941.0
06-01 08:00,4817.0,4657.0,4679.0,4697.0,4892.0,4923.0,4923.0
06-01 09:00,4758.0,4612.0,4702.0,4632.0,4807.0,4957.0,4957.0
06-01 10:00,4719.0,4571.0,4648.0,4685.0,4813.0,4706.0,4706.0
06-01 11:00,4718.0,4596.0,4651.0,4632.0,4807.0,4681.0,4681.0
06-01 12:00,4670.0,4586.0,4569.0,4437.0,4684.0,4595.0,4595.0
06-01 13:00,4685.0,4556.0,4564.0,4405.0,4620.0,4603.0,4603.0
06-01 14:00,4691.0,4526.0,4565.0,4387.0,4616.0,4364.0,4364.0
06-01 15:00,4694.0,4555.0,4606.0,4449.0,4586.0,4415.0,4415.0
06-01 16:00,4676.0,4577.0,4637.0,4497.0,4621.0,4701.0,4701.0
06-01 17:00,4698.0,4584.0,4655.0,4485.0,4733.0,4941.0,4941.0
06-01 18:00,4784.0,4606.0,4636.0,4729.0,4837.0,5230.0,5230.0
06-01 19:00,4799.0,4588.0,4630.0,4751.0,4869.0,5190.0,5190.0
06-01 20:00,4738.0,4549.0,4626.0,4753.0,4955.0,5174.0,5174.0
06-01 21:00,4715.0,4541.0,4610.0,4753.0,5061.0,5160.0,5160.0
06-01 22:00,4748.0,4540.0,4649.0,4619.0,5032.0,4893.0,4893.0
06-01 23:00,4676.0,4538.0,4639.0,4576.0,4843.0,4775.0,4775.0
06-02 00:00,4649.0,4465.0,4544.0,4582.0,4739.0,4569.0,4569.0
06-02 01:00,4617.0,4461.0,4510.0,4443.0,4840.0,4571.0,4571.0
06-02 02:00,4614.0,4441.0,4577.0,4417.0,4807.0,4521.0,4521.0
06-02 03:00,4590.0,4490.0,4561.0,4443.0,4652.0,4536.0,4536.0
06-02 04:00,4555.0,4491.0,4576.0,4425.0,4668.0,4498.0,4498.0
06-02 05:00,4524.0,4512.0,4577.0,4420.0,4650.0,4566.0,4566.0
06-02 06:00,4564.0,4576.0,4637.0,4492.0,4697.0,4690.0,4690.0
06-02 07:00,4578.0,4579.0,4618.0,4601.0,4814.0,4961.0,4961.0
06-02 08:00,4595.0,4588.0,4630.0,4600.0,4898.0,5003.0,5003.0
06-02 09:00,4533.0,4632.0,4652.0,4511.0,4943.0,4842.0,4842.0
06-02 10:00,4546.0,4607.0,4607.0,4506.0,4793.0,4879.0,4879.0
06-02 11:00,4503.0,4523.0,4558.0,4541.0,4718.0,4643.0,4643.0
06-02 12:00,4483.0,4531.0,4610.0,4592.0,4648.0,4469.0,4469.0
06-02 13:00,4469.0,4507.0,4563.0,4500.0,4599.0,4344.0,4344.0
06-02 14:00,4495.0,4513.0,4553.0,4447.0,4400.0,4529.0,4529.0
06-02 15:00,4593.0,4527.0,4473.0,4451.0,4557.0,4415.0,4415.0
06-02 16:00,4630.0,4543.0,4480.0,4528.0,4554.0,4600.0,4600.0
06-02 17:00,4653.0,4563.0,4495.0,4506.0,4570.0,4796.0,4796.0
06-02 18:00,4563.0,4616.0,4487.0,4548.0,4713.0,4845.0,4845.0
06-02 19:00,4631.0,4627.0,4517.0,4747.0,4682.0,5071.0,5071.0
06-02 20:00,4554.0,4611.0,4593.0,4418.0,4910.0,5012.0,5012.0
06-02 21:00,4623.0,4602.0,4554.0,4426.0,5355.0,4865.0,4865.0
06-02 22:00,4647.0,4560.0,4537.0,4360.0,5329.0,4698.0,4698.0
06-02 23:00,4139.0,4570.0,4502.0,4252.0,4881.0,4584.0,4584.0
06-03 00:00,4141.0,4559.0,4502.0,4219.0,4555.0,4488.0,4488.0
06-03 01:00,4152.0,4553.0,4452.0,4119.0,4682.0,4618.0,4618.0
06-03 02:00,4129.0,4526.0,4442.0,4148.0,4670.0,4480.0,4480.0
06-03 03:00,4112.0,4524.0,4439.0,4163.0,4764.0,4525.0,4525.0
06-03 04:00,4135.0,4560.0,4443.0,4136.0,4601.0,4630.0,4630.0
06-03 05:00,4159.0,4583.0,4439.0,4127.0,4695.0,4638.0,4638.0
06-03 06:00,4215.0,4648.0,4522.0,4163.0,4737.0,4767.0,4767.0
06-03 07:00,4287.0,4716.0,4556.0,4246.0,4818.0,4875.0,4875.0
06-03 08:00,4266.0,4732.0,4617.0,4323.0,5136.0,5298.0,5298.0
06-03 09:00,4659.0,4702.0,4623.0,4321.0,4997.0,5207.0,5207.0
06-03 10:00,4739.0,4670.0,4631.0,4308.0,5080.0,4629.0,4629.0
06-03 11:00,4699.0,4655.0,4619.0,4453.0,4847.0,4807.0,4807.0
06-03 12:00,4644.0,4623.0,4596.0,4394.0,4584.0,4632.0,4632.0
06-03 13:00,4601.0,4552.0,4570.0,4198.0,4394.0,4748.0,4748.0
06-03 14:00,4579.0,4538.0,4547.0,4184.0,4461.0,4539.0,4539.0
06-03 15:00,4510.0,4578.0,4546.0,4190.0,4557.0,4310.0,4310.0
06-03 16:00,4519.0,4592.0,4560.0,4193.0,4782.0,4532.0,4532.0
06-03 17:00,4675.0,4558.0,4579.0,4275.0,5051.0,4801.0,4801.0
06-03 18:00,4688.0,4570.0,4585.0,4404.0,5277.0,4679.0,4679.0
06-03 19:00,4692.0,4563.0,4581.0,4501.0,5014.0,4965.0,4965.0
06-03 20:00,4704.0,4570.0,4546.0,4497.0,5025.0,5004.0,5004.0
06-03 21:00,4728.0,4564.0,4585.0,4388.0,5235.0,5113.0,5113.0
06-03 22:00,4730.0,4546.0,4591.0,4440.0,5139.0,4893.0,4893.0
06-03 23:00,4700.0,4545.0,4576.0,4215.0,4791.0,4500.0,4500.0
06-04 00:00,4673.0,4533.0,4570.0,4140.0,4787.0,4602.0,4602.0
06-04 01:00,4705.0,4510.0,4539.0,4183.0,4504.0,4472.0,4472.0
06-04 02:00,4641.0,4514.0,4553.0,4162.0,4600.0,4380.0,4380.0
06-04 03:00,4646.0,4524.0,4511.0,4126.0,4570.0,4515.0,4515.0
06-04 04:00,4644.0,4530.0,4486.0,4140.0,4521.0,4666.0,4666.0
06-04 05:00,4633.0,4557.0,4530.0,4191.0,4632.0,4644.0,4644.0
06-04 06:00,4694.0,4562.0,4522.0,4446.0,5056.0,4794.0,4794.0
06-04 07:00,4751.0,4594.0,4519.0,4497.0,5282.0,4709.0,4709.0
06-04 08:00,4786.0,4648.0,4499.0,4537.0,5343.0,4937.0,4937.0
06-04 09:00,4726.0,4640.0,4532.0,4243.0,5212.0,4946.0,4946.0
06-04 10:00,4638.0,4649.0,4550.0,4253.0,4798.0,4405.0,4405.0
06-04 11:00,4667.0,4649.0,4586.0,4371.0,4787.0,4525.0,4525.0
06-04 12:00,4696.0,4636.0,4540.0,4479.0,4615.0,4446.0,4446.0
06-04 13:00,4663.0,4575.0,4538.0,4487.0,4642.0,4263.0,4263.0
06-04 14:00,4688.0,4536.0,4554.0,4443.0,4581.0,4335.0,4335.0
06-04 15:00,4662.0,4533.0,4573.0,4453.0,4595.0,4435.0,4435.0
06-04 16:00,4661.0,4548.0,4606.0,4476.0,4617.0,4370.0,4370.0
06-04 17:00,4667.0,4587.0,4632.0,4524.0,4795.0,4583.0,4583.0
06-04 18:00,4654.0,4599.0,4667.0,4550.0,4973.0,5065.0,5065.0
06-04 19:00,4599.0,4582.0,4628.0,4562.0,4822.0,4917.0,4917.0
06-04 20:00,4629.0,4573.0,4658.0,4566.0,4817.0,4707.0,4707.0
06-04 21:00,4618.0,4585.0,4628.0,4552.0,4975.0,4402.0,4402.0
06-04 22:00,4650.0,4571.0,4568.0,4498.0,4879.0,4827.0,4827.0
06-04 23:00,4584.0,4481.0,4600.0,4474.0,4676.0,4696.0,4696.0
06-05 00:00,4498.0,4462.0,4549.0,4433.0,4577.0,4453.0,4453.0
06-05 01:00,4515.0,4464.0,4544.0,4413.0,4714.0,4407.0,4407.0
06-05 02:00,4514.0,4464.0,4553.0,4435.0,4679.0,4365.0,4365.0
06-05 03:00,4473.0,4475.0,4513.0,4436.0,4470.0,4451.0,4451.0
06-05 04:00,4483.0,4469.0,4538.0,4443.0,4621.0,4442.0,4442.0
06-05 05:00,4533.0,4473.0,4561.0,4437.0,4550.0,4498.0,4498.0
06-05 06:00,4703.0,4497.0,4545.0,4503.0,4849.0,4537.0,4537.0
06-05 07:00,4656.0,4536.0,4594.0,4603.0,5059.0,4687.0,4687.0
06-05 08:00,4646.0,4569.0,4682.0,4625.0,5156.0,4831.0,4831.0
06-05 09:00,4635.0,4567.0,4653.0,4631.0,5227.0,5044.0,5044.0
06-05 10:00,4565.0,4617.0,4670.0,4606.0,4856.0,4834.0,4834.0
06-05 11:00,4578.0,4609.0,4629.0,4566.0,4840.0,4729.0,4729.0
06-05 12:00,4570.0,4578.0,4615.0,4531.0,4735.0,5084.0,5084.0
06-05 13:00,4500.0,4551.0,4586.0,4537.0,4728.0,4610.0,4610.0
06-05 14:00,4430.0,4522.0,4546.0,4497.0,4599.0,4658.0,4658.0
06-05 15:00,4377.0,4508.0,4531.0,4499.0,4697.0,4582.0,4582.0
06-05 16:00,4395.0,4489.0,4492.0,4501.0,4706.0,4543.0,4543.0
06-05 17:00,4458.0,4497.0,4519.0,4564.0,5004.0,5396.0,5396.0
06-05 18:00,4506.0,4490.0,4551.0,4610.0,5281.0,5152.0,5152.0
06-05 19:00,4416.0,4526.0,4539.0,4608.0,5236.0,5192.0,5192.0
06-05 20:00,4395.0,4512.0,4547.0,4519.0,5286.0,5179.0,5179.0
06-05 21:00,4413.0,4493.0,4542.0,4287.0,4944.0,5121.0,5121.0
06-05 22:00,4406.0,4512.0,4519.0,4257.0,4640.0,5219.0,5219.0
06-05 23:00,4492.0,4475.0,4494.0,4199.0,4465.0,5048.0,5048.0
06-06 00:00,4393.0,4452.0,4509.0,4178.0,4585.0,4805.0,4805.0
06-06 01:00,4404.0,4445.0,4511.0,4164.0,4574.0,4544.0,4544.0
06-06 02:00,4374.0,4437.0,4444.0,4179.0,4620.0,4519.0,4519.0
06-06 03:00,4312.0,4439.0,4432.0,4168.0,4498.0,4479.0,4479.0
06-06 04:00,4344.0,4412.0,4431.0,4177.0,4584.0,4440.0,4440.0
06-06 05:00,4433.0,4425.0,4479.0,4196.0,5069.0,4382.0,4382.0
06-06 06:00,4411.0,4481.0,4585.0,4261.0,5399.0,4506.0,4506.0
06-06 07:00,4530.0,4520.0,4553.0,4274.0,5524.0,4628.0,4628.0
06-06 08:00,4616.0,4555.0,4581.0,4277.0,5383.0,4540.0,4540.0
06-06 09:00,4563.0,4563.0,4520.0,4264.0,5213.0,4615.0,4615.0
06-06 10:00,4560.0,4498.0,4509.0,4263.0,5024.0,4634.0,4634.0
06-06 11:00,4590.0,4489.0,4576.0,4255.0,5012.0,4513.0,4513.0
06-06 12:00,4484.0,4465.0,4511.0,4217.0,4808.0,4449.0,4449.0
06-06 13:00,4448.0,4447.0,4511.0,4189.0,4567.0,4454.0,4454.0
06-06 14:00,4468.0,4434.0,4488.0,4161.0,4601.0,4431.0,4431.0
06-06 15:00,4437.0,4425.0,4528.0,4169.0,4838.0,4413.0,4413.0
06-06 16:00,4465.0,4412.0,4500.0,4181.0,4879.0,4434.0,4434.0
06-06 17:00,4482.0,4436.0,4542.0,4210.0,5274.0,4673.0,4673.0
06-06 18:00,4533.0,4474.0,4581.0,4523.0,5285.0,4957.0,4957.0
06-06 19:00,4551.0,4504.0,4489.0,4520.0,5533.0,4824.0,4824.0
06-06 20:00,4549.0,4509.0,4526.0,4534.0,5504.0,4780.0,4780.0
06-06 21:00,4565.0,4528.0,4592.0,4450.0,5422.0,4936.0,4936.0
06-06 22:00,4537.0,4512.0,4511.0,4439.0,5295.0,5257.0,5257.0
06-06 23:00,4542.0,4492.0,4551.0,4289.0,5027.0,4800.0,4800.0
06-07 00:00,4589.0,4436.0,4471.0,4196.0,4939.0,4504.0,4504.0
06-07 01:00,4538.0,4436.0,4476.0,4180.0,4678.0,4268.0,4268.0
06-07 02:00,4504.0,4414.0,4463.0,4194.0,4608.0,4303.0,4303.0
06-07 03:00,4441.0,4422.0,4432.0,4173.0,4645.0,4212.0,4212.0
06-07 04:00,4445.0,4413.0,4465.0,4174.0,4602.0,4299.0,4299.0
06-07 05:00,4488.0,4463.0,4456.0,4196.0,4660.0,4477.0,4477.0
06-07 06:00,4569.0,4483.0,4531.0,4308.0,5394.0,4903.0,4903.0
06-07 07:00,4530.0,4582.0,4555.0,4560.0,5357.0,5061.0,5061.0
06-07 08:00,4550.0,4590.0,4601.0,4621.0,5469.0,5128.0,5128.0
06-07 09:00,4560.0,4583.0,4589.0,4482.0,5289.0,4822.0,4822.0
06-07 10:00,4579.0,4506.0,4556.0,4342.0,5038.0,4893.0,4893.0
06-07 11:00,4599.0,4510.0,4535.0,4306.0,4896.0,4805.0,4805.0
06-07 12:00,4587.0,4499.0,4603.0,4260.0,4767.0,4699.0,4699.0
06-07 13:00,4532.0,4473.0,4587.0,4322.0,4728.0,4749.0,4749.0
06-07 14:00,4520.0,4455.0,4472.0,4437.0,4586.0,4576.0,4576.0
06-07 15:00,4519.0,4438.0,4520.0,4426.0,4621.0,4560.0,4560.0
06-07 16:00,4576.0,4434.0,4548.0,4424.0,4878.0,4747.0,4747.0
06-07 17:00,4559.0,4475.0,4585.0,4434.0,5074.0,5183.0,5183.0
06-07 18:00,4550.0,4495.0,4687.0,4465.0,5018.0,5302.0,5302.0
06-07 19:00,4507.0,4506.0,4717.0,4460.0,4746.0,5253.0,5253.0
06-07 20:00,4573.0,4479.0,4583.0,4462.0,4729.0,5194.0,5194.0
06-07 21:00,4578.0,4474.0,4571.0,4434.0,4843.0,5079.0,5079.0
06-07 22:00,4591.0,4467.0,4614.0,4367.0,4775.0,5026.0,5026.0
06-07 23:00,4590.0,4450.0,4566.0,4541.0,4804.0,4733.0,4733.0
06-08 00:00,4579.0,4442.0,4485.0,4515.0,4834.0,4548.0,4548.0
06-08 01:00,4548.0,4405.0,4547.0,4687.0,4874.0,4389.0,4389.0
06-08 02:00,4569.0,4396.0,4529.0,4503.0,4857.0,4348.0,4348.0
06-08 03:00,4534.0,4404.0,4517.0,4488.0,4656.0,4381.0,4381.0
06-08 04:00,4516.0,4385.0,4531.0,4468.0,4710.0,4370.0,4370.0
06-08 05:00,4493.0,4406.0,4554.0,4484.0,4719.0,4479.0,4479.0
06-08 06:00,4622.0,4431.0,4594.0,4804.0,4861.0,4973.0,4973.0
06-08 07:00,4566.0,4514.0,4649.0,4887.0,4928.0,5324.0,5324.0
06-08 08:00,4515.0,4532.0,4676.0,4957.0,5035.0,5307.0,5307.0
06-08 09:00,4522.0,4547.0,4622.0,4951.0,4904.0,5177.0,5177.0
06-08 10:00,4540.0,4495.0,4623.0,4881.0,4821.0,4978.0,4978.0
06-08 11:00,4498.0,4430.0,4552.0,4815.0,4752.0,4628.0,4628.0
06-08 12:00,4507.0,4412.0,4566.0,4529.0,4651.0,4549.0,4549.0
06-08 13:00,4539.0,4402.0,4519.0,4526.0,4590.0,4609.0,4609.0
06-08 14:00,4517.0,4404.0,4594.0,4500.0,4587.0,4441.0,4441.0
06-08 15:00,4521.0,4435.0,4593.0,4714.0,4625.0,4527.0,4527.0
06-08 16:00,4545.0,4445.0,4604.0,4717.0,4697.0,4935.0,4935.0
06-08 17:00,4562.0,4476.0,4654.0,4745.0,4753.0,5177.0,5177.0
06-08 18:00,4569.0,4477.0,4684.0,4799.0,4827.0,5320.0,5320.0
06-08 19:00,4595.0,4487.0,4640.0,4601.0,5001.0,5348.0,5348.0
06-08 20:00,4592.0,4504.0,4611.0,4700.0,4923.0,5368.0,5368.0
06-08 21:00,4543.0,4538.0,4604.0,4784.0,5078.0,5285.0,5285.0
06-08 22:00,4554.0,4557.0,4565.0,4556.0,4988.0,5097.0,5097.0
06-08 23:00,4574.0,4518.0,4529.0,4471.0,4727.0,4745.0,4745.0
06-09 00:00,4543.0,4446.0,4509.0,4449.0,4807.0,4277.0,4277.0
06-09 01:00,4519.0,4425.0,4512.0,4432.0,4694.0,4195.0,4195.0
06-09 02:00,4425.0,4481.0,4449.0,4436.0,4619.0,4221.0,4221.0
06-09 03:00,4384.0,4472.0,4439.0,4432.0,4632.0,4144.0,4144.0
06-09 04:00,4394.0,4485.0,4474.0,4443.0,4675.0,4201.0,4201.0
06-09 05:00,4422.0,4533.0,4530.0,4448.0,4687.0,4324.0,4324.0
06-09 06:00,4515.0,4617.0,4654.0,4487.0,4749.0,4979.0,4979.0
06-09 07:00,4632.0,4658.0,4733.0,4554.0,4814.0,5174.0,5174.0
06-09 08:00,4628.0,4664.0,4748.0,4821.0,4760.0,5130.0,5130.0
06-09 09:00,4602.0,4622.0,4707.0,4880.0,4811.0,4822.0,4822.0
06-09 10:00,4604.0,4592.0,4612.0,4681.0,4826.0,4622.0,4622.0
06-09 11:00,4615.0,4585.0,4619.0,4530.0,4868.0,4506.0,4506.0
06-09 12:00,4611.0,4592.0,4589.0,4461.0,4753.0,4458.0,4458.0
06-09 13:00,4615.0,4610.0,4520.0,4426.0,4715.0,4726.0,4726.0
06-09 14:00,4563.0,4564.0,4515.0,4400.0,4784.0,4661.0,4661.0
06-09 15:00,4557.0,4582.0,4589.0,4386.0,4702.0,4994.0,4994.0
06-09 16:00,4544.0,4563.0,4604.0,4465.0,4754.0,4916.0,4916.0
06-09 17:00,4564.0,4602.0,4620.0,4594.0,4700.0,5068.0,5068.0
06-09 18:00,4600.0,4606.0,4645.0,4426.0,5034.0,5309.0,5309.0
06-09 19:00,4609.0,4655.0,4632.0,4708.0,4956.0,5201.0,5201.0
06-09 20:00,4589.0,4596.0,4608.0,4708.0,4992.0,5253.0,5253.0
06-09 21:00,4572.0,4569.0,4631.0,4703.0,4897.0,5300.0,5300.0
06-09 22:00,4553.0,4609.0,4657.0,4685.0,4892.0,5046.0,5046.0
06-09 23:00,4550.0,4595.0,4600.0,4732.0,4821.0,4898.0,4898.0
06-10 00:00,4498.0,4536.0,4543.0,4657.0,4880.0,4356.0,4356.0
06-10 01:00,4465.0,4545.0,4550.0,4492.0,4651.0,4263.0,4263.0
06-10 02:00,4477.0,4559.0,4529.0,4479.0,4673.0,4161.0,4161.0
06-10 03:00,4453.0,4568.0,4445.0,4470.0,4707.0,4191.0,4191.0
06-10 04:00,4480.0,4550.0,4510.0,4474.0,4648.0,4252.0,4252.0
06-10 05:00,4508.0,4562.0,4471.0,4469.0,4749.0,4334.0,4334.0
06-10 06:00,4617.0,4602.0,4625.0,4463.0,4841.0,4767.0,4767.0
06-10 07:00,4668.0,4677.0,4665.0,4500.0,4814.0,5041.0,5041.0
06-10 08:00,4696.0,4718.0,4650.0,4525.0,4992.0,5046.0,5046.0
06-10 09:00,4641.0,4707.0,4679.0,4508.0,4963.0,5088.0,5088.0
06-10 10:00,4556.0,4621.0,4708.0,4509.0,4891.0,4621.0,4621.0
06-10 11:00,4555.0,4621.0,4689.0,4515.0,4913.0,4513.0,4513.0
06-10 12:00,4560.0,4636.0,4613.0,4478.0,4824.0,4360.0,4360.0
06-10 13:00,4579.0,4632.0,4610.0,4459.0,4928.0,4341.0,4341.0
06-10 14:00,4571.0,4642.0,4632.0,4444.0,4909.0,4310.0,4310.0
06-10 15:00,4613.0,4640.0,4615.0,4458.0,4740.0,4298.0,4298.0
06-10 16:00,4651.0,4658.0,4594.0,4467.0,4761.0,4624.0,4624.0
06-10 17:00,4640.0,4662.0,4598.0,4494.0,4740.0,5097.0,5097.0
06-10 18:00,4619.0,4675.0,4693.0,4517.0,4855.0,5208.0,5208.0
06-10 19:00,4635.0,4686.0,4694.0,4724.0,4867.0,5165.0,5165.0
06-10 20:00,4606.0,4663.0,4697.0,4795.0,4844.0,5102.0,5102.0
06-10 21:00,4581.0,4651.0,4669.0,4791.0,4887.0,5071.0,5071.0
06-10 22:00,4550.0,4629.0,4636.0,4754.0,4839.0,4897.0,4897.0
06-10 23:00,4553.0,4616.0,4595.0,4579.0,4848.0,4902.0,4902.0
06-11 00:00,4546.0,4600.0,4589.0,4335.0,4684.0,4678.0,4678.0
06-11 01:00,4555.0,4587.0,4597.0,4404.0,4731.0,4412.0,4412.0
06-11 02:00,4551.0,4587.0,4582.0,4405.0,4694.0,4193.0,4193.0
06-11 03:00,4446.0,4547.0,4550.0,4399.0,4608.0,4290.0,4290.0
06-11 04:00,4466.0,4583.0,4550.0,4424.0,4654.0,4232.0,4232.0
06-11 05:00,4520.0,4609.0,4593.0,4564.0,4625.0,4566.0,4566.0
06-11 06:00,4618.0,4615.0,4619.0,4769.0,5202.0,5219.0,5219.0
06-11 07:00,4648.0,4640.0,4593.0,4744.0,5376.0,5323.0,5323.0
06-11 08:00,4662.0,4676.0,4657.0,4720.0,5288.0,5347.0,5347.0
06-11 09:00,4668.0,4699.0,4671.0,4808.0,5132.0,5186.0,5186.0
06-11 10:00,4597.0,4702.0,4655.0,4770.0,5092.0,5281.0,5281.0
06-11 11:00,4582.0,4726.0,4626.0,4618.0,5097.0,4799.0,4799.0
06-11 12:00,4575.0,4698.0,4596.0,4582.0,5052.0,4889.0,4889.0
06-11 13:00,4506.0,4660.0,4596.0,4509.0,4956.0,4795.0,4795.0
06-11 14:00,4495.0,4666.0,4545.0,4505.0,4786.0,4512.0,4512.0
06-11 15:00,4558.0,4666.0,4553.0,4497.0,4689.0,4392.0,4392.0
06-11 16:00,4607.0,4671.0,4567.0,4743.0,4895.0,4939.0,4939.0
06-11 17:00,4565.0,4709.0,4529.0,4785.0,5309.0,5069.0,5069.0
06-11 18:00,4665.0,4709.0,4567.0,4830.0,5363.0,5107.0,5107.0
06-11 19:00,4670.0,4660.0,4568.0,4839.0,5456.0,5133.0,5133.0
06-11 20:00,4682.0,4662.0,4649.0,4744.0,5452.0,5287.0,5287.0
06-11 21:00,4646.0,4658.0,4638.0,4518.0,5265.0,5249.0,5249.0
06-11 22:00,4620.0,4629.0,4572.0,4323.0,5041.0,5187.0,5187.0
06-11 23:00,4589.0,4609.0,4527.0,4372.0,4724.0,5059.0,5059.0
06-12 00:00,4564.0,4603.0,4524.0,4409.0,4652.0,4932.0,4932.0
06-12 01:00,4480.0,4600.0,4482.0,4432.0,4665.0,4588.0,4588.0
06-12 02:00,4456.0,4565.0,4459.0,4422.0,4651.0,4439.0,4439.0
06-12 03:00,4495.0,4582.0,4447.0,4431.0,4695.0,4687.0,4687.0
06-12 04:00,4468.0,4610.0,4448.0,4430.0,4848.0,4523.0,4523.0
06-12 05:00,4533.0,4629.0,4505.0,4432.0,4719.0,4523.0,4523.0
06-12 06:00,4605.0,4592.0,4568.0,4532.0,5243.0,4735.0,4735.0
06-12 07:00,4619.0,4604.0,4571.0,4626.0,5356.0,4983.0,4983.0
06-12 08:00,4675.0,4628.0,4529.0,4460.0,5263.0,5133.0,5133.0
06-12 09:00,4666.0,4643.0,4597.0,4667.0,5043.0,4891.0,4891.0
06-12 10:00,4639.0,4642.0,4541.0,4666.0,5010.0,4860.0,4860.0
06-12 11:00,4667.0,4676.0,4512.0,4666.0,4825.0,4650.0,4650.0
06-12 12:00,4601.0,4674.0,4527.0,4661.0,4698.0,4397.0,4397.0
06-12 13:00,4553.0,4640.0,4486.0,4765.0,4680.0,4509.0,4509.0
06-12 14:00,4489.0,4646.0,4456.0,4746.0,4789.0,4455.0,4455.0
06-12 15:00,4487.0,4652.0,4517.0,4774.0,4535.0,4460.0,4460.0
06-12 16:00,4480.0,4671.0,4542.0,4779.0,4706.0,4460.0,4460.0
06-12 17:00,4460.0,4678.0,4558.0,4720.0,4771.0,4693.0,4693.0
06-12 18:00,4446.0,4660.0,4545.0,4755.0,4808.0,4776.0,4776.0
06-12 19:00,4432.0,4667.0,4591.0,4825.0,4801.0,4799.0,4799.0
06-12 20:00,4478.0,4674.0,4575.0,4726.0,4934.0,4723.0,4723.0
06-12 21:00,4500.0,4662.0,4601.0,4824.0,4871.0,4611.0,4611.0
06-12 22:00,4569.0,4629.0,4562.0,4584.0,4644.0,4570.0,4570.0
06-12 23:00,4558.0,4640.0,4552.0,4479.0,4726.0,4594.0,4594.0
06-13 00:00,4516.0,4617.0,4542.0,4389.0,4787.0,4580.0,4580.0
06-13 01:00,4434.0,4598.0,4512.0,4376.0,4709.0,4393.0,4393.0
06-13 02:00,4409.0,4599.0,4495.0,4380.0,4673.0,4288.0,4288.0
06-13 03:00,4467.0,4595.0,4486.0,4379.0,4646.0,4307.0,4307.0
06-13 04:00,4445.0,4619.0,4482.0,4361.0,4641.0,4280.0,4280.0
06-13 05:00,4388.0,4611.0,4544.0,4387.0,4704.0,4468.0,4468.0
06-13 06:00,4427.0,4651.0,4583.0,4519.0,4851.0,4572.0,4572.0
06-13 07:00,4480.0,4694.0,4627.0,4669.0,5006.0,4675.0,4675.0
06-13 08:00,4571.0,4707.0,4664.0,4656.0,4928.0,4702.0,4702.0
06-13 09:00,4571.0,4698.0,4611.0,4603.0,4997.0,4660.0,4660.0
06-13 10:00,4596.0,4667.0,4613.0,4773.0,5018.0,4483.0,4483.0
06-13 11:00,4583.0,4661.0,4571.0,4774.0,4929.0,4506.0,4506.0
06-13 12:00,4542.0,4647.0,4512.0,4497.0,4854.0,4467.0,4467.0
06-13 13:00,4519.0,4645.0,4570.0,4485.0,4890.0,4391.0,4391.0
06-13 14:00,4496.0,4675.0,4558.0,4464.0,4859.0,4416.0,4416.0
06-13 15:00,4449.0,4658.0,4566.0,4506.0,4696.0,4404.0,4404.0
06-13 16:00,4412.0,4706.0,4582.0,4661.0,4826.0,4712.0,4712.0
06-13 17:00,4399.0,4715.0,4652.0,4608.0,4937.0,4764.0,4764.0
06-13 18:00,4484.0,4734.0,4610.0,4598.0,5314.0,4999.0,4999.0
06-13 19:00,4481.0,4731.0,4639.0,4592.0,5371.0,5421.0,5421.0
06-13 20:00,4465.0,4712.0,4618.0,4644.0,5172.0,5354.0,5354.0
06-13 21:00,4480.0,4703.0,4516.0,4594.0,5102.0,5464.0,5464.0
06-13 22:00,4490.0,4690.0,4515.0,4476.0,4917.0,5243.0,5243.0
06-13 23:00,4464.0,4657.0,4535.0,4522.0,4855.0,4971.0,4971.0
06-14 00:00,4420.0,4588.0,4506.0,4510.0,4771.0,4839.0,4839.0
06-14 01:00,4425.0,4579.0,4463.0,4421.0,4852.0,4509.0,4509.0
06-14 02:00,4399.0,4580.0,4457.0,4404.0,4686.0,4247.0,4247.0
06-14 03:00,4389.0,4573.0,4489.0,4415.0,4774.0,4245.0,4245.0
06-14 04:00,4388.0,4574.0,4526.0,4410.0,4807.0,4389.0,4389.0
06-14 05:00,4377.0,4583.0,4549.0,4422.0,4725.0,4361.0,4361.0
06-14 06:00,4440.0,4612.0,4597.0,4555.0,4887.0,5241.0,5241.0
06-14 07:00,4494.0,4642.0,4631.0,4698.0,5003.0,5225.0,5225.0
06-14 08:00,4531.0,4657.0,4648.0,4774.0,5056.0,5352.0,5352.0
06-14 09:00,4473.0,4654.0,4608.0,4651.0,5063.0,5008.0,5008.0
06-14 10:00,4518.0,4632.0,4591.0,4898.0,5087.0,4743.0,4743.0
06-14 11:00,4536.0,4637.0,4559.0,4890.0,4870.0,4604.0,4604.0
06-14 12:00,4494.0,4634.0,4553.0,4643.0,4779.0,4509.0,4509.0
06-14 13:00,4583.0,4633.0,4547.0,4657.0,4807.0,4584.0,4584.0
06-14 14:00,4574.0,4630.0,4579.0,4682.0,4872.0,4575.0,4575.0
06-14 15:00,4498.0,4609.0,4611.0,4742.0,4842.0,5031.0,5031.0
06-14 16:00,4497.0,4609.0,4605.0,4828.0,4825.0,5191.0,5191.0
06-14 17:00,4525.0,4694.0,4645.0,4884.0,5320.0,5225.0,5225.0
06-14 18:00,4565.0,4724.0,4646.0,4886.0,5314.0,5343.0,5343.0
06-14 19:00,4585.0,4719.0,4647.0,4859.0,5394.0,5368.0,5368.0
06-14 20:00,4592.0,4699.0,4636.0,4836.0,5473.0,5291.0,5291.0
06-14 21:00,4569.0,4651.0,4615.0,4766.0,5439.0,5282.0,5282.0
06-14 22:00,4557.0,4661.0,4596.0,4760.0,5253.0,5203.0,5203.0
06-14 23:00,4522.0,4631.0,4590.0,4770.0,4848.0,5064.0,5064.0
06-15 00:00,4505.0,4594.0,4579.0,4753.0,4778.0,4859.0,4859.0
06-15 01:00,4430.0,4590.0,4573.0,4757.0,4693.0,4357.0,4357.0
06-15 02:00,4441.0,4582.0,4540.0,4737.0,4555.0,4309.0,4309.0
06-15 03:00,4416.0,4577.0,4558.0,4681.0,4651.0,4253.0,4253.0
06-15 04:00,4416.0,4603.0,4477.0,4758.0,4592.0,4369.0,4369.0
06-15 05:00,4409.0,4578.0,4544.0,4775.0,4506.0,4426.0,4426.0
06-15 06:00,4516.0,4611.0,4606.0,5092.0,4685.0,5239.0,5239.0
06-15 07:00,4537.0,4635.0,4725.0,5120.0,4858.0,5308.0,5308.0
06-15 08:00,4567.0,4679.0,4739.0,5102.0,4947.0,5388.0,5388.0
06-15 09:00,4576.0,4665.0,4688.0,5000.0,4913.0,5145.0,5145.0
06-15 10:00,4570.0,4652.0,4649.0,4985.0,4839.0,5121.0,5121.0
06-15 11:00,4545.0,4659.0,4635.0,5016.0,5166.0,4596.0,4596.0
06-15 12:00,4518.0,4622.0,4583.0,4861.0,5088.0,4751.0,4751.0
06-15 13:00,4519.0,4631.0,4556.0,4850.0,4683.0,4736.0,4736.0
06-15 14:00,4502.0,4627.0,4576.0,4764.0,4595.0,4907.0,4907.0
06-15 15:00,4503.0,4628.0,4577.0,4841.0,4554.0,4654.0,4654.0
06-15 16:00,4518.0,4658.0,4558.0,4876.0,4671.0,4724.0,4724.0
06-15 17:00,4524.0,4690.0,4566.0,5094.0,4798.0,5270.0,5270.0
06-15 18:00,4559.0,4710.0,4552.0,5092.0,4788.0,5366.0,5366.0
06-15 19:00,4577.0,4718.0,4553.0,4992.0,4866.0,5440.0,5440.0
06-15 20:00,4552.0,4700.0,4565.0,4982.0,4948.0,5387.0,5387.0
06-15 21:00,4523.0,4701.0,4569.0,5053.0,4941.0,5489.0,5489.0
06-15 22:00,4510.0,4680.0,4548.0,5060.0,5051.0,5376.0,5376.0
06-15 23:00,4514.0,4659.0,4564.0,4766.0,5142.0,5218.0,5218.0
06-16 00:00,4479.0,4617.0,4474.0,4863.0,5232.0,4782.0,4782.0
06-16 01:00,4473.0,4590.0,4513.0,4884.0,5013.0,4836.0,4836.0
06-16 02:00,4423.0,4594.0,4501.0,4864.0,4848.0,4732.0,4732.0
06-16 03:00,4415.0,4588.0,4479.0,4774.0,4674.0,4475.0,4475.0
06-16 04:00,4497.0,4584.0,4532.0,4768.0,4740.0,4459.0,4459.0
06-16 05:00,4492.0,4598.0,4561.0,4785.0,4771.0,4480.0,4480.0
06-16 06:00,4562.0,4628.0,4613.0,4795.0,4790.0,5032.0,5032.0
06-16 07:00,4621.0,4695.0,4663.0,4929.0,4717.0,5107.0,5107.0
06-16 08:00,4666.0,4678.0,4650.0,5135.0,4802.0,5441.0,5441.0
06-16 09:00,4627.0,4680.0,4604.0,5146.0,4795.0,5288.0,5288.0
06-16 10:00,4596.0,4635.0,4616.0,5007.0,4755.0,5153.0,5153.0
06-16 11:00,4600.0,4645.0,4644.0,4899.0,4742.0,4804.0,4804.0
06-16 12:00,4580.0,4653.0,4538.0,4907.0,4732.0,4715.0,4715.0
06-16 13:00,4547.0,4648.0,4501.0,4759.0,4692.0,4403.0,4403.0
06-16 14:00,4572.0,4643.0,4523.0,4794.0,4613.0,4386.0,4386.0
06-16 15:00,4578.0,4635.0,4554.0,4685.0,4626.0,4714.0,4714.0
06-16 16:00,4601.0,4671.0,4598.0,4765.0,4686.0,4742.0,4742.0
06-16 17:00,4601.0,4692.0,4633.0,5052.0,4797.0,4610.0,4610.0
06-16 18:00,4618.0,4695.0,4671.0,5065.0,4916.0,4803.0,4803.0
06-16 19:00,4623.0,4704.0,4692.0,4975.0,4907.0,5038.0,5038.0
06-16 20:00,4570.0,4656.0,4729.0,4897.0,4946.0,5224.0,5224.0
06-16 21:00,4554.0,4640.0,4637.0,4944.0,5009.0,5102.0,5102.0
06-16 22:00,4487.0,4633.0,4677.0,4996.0,5102.0,4887.0,4887.0
06-16 23:00,4462.0,4635.0,4610.0,4944.0,4900.0,4768.0,4768.0
06-17 00:00,4439.0,4618.0,4505.0,5071.0,4833.0,4127.0,4127.0
06-17 01:00,4435.0,4602.0,4536.0,4743.0,4481.0,4187.0,4187.0
06-17 02:00,4429.0,4604.0,4592.0,4877.0,4635.0,4057.0,4057.0
06-17 03:00,4421.0,4605.0,4571.0,4695.0,4578.0,4046.0,4046.0
06-17 04:00,4421.0,4591.0,4539.0,4763.0,4524.0,4062.0,4062.0
06-17 05:00,4437.0,4592.0,4575.0,4771.0,4526.0,4178.0,4178.0
06-17 06:00,4551.0,4624.0,4676.0,4792.0,4984.0,4613.0,4613.0
06-17 07:00,4650.0,4680.0,4636.0,4733.0,5061.0,5032.0,5032.0
06-17 08:00,4731.0,4744.0,4707.0,4796.0,5399.0,5117.0,5117.0
06-17 09:00,4680.0,4740.0,4751.0,4737.0,4974.0,5063.0,5063.0
06-17 10:00,4633.0,4711.0,4715.0,4735.0,5138.0,4821.0,4821.0
06-17 11:00,4671.0,4700.0,4676.0,4766.0,5191.0,4544.0,4544.0
06-17 12:00,4608.0,4671.0,4659.0,4812.0,4931.0,4058.0,4058.0
06-17 13:00,4645.0,4660.0,4617.0,4713.0,4761.0,3807.0,3807.0
06-17 14:00,4650.0,4686.0,4621.0,4705.0,4726.0,3735.0,3735.0
06-17 15:00,4646.0,4701.0,4645.0,4746.0,4667.0,3721.0,3721.0
06-17 16:00,4714.0,4727.0,4672.0,4761.0,4944.0,3967.0,3967.0
06-17 17:00,4719.0,4709.0,4674.0,4900.0,5081.0,4010.0,4010.0
06-17 18:00,4726.0,4712.0,4684.0,4752.0,5447.0,4281.0,4281.0
06-17 19:00,4750.0,4710.0,4702.0,4809.0,5125.0,4547.0,4547.0
06-17 20:00,4616.0,4677.0,4593.0,4895.0,5215.0,4626.0,4626.0
06-17 21:00,4564.0,4648.0,4584.0,5007.0,5300.0,4425.0,4425.0
06-17 22:00,4567.0,4644.0,4575.0,5083.0,4859.0,4549.0,4549.0
06-17 23:00,4528.0,4620.0,4663.0,4928.0,4695.0,4707.0,4707.0
06-18 00:00,4523.0,4609.0,4600.0,4807.0,4611.0,4081.0,4081.0
06-18 01:00,4456.0,4624.0,4556.0,4813.0,4546.0,4311.0,4311.0
06-18 02:00,4444.0,4618.0,4543.0,4831.0,4528.0,4101.0,4101.0
06-18 03:00,4418.0,4620.0,4550.0,4726.0,4594.0,3992.0,3992.0
06-18 04:00,4479.0,4638.0,4545.0,4720.0,4559.0,3951.0,3951.0
06-18 05:00,4491.0,4624.0,4583.0,4704.0,4684.0,4140.0,4140.0
06-18 06:00,4543.0,4652.0,4618.0,4834.0,5240.0,4717.0,4717.0
06-18 07:00,4598.0,4684.0,4652.0,4849.0,5335.0,5053.0,5053.0
06-18 08:00,4655.0,4718.0,4678.0,4859.0,5294.0,5061.0,5061.0
06-18 09:00,4636.0,4748.0,4642.0,4953.0,5304.0,5007.0,5007.0
06-18 10:00,4625.0,4740.0,4671.0,5071.0,4837.0,4787.0,4787.0
06-18 11:00,4613.0,4701.0,4656.0,4930.0,4721.0,4401.0,4401.0
06-18 12:00,4586.0,4675.0,4609.0,4767.0,4788.0,4111.0,4111.0
06-18 13:00,4536.0,4673.0,4573.0,4743.0,4737.0,3877.0,3877.0
06-18 14:00,4599.0,4669.0,4594.0,4737.0,4766.0,3788.0,3788.0
06-18 15:00,4547.0,4621.0,4647.0,4708.0,4838.0,4131.0,4131.0
06-18 16:00,4619.0,4657.0,4654.0,4854.0,5149.0,4320.0,4320.0
06-18 17:00,4650.0,4666.0,4630.0,5051.0,5416.0,4286.0,4286.0
06-18 18:00,4639.0,4683.0,4642.0,5099.0,5493.0,4446.0,4446.0
06-18 19:00,4638.0,4687.0,4644.0,5018.0,5501.0,4557.0,4557.0
06-18 20:00,4616.0,4676.0,4602.0,5148.0,5494.0,4562.0,4562.0
06-18 21:00,4617.0,4657.0,4591.0,5067.0,5425.0,4640.0,4640.0
06-18 22:00,4582.0,4632.0,4623.0,4774.0,5374.0,4438.0,4438.0
06-18 23:00,4544.0,4632.0,4606.0,4802.0,4802.0,4200.0,4200.0
06-19 00:00,4541.0,4616.0,4563.0,4718.0,4575.0,4317.0,4317.0
06-19 01:00,4526.0,4613.0,4544.0,4692.0,4553.0,4317.0,4317.0
06-19 02:00,4465.0,4586.0,4484.0,4608.0,4464.0,4151.0,4151.0
06-19 03:00,4466.0,4573.0,4459.0,4573.0,4479.0,4277.0,4277.0
06-19 04:00,4494.0,4596.0,4447.0,4579.0,4495.0,4040.0,4040.0
06-19 05:00,4519.0,4602.0,4497.0,4610.0,4510.0,4034.0,4034.0
06-19 06:00,4645.0,4616.0,4600.0,4923.0,5142.0,4432.0,4432.0
06-19 07:00,4644.0,4652.0,4601.0,4971.0,5462.0,4581.0,4581.0
06-19 08:00,4653.0,4683.0,4613.0,4862.0,5559.0,4661.0,4661.0
06-19 09:00,4644.0,4700.0,4562.0,4791.0,5259.0,4666.0,4666.0
06-19 10:00,4657.0,4711.0,4576.0,4788.0,4998.0,4547.0,4547.0
06-19 11:00,4685.0,4711.0,4513.0,5010.0,4853.0,4267.0,4267.0
06-19 12:00,4634.0,4707.0,4443.0,4768.0,4725.0,4060.0,4060.0
06-19 13:00,4668.0,4677.0,4471.0,4277.0,4958.0,4030.0,4030.0
06-19 14:00,4692.0,4658.0,4386.0,4309.0,5082.0,4341.0,4341.0
06-19 15:00,4631.0,4668.0,4419.0,4430.0,4970.0,4430.0,4430.0
06-19 16:00,4663.0,4674.0,4451.0,4506.0,5045.0,4381.0,4381.0
06-19 17:00,4657.0,4679.0,4525.0,4682.0,5144.0,4551.0,4551.0
06-19 18:00,4675.0,4670.0,4521.0,4712.0,5316.0,4513.0,4513.0
06-19 19:00,4661.0,4691.0,4547.0,4623.0,5483.0,4463.0,4463.0
06-19 20:00,4659.0,4682.0,4537.0,4439.0,5333.0,4674.0,4674.0
06-19 21:00,4662.0,4675.0,4476.0,4379.0,5347.0,4666.0,4666.0
06-19 22:00,4649.0,4650.0,4493.0,4400.0,5090.0,4758.0,4758.0
06-19 23:00,4616.0,4635.0,4512.0,4327.0,4899.0,4271.0,4271.0
06-20 00:00,4616.0,4568.0,4485.0,4261.0,5090.0,4112.0,4112.0
06-20 01:00,4588.0,4546.0,4419.0,4283.0,4640.0,4028.0,4028.0
06-20 02:00,4590.0,4546.0,4441.0,4247.0,4694.0,3992.0,3992.0
06-20 03:00,4572.0,4530.0,4426.0,4293.0,4782.0,4079.0,4079.0
06-20 04:00,4569.0,4554.0,4421.0,4314.0,4750.0,4260.0,4260.0
06-20 05:00,4566.0,4595.0,4418.0,4421.0,4797.0,4148.0,4148.0
06-20 06:00,4595.0,4606.0,4538.0,4467.0,4745.0,4087.0,4087.0
06-20 07:00,4620.0,4642.0,4556.0,4719.0,4853.0,4192.0,4192.0
06-20 08:00,4675.0,4673.0,4634.0,4642.0,4917.0,4289.0,4289.0
06-20 09:00,4716.0,4636.0,4568.0,4642.0,4985.0,4436.0,4436.0
06-20 10:00,4737.0,4627.0,4521.0,4672.0,4850.0,4376.0,4376.0
06-20 11:00,4702.0,4587.0,4423.0,4581.0,4964.0,4074.0,4074.0
06-20 12:00,4697.0,4551.0,4405.0,4371.0,4863.0,3976.0,3976.0
06-20 13:00,4684.0,4547.0,4444.0,4394.0,4762.0,3976.0,3976.0
06-20 14:00,4693.0,4567.0,4390.0,4365.0,4818.0,3862.0,3862.0
06-20 15:00,4654.0,4643.0,4405.0,4394.0,5070.0,4173.0,4173.0
06-20 16:00,4591.0,4657.0,4435.0,4471.0,4959.0,4337.0,4337.0
06-20 17:00,4650.0,4665.0,4414.0,4531.0,5076.0,4581.0,4581.0
06-20 18:00,4694.0,4698.0,4458.0,4666.0,5080.0,4869.0,4869.0
06-20 19:00,4701.0,4700.0,4549.0,4900.0,5245.0,4964.0,4964.0
06-20 20:00,4690.0,4670.0,4479.0,4844.0,5135.0,4967.0,4967.0
06-20 21:00,4717.0,4655.0,4454.0,4904.0,5120.0,4940.0,4940.0
06-20 22:00,4690.0,4632.0,4467.0,4852.0,5398.0,4778.0,4778.0
06-20 23:00,4665.0,4605.0,4493.0,4503.0,5199.0,4507.0,4507.0
06-21 00:00,4630.0,4581.0,4434.0,4506.0,4677.0,4282.0,4282.0
06-21 01:00,4639.0,4563.0,4440.0,4370.0,4623.0,4137.0,4137.0
06-21 02:00,4629.0,4555.0,4449.0,4327.0,4583.0,4049.0,4049.0
06-21 03:00,4609.0,4521.0,4481.0,4356.0,4718.0,4032.0,4032.0
06-21 04:00,4610.0,4539.0,4477.0,4256.0,4732.0,4269.0,4269.0
06-21 05:00,4631.0,4541.0,4467.0,4255.0,4679.0,4503.0,4503.0
06-21 06:00,4641.0,4547.0,4558.0,4475.0,5108.0,4902.0,4902.0
06-21 07:00,4718.0,4596.0,4625.0,4491.0,5473.0,4821.0,4821.0
06-21 08:00,4707.0,4615.0,4654.0,4689.0,5403.0,4892.0,4892.0
06-21 09:00,4696.0,4586.0,4623.0,4538.0,5312.0,4831.0,4831.0
06-21 10:00,4714.0,4595.0,4574.0,4498.0,5002.0,4538.0,4538.0
06-21 11:00,4743.0,4621.0,4597.0,4528.0,4943.0,4491.0,4491.0
06-21 12:00,4735.0,4630.0,4553.0,4466.0,5129.0,4521.0,4521.0
06-21 13:00,4746.0,4599.0,4540.0,4510.0,4857.0,4294.0,4294.0
06-21 14:00,4743.0,4621.0,4454.0,4598.0,4737.0,4183.0,4183.0
06-21 15:00,4696.0,4598.0,4431.0,4634.0,4998.0,4139.0,4139.0
06-21 16:00,4692.0,4612.0,4453.0,4527.0,5140.0,4256.0,4256.0
06-21 17:00,4762.0,4615.0,4495.0,4606.0,5218.0,4593.0,4593.0
06-21 18:00,4782.0,4621.0,4578.0,4631.0,5382.0,4998.0,4998.0
06-21 19:00,4752.0,4620.0,4533.0,4687.0,5369.0,4932.0,4932.0
06-21 20:00,4714.0,4578.0,4540.0,4631.0,5301.0,4576.0,4576.0
06-21 21:00,4742.0,4546.0,4524.0,4684.0,5339.0,4761.0,4761.0
06-21 22:00,4770.0,4532.0,4457.0,4654.0,5235.0,4574.0,4574.0
06-21 23:00,4704.0,4528.0,4456.0,4658.0,5095.0,4545.0,4545.0
06-22 00:00,4618.0,4487.0,4476.0,4684.0,4814.0,4190.0,4190.0
06-22 01:00,4666.0,4502.0,4467.0,4694.0,4678.0,4080.0,4080.0
06-22 02:00,4660.0,4504.0,4491.0,4636.0,4688.0,4118.0,4118.0
06-22 03:00,4652.0,4499.0,4465.0,4621.0,4766.0,4054.0,4054.0
06-22 04:00,4655.0,4520.0,4384.0,4731.0,4660.0,4222.0,4222.0
06-22 05:00,4662.0,4533.0,4427.0,4836.0,4671.0,4238.0,4238.0
06-22 06:00,4673.0,4548.0,4531.0,4918.0,4746.0,4450.0,4450.0
06-22 07:00,4670.0,4621.0,4548.0,4983.0,4857.0,4849.0,4849.0
06-22 08:00,4688.0,4623.0,4568.0,4973.0,5197.0,4873.0,4873.0
06-22 09:00,4643.0,4613.0,4509.0,4936.0,5156.0,4814.0,4814.0
06-22 10:00,4574.0,4565.0,4461.0,4875.0,5013.0,4880.0,4880.0
06-22 11:00,4562.0,4542.0,4377.0,4833.0,4847.0,5021.0,5021.0
06-22 12:00,4603.0,4537.0,4359.0,4807.0,4821.0,4878.0,4878.0
06-22 13:00,4672.0,4528.0,4284.0,4894.0,4779.0,4555.0,4555.0
06-22 14:00,4552.0,4492.0,4369.0,4893.0,4706.0,4434.0,4434.0
06-22 15:00,4583.0,4504.0,4434.0,4863.0,4785.0,4459.0,4459.0
06-22 16:00,4642.0,4521.0,4369.0,4842.0,4857.0,4666.0,4666.0
06-22 17:00,4641.0,4535.0,4411.0,5066.0,5013.0,4827.0,4827.0
06-22 18:00,4627.0,4553.0,4392.0,5297.0,5089.0,5014.0,5014.0
06-22 19:00,4588.0,4555.0,4439.0,5259.0,4913.0,4980.0,4980.0
06-22 20:00,4573.0,4518.0,4387.0,5101.0,4953.0,4964.0,4964.0
06-22 21:00,4553.0,4511.0,4432.0,5186.0,5071.0,4938.0,4938.0
06-22 22:00,4543.0,4513.0,4461.0,5083.0,4913.0,4795.0,4795.0
06-22 23:00,4577.0,4497.0,4354.0,4913.0,4829.0,4243.0,4243.0
06-23 00:00,4519.0,4480.0,4375.0,4876.0,4818.0,4307.0,4307.0
06-23 01:00,4480.0,4465.0,4359.0,4865.0,4779.0,4195.0,4195.0
06-23 02:00,4482.0,4466.0,4299.0,4805.0,4739.0,3927.0,3927.0
06-23 03:00,4457.0,4437.0,4319.0,4855.0,4808.0,4040.0,4040.0
06-23 04:00,4466.0,4459.0,4332.0,4830.0,4736.0,3967.0,3967.0
06-23 05:00,4475.0,4483.0,4391.0,4845.0,4801.0,4134.0,4134.0
06-23 06:00,4595.0,4510.0,4430.0,4871.0,4844.0,4890.0,4890.0
06-23 07:00,4643.0,4580.0,4444.0,4881.0,4942.0,5023.0,5023.0
06-23 08:00,4693.0,4592.0,4524.0,4846.0,4868.0,5025.0,5025.0
06-23 09:00,4649.0,4575.0,4478.0,4808.0,4941.0,5063.0,5063.0
06-23 10:00,4706.0,4510.0,4467.0,4794.0,4924.0,4955.0,4955.0
06-23 11:00,4622.0,4477.0,4456.0,4810.0,4755.0,4694.0,4694.0
06-23 12:00,4577.0,4444.0,4438.0,4752.0,4701.0,4398.0,4398.0
06-23 13:00,4603.0,4416.0,4415.0,4649.0,4786.0,4803.0,4803.0
06-23 14:00,4593.0,4388.0,4420.0,4640.0,4696.0,4581.0,4581.0
06-23 15:00,4678.0,4354.0,4457.0,4603.0,4722.0,4651.0,4651.0
06-23 16:00,4643.0,4328.0,4471.0,4713.0,4755.0,4548.0,4548.0
06-23 17:00,4663.0,4362.0,4444.0,4856.0,4777.0,4905.0,4905.0
06-23 18:00,4636.0,4392.0,4488.0,5156.0,4845.0,5077.0,5077.0
06-23 19:00,4688.0,4410.0,4479.0,5064.0,5132.0,5120.0,5120.0
06-23 20:00,4614.0,4386.0,4527.0,4962.0,5193.0,5067.0,5067.0
06-23 21:00,4590.0,4417.0,4508.0,5025.0,5157.0,5001.0,5001.0
06-23 22:00,4580.0,4409.0,4450.0,5063.0,5001.0,4664.0,4664.0
06-23 23:00,4645.0,4400.0,4466.0,4961.0,4828.0,4402.0,4402.0
06-24 00:00,4529.0,4348.0,4471.0,4719.0,4613.0,3963.0,3963.0
06-24 01:00,4564.0,4341.0,4490.0,4679.0,4651.0,4100.0,4100.0
06-24 02:00,4601.0,4363.0,4414.0,4633.0,4659.0,3961.0,3961.0
06-24 03:00,4566.0,4357.0,4405.0,4685.0,4640.0,4027.0,4027.0
06-24 04:00,4567.0,4380.0,4410.0,4766.0,4656.0,4041.0,4041.0
06-24 05:00,4597.0,4400.0,4415.0,4662.0,4664.0,4221.0,4221.0
06-24 06:00,4650.0,4465.0,4459.0,4570.0,4891.0,4800.0,4800.0
06-24 07:00,4673.0,4550.0,4515.0,4734.0,5293.0,5037.0,5037.0
06-24 08:00,4327.0,4590.0,4551.0,4640.0,5418.0,5274.0,5274.0
06-24 09:00,4295.0,4578.0,4578.0,4626.0,5325.0,5008.0,5008.0
06-24 10:00,4254.0,4563.0,4638.0,4669.0,4984.0,4771.0,4771.0
06-24 11:00,4265.0,4538.0,4575.0,4831.0,4899.0,4719.0,4719.0
06-24 12:00,4269.0,4551.0,4522.0,4705.0,4683.0,4577.0,4577.0
06-24 13:00,4247.0,4505.0,4460.0,4631.0,4612.0,4486.0,4486.0
06-24 14:00,4266.0,4499.0,4461.0,4622.0,4738.0,4487.0,4487.0
06-24 15:00,4243.0,4553.0,4500.0,4595.0,4840.0,4511.0,4511.0
06-24 16:00,4264.0,4520.0,4543.0,4691.0,4784.0,4836.0,4836.0
06-24 17:00,4308.0,4522.0,4588.0,4823.0,5150.0,5008.0,5008.0
06-24 18:00,4641.0,4518.0,4610.0,4827.0,5342.0,5070.0,5070.0
06-24 19:00,4673.0,4523.0,4610.0,4769.0,5488.0,5135.0,5135.0
06-24 20:00,4601.0,4520.0,4618.0,4667.0,5471.0,5135.0,5135.0
06-24 21:00,4620.0,4503.0,4570.0,4703.0,5414.0,5106.0,5106.0
06-24 22:00,4647.0,4470.0,4604.0,4704.0,5031.0,4960.0,4960.0
06-24 23:00,4547.0,4490.0,4609.0,4931.0,5001.0,4860.0,4860.0
06-25 00:00,4482.0,4527.0,4538.0,4529.0,4661.0,4214.0,4214.0
06-25 01:00,4456.0,4507.0,4487.0,4668.0,4725.0,4093.0,4093.0
06-25 02:00,4470.0,4494.0,4481.0,4616.0,4658.0,4047.0,4047.0
06-25 03:00,4468.0,4539.0,4513.0,4535.0,4719.0,4059.0,4059.0
06-25 04:00,4501.0,4514.0,4474.0,4466.0,4796.0,4061.0,4061.0
06-25 05:00,4539.0,4513.0,4497.0,4705.0,4847.0,4191.0,4191.0
06-25 06:00,4590.0,4579.0,4462.0,4921.0,5006.0,4692.0,4692.0
06-25 07:00,4652.0,4608.0,4590.0,4879.0,5055.0,4734.0,4734.0
06-25 08:00,4720.0,4588.0,4530.0,4759.0,5034.0,4984.0,4984.0
06-25 09:00,4698.0,4632.0,4583.0,4849.0,5113.0,4750.0,4750.0
06-25 10:00,4598.0,4647.0,4551.0,4853.0,4985.0,4807.0,4807.0
06-25 11:00,4650.0,4630.0,4617.0,4869.0,4927.0,4619.0,4619.0
06-25 12:00,4645.0,4617.0,4625.0,4895.0,4551.0,4276.0,4276.0
06-25 13:00,4549.0,4620.0,4591.0,4924.0,4529.0,4264.0,4264.0
06-25 14:00,4513.0,4587.0,4527.0,4706.0,4630.0,4103.0,4103.0
06-25 15:00,4500.0,4591.0,4531.0,4766.0,4623.0,4119.0,4119.0
06-25 16:00,4543.0,4561.0,4554.0,4641.0,4821.0,4334.0,4334.0
06-25 17:00,4559.0,4610.0,4572.0,4823.0,4919.0,4581.0,4581.0
06-25 18:00,4600.0,4658.0,4587.0,5045.0,4994.0,4880.0,4880.0
06-25 19:00,4622.0,4672.0,4561.0,4923.0,5048.0,4836.0,4836.0
06-25 20:00,4498.0,4631.0,4572.0,4747.0,5060.0,4718.0,4718.0
06-25 21:00,4559.0,4641.0,4576.0,4722.0,5035.0,4617.0,4617.0
06-25 22:00,4550.0,4643.0,4586.0,4716.0,5021.0,4835.0,4835.0
06-25 23:00,4593.0,4633.0,4555.0,4711.0,4984.0,4473.0,4473.0
06-26 00:00,4573.0,4620.0,4511.0,4691.0,4802.0,4213.0,4213.0
06-26 01:00,4506.0,4578.0,4524.0,4534.0,4920.0,4186.0,4186.0
06-26 02:00,4462.0,4601.0,4495.0,4638.0,4804.0,4278.0,4278.0
06-26 03:00,4489.0,4597.0,4445.0,4662.0,4754.0,4213.0,4213.0
06-26 04:00,4506.0,4550.0,4492.0,4659.0,4793.0,4218.0,4218.0
06-26 05:00,4543.0,4565.0,4461.0,4780.0,4759.0,4264.0,4264.0
06-26 06:00,4655.0,4581.0,4549.0,5008.0,5114.0,4461.0,4461.0
06-26 07:00,4646.0,4618.0,4614.0,5264.0,5269.0,4513.0,4513.0
06-26 08:00,4667.0,4632.0,4624.0,5239.0,5203.0,4565.0,4565.0
06-26 09:00,4670.0,4677.0,4634.0,5157.0,5095.0,4630.0,4630.0
06-26 10:00,4575.0,4690.0,4579.0,5097.0,5176.0,4508.0,4508.0
06-26 11:00,4550.0,4694.0,4566.0,5007.0,4915.0,4418.0,4418.0
06-26 12:00,4627.0,4684.0,4519.0,4891.0,4627.0,4429.0,4429.0
06-26 13:00,4610.0,4669.0,4523.0,5036.0,4591.0,4350.0,4350.0
06-26 14:00,4553.0,4656.0,4459.0,4943.0,4460.0,4303.0,4303.0
06-26 15:00,4591.0,4644.0,4499.0,4849.0,4230.0,4272.0,4272.0
06-26 16:00,4588.0,4627.0,4516.0,4898.0,4375.0,4419.0,4419.0
06-26 17:00,4602.0,4627.0,4562.0,5021.0,4650.0,4482.0,4482.0
06-26 18:00,4588.0,4631.0,4527.0,5116.0,4811.0,4522.0,4522.0
06-26 19:00,4594.0,4649.0,4543.0,5031.0,4407.0,4709.0,4709.0
06-26 20:00,4551.0,4627.0,4582.0,5018.0,4538.0,4650.0,4650.0
06-26 21:00,4498.0,4643.0,4534.0,5122.0,4570.0,4699.0,4699.0
06-26 22:00,4516.0,4643.0,4536.0,4841.0,4725.0,4839.0,4839.0
06-26 23:00,4483.0,4636.0,4532.0,4605.0,4587.0,4505.0,4505.0
06-27 00:00,4454.0,4549.0,4387.0,4615.0,4373.0,4156.0,4156.0
06-27 01:00,4396.0,4534.0,4411.0,4518.0,4163.0,4211.0,4211.0
06-27 02:00,4393.0,4510.0,4362.0,4580.0,4163.0,4154.0,4154.0
06-27 03:00,4367.0,4500.0,4374.0,4505.0,4236.0,4141.0,4141.0
06-27 04:00,4401.0,4512.0,4339.0,4472.0,4205.0,4248.0,4248.0
06-27 05:00,4409.0,4544.0,4399.0,4572.0,4172.0,4132.0,4132.0
06-27 06:00,4443.0,4575.0,4557.0,5095.0,4633.0,4180.0,4180.0
06-27 07:00,4451.0,4603.0,4623.0,5132.0,4915.0,4305.0,4305.0
06-27 08:00,4575.0,4616.0,4709.0,5216.0,4879.0,4540.0,4540.0
06-27 09:00,4613.0,4607.0,4649.0,4963.0,4809.0,4453.0,4453.0
06-27 10:00,4641.0,4566.0,4626.0,5078.0,4655.0,4292.0,4292.0
06-27 11:00,4667.0,4550.0,4627.0,4968.0,4584.0,4200.0,4200.0
06-27 12:00,4635.0,4553.0,4576.0,4754.0,4206.0,4239.0,4239.0
06-27 13:00,4627.0,4558.0,4517.0,4632.0,4451.0,4240.0,4240.0
06-27 14:00,4637.0,4586.0,4506.0,4737.0,4438.0,4260.0,4260.0
06-27 15:00,4618.0,4639.0,4513.0,4714.0,4523.0,4263.0,4263.0
06-27 16:00,4579.0,4627.0,4506.0,4723.0,4808.0,4331.0,4331.0
06-27 17:00,4582.0,4632.0,4516.0,4595.0,5137.0,4694.0,4694.0
06-27 18:00,4593.0,4667.0,4616.0,4993.0,5263.0,4829.0,4829.0
06-27 19:00,4593.0,4666.0,4627.0,5004.0,5192.0,5060.0,5060.0
06-27 20:00,4586.0,4645.0,4599.0,5030.0,5295.0,5022.0,5022.0
06-27 21:00,4613.0,4640.0,4575.0,4640.0,5315.0,4930.0,4930.0
06-27 22:00,4541.0,4618.0,4592.0,4649.0,5334.0,5041.0,5041.0
06-27 23:00,4485.0,4611.0,4544.0,4515.0,5022.0,4849.0,4849.0
06-28 00:00,4455.0,4594.0,4547.0,4441.0,4684.0,4414.0,4414.0
06-28 01:00,4463.0,4579.0,4559.0,4513.0,4738.0,4134.0,4134.0
06-28 02:00,4444.0,4557.0,4474.0,4672.0,4852.0,4229.0,4229.0
06-28 03:00,4385.0,4566.0,4413.0,4477.0,4822.0,4126.0,4126.0
06-28 04:00,4409.0,4558.0,4466.0,4435.0,4874.0,4206.0,4206.0
06-28 05:00,4429.0,4563.0,4433.0,4537.0,5018.0,4495.0,4495.0
06-28 06:00,4514.0,4617.0,4540.0,5022.0,5417.0,4809.0,4809.0
06-28 07:00,4528.0,4658.0,4631.0,5039.0,5473.0,5031.0,5031.0
06-28 08:00,4547.0,4663.0,4646.0,5181.0,5511.0,4942.0,4942.0
06-28 09:00,4656.0,4640.0,4590.0,5048.0,5384.0,4849.0,4849.0
06-28 10:00,4646.0,4614.0,4535.0,4729.0,5123.0,4508.0,4508.0
06-28 11:00,4604.0,4593.0,4505.0,4645.0,5199.0,4611.0,4611.0
06-28 12:00,4731.0,4591.0,4524.0,4464.0,4947.0,4860.0,4860.0
06-28 13:00,4717.0,4618.0,4569.0,4519.0,5066.0,4630.0,4630.0
06-28 14:00,4656.0,4624.0,4544.0,4489.0,4864.0,4584.0,4584.0
06-28 15:00,4672.0,4634.0,4464.0,4516.0,4904.0,4442.0,4442.0
06-28 16:00,4624.0,4626.0,4537.0,4559.0,4957.0,4567.0,4567.0
06-28 17:00,4634.0,4611.0,4569.0,4652.0,5116.0,4994.0,4994.0
06-28 18:00,4649.0,4617.0,4538.0,4764.0,5350.0,5064.0,5064.0
06-28 19:00,4647.0,4625.0,4570.0,4754.0,5476.0,5140.0,5140.0
06-28 20:00,4576.0,4603.0,4508.0,4725.0,5407.0,5014.0,5014.0
06-28 21:00,4524.0,4592.0,4556.0,4740.0,5269.0,4909.0,4909.0
06-28 22:00,4528.0,4567.0,4544.0,4662.0,5270.0,4669.0,4669.0
06-28 23:00,4517.0,4562.0,4508.0,4453.0,5202.0,4204.0,4204.0
06-29 00:00,4556.0,4542.0,4433.0,4452.0,5175.0,4072.0,4072.0
06-29 01:00,4551.0,4548.0,4454.0,4374.0,5032.0,4225.0,4225.0
06-29 02:00,4579.0,4535.0,4432.0,4384.0,4800.0,4070.0,4070.0
06-29 03:00,4480.0,4552.0,4438.0,4371.0,4779.0,4022.0,4022.0
06-29 04:00,4476.0,4545.0,4410.0,4378.0,4788.0,4175.0,4175.0
06-29 05:00,4474.0,4540.0,4416.0,4393.0,4789.0,4078.0,4078.0
06-29 06:00,4593.0,4567.0,4508.0,4749.0,4868.0,4622.0,4622.0
06-29 07:00,4633.0,4636.0,4644.0,4806.0,5074.0,5110.0,5110.0
06-29 08:00,4694.0,4642.0,4657.0,4846.0,5039.0,5167.0,5167.0
06-29 09:00,4636.0,4623.0,4576.0,4829.0,5049.0,5077.0,5077.0
06-29 10:00,4622.0,4617.0,4547.0,4729.0,4960.0,4744.0,4744.0
06-29 11:00,4638.0,4631.0,4503.0,4696.0,4821.0,4380.0,4380.0
06-29 12:00,4640.0,4632.0,4548.0,4463.0,4875.0,4272.0,4272.0
06-29 13:00,4615.0,4613.0,4457.0,4461.0,4803.0,4404.0,4404.0
06-29 14:00,4559.0,4594.0,4468.0,4443.0,4749.0,4656.0,4656.0
06-29 15:00,4551.0,4621.0,4491.0,4431.0,4737.0,4574.0,4574.0
06-29 16:00,4536.0,4648.0,4472.0,4441.0,4765.0,4838.0,4838.0
06-29 17:00,4564.0,4666.0,4472.0,4701.0,4836.0,5084.0,5084.0
06-29 18:00,4602.0,4657.0,4512.0,4589.0,5143.0,4885.0,4885.0
06-29 19:00,4583.0,4685.0,4553.0,4712.0,5300.0,4853.0,4853.0
06-29 20:00,4532.0,4674.0,4507.0,4662.0,5325.0,4925.0,4925.0
06-29 21:00,4543.0,4677.0,4476.0,4742.0,5362.0,4994.0,4994.0
06-29 22:00,4512.0,4643.0,4477.0,4589.0,5183.0,4874.0,4874.0
06-29 23:00,4498.0,4635.0,4472.0,4485.0,5089.0,4298.0,4298.0
06-30 00:00,4517.0,4605.0,4466.0,4454.0,5007.0,4231.0,4231.0
06-30 01:00,4493.0,4552.0,4462.0,4385.0,4950.0,4128.0,4128.0
06-30 02:00,4477.0,4551.0,4443.0,4397.0,4921.0,4165.0,4165.0
06-30 03:00,4448.0,4526.0,4435.0,4396.0,4672.0,4145.0,4145.0
06-30 04:00,4432.0,4539.0,4439.0,4368.0,4723.0,4046.0,4046.0
06-30 05:00,4478.0,4561.0,4453.0,4396.0,4694.0,4133.0,4133.0
06-30 06:00,4579.0,4624.0,4439.0,4463.0,4747.0,4530.0,4530.0
06-30 07:00,4635.0,4663.0,4477.0,4495.0,4923.0,5002.0,5002.0
06-30 08:00,4695.0,4678.0,4520.0,4566.0,4926.0,5011.0,5011.0
06-30 09:00,4647.0,4656.0,4557.0,4564.0,4948.0,4988.0,4988.0
06-30 10:00,4614.0,4592.0,4575.0,4526.0,4979.0,4944.0,4944.0
06-30 11:00,4670.0,4611.0,4561.0,4511.0,4678.0,4853.0,4853.0
06-30 12:00,4646.0,4624.0,4535.0,4503.0,4592.0,4808.0,4808.0
06-30 13:00,4518.0,4598.0,4549.0,4465.0,4356.0,4655.0,4655.0
06-30 14:00,4603.0,4595.0,4521.0,4420.0,4294.0,4260.0,4260.0
06-30 15:00,4579.0,4618.0,4532.0,4418.0,4379.0,4244.0,4244.0
06-30 16:00,4564.0,4645.0,4544.0,4407.0,4738.0,4416.0,4416.0
06-30 17:00,4617.0,4671.0,4564.0,4425.0,4833.0,4698.0,4698.0
06-30 18:00,4587.0,4683.0,4620.0,4461.0,4455.0,4988.0,4988.0
06-30 19:00,4563.0,4680.0,4608.0,4521.0,4718.0,4956.0,4956.0
06-30 20:00,4531.0,4677.0,4523.0,4541.0,5125.0,4827.0,4827.0
06-30 21:00,4539.0,4662.0,4499.0,4525.0,5139.0,5010.0,5010.0
06-30 22:00,4616.0,4652.0,4543.0,4477.0,5240.0,4813.0,4813.0
06-30 23:00,4521.0,4641.0,4547.0,4383.0,5102.0,4404.0,4404.0
07-01 00:00,4475.0,4608.0,4500.0,4358.0,5037.0,4520.0,4520.0
07-01 01:00,4514.0,4583.0,4489.0,4378.0,4899.0,4355.0,4355.0
07-01 02:00,4445.0,4556.0,4469.0,4360.0,4713.0,4352.0,4352.0
07-01 03:00,4476.0,4549.0,4461.0,4363.0,4718.0,4418.0,4418.0
07-01 04:00,4431.0,4550.0,4462.0,4364.0,4625.0,4423.0,4423.0
07-01 05:00,4497.0,4577.0,4454.0,4363.0,4817.0,4421.0,4421.0
07-01 06:00,4553.0,4621.0,4477.0,4380.0,5308.0,4511.0,4511.0
07-01 07:00,4591.0,4657.0,4523.0,4441.0,5358.0,5176.0,5176.0
07-01 08:00,4608.0,4632.0,4534.0,4481.0,5428.0,5154.0,5154.0
07-01 09:00,4555.0,4649.0,4538.0,4470.0,5209.0,5187.0,5187.0
07-01 10:00,4520.0,4645.0,4525.0,4516.0,5237.0,5095.0,5095.0
07-01 11:00,4449.0,4674.0,4540.0,4504.0,4940.0,4524.0,4524.0
07-01 12:00,4441.0,4652.0,4510.0,4464.0,4671.0,4472.0,4472.0
07-01 13:00,4419.0,4640.0,4539.0,4445.0,4649.0,4620.0,4620.0
07-01 14:00,4447.0,4642.0,4590.0,4412.0,4692.0,4676.0,4676.0
07-01 15:00,4470.0,4629.0,4519.0,4425.0,4983.0,4461.0,4461.0
07-01 16:00,4470.0,4675.0,4599.0,4431.0,4991.0,4542.0,4542.0
07-01 17:00,4480.0,4691.0,4547.0,4515.0,4742.0,4867.0,4867.0
07-01 18:00,4524.0,4703.0,4570.0,4508.0,4805.0,5121.0,5121.0
07-01 19:00,4620.0,4700.0,4544.0,4545.0,4938.0,4904.0,4904.0
07-01 20:00,4607.0,4677.0,4517.0,4524.0,5043.0,4890.0,4890.0
07-01 21:00,4597.0,4676.0,4511.0,4514.0,4992.0,5044.0,5044.0
07-01 22:00,4564.0,4655.0,4475.0,4483.0,5030.0,4822.0,4822.0
07-01 23:00,4492.0,4628.0,4431.0,4458.0,4636.0,4594.0,4594.0
07-02 00:00,4501.0,4600.0,4430.0,4386.0,4475.0,4449.0,4449.0
07-02 01:00,4437.0,4579.0,4417.0,4373.0,4436.0,4402.0,4402.0
07-02 02:00,4422.0,4574.0,4449.0,4359.0,4372.0,4203.0,4203.0
07-02 03:00,4481.0,4562.0,4395.0,4350.0,4346.0,4246.0,4246.0
07-02 04:00,4507.0,4549.0,4414.0,4357.0,4361.0,4235.0,4235.0
07-02 05:00,4527.0,4569.0,4445.0,4360.0,4565.0,4461.0,4461.0
07-02 06:00,4595.0,4626.0,4483.0,4444.0,4759.0,4764.0,4764.0
07-02 07:00,4635.0,4674.0,4530.0,4560.0,4845.0,5042.0,5042.0
07-02 08:00,4620.0,4672.0,4574.0,4586.0,4673.0,4945.0,4945.0
07-02 09:00,4593.0,4692.0,4620.0,4659.0,4675.0,4718.0,4718.0
07-02 10:00,4554.0,4718.0,4628.0,4797.0,4820.0,4628.0,4628.0
07-02 11:00,4498.0,4726.0,4584.0,4509.0,4587.0,4594.0,4594.0
07-02 12:00,4486.0,4709.0,4566.0,4469.0,4556.0,4461.0,4461.0
07-02 13:00,4472.0,4661.0,4540.0,4415.0,4648.0,4383.0,4383.0
07-02 14:00,4372.0,4614.0,4587.0,4406.0,4484.0,4401.0,4401.0
07-02 15:00,4329.0,4643.0,4543.0,4447.0,4571.0,4283.0,4283.0
07-02 16:00,4412.0,4649.0,4621.0,4558.0,4611.0,4404.0,4404.0
07-02 17:00,4410.0,4662.0,4628.0,5057.0,4605.0,4519.0,4519.0
07-02 18:00,4408.0,4701.0,4571.0,5132.0,4925.0,4779.0,4779.0
07-02 19:00,4437.0,4715.0,4584.0,5256.0,5058.0,4839.0,4839.0
07-02 20:00,4492.0,4707.0,4530.0,5265.0,5211.0,4758.0,4758.0
07-02 21:00,4518.0,4703.0,4519.0,5139.0,5237.0,4898.0,4898.0
07-02 22:00,4537.0,4664.0,4561.0,4958.0,5081.0,4672.0,4672.0
07-02 23:00,4501.0,4619.0,4568.0,4755.0,5072.0,4555.0,4555.0
07-03 00:00,4447.0,4616.0,4542.0,4529.0,4702.0,4385.0,4385.0
07-03 01:00,4340.0,4601.0,4447.0,4627.0,4746.0,4285.0,4285.0
07-03 02:00,4330.0,4591.0,4451.0,4450.0,4664.0,4191.0,4191.0
07-03 03:00,4322.0,4598.0,4446.0,4489.0,4687.0,4122.0,4122.0
07-03 04:00,4398.0,4595.0,4480.0,4581.0,4695.0,4292.0,4292.0
07-03 05:00,4412.0,4553.0,4509.0,4452.0,4702.0,4253.0,4253.0
07-03 06:00,4453.0,4637.0,4574.0,4913.0,5379.0,4422.0,4422.0
07-03 07:00,4604.0,4662.0,4568.0,5013.0,5165.0,4545.0,4545.0
07-03 08:00,4594.0,4685.0,4593.0,4967.0,5093.0,4607.0,4607.0
07-03 09:00,4590.0,4690.0,4599.0,4885.0,4975.0,4763.0,4763.0
07-03 10:00,4556.0,4706.0,4545.0,4843.0,5028.0,4660.0,4660.0
07-03 11:00,4514.0,4700.0,4601.0,4711.0,4937.0,4427.0,4427.0
07-03 12:00,4460.0,4691.0,4544.0,4699.0,4736.0,4304.0,4304.0
07-03 13:00,4419.0,4660.0,4551.0,4702.0,4572.0,4391.0,4391.0
07-03 14:00,4386.0,4643.0,4537.0,4414.0,4639.0,4392.0,4392.0
07-03 15:00,4334.0,4632.0,4576.0,4489.0,4671.0,4417.0,4417.0
07-03 16:00,4361.0,4627.0,4599.0,4652.0,4754.0,4350.0,4350.0
07-03 17:00,4546.0,4631.0,4604.0,4833.0,4858.0,4622.0,4622.0
07-03 18:00,4447.0,4648.0,4609.0,4839.0,5248.0,4741.0,4741.0
07-03 19:00,4555.0,4666.0,4594.0,4940.0,5429.0,4790.0,4790.0
07-03 20:00,4521.0,4694.0,4576.0,4889.0,5501.0,4791.0,4791.0
07-03 21:00,4523.0,4700.0,4537.0,5047.0,5415.0,4690.0,4690.0
07-03 22:00,4553.0,4674.0,4548.0,5046.0,5279.0,4658.0,4658.0
07-03 23:00,4574.0,4654.0,4478.0,4904.0,4957.0,4630.0,4630.0
07-04 00:00,4475.0,4566.0,4494.0,4780.0,4624.0,4572.0,4572.0
07-04 01:00,4456.0,4582.0,4484.0,4570.0,4693.0,4369.0,4369.0
07-04 02:00,4501.0,4577.0,4464.0,4521.0,4599.0,4378.0,4378.0
07-04 03:00,4488.0,4573.0,4448.0,4485.0,4598.0,4278.0,4278.0
07-04 04:00,4378.0,4587.0,4406.0,4585.0,4654.0,4277.0,4277.0
07-04 05:00,4377.0,4585.0,4414.0,4629.0,4650.0,4374.0,4374.0
07-04 06:00,4499.0,4639.0,4605.0,4950.0,5012.0,4384.0,4384.0
07-04 07:00,4512.0,4614.0,4617.0,4957.0,5346.0,4345.0,4345.0
07-04 08:00,4526.0,4675.0,4588.0,5160.0,5513.0,4366.0,4366.0
07-04 09:00,4500.0,4629.0,4570.0,5183.0,5189.0,4452.0,4452.0
07-04 10:00,4436.0,4649.0,4518.0,5136.0,4997.0,4394.0,4394.0
07-04 11:00,4379.0,4681.0,4534.0,5155.0,5013.0,4360.0,4360.0
07-04 12:00,4336.0,4677.0,4538.0,5176.0,5065.0,4384.0,4384.0
07-04 13:00,4278.0,4659.0,4533.0,5002.0,5023.0,4275.0,4275.0
07-04 14:00,4216.0,4628.0,4510.0,5032.0,4901.0,4270.0,4270.0
07-04 15:00,4180.0,4649.0,4507.0,5042.0,4801.0,4233.0,4233.0
07-04 16:00,4141.0,4653.0,4523.0,4740.0,5110.0,4365.0,4365.0
07-04 17:00,4137.0,4666.0,4565.0,4749.0,5252.0,4735.0,4735.0
07-04 18:00,4078.0,4683.0,4555.0,4920.0,5572.0,4815.0,4815.0
07-04 19:00,4206.0,4601.0,4596.0,4935.0,5455.0,4706.0,4706.0
07-04 20:00,4247.0,4589.0,4547.0,4928.0,5388.0,4678.0,4678.0
07-04 21:00,4240.0,4543.0,4491.0,4972.0,5383.0,4721.0,4721.0
07-04 22:00,4300.0,4529.0,4548.0,5036.0,5284.0,4712.0,4712.0
07-04 23:00,4267.0,4509.0,4545.0,4992.0,5260.0,4560.0,4560.0
07-05 00:00,4324.0,4495.0,4455.0,4739.0,4908.0,4303.0,4303.0
07-05 01:00,4331.0,4475.0,4470.0,4598.0,4730.0,4149.0,4149.0
07-05 02:00,4290.0,4447.0,4472.0,4480.0,4587.0,4148.0,4148.0
07-05 03:00,4273.0,4431.0,4471.0,4469.0,4600.0,4129.0,4129.0
07-05 04:00,4297.0,4421.0,4484.0,4384.0,4755.0,4189.0,4189.0
07-05 05:00,4304.0,4463.0,4446.0,4391.0,4720.0,4355.0,4355.0
07-05 06:00,4341.0,4605.0,4466.0,5107.0,5403.0,4857.0,4857.0
07-05 07:00,4419.0,4609.0,4601.0,5114.0,5427.0,5232.0,5232.0
07-05 08:00,4346.0,4636.0,4611.0,5148.0,5534.0,5314.0,5314.0
07-05 09:00,4346.0,4617.0,4638.0,4862.0,5449.0,5025.0,5025.0
07-05 10:00,4309.0,4617.0,4647.0,4862.0,5374.0,4893.0,4893.0
07-05 11:00,4355.0,4572.0,4639.0,4791.0,5033.0,4776.0,4776.0
07-05 12:00,4332.0,4557.0,4560.0,4764.0,4937.0,4491.0,4491.0
07-05 13:00,4285.0,4575.0,4515.0,4637.0,4849.0,4345.0,4345.0
07-05 14:00,4245.0,4514.0,4508.0,4447.0,4824.0,4417.0,4417.0
07-05 15:00,4212.0,4572.0,4527.0,4435.0,4920.0,4311.0,4311.0
07-05 16:00,4219.0,4587.0,4529.0,4622.0,5002.0,4493.0,4493.0
07-05 17:00,4205.0,4568.0,4525.0,4905.0,5152.0,4656.0,4656.0
07-05 18:00,4243.0,4641.0,4503.0,4692.0,5358.0,5150.0,5150.0
07-05 19:00,4265.0,4677.0,4562.0,4759.0,5434.0,5197.0,5197.0
07-05 20:00,4197.0,4640.0,4514.0,4686.0,5401.0,5103.0,5103.0
07-05 21:00,4276.0,4617.0,4540.0,4688.0,5377.0,5081.0,5081.0
07-05 22:00,4330.0,4566.0,4525.0,4760.0,5335.0,4685.0,4685.0
07-05 23:00,4379.0,4556.0,4493.0,4656.0,5255.0,4665.0,4665.0
07-06 00:00,4263.0,4573.0,4466.0,4584.0,5233.0,4311.0,4311.0
07-06 01:00,4342.0,4518.0,4446.0,4683.0,5146.0,4288.0,4288.0
07-06 02:00,4329.0,4512.0,4466.0,4643.0,5145.0,4309.0,4309.0
07-06 03:00,4271.0,4544.0,4393.0,4595.0,5158.0,4292.0,4292.0
07-06 04:00,4261.0,4547.0,4375.0,4677.0,5045.0,4266.0,4266.0
07-06 05:00,4344.0,4537.0,4416.0,4588.0,5042.0,4308.0,4308.0
07-06 06:00,4311.0,4624.0,4507.0,4922.0,4922.0,4522.0,4522.0
07-06 07:00,4376.0,4641.0,4604.0,4936.0,4951.0,4652.0,4652.0
07-06 08:00,4421.0,4644.0,4645.0,5147.0,5018.0,4689.0,4689.0
07-06 09:00,4414.0,4641.0,4629.0,5021.0,5033.0,4664.0,4664.0
07-06 10:00,4425.0,4654.0,4596.0,4959.0,5024.0,4525.0,4525.0
07-06 11:00,4384.0,4664.0,4516.0,4759.0,4963.0,4215.0,4215.0
07-06 12:00,4381.0,4657.0,4524.0,4770.0,5074.0,4238.0,4238.0
07-06 13:00,4382.0,4626.0,4551.0,4643.0,4881.0,4435.0,4435.0
07-06 14:00,4420.0,4610.0,4541.0,4667.0,4931.0,4304.0,4304.0
07-06 15:00,4380.0,4654.0,4578.0,4558.0,4773.0,4423.0,4423.0
07-06 16:00,4356.0,4653.0,4611.0,4676.0,5212.0,4570.0,4570.0
07-06 17:00,4363.0,4652.0,4515.0,4669.0,5140.0,4758.0,4758.0
07-06 18:00,4443.0,4694.0,4611.0,4697.0,5025.0,5060.0,5060.0
07-06 19:00,4487.0,4699.0,4545.0,4773.0,4892.0,4918.0,4918.0
07-06 20:00,4494.0,4675.0,4578.0,4600.0,4812.0,4721.0,4721.0
07-06 21:00,4438.0,4656.0,4560.0,4607.0,4813.0,4909.0,4909.0
07-06 22:00,4535.0,4639.0,4515.0,4606.0,4971.0,4821.0,4821.0
07-06 23:00,4452.0,4610.0,4470.0,4544.0,4966.0,4496.0,4496.0
07-07 00:00,4450.0,4563.0,4437.0,4810.0,4791.0,4307.0,4307.0
07-07 01:00,4425.0,4544.0,4431.0,4829.0,4902.0,4352.0,4352.0
07-07 02:00,4349.0,4541.0,4473.0,4774.0,4656.0,4327.0,4327.0
07-07 03:00,4315.0,4545.0,4469.0,4560.0,4612.0,4315.0,4315.0
07-07 04:00,4354.0,4533.0,4428.0,4667.0,4705.0,4345.0,4345.0
07-07 05:00,4350.0,4567.0,4407.0,4562.0,4773.0,4456.0,4456.0
07-07 06:00,4408.0,4600.0,4608.0,4573.0,4965.0,4593.0,4593.0
07-07 07:00,4408.0,4661.0,4653.0,4640.0,4986.0,4950.0,4950.0
07-07 08:00,4490.0,4702.0,4674.0,4743.0,4890.0,4996.0,4996.0
07-07 09:00,4521.0,4690.0,4684.0,4702.0,4839.0,5027.0,5027.0
07-07 10:00,4363.0,4645.0,4665.0,4676.0,5031.0,4421.0,4421.0
07-07 11:00,4475.0,4641.0,4603.0,4666.0,5018.0,4713.0,4713.0
07-07 12:00,4415.0,4601.0,4534.0,4623.0,4770.0,4706.0,4706.0
07-07 13:00,4323.0,4580.0,4502.0,4587.0,4886.0,4603.0,4603.0
07-07 14:00,4334.0,4589.0,4520.0,4598.0,4757.0,4287.0,4287.0
07-07 15:00,4421.0,4618.0,4512.0,4559.0,4741.0,4433.0,4433.0
07-07 16:00,4410.0,4631.0,4516.0,4564.0,4773.0,4442.0,4442.0
07-07 17:00,4457.0,4625.0,4545.0,4627.0,4879.0,4757.0,4757.0
07-07 18:00,4342.0,4646.0,4545.0,4651.0,4695.0,4759.0,4759.0
07-07 19:00,4495.0,4653.0,4564.0,4701.0,4918.0,4985.0,4985.0
07-07 20:00,4472.0,4623.0,4562.0,4729.0,5225.0,4772.0,4772.0
07-07 21:00,4505.0,4585.0,4515.0,4656.0,5438.0,4621.0,4621.0
07-07 22:00,4481.0,4598.0,4517.0,4701.0,5107.0,4816.0,4816.0
07-07 23:00,4529.0,4595.0,4522.0,4806.0,5019.0,4587.0,4587.0
07-08 00:00,4452.0,4553.0,4493.0,4289.0,4627.0,4454.0,4454.0
07-08 01:00,4278.0,4543.0,4420.0,4428.0,4479.0,4165.0,4165.0
07-08 02:00,4274.0,4542.0,4423.0,4594.0,4521.0,4161.0,4161.0
07-08 03:00,4296.0,4539.0,4432.0,4644.0,4629.0,4143.0,4143.0
07-08 04:00,4283.0,4524.0,4393.0,4693.0,4490.0,4345.0,4345.0
07-08 05:00,4357.0,4551.0,4421.0,4632.0,4646.0,4304.0,4304.0
07-08 06:00,4434.0,4586.0,4471.0,4633.0,5192.0,4692.0,4692.0
07-08 07:00,4397.0,4608.0,4536.0,4708.0,5422.0,4897.0,4897.0
07-08 08:00,4434.0,4630.0,4607.0,4758.0,5393.0,5221.0,5221.0
07-08 09:00,4441.0,4536.0,4619.0,4807.0,4863.0,5054.0,5054.0
07-08 10:00,4392.0,4509.0,4618.0,4749.0,4902.0,4925.0,4925.0
07-08 11:00,4383.0,4535.0,4566.0,4756.0,4706.0,4952.0,4952.0
07-08 12:00,4377.0,4541.0,4524.0,4759.0,4733.0,4930.0,4930.0
07-08 13:00,4303.0,4548.0,4489.0,4670.0,4845.0,5096.0,5096.0
07-08 14:00,4353.0,4560.0,4465.0,4689.0,4942.0,5082.0,5082.0
07-08 15:00,4437.0,4543.0,4514.0,4651.0,4708.0,4966.0,4966.0
07-08 16:00,4486.0,4562.0,4524.0,4648.0,4849.0,4855.0,4855.0
07-08 17:00,4441.0,4557.0,4545.0,4808.0,5310.0,4680.0,4680.0
07-08 18:00,4487.0,4600.0,4589.0,5062.0,5351.0,4972.0,4972.0
07-08 19:00,4515.0,4584.0,4586.0,5137.0,5397.0,5125.0,5125.0
07-08 20:00,4432.0,4582.0,4497.0,5089.0,5307.0,5066.0,5066.0
07-08 21:00,4409.0,4554.0,4497.0,5125.0,5313.0,5101.0,5101.0
07-08 22:00,4461.0,4565.0,4591.0,4998.0,5283.0,5038.0,5038.0
07-08 23:00,4437.0,4536.0,4588.0,4935.0,4717.0,4572.0,4572.0
07-09 00:00,4464.0,4543.0,4533.0,4877.0,4410.0,4378.0,4378.0
07-09 01:00,4421.0,4516.0,4507.0,4816.0,4358.0,4263.0,4263.0
07-09 02:00,4258.0,4524.0,4453.0,4618.0,4350.0,4460.0,4460.0
07-09 03:00,4205.0,4534.0,4443.0,4549.0,4308.0,4437.0,4437.0
07-09 04:00,4266.0,4530.0,4421.0,4619.0,4505.0,4460.0,4460.0
07-09 05:00,4315.0,4535.0,4441.0,4604.0,4504.0,4398.0,4398.0
07-09 06:00,4357.0,4601.0,4452.0,4627.0,4858.0,4805.0,4805.0
07-09 07:00,4386.0,4636.0,4469.0,4608.0,5057.0,5311.0,5311.0
07-09 08:00,4342.0,4636.0,4481.0,4678.0,4973.0,5215.0,5215.0
07-09 09:00,4404.0,4616.0,4488.0,4579.0,4659.0,4980.0,4980.0
07-09 10:00,4389.0,4609.0,4496.0,4671.0,4603.0,4812.0,4812.0
07-09 11:00,4461.0,4614.0,4493.0,4434.0,4825.0,4675.0,4675.0
07-09 12:00,4456.0,4619.0,4461.0,4161.0,4797.0,4896.0,4896.0
07-09 13:00,4449.0,4571.0,4485.0,4205.0,4694.0,4448.0,4448.0
07-09 14:00,4405.0,4579.0,4467.0,4196.0,4235.0,4402.0,4402.0
07-09 15:00,4429.0,4557.0,4499.0,4177.0,4414.0,4372.0,4372.0
07-09 16:00,4467.0,4545.0,4520.0,4189.0,4416.0,4482.0,4482.0
07-09 17:00,4469.0,4574.0,4577.0,4499.0,4506.0,4619.0,4619.0
07-09 18:00,4513.0,4600.0,4566.0,4567.0,4813.0,4752.0,4752.0
07-09 19:00,4548.0,4630.0,4531.0,4654.0,5057.0,4740.0,4740.0
07-09 20:00,4531.0,4624.0,4519.0,5006.0,5081.0,4663.0,4663.0
07-09 21:00,4504.0,4626.0,4528.0,4923.0,5062.0,4782.0,4782.0
07-09 22:00,4529.0,4630.0,4526.0,5008.0,4943.0,4658.0,4658.0
07-09 23:00,4521.0,4604.0,4561.0,4851.0,4545.0,4630.0,4630.0
07-10 00:00,4537.0,4556.0,4441.0,4666.0,4347.0,4380.0,4380.0
07-10 01:00,4437.0,4505.0,4420.0,4588.0,4247.0,4284.0,4284.0
07-10 02:00,4406.0,4544.0,4428.0,4583.0,4177.0,4174.0,4174.0
07-10 03:00,4455.0,4529.0,4409.0,4548.0,4277.0,4295.0,4295.0
07-10 04:00,4439.0,4532.0,4437.0,4502.0,4485.0,4266.0,4266.0
07-10 05:00,4431.0,4514.0,4483.0,4498.0,4306.0,4311.0,4311.0
07-10 06:00,4500.0,4550.0,4464.0,5008.0,5088.0,4327.0,4327.0
07-10 07:00,4593.0,4559.0,4573.0,5186.0,5235.0,4391.0,4391.0
07-10 08:00,4636.0,4598.0,4599.0,5092.0,5207.0,4519.0,4519.0
07-10 09:00,4597.0,4591.0,4571.0,5055.0,5005.0,4609.0,4609.0
07-10 10:00,4488.0,4571.0,4586.0,4896.0,4690.0,4515.0,4515.0
07-10 11:00,4518.0,4557.0,4472.0,5178.0,4600.0,4346.0,4346.0
07-10 12:00,4494.0,4510.0,4407.0,4930.0,4360.0,4374.0,4374.0
07-10 13:00,4491.0,4468.0,4399.0,4983.0,4365.0,4328.0,4328.0
07-10 14:00,4529.0,4449.0,4425.0,4838.0,4529.0,4285.0,4285.0
07-10 15:00,4517.0,4430.0,4441.0,4549.0,4546.0,4274.0,4274.0
07-10 16:00,4542.0,4442.0,4467.0,4691.0,4559.0,4452.0,4452.0
07-10 17:00,4576.0,4480.0,4510.0,5000.0,4757.0,4793.0,4793.0
07-10 18:00,4607.0,4491.0,4506.0,5118.0,4827.0,4988.0,4988.0
07-10 19:00,4665.0,4493.0,4535.0,4978.0,5006.0,4928.0,4928.0
07-10 20:00,4650.0,4502.0,4490.0,4776.0,5192.0,4697.0,4697.0
07-10 21:00,4622.0,4505.0,4450.0,4801.0,5042.0,4951.0,4951.0
07-10 22:00,4623.0,4512.0,4466.0,4899.0,4927.0,4914.0,4914.0
07-10 23:00,4595.0,4460.0,4424.0,4738.0,4384.0,4821.0,4821.0
07-11 00:00,4576.0,4430.0,4390.0,4615.0,4489.0,4504.0,4504.0
07-11 01:00,4585.0,4360.0,4385.0,4574.0,4510.0,4407.0,4407.0
07-11 02:00,4596.0,4341.0,4340.0,4656.0,4397.0,4473.0,4473.0
07-11 03:00,4609.0,4380.0,4316.0,4706.0,4480.0,4369.0,4369.0
07-11 04:00,4601.0,4404.0,4349.0,4658.0,4772.0,4366.0,4366.0
07-11 05:00,4583.0,4404.0,4420.0,4630.0,4736.0,4398.0,4398.0
07-11 06:00,4626.0,4431.0,4445.0,5004.0,5140.0,4436.0,4436.0
07-11 07:00,4651.0,4470.0,4534.0,5163.0,5322.0,4402.0,4402.0
07-11 08:00,4687.0,4510.0,4562.0,5223.0,5188.0,4558.0,4558.0
07-11 09:00,4685.0,4510.0,4500.0,5158.0,5228.0,4467.0,4467.0
07-11 10:00,4634.0,4513.0,4548.0,5081.0,5105.0,4526.0,4526.0
07-11 11:00,4703.0,4506.0,4550.0,4996.0,5153.0,4418.0,4418.0
07-11 12:00,4677.0,4484.0,4540.0,4841.0,5148.0,4452.0,4452.0
07-11 13:00,4617.0,4451.0,4485.0,4830.0,5279.0,4274.0,4274.0
07-11 14:00,4590.0,4473.0,4403.0,4702.0,5350.0,4182.0,4182.0
07-11 15:00,4600.0,4433.0,4481.0,4518.0,5370.0,4311.0,4311.0
07-11 16:00,4510.0,4440.0,4454.0,4476.0,5339.0,4440.0,4440.0
07-11 17:00,4591.0,4447.0,4504.0,4715.0,5358.0,4591.0,4591.0
07-11 18:00,4564.0,4482.0,4570.0,4955.0,5398.0,4974.0,4974.0
07-11 19:00,4516.0,4521.0,4539.0,4869.0,5273.0,5103.0,5103.0
07-11 20:00,4461.0,4502.0,4505.0,4906.0,5305.0,4776.0,4776.0
07-11 21:00,4487.0,4506.0,4457.0,4752.0,5155.0,4724.0,4724.0
07-11 22:00,4397.0,4489.0,4537.0,4762.0,4839.0,5136.0,5136.0
07-11 23:00,4421.0,4479.0,4501.0,4736.0,4846.0,4980.0,4980.0
07-12 00:00,4596.0,4419.0,4408.0,4639.0,4700.0,4423.0,4423.0
07-12 01:00,4550.0,4445.0,4382.0,4596.0,4419.0,4231.0,4231.0
07-12 02:00,4553.0,4449.0,4385.0,4504.0,4428.0,4317.0,4317.0
07-12 03:00,4528.0,4433.0,4393.0,4713.0,4625.0,4266.0,4266.0
07-12 04:00,4489.0,4447.0,4385.0,4584.0,4673.0,4331.0,4331.0
07-12 05:00,4518.0,4449.0,4404.0,4706.0,4686.0,4401.0,4401.0
07-12 06:00,4519.0,4471.0,4526.0,5007.0,5149.0,4838.0,4838.0
07-12 07:00,4558.0,4535.0,4576.0,5030.0,5182.0,5220.0,5220.0
07-12 08:00,4609.0,4565.0,4619.0,5248.0,5297.0,5320.0,5320.0
07-12 09:00,4558.0,4530.0,4576.0,4848.0,5215.0,4924.0,4924.0
07-12 10:00,4551.0,4500.0,4593.0,4792.0,5147.0,4709.0,4709.0
07-12 11:00,4522.0,4493.0,4673.0,4872.0,4982.0,4459.0,4459.0
07-12 12:00,4555.0,4498.0,4626.0,4774.0,4573.0,4420.0,4420.0
07-12 13:00,4568.0,4505.0,4520.0,4548.0,4449.0,4271.0,4271.0
07-12 14:00,4554.0,4490.0,4556.0,4561.0,4434.0,4548.0,4548.0
07-12 15:00,4494.0,4513.0,4461.0,4547.0,4391.0,4290.0,4290.0
07-12 16:00,4476.0,4533.0,4519.0,4664.0,4510.0,4583.0,4583.0
07-12 17:00,4499.0,4533.0,4604.0,4701.0,4655.0,4803.0,4803.0
07-12 18:00,4481.0,4589.0,4555.0,4913.0,4866.0,4949.0,4949.0
07-12 19:00,4529.0,4600.0,4522.0,4940.0,4658.0,4962.0,4962.0
07-12 20:00,4536.0,4586.0,4499.0,4917.0,4661.0,4988.0,4988.0
07-12 21:00,4561.0,4572.0,4474.0,4954.0,4832.0,5045.0,5045.0
07-12 22:00,4502.0,4531.0,4502.0,4604.0,4655.0,5001.0,5001.0
07-12 23:00,4503.0,4474.0,4469.0,4569.0,4388.0,4458.0,4458.0
07-13 00:00,4480.0,4397.0,4459.0,4272.0,4376.0,4463.0,4463.0
07-13 01:00,4432.0,4391.0,4434.0,4399.0,4410.0,4347.0,4347.0
07-13 02:00,4422.0,4399.0,4417.0,4355.0,4453.0,4380.0,4380.0
07-13 03:00,4475.0,4364.0,4423.0,4288.0,4493.0,4371.0,4371.0
07-13 04:00,4457.0,4371.0,4450.0,4417.0,4500.0,4185.0,4185.0
07-13 05:00,4470.0,4413.0,4430.0,4327.0,4236.0,4447.0,4447.0
07-13 06:00,4535.0,4418.0,4558.0,4499.0,4581.0,4697.0,4697.0
07-13 07:00,4460.0,4439.0,4583.0,4708.0,4578.0,5068.0,5068.0
07-13 08:00,4515.0,4507.0,4600.0,4680.0,4688.0,5071.0,5071.0
07-13 09:00,4570.0,4481.0,4581.0,4685.0,4939.0,5077.0,5077.0
07-13 10:00,4534.0,4458.0,4629.0,4601.0,4626.0,5031.0,5031.0
07-13 11:00,4469.0,4454.0,4602.0,4731.0,4530.0,4858.0,4858.0
07-13 12:00,4492.0,4434.0,4525.0,4796.0,4409.0,4714.0,4714.0
07-13 13:00,4407.0,4416.0,4496.0,4579.0,4324.0,4481.0,4481.0
07-13 14:00,4507.0,4427.0,4471.0,4418.0,4409.0,4219.0,4219.0
07-13 15:00,4518.0,4434.0,4532.0,4306.0,4343.0,4311.0,4311.0
07-13 16:00,4466.0,4469.0,4553.0,4282.0,4557.0,4589.0,4589.0
07-13 17:00,4446.0,4493.0,4595.0,4373.0,4550.0,4766.0,4766.0
07-13 18:00,4528.0,4330.0,4645.0,4709.0,4531.0,4879.0,4879.0
07-13 19:00,4444.0,4307.0,4586.0,4647.0,4509.0,4792.0,4792.0
07-13 20:00,4467.0,4484.0,4565.0,4527.0,4563.0,4675.0,4675.0
07-13 21:00,4460.0,4485.0,4551.0,4545.0,4562.0,4632.0,4632.0
07-13 22:00,4465.0,4507.0,4554.0,4725.0,4574.0,4486.0,4486.0
07-13 23:00,4514.0,4509.0,4519.0,4333.0,4467.0,4377.0,4377.0
07-14 00:00,4456.0,4476.0,4497.0,4524.0,4474.0,4166.0,4166.0
07-14 01:00,4366.0,4442.0,4475.0,4464.0,4457.0,4117.0,4117.0
07-14 02:00,4364.0,4448.0,4442.0,4379.0,4401.0,4073.0,4073.0
07-14 03:00,4321.0,4454.0,4428.0,4472.0,4407.0,4063.0,4063.0
07-14 04:00,4329.0,4452.0,4443.0,4553.0,4514.0,4111.0,4111.0
07-14 05:00,4335.0,4461.0,4437.0,4488.0,4495.0,4320.0,4320.0
07-14 06:00,4461.0,4485.0,4583.0,4540.0,4571.0,4875.0,4875.0
07-14 07:00,4526.0,4535.0,4634.0,4394.0,4828.0,5259.0,5259.0
07-14 08:00,4537.0,4571.0,4680.0,4551.0,4750.0,5364.0,5364.0
07-14 09:00,4495.0,4567.0,4669.0,4633.0,4884.0,5123.0,5123.0
07-14 10:00,4451.0,4542.0,4606.0,4597.0,4831.0,4834.0,4834.0
07-14 11:00,4430.0,4539.0,4636.0,4370.0,5083.0,4719.0,4719.0
07-14 12:00,4430.0,4522.0,4680.0,4359.0,4685.0,4412.0,4412.0
07-14 13:00,4481.0,4494.0,4717.0,4317.0,4665.0,4324.0,4324.0
07-14 14:00,4509.0,4498.0,4616.0,4348.0,4479.0,4262.0,4262.0
07-14 15:00,4529.0,4522.0,4487.0,4303.0,4404.0,4205.0,4205.0
07-14 16:00,4574.0,4537.0,4540.0,4280.0,4641.0,4578.0,4578.0
07-14 17:00,4600.0,4562.0,4586.0,4357.0,4687.0,4556.0,4556.0
07-14 18:00,4590.0,4600.0,4697.0,4582.0,4563.0,4857.0,4857.0
07-14 19:00,4649.0,4600.0,4635.0,4558.0,4552.0,4930.0,4930.0
07-14 20:00,4560.0,4585.0,4548.0,4672.0,4560.0,4904.0,4904.0
07-14 21:00,4530.0,4585.0,4495.0,4577.0,4633.0,4830.0,4830.0
07-14 22:00,4549.0,4593.0,4482.0,4517.0,4566.0,4712.0,4712.0
07-14 23:00,4500.0,4556.0,4459.0,4438.0,4481.0,4328.0,4328.0
07-15 00:00,4545.0,4516.0,4418.0,4472.0,4415.0,4417.0,4417.0
07-15 01:00,4486.0,4482.0,4430.0,4539.0,4430.0,4360.0,4360.0
07-15 02:00,4440.0,4460.0,4424.0,4318.0,4409.0,4165.0,4165.0
07-15 03:00,4470.0,4467.0,4395.0,4266.0,4287.0,4214.0,4214.0
07-15 04:00,4450.0,4453.0,4441.0,4285.0,4445.0,4353.0,4353.0
07-15 05:00,4454.0,4470.0,4460.0,4320.0,4370.0,4450.0,4450.0
07-15 06:00,4480.0,4513.0,4496.0,4327.0,4982.0,4821.0,4821.0
07-15 07:00,4491.0,4549.0,4526.0,4391.0,5018.0,5064.0,5064.0
07-15 08:00,4495.0,4620.0,4546.0,4541.0,5103.0,4627.0,4627.0
07-15 09:00,4509.0,4646.0,4581.0,4511.0,5052.0,4628.0,4628.0
07-15 10:00,4443.0,4621.0,4587.0,4392.0,4936.0,4583.0,4583.0
07-15 11:00,4594.0,4620.0,4540.0,4387.0,4984.0,4478.0,4478.0
07-15 12:00,4574.0,4606.0,4527.0,4345.0,4801.0,4426.0,4426.0
07-15 13:00,4554.0,4576.0,4523.0,4447.0,4796.0,4428.0,4428.0
07-15 14:00,4564.0,4567.0,4477.0,4345.0,4436.0,4643.0,4643.0
07-15 15:00,4574.0,4575.0,4477.0,4392.0,4426.0,4411.0,4411.0
07-15 16:00,4546.0,4580.0,4509.0,4346.0,4400.0,4781.0,4781.0
07-15 17:00,4565.0,4606.0,4514.0,4249.0,4530.0,4931.0,4931.0
07-15 18:00,4577.0,4641.0,4571.0,4291.0,4817.0,4898.0,4898.0
07-15 19:00,4597.0,4635.0,4629.0,4433.0,4732.0,5038.0,5038.0
07-15 20:00,4499.0,4599.0,4545.0,4541.0,4573.0,5050.0,5050.0
07-15 21:00,4532.0,4572.0,4538.0,4516.0,4549.0,4915.0,4915.0
07-15 22:00,4581.0,4550.0,4531.0,4525.0,4616.0,4853.0,4853.0
07-15 23:00,4510.0,4514.0,4535.0,4546.0,4604.0,4813.0,4813.0
07-16 00:00,4496.0,4497.0,4427.0,4352.0,4431.0,4233.0,4233.0
07-16 01:00,4460.0,4475.0,4452.0,4226.0,4543.0,4313.0,4313.0
07-16 02:00,4471.0,4466.0,4441.0,4201.0,4314.0,4252.0,4252.0
07-16 03:00,4524.0,4466.0,4385.0,4228.0,4300.0,4191.0,4191.0
07-16 04:00,4456.0,4446.0,4354.0,4165.0,4487.0,4300.0,4300.0
07-16 05:00,4496.0,4487.0,4419.0,4298.0,4475.0,4380.0,4380.0
07-16 06:00,4526.0,4504.0,4475.0,4367.0,4851.0,4756.0,4756.0
07-16 07:00,4523.0,4544.0,4498.0,4474.0,4894.0,5175.0,5175.0
07-16 08:00,4618.0,4570.0,4589.0,4684.0,4793.0,5181.0,5181.0
07-16 09:00,4531.0,4580.0,4577.0,4795.0,4642.0,4759.0,4759.0
07-16 10:00,4558.0,4578.0,4548.0,4677.0,4614.0,4842.0,4842.0
07-16 11:00,4529.0,4572.0,4557.0,4394.0,4527.0,4686.0,4686.0
07-16 12:00,4560.0,4528.0,4556.0,4308.0,4385.0,4477.0,4477.0
07-16 13:00,4559.0,4517.0,4532.0,4224.0,4252.0,4407.0,4407.0
07-16 14:00,4498.0,4525.0,4563.0,4332.0,4345.0,4416.0,4416.0
07-16 15:00,4521.0,4553.0,4534.0,4137.0,4342.0,4283.0,4283.0
07-16 16:00,4512.0,4566.0,4515.0,4294.0,4481.0,4365.0,4365.0
07-16 17:00,4584.0,4567.0,4536.0,4400.0,4537.0,4473.0,4473.0
07-16 18:00,4586.0,4560.0,4588.0,4504.0,4754.0,4888.0,4888.0
07-16 19:00,4553.0,4557.0,4551.0,4424.0,4902.0,5045.0,5045.0
07-16 20:00,4485.0,4543.0,4532.0,4491.0,4742.0,5153.0,5153.0
07-16 21:00,4489.0,4544.0,4520.0,4417.0,4827.0,4812.0,4812.0
07-16 22:00,4542.0,4498.0,4538.0,4472.0,4655.0,5077.0,5077.0
07-16 23:00,4555.0,4472.0,4490.0,4402.0,4413.0,4932.0,4932.0
07-17 00:00,4463.0,4453.0,4517.0,4275.0,4407.0,4353.0,4353.0
07-17 01:00,4399.0,4471.0,4461.0,4261.0,4380.0,4413.0,4413.0
07-17 02:00,4445.0,4467.0,4483.0,4276.0,4298.0,4524.0,4524.0
07-17 03:00,4469.0,4492.0,4467.0,4138.0,4330.0,4612.0,4612.0
07-17 04:00,4476.0,4463.0,4442.0,4266.0,4224.0,4568.0,4568.0
07-17 05:00,4539.0,4496.0,4526.0,4198.0,4297.0,4389.0,4389.0
07-17 06:00,4551.0,4545.0,4506.0,4349.0,4826.0,4848.0,4848.0
07-17 07:00,4555.0,4521.0,4583.0,4642.0,4964.0,5010.0,5010.0
07-17 08:00,4567.0,4552.0,4676.0,4652.0,4937.0,5133.0,5133.0
07-17 09:00,4477.0,4552.0,4665.0,4706.0,4900.0,5180.0,5180.0
07-17 10:00,4478.0,4554.0,4643.0,4486.0,4672.0,4899.0,4899.0
07-17 11:00,4454.0,4552.0,4637.0,4598.0,4501.0,4549.0,4549.0
07-17 12:00,4443.0,4538.0,4588.0,4335.0,4470.0,4597.0,4597.0
07-17 13:00,4389.0,4536.0,4541.0,4176.0,4436.0,4364.0,4364.0
07-17 14:00,4318.0,4530.0,4522.0,4082.0,4368.0,4307.0,4307.0
07-17 15:00,4296.0,4489.0,4527.0,4109.0,4254.0,4285.0,4285.0
07-17 16:00,4347.0,4487.0,4523.0,4124.0,4502.0,4281.0,4281.0
07-17 17:00,4350.0,4487.0,4537.0,4267.0,4775.0,4326.0,4326.0
07-17 18:00,4379.0,4481.0,4567.0,4437.0,4996.0,4638.0,4638.0
07-17 19:00,4371.0,4498.0,4564.0,4486.0,5034.0,5134.0,5134.0
07-17 20:00,4432.0,4499.0,4557.0,4437.0,5016.0,5203.0,5203.0
07-17 21:00,4434.0,4478.0,4564.0,4583.0,4945.0,5129.0,5129.0
07-17 22:00,4429.0,4482.0,4524.0,4454.0,4850.0,4778.0,4778.0
07-17 23:00,4493.0,4472.0,4489.0,4243.0,4490.0,4683.0,4683.0
07-18 00:00,4465.0,4457.0,4405.0,4295.0,4324.0,4410.0,4410.0
07-18 01:00,4368.0,4399.0,4423.0,4133.0,4198.0,4306.0,4306.0
07-18 02:00,4323.0,4397.0,4355.0,4143.0,4237.0,4329.0,4329.0
07-18 03:00,4364.0,4413.0,4369.0,4035.0,4218.0,4232.0,4232.0
07-18 04:00,4416.0,4463.0,4399.0,4125.0,4258.0,4181.0,4181.0
07-18 05:00,4441.0,4461.0,4405.0,4094.0,4261.0,4196.0,4196.0
07-18 06:00,4472.0,4540.0,4471.0,4388.0,4507.0,4280.0,4280.0
07-18 07:00,4528.0,4565.0,4546.0,4349.0,4658.0,4543.0,4543.0
07-18 08:00,4546.0,4591.0,4575.0,4556.0,4908.0,4483.0,4483.0
07-18 09:00,4586.0,4589.0,4514.0,4465.0,4890.0,4464.0,4464.0
07-18 10:00,4565.0,4565.0,4489.0,4246.0,4680.0,4279.0,4279.0
07-18 11:00,4489.0,4553.0,4482.0,4305.0,4472.0,4291.0,4291.0
07-18 12:00,4441.0,4536.0,4441.0,4257.0,4419.0,4410.0,4410.0
07-18 13:00,4452.0,4494.0,4465.0,4129.0,4428.0,4313.0,4313.0
07-18 14:00,4444.0,4462.0,4429.0,4062.0,4431.0,4199.0,4199.0
07-18 15:00,4425.0,4485.0,4443.0,4087.0,4243.0,4329.0,4329.0
07-18 16:00,4438.0,4495.0,4448.0,4109.0,4288.0,4359.0,4359.0
07-18 17:00,4384.0,4520.0,4471.0,4143.0,4593.0,4515.0,4515.0
07-18 18:00,4468.0,4510.0,4506.0,4240.0,4857.0,4555.0,4555.0
07-18 19:00,4521.0,4526.0,4522.0,4326.0,4804.0,4775.0,4775.0
07-18 20:00,4501.0,4528.0,4504.0,4373.0,4910.0,4829.0,4829.0
07-18 21:00,4529.0,4518.0,4493.0,4441.0,4893.0,4865.0,4865.0
07-18 22:00,4504.0,4514.0,4440.0,4493.0,4658.0,4937.0,4937.0
07-18 23:00,4508.0,4498.0,4420.0,4379.0,4410.0,4774.0,4774.0
07-19 00:00,4471.0,4443.0,4405.0,4256.0,4555.0,4471.0,4471.0
07-19 01:00,4430.0,4442.0,4378.0,4238.0,4472.0,4325.0,4325.0
07-19 02:00,4422.0,4439.0,4373.0,4147.0,4341.0,4300.0,4300.0
07-19 03:00,4494.0,4434.0,4322.0,4133.0,4209.0,4318.0,4318.0
07-19 04:00,4492.0,4453.0,4403.0,4187.0,4225.0,4381.0,4381.0
07-19 05:00,4430.0,4440.0,4408.0,4301.0,4429.0,4407.0,4407.0
07-19 06:00,4385.0,4481.0,4439.0,4439.0,4660.0,4637.0,4637.0
07-19 07:00,4465.0,4527.0,4547.0,4558.0,5188.0,5097.0,5097.0
07-19 08:00,4476.0,4577.0,4596.0,4567.0,5203.0,5109.0,5109.0
07-19 09:00,4488.0,4553.0,4546.0,4609.0,4758.0,4795.0,4795.0
07-19 10:00,4518.0,4536.0,4441.0,4349.0,4775.0,4748.0,4748.0
07-19 11:00,4513.0,4539.0,4366.0,4486.0,4843.0,4770.0,4770.0
07-19 12:00,4501.0,4512.0,4365.0,4488.0,4985.0,4641.0,4641.0
07-19 13:00,4538.0,4504.0,4374.0,4214.0,4774.0,4282.0,4282.0
07-19 14:00,4539.0,4523.0,4386.0,4194.0,4590.0,4280.0,4280.0
07-19 15:00,4477.0,4516.0,4378.0,4258.0,4434.0,4252.0,4252.0
07-19 16:00,4476.0,4505.0,4381.0,4249.0,4574.0,4398.0,4398.0
07-19 17:00,4454.0,4529.0,4439.0,4323.0,4555.0,4701.0,4701.0
07-19 18:00,4535.0,4581.0,4474.0,4556.0,4856.0,4764.0,4764.0
07-19 19:00,4553.0,4593.0,4480.0,4432.0,4972.0,5008.0,5008.0
07-19 20:00,4508.0,4563.0,4481.0,4458.0,4850.0,4904.0,4904.0
07-19 21:00,4504.0,4557.0,4452.0,4485.0,4795.0,5002.0,5002.0
07-19 22:00,4522.0,4532.0,4446.0,4470.0,4689.0,4756.0,4756.0
07-19 23:00,4504.0,4518.0,4435.0,4396.0,4606.0,4625.0,4625.0
07-20 00:00,4573.0,4485.0,4391.0,4357.0,4653.0,4285.0,4285.0
07-20 01:00,4517.0,4474.0,4388.0,4230.0,4537.0,4238.0,4238.0
07-20 02:00,4400.0,4472.0,4340.0,4227.0,4308.0,4295.0,4295.0
07-20 03:00,4402.0,4476.0,4290.0,4254.0,4244.0,4312.0,4312.0
07-20 04:00,4474.0,4466.0,4285.0,4369.0,4263.0,4272.0,4272.0
07-20 05:00,4561.0,4489.0,4328.0,4273.0,4243.0,4554.0,4554.0
07-20 06:00,4714.0,4514.0,4418.0,4598.0,4283.0,4857.0,4857.0
07-20 07:00,4746.0,4547.0,4458.0,4737.0,4375.0,4916.0,4916.0
07-20 08:00,4793.0,4600.0,4504.0,4713.0,4537.0,4718.0,4718.0
07-20 09:00,4727.0,4509.0,4514.0,4775.0,4644.0,4681.0,4681.0
07-20 10:00,4777.0,4524.0,4530.0,4661.0,4355.0,4619.0,4619.0
07-20 11:00,4766.0,4507.0,4473.0,4585.0,4319.0,4579.0,4579.0
07-20 12:00,4749.0,4461.0,4490.0,4528.0,4316.0,4841.0,4841.0
07-20 13:00,4772.0,4430.0,4480.0,4373.0,4181.0,4333.0,4333.0
07-20 14:00,4740.0,4400.0,4417.0,4355.0,4231.0,4345.0,4345.0
07-20 15:00,4672.0,4398.0,4464.0,4437.0,4107.0,4305.0,4305.0
07-20 16:00,4704.0,4385.0,4496.0,4542.0,4332.0,4435.0,4435.0
07-20 17:00,4735.0,4388.0,4448.0,4531.0,4773.0,4679.0,4679.0
07-20 18:00,4790.0,4459.0,4509.0,4401.0,4648.0,4964.0,4964.0
07-20 19:00,4727.0,4507.0,4544.0,4419.0,4530.0,5020.0,5020.0
07-20 20:00,4677.0,4470.0,4504.0,4482.0,4578.0,4869.0,4869.0
07-20 21:00,4750.0,4455.0,4456.0,4217.0,4370.0,4806.0,4806.0
07-20 22:00,4791.0,4469.0,4475.0,4396.0,4421.0,4852.0,4852.0
07-20 23:00,4666.0,4451.0,4430.0,4313.0,4353.0,4698.0,4698.0
07-21 00:00,4465.0,4434.0,4436.0,4211.0,4753.0,4426.0,4426.0
07-21 01:00,4536.0,4447.0,4401.0,4210.0,4774.0,4397.0,4397.0
07-21 02:00,4373.0,4441.0,4369.0,4294.0,4288.0,4284.0,4284.0
07-21 03:00,4319.0,4390.0,4344.0,4262.0,4215.0,4278.0,4278.0
07-21 04:00,4338.0,4420.0,4384.0,4142.0,4353.0,4444.0,4444.0
07-21 05:00,4312.0,4444.0,4444.0,4103.0,4265.0,4514.0,4514.0
07-21 06:00,4277.0,4463.0,4468.0,4138.0,4325.0,4741.0,4741.0
07-21 07:00,4524.0,4542.0,4524.0,4568.0,4483.0,4882.0,4882.0
07-21 08:00,4660.0,4590.0,4587.0,4851.0,4382.0,5193.0,5193.0
07-21 09:00,4546.0,4580.0,4610.0,4672.0,4411.0,5007.0,5007.0
07-21 10:00,4377.0,4553.0,4563.0,4656.0,4378.0,4705.0,4705.0
07-21 11:00,4302.0,4569.0,4549.0,4477.0,4272.0,4525.0,4525.0
07-21 12:00,4280.0,4574.0,4497.0,4557.0,4293.0,4539.0,4539.0
07-21 13:00,4341.0,4564.0,4507.0,4463.0,4181.0,4524.0,4524.0
07-21 14:00,4545.0,4531.0,4499.0,4554.0,4167.0,4259.0,4259.0
07-21 15:00,4453.0,4509.0,4522.0,4315.0,4204.0,4298.0,4298.0
07-21 16:00,4539.0,4554.0,4500.0,4416.0,4315.0,4469.0,4469.0
07-21 17:00,4635.0,4591.0,4540.0,4428.0,4392.0,4503.0,4503.0
07-21 18:00,4743.0,4640.0,4621.0,4663.0,4730.0,5103.0,5103.0
07-21 19:00,4774.0,4647.0,4563.0,4600.0,5002.0,5092.0,5092.0
07-21 20:00,4747.0,4570.0,4556.0,4413.0,4983.0,5007.0,5007.0
07-21 21:00,4753.0,4546.0,4541.0,4610.0,5112.0,5196.0,5196.0
07-21 22:00,4805.0,4547.0,4503.0,4466.0,5101.0,5088.0,5088.0
07-21 23:00,4576.0,4527.0,4448.0,4513.0,4596.0,4696.0,4696.0
07-22 00:00,4370.0,4499.0,4381.0,4398.0,4290.0,4429.0,4429.0
07-22 01:00,4403.0,4483.0,4402.0,4249.0,4360.0,4472.0,4472.0
07-22 02:00,4363.0,4460.0,4409.0,4254.0,4375.0,4259.0,4259.0
07-22 03:00,4378.0,4471.0,4411.0,4103.0,4346.0,4260.0,4260.0
07-22 04:00,4403.0,4489.0,4403.0,4096.0,4299.0,4249.0,4249.0
07-22 05:00,4380.0,4507.0,4422.0,4108.0,4317.0,4459.0,4459.0
07-22 06:00,4525.0,4544.0,4493.0,4193.0,4504.0,4848.0,4848.0
07-22 07:00,4622.0,4553.0,4536.0,4242.0,4576.0,4694.0,4694.0
07-22 08:00,4736.0,4596.0,4568.0,4281.0,4448.0,5169.0,5169.0
07-22 09:00,4734.0,4543.0,4559.0,4332.0,4455.0,5178.0,5178.0
07-22 10:00,4661.0,4664.0,4508.0,4270.0,4554.0,4871.0,4871.0
07-22 11:00,4574.0,4653.0,4503.0,4238.0,4298.0,4416.0,4416.0
07-22 12:00,4510.0,4570.0,4449.0,4284.0,4230.0,4581.0,4581.0
07-22 13:00,4532.0,4552.0,4466.0,4153.0,4215.0,4497.0,4497.0
07-22 14:00,4707.0,4541.0,4465.0,4117.0,4240.0,4411.0,4411.0
07-22 15:00,4653.0,4540.0,4431.0,4085.0,4315.0,4450.0,4450.0
07-22 16:00,4536.0,4577.0,4444.0,4220.0,4419.0,4482.0,4482.0
07-22 17:00,4662.0,4589.0,4462.0,4209.0,4690.0,4748.0,4748.0
07-22 18:00,4700.0,4585.0,4448.0,4227.0,4987.0,4834.0,4834.0
07-22 19:00,4684.0,4627.0,4451.0,4364.0,5100.0,4998.0,4998.0
07-22 20:00,4490.0,4601.0,4400.0,4330.0,4960.0,4953.0,4953.0
07-22 21:00,4449.0,4566.0,4397.0,4127.0,5009.0,5208.0,5208.0
07-22 22:00,4476.0,4577.0,4419.0,4110.0,4940.0,5188.0,5188.0
07-22 23:00,4399.0,4567.0,4396.0,4132.0,4737.0,4799.0,4799.0
07-23 00:00,4571.0,4551.0,4359.0,4095.0,4802.0,4248.0,4248.0
07-23 01:00,4404.0,4617.0,4309.0,4063.0,4425.0,4220.0,4220.0
07-23 02:00,4326.0,4664.0,4323.0,4076.0,4418.0,4159.0,4159.0
07-23 03:00,4399.0,4651.0,4310.0,4074.0,4183.0,4242.0,4242.0
07-23 04:00,4443.0,4604.0,4351.0,4071.0,4227.0,4197.0,4197.0
07-23 05:00,4388.0,4610.0,4350.0,4083.0,4412.0,4298.0,4298.0
07-23 06:00,4616.0,4568.0,4366.0,4201.0,4721.0,4670.0,4670.0
07-23 07:00,4667.0,4552.0,4396.0,4518.0,4819.0,5038.0,5038.0
07-23 08:00,4677.0,4517.0,4468.0,4505.0,4656.0,5292.0,5292.0
07-23 09:00,4654.0,4678.0,4507.0,4441.0,4766.0,5194.0,5194.0
07-23 10:00,4515.0,4637.0,4503.0,4450.0,4398.0,5015.0,5015.0
07-23 11:00,4606.0,4622.0,4530.0,4340.0,4492.0,4668.0,4668.0
07-23 12:00,4653.0,4596.0,4473.0,4336.0,4206.0,4646.0,4646.0
07-23 13:00,4638.0,4662.0,4440.0,4381.0,4379.0,4428.0,4428.0
07-23 14:00,4387.0,4581.0,4444.0,4258.0,4352.0,4570.0,4570.0
07-23 15:00,4401.0,4507.0,4409.0,4123.0,4186.0,4466.0,4466.0
07-23 16:00,4553.0,4544.0,4422.0,4320.0,4494.0,4523.0,4523.0
07-23 17:00,4650.0,4615.0,4481.0,4385.0,4719.0,4862.0,4862.0
07-23 18:00,4788.0,4679.0,4543.0,4508.0,4758.0,5018.0,5018.0
07-23 19:00,4722.0,4613.0,4572.0,4759.0,4875.0,4944.0,4944.0
07-23 20:00,4530.0,4576.0,4568.0,4784.0,4788.0,5080.0,5080.0
07-23 21:00,4494.0,4576.0,4590.0,4700.0,4760.0,5001.0,5001.0
07-23 22:00,4558.0,4594.0,4560.0,4460.0,4767.0,4814.0,4814.0
07-23 23:00,4470.0,4646.0,4553.0,4294.0,4459.0,4614.0,4614.0
07-24 00:00,4423.0,4598.0,4465.0,4321.0,4169.0,4340.0,4340.0
07-24 01:00,4409.0,4611.0,4452.0,4255.0,4313.0,4269.0,4269.0
07-24 02:00,4380.0,4553.0,4417.0,4329.0,4069.0,4301.0,4301.0
07-24 03:00,4395.0,4588.0,4424.0,4132.0,4101.0,4350.0,4350.0
07-24 04:00,4379.0,4507.0,4374.0,4286.0,4028.0,4169.0,4169.0
07-24 05:00,4378.0,4536.0,4425.0,4377.0,4105.0,4202.0,4202.0
07-24 06:00,4657.0,4545.0,4478.0,4418.0,4303.0,4400.0,4400.0
07-24 07:00,4734.0,4535.0,4626.0,4423.0,4691.0,4613.0,4613.0
07-24 08:00,4788.0,4622.0,4661.0,4675.0,4445.0,4661.0,4661.0
07-24 09:00,4602.0,4609.0,4545.0,4461.0,4531.0,4748.0,4748.0
07-24 10:00,4659.0,4584.0,4550.0,4373.0,4742.0,4694.0,4694.0
07-24 11:00,4506.0,4615.0,4544.0,4331.0,4569.0,4409.0,4409.0
07-24 12:00,4490.0,4621.0,4519.0,4198.0,4202.0,4417.0,4417.0
07-24 13:00,4435.0,4617.0,4493.0,4097.0,4229.0,4472.0,4472.0
07-24 14:00,4513.0,4615.0,4443.0,4197.0,3896.0,4358.0,4358.0
07-24 15:00,4444.0,4580.0,4471.0,4295.0,3967.0,4436.0,4436.0
07-24 16:00,4400.0,4544.0,4511.0,4315.0,3900.0,4527.0,4527.0
07-24 17:00,4436.0,4543.0,4528.0,4361.0,4468.0,4703.0,4703.0
07-24 18:00,4586.0,4544.0,4553.0,4679.0,4631.0,4712.0,4712.0
07-24 19:00,4524.0,4552.0,4551.0,4459.0,4723.0,4720.0,4720.0
07-24 20:00,4429.0,4601.0,4516.0,4683.0,4801.0,4878.0,4878.0
07-24 21:00,4410.0,4739.0,4497.0,4749.0,4745.0,4789.0,4789.0
07-24 22:00,4539.0,4742.0,4474.0,4486.0,4561.0,4963.0,4963.0
07-24 23:00,4435.0,4627.0,4467.0,4625.0,4383.0,4835.0,4835.0
07-25 00:00,4482.0,4578.0,4429.0,4451.0,4216.0,4250.0,4250.0
07-25 01:00,4324.0,4583.0,4442.0,4141.0,4115.0,4319.0,4319.0
07-25 02:00,4394.0,4520.0,4445.0,4091.0,4197.0,4223.0,4223.0
07-25 03:00,4332.0,4520.0,4433.0,4172.0,4122.0,4120.0,4120.0
07-25 04:00,4381.0,4455.0,4435.0,4089.0,4119.0,4235.0,4235.0
07-25 05:00,4423.0,4465.0,4476.0,4156.0,4116.0,4227.0,4227.0
07-25 06:00,4392.0,4500.0,4501.0,4258.0,4445.0,4275.0,4275.0
07-25 07:00,4413.0,4718.0,4548.0,4362.0,4584.0,4405.0,4405.0
07-25 08:00,4500.0,4718.0,4569.0,4584.0,4693.0,4561.0,4561.0
07-25 09:00,4464.0,4629.0,4537.0,4644.0,4872.0,4543.0,4543.0
07-25 10:00,4455.0,4563.0,4518.0,4528.0,4637.0,4432.0,4432.0
07-25 11:00,4502.0,4644.0,4496.0,4473.0,4332.0,4371.0,4371.0
07-25 12:00,4518.0,4614.0,4457.0,4198.0,4182.0,4371.0,4371.0
07-25 13:00,4432.0,4587.0,4488.0,4232.0,4069.0,4351.0,4351.0
07-25 14:00,4380.0,4527.0,4486.0,4129.0,3819.0,4402.0,4402.0
07-25 15:00,4449.0,4560.0,4489.0,3994.0,4073.0,4510.0,4510.0
07-25 16:00,4432.0,4464.0,4508.0,3994.0,4384.0,4557.0,4557.0
07-25 17:00,4434.0,4511.0,4534.0,4129.0,4352.0,4705.0,4705.0
07-25 18:00,4440.0,4603.0,4599.0,4349.0,4334.0,4783.0,4783.0
07-25 19:00,4418.0,4630.0,4560.0,4414.0,4388.0,4725.0,4725.0
07-25 20:00,4461.0,4559.0,4530.0,4483.0,4542.0,4932.0,4932.0
07-25 21:00,4427.0,4523.0,4506.0,4277.0,4472.0,5024.0,5024.0
07-25 22:00,4377.0,4532.0,4476.0,4346.0,4353.0,5007.0,5007.0
07-25 23:00,4329.0,4472.0,4472.0,4310.0,4416.0,4787.0,4787.0
07-26 00:00,4310.0,4437.0,4386.0,4095.0,4432.0,4265.0,4265.0
07-26 01:00,4291.0,4429.0,4407.0,4161.0,4204.0,4119.0,4119.0
07-26 02:00,4307.0,4448.0,4353.0,4121.0,4377.0,4148.0,4148.0
07-26 03:00,4305.0,4467.0,4402.0,4065.0,4153.0,4093.0,4093.0
07-26 04:00,4342.0,4489.0,4342.0,4086.0,4258.0,4337.0,4337.0
07-26 05:00,4315.0,4445.0,4385.0,4122.0,4510.0,4253.0,4253.0
07-26 06:00,4419.0,4499.0,4532.0,4197.0,4622.0,4548.0,4548.0
07-26 07:00,4373.0,4587.0,4499.0,4221.0,4608.0,4931.0,4931.0
07-26 08:00,4388.0,4599.0,4538.0,4569.0,4473.0,5240.0,5240.0
07-26 09:00,4441.0,4588.0,4562.0,4543.0,4438.0,4865.0,4865.0
07-26 10:00,4459.0,4593.0,4520.0,4482.0,4481.0,4760.0,4760.0
07-26 11:00,4418.0,4597.0,4527.0,4492.0,4127.0,4533.0,4533.0
07-26 12:00,4405.0,4592.0,4508.0,4361.0,4033.0,4272.0,4272.0
07-26 13:00,4447.0,4630.0,4487.0,4117.0,3920.0,4209.0,4209.0
07-26 14:00,4481.0,4577.0,4497.0,4198.0,4074.0,4270.0,4270.0
07-26 15:00,4461.0,4543.0,4491.0,4155.0,3836.0,4208.0,4208.0
07-26 16:00,4479.0,4607.0,4520.0,4226.0,3924.0,4848.0,4848.0
07-26 17:00,4545.0,4656.0,4551.0,4313.0,4239.0,4990.0,4990.0
07-26 18:00,4613.0,4633.0,4597.0,4355.0,4257.0,5226.0,5226.0
07-26 19:00,4676.0,4611.0,4599.0,4270.0,4283.0,5052.0,5052.0
07-26 20:00,4527.0,4555.0,4530.0,4406.0,4260.0,4902.0,4902.0
07-26 21:00,4708.0,4573.0,4497.0,4440.0,4327.0,5065.0,5065.0
07-26 22:00,4552.0,4569.0,4419.0,4319.0,4606.0,4951.0,4951.0
07-26 23:00,4417.0,4590.0,4415.0,4350.0,4341.0,4586.0,4586.0
07-27 00:00,4369.0,4593.0,4421.0,4335.0,4473.0,4313.0,4313.0
07-27 01:00,4408.0,4572.0,4416.0,4299.0,4066.0,4175.0,4175.0
07-27 02:00,4421.0,4584.0,4384.0,4388.0,4109.0,4006.0,4006.0
07-27 03:00,4323.0,4554.0,4393.0,4321.0,4202.0,4073.0,4073.0
07-27 04:00,4391.0,4553.0,4361.0,4380.0,4073.0,4061.0,4061.0
07-27 05:00,4405.0,4527.0,4400.0,4418.0,4060.0,4325.0,4325.0
07-27 06:00,4411.0,4523.0,4471.0,4554.0,4368.0,4717.0,4717.0
07-27 07:00,4700.0,4546.0,4486.0,4664.0,4456.0,4887.0,4887.0
07-27 08:00,4719.0,4584.0,4509.0,4973.0,4346.0,5027.0,5027.0
07-27 09:00,4671.0,4584.0,4462.0,4921.0,4416.0,4769.0,4769.0
07-27 10:00,4599.0,4489.0,4460.0,4701.0,4459.0,4591.0,4591.0
07-27 11:00,4637.0,4483.0,4480.0,4479.0,4159.0,4480.0,4480.0
07-27 12:00,4584.0,4518.0,4415.0,4356.0,4041.0,4409.0,4409.0
07-27 13:00,4649.0,4583.0,4458.0,4286.0,3897.0,4269.0,4269.0
07-27 14:00,4430.0,4620.0,4488.0,4422.0,3953.0,4371.0,4371.0
07-27 15:00,4411.0,4510.0,4467.0,4459.0,3923.0,4369.0,4369.0
07-27 16:00,4433.0,4575.0,4441.0,4432.0,3910.0,4536.0,4536.0
07-27 17:00,4408.0,4657.0,4488.0,4400.0,4019.0,4618.0,4618.0
07-27 18:00,4446.0,4679.0,4518.0,4420.0,4504.0,5232.0,5232.0
07-27 19:00,4477.0,4606.0,4525.0,4491.0,4689.0,5305.0,5305.0
07-27 20:00,4456.0,4601.0,4506.0,4814.0,4804.0,5137.0,5137.0
07-27 21:00,4448.0,4651.0,4473.0,4767.0,4576.0,4889.0,4889.0
07-27 22:00,4484.0,4595.0,4446.0,4488.0,4286.0,5032.0,5032.0
07-27 23:00,4347.0,4594.0,4431.0,4483.0,4402.0,4718.0,4718.0
07-28 00:00,4348.0,4607.0,4376.0,4591.0,4328.0,4295.0,4295.0
07-28 01:00,4363.0,4555.0,4407.0,4411.0,4206.0,4347.0,4347.0
07-28 02:00,4255.0,4598.0,4391.0,4416.0,4142.0,4212.0,4212.0
07-28 03:00,4301.0,4592.0,4341.0,4381.0,4012.0,4227.0,4227.0
07-28 04:00,4369.0,4565.0,4359.0,4332.0,4053.0,4223.0,4223.0
07-28 05:00,4313.0,4488.0,4404.0,4373.0,4097.0,4380.0,4380.0
07-28 06:00,4514.0,4561.0,4468.0,4407.0,4473.0,5092.0,5092.0
07-28 07:00,4532.0,4656.0,4551.0,4573.0,4503.0,5268.0,5268.0
07-28 08:00,4613.0,4681.0,4574.0,4611.0,4189.0,5377.0,5377.0
07-28 09:00,4467.0,4661.0,4540.0,4718.0,4331.0,5239.0,5239.0
07-28 10:00,4583.0,4710.0,4579.0,4583.0,4396.0,4666.0,4666.0
07-28 11:00,4550.0,4713.0,4571.0,4458.0,4318.0,4540.0,4540.0
07-28 12:00,4382.0,4694.0,4557.0,4569.0,4159.0,4329.0,4329.0
07-28 13:00,4397.0,4629.0,4553.0,4366.0,4309.0,4030.0,4030.0
07-28 14:00,4362.0,4631.0,4490.0,4398.0,4238.0,4011.0,4011.0
07-28 15:00,4406.0,4575.0,4494.0,4297.0,4315.0,4121.0,4121.0
07-28 16:00,4426.0,4571.0,4592.0,4473.0,4277.0,4114.0,4114.0
07-28 17:00,4596.0,4680.0,4584.0,4367.0,4406.0,4309.0,4309.0
07-28 18:00,4680.0,4767.0,4592.0,4454.0,4528.0,4611.0,4611.0
07-28 19:00,4782.0,4671.0,4626.0,4667.0,4511.0,4652.0,4652.0
07-28 20:00,4664.0,4703.0,4624.0,4645.0,4481.0,4604.0,4604.0
07-28 21:00,4526.0,4672.0,4601.0,4698.0,4363.0,4718.0,4718.0
07-28 22:00,4626.0,4613.0,4600.0,4642.0,4494.0,4590.0,4590.0
07-28 23:00,4407.0,4588.0,4580.0,4484.0,4273.0,4461.0,4461.0
07-29 00:00,4276.0,4608.0,4539.0,4424.0,4197.0,4172.0,4172.0
07-29 01:00,4464.0,4678.0,4491.0,4289.0,4036.0,4151.0,4151.0
07-29 02:00,4332.0,4630.0,4512.0,4013.0,4086.0,4284.0,4284.0
07-29 03:00,4379.0,4590.0,4522.0,4085.0,4126.0,4154.0,4154.0
07-29 04:00,4401.0,4634.0,4511.0,4035.0,4142.0,4127.0,4127.0
07-29 05:00,4361.0,4687.0,4504.0,4037.0,4146.0,4287.0,4287.0
07-29 06:00,4412.0,4678.0,4542.0,4066.0,4507.0,4616.0,4616.0
07-29 07:00,4550.0,4712.0,4609.0,4109.0,4736.0,4678.0,4678.0
07-29 08:00,4624.0,4734.0,4577.0,4187.0,4833.0,4591.0,4591.0
07-29 09:00,4724.0,4703.0,4617.0,4186.0,4729.0,4326.0,4326.0
07-29 10:00,4686.0,4686.0,4604.0,4180.0,4668.0,4337.0,4337.0
07-29 11:00,4768.0,4706.0,4615.0,4178.0,4552.0,4314.0,4314.0
07-29 12:00,4682.0,4655.0,4581.0,4133.0,4493.0,4081.0,4081.0
07-29 13:00,4478.0,4538.0,4513.0,4099.0,4344.0,4115.0,4115.0
07-29 14:00,4475.0,4653.0,4509.0,4090.0,4240.0,4204.0,4204.0
07-29 15:00,4388.0,4594.0,4525.0,4107.0,4545.0,4109.0,4109.0
07-29 16:00,4492.0,4612.0,4551.0,4259.0,4647.0,4132.0,4132.0
07-29 17:00,4576.0,4573.0,4573.0,4238.0,4574.0,4202.0,4202.0
07-29 18:00,4468.0,4605.0,4564.0,4419.0,4846.0,4612.0,4612.0
07-29 19:00,4532.0,4696.0,4627.0,4422.0,4838.0,5187.0,5187.0
07-29 20:00,4456.0,4667.0,4625.0,4282.0,4884.0,5294.0,5294.0
07-29 21:00,4439.0,4686.0,4572.0,4516.0,4799.0,4955.0,4955.0
07-29 22:00,4551.0,4610.0,4549.0,4492.0,4622.0,4717.0,4717.0
07-29 23:00,4290.0,4555.0,4456.0,4191.0,4263.0,4751.0,4751.0
07-30 00:00,4234.0,4519.0,4470.0,4298.0,4233.0,4504.0,4504.0
07-30 01:00,4254.0,4553.0,4457.0,4128.0,4232.0,4275.0,4275.0
07-30 02:00,4186.0,4559.0,4436.0,4039.0,4234.0,4086.0,4086.0
07-30 03:00,4138.0,4541.0,4400.0,4024.0,4202.0,4173.0,4173.0
07-30 04:00,4195.0,4541.0,4420.0,4025.0,4193.0,4236.0,4236.0
07-30 05:00,4218.0,4486.0,4405.0,4067.0,4233.0,4388.0,4388.0
07-30 06:00,4305.0,4608.0,4448.0,4222.0,4378.0,4789.0,4789.0
07-30 07:00,4353.0,4622.0,4471.0,4347.0,4694.0,4669.0,4669.0
07-30 08:00,4320.0,4642.0,4527.0,4500.0,4875.0,4999.0,4999.0
07-30 09:00,4319.0,4679.0,4542.0,4441.0,4741.0,4909.0,4909.0
07-30 10:00,4319.0,4650.0,4484.0,4366.0,4721.0,4411.0,4411.0
07-30 11:00,4337.0,4626.0,4468.0,4338.0,4477.0,4486.0,4486.0
07-30 12:00,4305.0,4618.0,4404.0,4417.0,4554.0,4288.0,4288.0
07-30 13:00,4289.0,4595.0,4391.0,4242.0,4393.0,4217.0,4217.0
07-30 14:00,4261.0,4518.0,4433.0,4247.0,4418.0,4116.0,4116.0
07-30 15:00,4288.0,4520.0,4445.0,4225.0,4550.0,4291.0,4291.0
07-30 16:00,4297.0,4532.0,4477.0,4144.0,4447.0,4443.0,4443.0
07-30 17:00,4455.0,4570.0,4478.0,4196.0,4385.0,4624.0,4624.0
07-30 18:00,4447.0,4587.0,4512.0,4340.0,4991.0,4664.0,4664.0
07-30 19:00,4485.0,4636.0,4548.0,4355.0,4897.0,4795.0,4795.0
07-30 20:00,4560.0,4560.0,4536.0,4385.0,4762.0,4869.0,4869.0
07-30 21:00,4405.0,4684.0,4558.0,4331.0,4974.0,4854.0,4854.0
07-30 22:00,4401.0,4621.0,4507.0,4169.0,4690.0,4820.0,4820.0
07-30 23:00,4355.0,4667.0,4515.0,4177.0,4353.0,4641.0,4641.0
07-31 00:00,4293.0,4687.0,4509.0,4022.0,4093.0,4378.0,4378.0
07-31 01:00,4240.0,4605.0,4438.0,4038.0,4087.0,4365.0,4365.0
07-31 02:00,4228.0,4613.0,4433.0,4056.0,4141.0,4262.0,4262.0
07-31 03:00,4271.0,4576.0,4409.0,4092.0,4059.0,4262.0,4262.0
07-31 04:00,4258.0,4507.0,4371.0,4108.0,4095.0,4293.0,4293.0
07-31 05:00,4310.0,4526.0,4403.0,4055.0,4309.0,4285.0,4285.0
07-31 06:00,4444.0,4556.0,4466.0,4228.0,4399.0,4298.0,4298.0
07-31 07:00,4466.0,4545.0,4521.0,4561.0,4481.0,4577.0,4577.0
07-31 08:00,4462.0,4494.0,4566.0,4593.0,4507.0,4699.0,4699.0
07-31 09:00,4480.0,4579.0,4509.0,4449.0,4723.0,4399.0,4399.0
07-31 10:00,4474.0,4538.0,4521.0,4262.0,4477.0,4170.0,4170.0
07-31 11:00,4556.0,4713.0,4471.0,4106.0,4404.0,4176.0,4176.0
07-31 12:00,4524.0,4679.0,4495.0,4101.0,4379.0,4131.0,4131.0
07-31 13:00,4414.0,4735.0,4481.0,4072.0,4330.0,4293.0,4293.0
07-31 14:00,4402.0,4655.0,4521.0,4002.0,4247.0,4154.0,4154.0
07-31 15:00,4404.0,4595.0,4506.0,4042.0,4405.0,4289.0,4289.0
07-31 16:00,4404.0,4556.0,4475.0,4037.0,4402.0,4339.0,4339.0
07-31 17:00,4449.0,4578.0,4536.0,4166.0,4470.0,4429.0,4429.0
07-31 18:00,4557.0,4584.0,4602.0,4345.0,4699.0,4328.0,4328.0
07-31 19:00,4548.0,4548.0,4595.0,4248.0,4771.0,4341.0,4341.0
07-31 20:00,4563.0,4584.0,4509.0,4432.0,4784.0,4396.0,4396.0
07-31 21:00,4556.0,4535.0,4472.0,4537.0,4821.0,4463.0,4463.0
07-31 22:00,4566.0,4510.0,4431.0,4361.0,4859.0,4440.0,4440.0
07-31 23:00,4416.0,4579.0,4409.0,4244.0,4408.0,4400.0,4400.0
08-01 00:00,4380.0,4554.0,4442.0,4328.0,4300.0,4383.0,4383.0
08-01 01:00,4407.0,4535.0,4384.0,4206.0,4229.0,4255.0,4255.0
08-01 02:00,4366.0,4503.0,4351.0,4271.0,4143.0,4243.0,4243.0
08-01 03:00,4327.0,4555.0,4334.0,4266.0,4188.0,4237.0,4237.0
08-01 04:00,4307.0,4585.0,4314.0,4269.0,4131.0,4196.0,4196.0
08-01 05:00,4349.0,4589.0,4343.0,4406.0,4205.0,4216.0,4216.0
08-01 06:00,4362.0,4600.0,4371.0,4310.0,4313.0,4334.0,4334.0
08-01 07:00,4490.0,4647.0,4432.0,4444.0,4480.0,4466.0,4466.0
08-01 08:00,4547.0,4675.0,4568.0,4498.0,4654.0,4641.0,4641.0
08-01 09:00,4510.0,4694.0,4564.0,4551.0,4674.0,4441.0,4441.0
08-01 10:00,4545.0,4683.0,4514.0,4403.0,4404.0,4299.0,4299.0
08-01 11:00,4537.0,4701.0,4465.0,4415.0,4654.0,4469.0,4469.0
08-01 12:00,4515.0,4704.0,4414.0,4274.0,4574.0,4569.0,4569.0
08-01 13:00,4486.0,4716.0,4378.0,4359.0,4492.0,4225.0,4225.0
08-01 14:00,4518.0,4689.0,4409.0,4400.0,4262.0,4277.0,4277.0
08-01 15:00,4543.0,4668.0,4469.0,4359.0,4526.0,4172.0,4172.0
08-01 16:00,4492.0,4672.0,4376.0,4182.0,4575.0,4436.0,4436.0
08-01 17:00,4492.0,4730.0,4440.0,4685.0,4738.0,4515.0,4515.0
08-01 18:00,4796.0,4767.0,4475.0,4616.0,4819.0,4541.0,4541.0
08-01 19:00,4643.0,4761.0,4467.0,4501.0,4789.0,4850.0,4850.0
08-01 20:00,4522.0,4666.0,4456.0,4536.0,4704.0,4806.0,4806.0
08-01 21:00,4577.0,4654.0,4408.0,4607.0,4779.0,4945.0,4945.0
08-01 22:00,4518.0,4690.0,4327.0,4557.0,4697.0,4750.0,4750.0
08-01 23:00,4641.0,4580.0,4295.0,4645.0,4488.0,4768.0,4768.0
08-02 00:00,4450.0,4548.0,4377.0,4454.0,4293.0,4528.0,4528.0
08-02 01:00,4414.0,4550.0,4370.0,4298.0,4361.0,4270.0,4270.0
08-02 02:00,4363.0,4532.0,4287.0,4307.0,4237.0,4344.0,4344.0
08-02 03:00,4394.0,4537.0,4273.0,4324.0,4426.0,4239.0,4239.0
08-02 04:00,4474.0,4469.0,4271.0,4464.0,4430.0,4152.0,4152.0
08-02 05:00,4439.0,4489.0,4327.0,4561.0,4626.0,4371.0,4371.0
08-02 06:00,4458.0,4509.0,4338.0,4852.0,4770.0,4603.0,4603.0
08-02 07:00,4462.0,4689.0,4456.0,4966.0,4656.0,4911.0,4911.0
08-02 08:00,4472.0,4681.0,4496.0,5069.0,4867.0,4834.0,4834.0
08-02 09:00,4472.0,4690.0,4489.0,4780.0,4964.0,4929.0,4929.0
08-02 10:00,4525.0,4656.0,4486.0,4763.0,4814.0,4572.0,4572.0
08-02 11:00,4525.0,4715.0,4501.0,4924.0,4827.0,4535.0,4535.0
08-02 12:00,4514.0,4720.0,4461.0,5007.0,4798.0,4245.0,4245.0
08-02 13:00,4471.0,4649.0,4457.0,4772.0,4634.0,4338.0,4338.0
08-02 14:00,4488.0,4648.0,4460.0,4427.0,4292.0,4152.0,4152.0
08-02 15:00,4448.0,4617.0,4455.0,4528.0,4452.0,4224.0,4224.0
08-02 16:00,4447.0,4753.0,4470.0,4884.0,4645.0,4343.0,4343.0
08-02 17:00,4418.0,4782.0,4521.0,4937.0,4657.0,4850.0,4850.0
08-02 18:00,4446.0,4829.0,4531.0,5021.0,4445.0,4799.0,4799.0
08-02 19:00,4511.0,4709.0,4537.0,4835.0,4550.0,4881.0,4881.0
08-02 20:00,4449.0,4648.0,4504.0,4794.0,4639.0,4985.0,4985.0
08-02 21:00,4480.0,4668.0,4488.0,4925.0,4504.0,4990.0,4990.0
08-02 22:00,4538.0,4592.0,4403.0,5124.0,4723.0,5074.0,5074.0
08-02 23:00,4698.0,4567.0,4380.0,4785.0,4498.0,4508.0,4508.0
08-03 00:00,4314.0,4591.0,4397.0,4551.0,4297.0,4185.0,4185.0
08-03 01:00,4426.0,4606.0,4381.0,4508.0,4280.0,4157.0,4157.0
08-03 02:00,4286.0,4631.0,4350.0,4528.0,4269.0,4143.0,4143.0
08-03 03:00,4456.0,4588.0,4303.0,4465.0,4221.0,4150.0,4150.0
08-03 04:00,4535.0,4587.0,4292.0,4453.0,4221.0,4150.0,4150.0
08-03 05:00,4376.0,4617.0,4321.0,4560.0,4321.0,4296.0,4296.0
08-03 06:00,4500.0,4663.0,4351.0,4855.0,4304.0,4794.0,4794.0
08-03 07:00,4506.0,4742.0,4467.0,4641.0,4388.0,4752.0,4752.0
08-03 08:00,4758.0,4699.0,4525.0,4921.0,4426.0,4813.0,4813.0
08-03 09:00,4686.0,4732.0,4491.0,5000.0,4461.0,4733.0,4733.0
08-03 10:00,4448.0,4709.0,4423.0,5019.0,4565.0,4593.0,4593.0
08-03 11:00,4457.0,4716.0,4424.0,4835.0,4421.0,4787.0,4787.0
08-03 12:00,4301.0,4763.0,4449.0,4900.0,4362.0,4538.0,4538.0
08-03 13:00,4269.0,4710.0,4437.0,4818.0,4348.0,4239.0,4239.0
08-03 14:00,4213.0,4753.0,4447.0,4784.0,4269.0,4298.0,4298.0
08-03 15:00,4233.0,4792.0,4386.0,4845.0,4262.0,4311.0,4311.0
08-03 16:00,4374.0,4752.0,4442.0,4838.0,4304.0,5026.0,5026.0
08-03 17:00,4554.0,4822.0,4501.0,4882.0,4519.0,4924.0,4924.0
08-03 18:00,4666.0,4827.0,4518.0,5035.0,4500.0,5186.0,5186.0
08-03 19:00,4714.0,4796.0,4508.0,5043.0,4524.0,4879.0,4879.0
08-03 20:00,4682.0,4761.0,4516.0,4949.0,4563.0,4936.0,4936.0
08-03 21:00,4729.0,4768.0,4509.0,4376.0,4536.0,4811.0,4811.0
08-03 22:00,4707.0,4724.0,4556.0,4632.0,4518.0,4620.0,4620.0
08-03 23:00,4553.0,4718.0,4519.0,4520.0,4434.0,4706.0,4706.0
08-04 00:00,4480.0,4702.0,4410.0,4485.0,4286.0,4326.0,4326.0
08-04 01:00,4473.0,4653.0,4385.0,4407.0,4274.0,4152.0,4152.0
08-04 02:00,4390.0,4682.0,4407.0,4440.0,4275.0,4088.0,4088.0
08-04 03:00,4179.0,4704.0,4392.0,4337.0,4255.0,4124.0,4124.0
08-04 04:00,4202.0,4640.0,4365.0,4505.0,4247.0,4156.0,4156.0
08-04 05:00,4365.0,4620.0,4457.0,4417.0,4228.0,4287.0,4287.0
08-04 06:00,4391.0,4687.0,4504.0,4438.0,4243.0,4857.0,4857.0
08-04 07:00,4558.0,4702.0,4553.0,4481.0,4450.0,5288.0,5288.0
08-04 08:00,4761.0,4724.0,4543.0,4464.0,4423.0,5185.0,5185.0
08-04 09:00,4699.0,4639.0,4530.0,4575.0,4271.0,5028.0,5028.0
08-04 10:00,4627.0,4599.0,4540.0,4455.0,4266.0,4670.0,4670.0
08-04 11:00,4582.0,4653.0,4508.0,4514.0,4309.0,4799.0,4799.0
08-04 12:00,4657.0,4616.0,4529.0,4451.0,4265.0,4651.0,4651.0
08-04 13:00,4651.0,4667.0,4574.0,4392.0,4163.0,4575.0,4575.0
08-04 14:00,4538.0,4610.0,4462.0,4479.0,4144.0,4542.0,4542.0
08-04 15:00,4292.0,4677.0,4494.0,4487.0,4247.0,4707.0,4707.0
08-04 16:00,4399.0,4687.0,4495.0,4300.0,4184.0,4660.0,4660.0
08-04 17:00,4255.0,4697.0,4511.0,4512.0,4521.0,5050.0,5050.0
08-04 18:00,4392.0,4672.0,4532.0,4479.0,4666.0,5070.0,5070.0
08-04 19:00,4469.0,4711.0,4521.0,4499.0,4811.0,5125.0,5125.0
08-04 20:00,4377.0,4731.0,4573.0,4369.0,4627.0,5250.0,5250.0
08-04 21:00,4512.0,4717.0,4562.0,4619.0,4789.0,5177.0,5177.0
08-04 22:00,4620.0,4708.0,4504.0,4452.0,4631.0,5035.0,5035.0
08-04 23:00,4482.0,4729.0,4456.0,4452.0,4511.0,4688.0,4688.0
08-05 00:00,4337.0,4697.0,4440.0,4422.0,4401.0,4752.0,4752.0
08-05 01:00,4371.0,4700.0,4435.0,4368.0,4331.0,4397.0,4397.0
08-05 02:00,4526.0,4682.0,4411.0,4362.0,4306.0,4176.0,4176.0
08-05 03:00,4271.0,4617.0,4382.0,4355.0,4278.0,4129.0,4129.0
08-05 04:00,4295.0,4616.0,4396.0,4339.0,4255.0,4149.0,4149.0
08-05 05:00,4342.0,4643.0,4421.0,4291.0,4332.0,4552.0,4552.0
08-05 06:00,4328.0,4709.0,4439.0,4368.0,4405.0,4918.0,4918.0
08-05 07:00,4495.0,4771.0,4496.0,4385.0,4563.0,5211.0,5211.0
08-05 08:00,4485.0,4726.0,4576.0,4483.0,4512.0,5240.0,5240.0
08-05 09:00,4572.0,4708.0,4576.0,4542.0,4501.0,5173.0,5173.0
08-05 10:00,4382.0,4698.0,4531.0,4520.0,4442.0,4810.0,4810.0
08-05 11:00,4615.0,4773.0,4521.0,4454.0,4546.0,4583.0,4583.0
08-05 12:00,4449.0,4771.0,4486.0,4379.0,4407.0,4401.0,4401.0
08-05 13:00,4405.0,4701.0,4506.0,4387.0,4389.0,4443.0,4443.0
08-05 14:00,4414.0,4679.0,4495.0,4381.0,4270.0,4213.0,4213.0
08-05 15:00,4473.0,4628.0,4480.0,4372.0,4333.0,4197.0,4197.0
08-05 16:00,4409.0,4663.0,4491.0,4341.0,4412.0,4520.0,4520.0
08-05 17:00,4432.0,4655.0,4508.0,4450.0,4637.0,4764.0,4764.0
08-05 18:00,4609.0,4641.0,4574.0,4395.0,4671.0,4915.0,4915.0
08-05 19:00,4534.0,4623.0,4588.0,4468.0,4611.0,5093.0,5093.0
08-05 20:00,4511.0,4634.0,4537.0,4473.0,4583.0,5055.0,5055.0
08-05 21:00,4669.0,4643.0,4541.0,4437.0,4657.0,4943.0,4943.0
08-05 22:00,4649.0,4591.0,4517.0,4423.0,4559.0,4867.0,4867.0
08-05 23:00,4459.0,4569.0,4509.0,4306.0,4298.0,4490.0,4490.0
08-06 00:00,4538.0,4596.0,4461.0,4319.0,4235.0,4223.0,4223.0
08-06 01:00,4573.0,4680.0,4411.0,4239.0,4199.0,4299.0,4299.0
08-06 02:00,4455.0,4627.0,4402.0,4214.0,4253.0,4247.0,4247.0
08-06 03:00,4346.0,4635.0,4365.0,4216.0,4226.0,4220.0,4220.0
08-06 04:00,4388.0,4634.0,4354.0,4228.0,4213.0,4316.0,4316.0
08-06 05:00,4388.0,4674.0,4371.0,4274.0,4316.0,4341.0,4341.0
08-06 06:00,4490.0,4683.0,4365.0,4361.0,4565.0,4739.0,4739.0
08-06 07:00,4462.0,4725.0,4418.0,4399.0,4671.0,4837.0,4837.0
08-06 08:00,4572.0,4759.0,4510.0,4373.0,4938.0,4857.0,4857.0
08-06 09:00,4537.0,4757.0,4490.0,4547.0,4723.0,4844.0,4844.0
08-06 10:00,4500.0,4747.0,4529.0,4527.0,4646.0,4818.0,4818.0
08-06 11:00,4647.0,4747.0,4531.0,4518.0,4555.0,4439.0,4439.0
08-06 12:00,4462.0,4759.0,4497.0,4643.0,4501.0,4351.0,4351.0
08-06 13:00,4421.0,4706.0,4425.0,4312.0,4446.0,4313.0,4313.0
08-06 14:00,4447.0,4679.0,4416.0,4313.0,4282.0,4338.0,4338.0
08-06 15:00,4507.0,4691.0,4397.0,4385.0,4336.0,4311.0,4311.0
08-06 16:00,4522.0,4682.0,4443.0,4552.0,4312.0,4371.0,4371.0
08-06 17:00,4641.0,4746.0,4515.0,4884.0,4608.0,4467.0,4467.0
08-06 18:00,4763.0,4743.0,4540.0,4988.0,4550.0,4859.0,4859.0
08-06 19:00,4731.0,4737.0,4503.0,4882.0,4810.0,4927.0,4927.0
08-06 20:00,4755.0,4741.0,4519.0,4931.0,4760.0,5066.0,5066.0
08-06 21:00,4736.0,4735.0,4514.0,4750.0,4740.0,4951.0,4951.0
08-06 22:00,4748.0,4725.0,4482.0,4512.0,4567.0,4815.0,4815.0
08-06 23:00,4723.0,4686.0,4503.0,4518.0,4455.0,4586.0,4586.0
08-07 00:00,4625.0,4706.0,4368.0,4472.0,4487.0,4446.0,4446.0
08-07 01:00,4523.0,4685.0,4316.0,4363.0,4349.0,4437.0,4437.0
08-07 02:00,4469.0,4665.0,4315.0,4313.0,4195.0,4311.0,4311.0
08-07 03:00,4408.0,4601.0,4279.0,4300.0,4228.0,4321.0,4321.0
08-07 04:00,4367.0,4625.0,4274.0,4400.0,4211.0,4454.0,4454.0
08-07 05:00,4397.0,4623.0,4329.0,4387.0,4187.0,4341.0,4341.0
08-07 06:00,4457.0,4607.0,4357.0,4501.0,4262.0,4525.0,4525.0
08-07 07:00,4661.0,4655.0,4465.0,4582.0,4556.0,4579.0,4579.0
08-07 08:00,4668.0,4692.0,4465.0,4573.0,4726.0,4662.0,4662.0
08-07 09:00,4673.0,4765.0,4442.0,4661.0,4698.0,4959.0,4959.0
08-07 10:00,4635.0,4770.0,4440.0,4663.0,4474.0,4885.0,4885.0
08-07 11:00,4539.0,4766.0,4452.0,4368.0,4475.0,4538.0,4538.0
08-07 12:00,4438.0,4757.0,4402.0,4351.0,4348.0,4449.0,4449.0
08-07 13:00,4514.0,4696.0,4349.0,4264.0,4427.0,4361.0,4361.0
08-07 14:00,4454.0,4697.0,4345.0,4184.0,4181.0,4441.0,4441.0
08-07 15:00,4327.0,4703.0,4380.0,4288.0,4402.0,4480.0,4480.0
08-07 16:00,4448.0,4691.0,4396.0,4320.0,4390.0,4541.0,4541.0
08-07 17:00,4501.0,4673.0,4409.0,4331.0,4403.0,4765.0,4765.0
08-07 18:00,4548.0,4692.0,4534.0,4440.0,4589.0,4725.0,4725.0
08-07 19:00,4530.0,4753.0,4520.0,4345.0,4537.0,4744.0,4744.0
08-07 20:00,4501.0,4749.0,4501.0,4371.0,4572.0,4764.0,4764.0
08-07 21:00,4547.0,4752.0,4467.0,4392.0,4909.0,4896.0,4896.0
08-07 22:00,4605.0,4749.0,4380.0,4472.0,4502.0,4643.0,4643.0
08-07 23:00,4736.0,4717.0,4388.0,4450.0,4442.0,4661.0,4661.0
08-08 00:00,4496.0,4634.0,4301.0,4278.0,4367.0,4606.0,4606.0
08-08 01:00,4421.0,4640.0,4291.0,4310.0,4218.0,4443.0,4443.0
08-08 02:00,4458.0,4642.0,4333.0,4244.0,4332.0,4393.0,4393.0
08-08 03:00,4512.0,4639.0,4203.0,4229.0,4194.0,4346.0,4346.0
08-08 04:00,4476.0,4584.0,4217.0,4214.0,4136.0,4372.0,4372.0
08-08 05:00,4606.0,4628.0,4262.0,4258.0,4298.0,4424.0,4424.0
08-08 06:00,4648.0,4702.0,4325.0,4417.0,4206.0,4466.0,4466.0
08-08 07:00,4641.0,4739.0,4460.0,4723.0,4455.0,4532.0,4532.0
08-08 08:00,4594.0,4788.0,4502.0,4669.0,4790.0,4599.0,4599.0
08-08 09:00,4678.0,4766.0,4417.0,4610.0,4861.0,4557.0,4557.0
08-08 10:00,4782.0,4746.0,4379.0,4399.0,4459.0,4511.0,4511.0
08-08 11:00,4618.0,4771.0,4457.0,4650.0,4257.0,4474.0,4474.0
08-08 12:00,4757.0,4787.0,4411.0,4557.0,4175.0,4424.0,4424.0
08-08 13:00,4770.0,4773.0,4333.0,4444.0,4250.0,4311.0,4311.0
08-08 14:00,4671.0,4734.0,4401.0,4204.0,4201.0,4385.0,4385.0
08-08 15:00,4642.0,4759.0,4397.0,4254.0,4247.0,4376.0,4376.0
08-08 16:00,4580.0,4766.0,4425.0,4298.0,4372.0,4433.0,4433.0
08-08 17:00,4486.0,4779.0,4441.0,4445.0,4555.0,4531.0,4531.0
08-08 18:00,4587.0,4805.0,4506.0,4514.0,4784.0,4953.0,4953.0
08-08 19:00,4698.0,4800.0,4587.0,4809.0,4751.0,4960.0,4960.0
08-08 20:00,4644.0,4800.0,4503.0,4551.0,4836.0,5085.0,5085.0
08-08 21:00,4607.0,4776.0,4437.0,4446.0,4864.0,4997.0,4997.0
08-08 22:00,4521.0,4739.0,4442.0,4468.0,4817.0,4970.0,4970.0
08-08 23:00,4583.0,4703.0,4453.0,4389.0,4618.0,4831.0,4831.0
08-09 00:00,4522.0,4658.0,4374.0,4250.0,4301.0,4472.0,4472.0
08-09 01:00,4425.0,4643.0,4400.0,4209.0,4120.0,4417.0,4417.0
08-09 02:00,4352.0,4622.0,4411.0,4257.0,4227.0,4437.0,4437.0
08-09 03:00,4441.0,4638.0,4427.0,4287.0,4166.0,4385.0,4385.0
08-09 04:00,4541.0,4612.0,4385.0,4234.0,4136.0,4409.0,4409.0
08-09 05:00,4430.0,4649.0,4398.0,4277.0,4498.0,4661.0,4661.0
08-09 06:00,4429.0,4698.0,4400.0,4354.0,4844.0,4786.0,4786.0
08-09 07:00,4491.0,4738.0,4469.0,4414.0,4976.0,4849.0,4849.0
08-09 08:00,4647.0,4807.0,4575.0,4487.0,4708.0,4886.0,4886.0
08-09 09:00,4493.0,4777.0,4432.0,4476.0,4698.0,4918.0,4918.0
08-09 10:00,4474.0,4757.0,4470.0,4598.0,4629.0,4952.0,4952.0
08-09 11:00,4477.0,4731.0,4549.0,4375.0,4604.0,4444.0,4444.0
08-09 12:00,4478.0,4771.0,4530.0,4309.0,4385.0,4327.0,4327.0
08-09 13:00,4447.0,4770.0,4496.0,4323.0,4207.0,4372.0,4372.0
08-09 14:00,4421.0,4753.0,4436.0,4259.0,4408.0,4365.0,4365.0
08-09 15:00,4538.0,4755.0,4535.0,4439.0,4193.0,4350.0,4350.0
08-09 16:00,4592.0,4768.0,4581.0,4258.0,4675.0,4487.0,4487.0
08-09 17:00,4667.0,4807.0,4602.0,4317.0,4727.0,5029.0,5029.0
08-09 18:00,4521.0,4748.0,4675.0,4225.0,4786.0,5183.0,5183.0
08-09 19:00,4585.0,4766.0,4608.0,4404.0,4741.0,5341.0,5341.0
08-09 20:00,4483.0,4760.0,4576.0,4361.0,4513.0,5232.0,5232.0
08-09 21:00,4716.0,4738.0,4601.0,4422.0,4513.0,4950.0,4950.0
08-09 22:00,4715.0,4712.0,4481.0,4326.0,4474.0,4849.0,4849.0
08-09 23:00,4530.0,4702.0,4447.0,4299.0,4310.0,4775.0,4775.0
08-10 00:00,4614.0,4684.0,4420.0,4427.0,4315.0,4399.0,4399.0
08-10 01:00,4562.0,4666.0,4401.0,4314.0,4388.0,4389.0,4389.0
08-10 02:00,4478.0,4661.0,4370.0,4224.0,4313.0,4302.0,4302.0
08-10 03:00,4305.0,4674.0,4356.0,4324.0,4227.0,4334.0,4334.0
08-10 04:00,4369.0,4717.0,4352.0,4252.0,4229.0,4384.0,4384.0
08-10 05:00,4484.0,4724.0,4414.0,4333.0,4251.0,4642.0,4642.0
08-10 06:00,4657.0,4773.0,4436.0,4372.0,4271.0,4871.0,4871.0
08-10 07:00,4692.0,4802.0,4554.0,4376.0,4623.0,5239.0,5239.0
08-10 08:00,4750.0,4820.0,4542.0,4474.0,4559.0,5297.0,5297.0
08-10 09:00,4720.0,4792.0,4583.0,4431.0,4361.0,5210.0,5210.0
08-10 10:00,4636.0,4791.0,4514.0,4432.0,4606.0,5215.0,5215.0
08-10 11:00,4558.0,4797.0,4535.0,4373.0,4466.0,5103.0,5103.0
08-10 12:00,4442.0,4783.0,4551.0,4354.0,4308.0,4731.0,4731.0
08-10 13:00,4520.0,4754.0,4507.0,4304.0,4116.0,4424.0,4424.0
08-10 14:00,4585.0,4725.0,4562.0,4318.0,4110.0,4407.0,4407.0
08-10 15:00,4551.0,4735.0,4536.0,4331.0,4080.0,4557.0,4557.0
08-10 16:00,4558.0,4753.0,4502.0,4354.0,4193.0,4891.0,4891.0
08-10 17:00,4539.0,4693.0,4573.0,4487.0,4111.0,5050.0,5050.0
08-10 18:00,4584.0,4808.0,4651.0,4666.0,4156.0,4880.0,4880.0
08-10 19:00,4628.0,4801.0,4572.0,4856.0,4584.0,5233.0,5233.0
08-10 20:00,4611.0,4802.0,4607.0,4622.0,4691.0,5231.0,5231.0
08-10 21:00,4580.0,4778.0,4525.0,4505.0,4524.0,5270.0,5270.0
08-10 22:00,4547.0,4748.0,4481.0,4438.0,4315.0,5189.0,5189.0
08-10 23:00,4341.0,4724.0,4492.0,4402.0,4227.0,4958.0,4958.0
08-11 00:00,4301.0,4699.0,4476.0,4427.0,4080.0,4750.0,4750.0
08-11 01:00,4323.0,4677.0,4392.0,4404.0,4092.0,4703.0,4703.0
08-11 02:00,4320.0,4653.0,4439.0,4426.0,4058.0,4505.0,4505.0
08-11 03:00,4407.0,4659.0,4431.0,4434.0,4070.0,4345.0,4345.0
08-11 04:00,4418.0,4647.0,4412.0,4440.0,3999.0,4442.0,4442.0
08-11 05:00,4402.0,4709.0,4489.0,4499.0,4027.0,4708.0,4708.0
08-11 06:00,4478.0,4756.0,4530.0,4345.0,4108.0,5165.0,5165.0
08-11 07:00,4556.0,4764.0,4538.0,4554.0,4278.0,5295.0,5295.0
08-11 08:00,4629.0,4776.0,4666.0,4582.0,4326.0,5225.0,5225.0
08-11 09:00,4600.0,4769.0,4680.0,4554.0,4152.0,5242.0,5242.0
08-11 10:00,4580.0,4767.0,4678.0,4561.0,4190.0,4922.0,4922.0
08-11 11:00,4650.0,4778.0,4655.0,4563.0,4237.0,4769.0,4769.0
08-11 12:00,4463.0,4780.0,4721.0,4550.0,4285.0,4849.0,4849.0
08-11 13:00,4586.0,4742.0,4670.0,4336.0,4279.0,4425.0,4425.0
08-11 14:00,4548.0,4685.0,4594.0,4277.0,4098.0,4500.0,4500.0
08-11 15:00,4568.0,4760.0,4638.0,4403.0,4496.0,4544.0,4544.0
08-11 16:00,4468.0,4797.0,4640.0,4423.0,4422.0,4717.0,4717.0
08-11 17:00,4561.0,4871.0,4625.0,4501.0,4550.0,4854.0,4854.0
08-11 18:00,4529.0,4868.0,4652.0,4528.0,4795.0,5404.0,5404.0
08-11 19:00,4623.0,4853.0,4642.0,4515.0,4905.0,5468.0,5468.0
08-11 20:00,4557.0,4852.0,4633.0,4422.0,4964.0,5498.0,5498.0
08-11 21:00,4631.0,4819.0,4646.0,4422.0,4963.0,5537.0,5537.0
08-11 22:00,4550.0,4763.0,4615.0,4383.0,4603.0,5255.0,5255.0
08-11 23:00,4512.0,4749.0,4588.0,4391.0,4511.0,4993.0,4993.0
08-12 00:00,4436.0,4722.0,4565.0,4366.0,4225.0,4565.0,4565.0
08-12 01:00,4295.0,4685.0,4557.0,4351.0,4262.0,4529.0,4529.0
08-12 02:00,4229.0,4673.0,4536.0,4365.0,4102.0,4595.0,4595.0
08-12 03:00,4254.0,4681.0,4524.0,4328.0,4110.0,4576.0,4576.0
08-12 04:00,4220.0,4699.0,4493.0,4329.0,4103.0,4577.0,4577.0
08-12 05:00,4324.0,4767.0,4517.0,4324.0,4259.0,4652.0,4652.0
08-12 06:00,4565.0,4762.0,4534.0,4384.0,4506.0,4800.0,4800.0
08-12 07:00,4621.0,4824.0,4567.0,4438.0,4576.0,5037.0,5037.0
08-12 08:00,4735.0,4888.0,4614.0,4501.0,4597.0,5119.0,5119.0
08-12 09:00,4668.0,4877.0,4652.0,4492.0,4355.0,5084.0,5084.0
08-12 10:00,4437.0,4847.0,4640.0,4546.0,4330.0,4873.0,4873.0
08-12 11:00,4443.0,4794.0,4670.0,4503.0,4405.0,4902.0,4902.0
08-12 12:00,4380.0,4788.0,4644.0,4456.0,4274.0,4656.0,4656.0
08-12 13:00,4573.0,4802.0,4609.0,4083.0,4352.0,4534.0,4534.0
08-12 14:00,4561.0,4850.0,4565.0,4161.0,4248.0,4556.0,4556.0
08-12 15:00,4554.0,4854.0,4569.0,4316.0,4173.0,4850.0,4850.0
08-12 16:00,4638.0,4863.0,4641.0,4395.0,4241.0,4633.0,4633.0
08-12 17:00,4691.0,4880.0,4702.0,4348.0,4617.0,5051.0,5051.0
08-12 18:00,4473.0,4851.0,4700.0,4411.0,4877.0,5222.0,5222.0
08-12 19:00,4518.0,4888.0,4706.0,4491.0,4817.0,5200.0,5200.0
08-12 20:00,4655.0,4801.0,4662.0,4518.0,4848.0,5308.0,5308.0
08-12 21:00,4669.0,4714.0,4577.0,4862.0,5040.0,5381.0,5381.0
08-12 22:00,4306.0,4773.0,4587.0,4754.0,4746.0,5081.0,5081.0
08-12 23:00,4623.0,4794.0,4555.0,4463.0,4473.0,4670.0,4670.0
08-13 00:00,4535.0,4733.0,4546.0,4324.0,4240.0,4827.0,4827.0
08-13 01:00,4362.0,4715.0,4544.0,4357.0,4141.0,4712.0,4712.0
08-13 02:00,4233.0,4730.0,4518.0,4352.0,4153.0,4772.0,4772.0
08-13 03:00,4417.0,4736.0,4531.0,4186.0,4065.0,4500.0,4500.0
08-13 04:00,4181.0,4696.0,4526.0,4226.0,4076.0,4596.0,4596.0
08-13 05:00,4349.0,4724.0,4502.0,4437.0,4248.0,4869.0,4869.0
08-13 06:00,4388.0,4731.0,4526.0,4441.0,4415.0,5214.0,5214.0
08-13 07:00,4490.0,4774.0,4581.0,4522.0,4590.0,5300.0,5300.0
08-13 08:00,4383.0,4800.0,4649.0,4646.0,4718.0,5353.0,5353.0
08-13 09:00,4253.0,4778.0,4656.0,4950.0,4400.0,5301.0,5301.0
08-13 10:00,4399.0,4722.0,4639.0,4482.0,4335.0,5176.0,5176.0
08-13 11:00,4260.0,4728.0,4643.0,4493.0,4216.0,4858.0,4858.0
08-13 12:00,4256.0,4781.0,4592.0,4515.0,4187.0,4799.0,4799.0
08-13 13:00,4241.0,4738.0,4552.0,4515.0,4121.0,4485.0,4485.0
08-13 14:00,4278.0,4713.0,4547.0,4437.0,4154.0,4345.0,4345.0
08-13 15:00,4285.0,4719.0,4530.0,4286.0,4260.0,4300.0,4300.0
08-13 16:00,4254.0,4759.0,4547.0,4262.0,4370.0,4410.0,4410.0
08-13 17:00,4365.0,4826.0,4546.0,4355.0,4464.0,4834.0,4834.0
08-13 18:00,4348.0,4866.0,4597.0,4324.0,4925.0,5206.0,5206.0
08-13 19:00,4429.0,4841.0,4606.0,4389.0,4714.0,5213.0,5213.0
08-13 20:00,4420.0,4722.0,4638.0,4593.0,4937.0,5164.0,5164.0
08-13 21:00,4416.0,4724.0,4619.0,4681.0,4772.0,5088.0,5088.0
08-13 22:00,4309.0,4722.0,4600.0,4618.0,4571.0,4953.0,4953.0
08-13 23:00,4478.0,4683.0,4567.0,4661.0,4227.0,4714.0,4714.0
08-14 00:00,4466.0,4628.0,4504.0,4536.0,4243.0,4888.0,4888.0
08-14 01:00,4313.0,4678.0,4486.0,4304.0,4287.0,4656.0,4656.0
08-14 02:00,4491.0,4673.0,4421.0,4390.0,4283.0,4533.0,4533.0
08-14 03:00,4292.0,4704.0,4441.0,4336.0,4173.0,4340.0,4340.0
08-14 04:00,4524.0,4680.0,4444.0,4248.0,4265.0,4304.0,4304.0
08-14 05:00,4330.0,4698.0,4482.0,4357.0,4416.0,4383.0,4383.0
08-14 06:00,4330.0,4679.0,4516.0,4419.0,4523.0,4511.0,4511.0
08-14 07:00,4553.0,4703.0,4549.0,4584.0,4672.0,4560.0,4560.0
08-14 08:00,4653.0,4733.0,4662.0,4606.0,4703.0,4595.0,4595.0
08-14 09:00,4634.0,4756.0,4645.0,4625.0,4751.0,4839.0,4839.0
08-14 10:00,4557.0,4772.0,4590.0,4766.0,4219.0,4545.0,4545.0
08-14 11:00,4597.0,4752.0,4573.0,4644.0,4095.0,4364.0,4364.0
08-14 12:00,4438.0,4766.0,4492.0,4631.0,4194.0,4329.0,4329.0
08-14 13:00,4398.0,4777.0,4485.0,4630.0,4091.0,4152.0,4152.0
08-14 14:00,4507.0,4752.0,4457.0,4435.0,4161.0,4208.0,4208.0
08-14 15:00,4473.0,4716.0,4483.0,4629.0,4160.0,4224.0,4224.0
08-14 16:00,4468.0,4711.0,4510.0,4615.0,4296.0,4367.0,4367.0
08-14 17:00,4363.0,4725.0,4531.0,4695.0,4660.0,4755.0,4755.0
08-14 18:00,4432.0,4753.0,4579.0,4707.0,4843.0,5135.0,5135.0
08-14 19:00,4329.0,4791.0,4591.0,4645.0,4814.0,5508.0,5508.0
08-14 20:00,4264.0,4757.0,4522.0,4567.0,4816.0,5207.0,5207.0
08-14 21:00,4577.0,4783.0,4541.0,4432.0,4771.0,5212.0,5212.0
08-14 22:00,4359.0,4736.0,4520.0,4390.0,4491.0,5334.0,5334.0
08-14 23:00,4405.0,4640.0,4482.0,4405.0,4478.0,5262.0,5262.0
08-15 00:00,4281.0,4614.0,4423.0,4363.0,4348.0,4843.0,4843.0
08-15 01:00,4195.0,4582.0,4366.0,4314.0,4248.0,4861.0,4861.0
08-15 02:00,4141.0,4601.0,4420.0,4318.0,4043.0,4867.0,4867.0
08-15 03:00,4188.0,4567.0,4360.0,4236.0,4022.0,4422.0,4422.0
08-15 04:00,4191.0,4580.0,4309.0,4299.0,3965.0,4268.0,4268.0
08-15 05:00,4175.0,4646.0,4365.0,4458.0,4134.0,4330.0,4330.0
08-15 06:00,4247.0,4661.0,4466.0,4551.0,4159.0,4325.0,4325.0
08-15 07:00,4301.0,4685.0,4555.0,4480.0,4303.0,4366.0,4366.0
08-15 08:00,4329.0,4718.0,4590.0,4498.0,4476.0,4397.0,4397.0
08-15 09:00,4362.0,4709.0,4575.0,4471.0,4380.0,4540.0,4540.0
08-15 10:00,4384.0,4696.0,4544.0,4484.0,4328.0,4718.0,4718.0
08-15 11:00,4402.0,4718.0,4532.0,4458.0,4351.0,4284.0,4284.0
08-15 12:00,4393.0,4704.0,4489.0,4429.0,4107.0,4248.0,4248.0
08-15 13:00,4389.0,4611.0,4430.0,4459.0,4096.0,4185.0,4185.0
08-15 14:00,4313.0,4648.0,4453.0,4420.0,4073.0,4131.0,4131.0
08-15 15:00,4259.0,4659.0,4446.0,4405.0,4091.0,4107.0,4107.0
08-15 16:00,4248.0,4649.0,4445.0,4457.0,4226.0,4290.0,4290.0
08-15 17:00,4300.0,4652.0,4502.0,4506.0,4339.0,4665.0,4665.0
08-15 18:00,4395.0,4616.0,4526.0,4711.0,4533.0,4647.0,4647.0
08-15 19:00,4313.0,4653.0,4534.0,4837.0,4681.0,4620.0,4620.0
08-15 20:00,4347.0,4663.0,4496.0,4801.0,4786.0,4564.0,4564.0
08-15 21:00,4346.0,4695.0,4476.0,4893.0,4566.0,4690.0,4690.0
08-15 22:00,4313.0,4647.0,4478.0,4837.0,4566.0,4796.0,4796.0
08-15 23:00,4270.0,4635.0,4464.0,4437.0,4373.0,4586.0,4586.0
08-16 00:00,4215.0,4623.0,4397.0,4372.0,4172.0,4394.0,4394.0
08-16 01:00,4211.0,4575.0,4390.0,4323.0,4157.0,4413.0,4413.0
08-16 02:00,4238.0,4545.0,4325.0,4285.0,4108.0,4240.0,4240.0
08-16 03:00,4269.0,4547.0,4346.0,4304.0,4151.0,4268.0,4268.0
08-16 04:00,4262.0,4602.0,4366.0,4292.0,4230.0,4241.0,4241.0
08-16 05:00,4284.0,4634.0,4398.0,4608.0,4243.0,4390.0,4390.0
08-16 06:00,4288.0,4675.0,4482.0,4491.0,4772.0,4564.0,4564.0
08-16 07:00,4276.0,4686.0,4574.0,4506.0,4972.0,4979.0,4979.0
08-16 08:00,4288.0,4625.0,4630.0,4577.0,4977.0,5093.0,5093.0
08-16 09:00,4390.0,4634.0,4586.0,4528.0,4730.0,4437.0,4437.0
08-16 10:00,4403.0,4610.0,4561.0,4422.0,4445.0,4590.0,4590.0
08-16 11:00,4389.0,4608.0,4601.0,4403.0,4334.0,4259.0,4259.0
08-16 12:00,4363.0,4586.0,4593.0,4424.0,4250.0,4234.0,4234.0
08-16 13:00,4374.0,4569.0,4554.0,4483.0,4296.0,4373.0,4373.0
08-16 14:00,4399.0,4582.0,4482.0,4398.0,4496.0,4050.0,4050.0
08-16 15:00,4398.0,4584.0,4501.0,4337.0,4401.0,4588.0,4588.0
08-16 16:00,4325.0,4604.0,4576.0,4378.0,4549.0,4339.0,4339.0
08-16 17:00,4381.0,4614.0,4620.0,4537.0,4658.0,4565.0,4565.0
08-16 18:00,4397.0,4626.0,4640.0,4745.0,5003.0,4769.0,4769.0
08-16 19:00,4357.0,4660.0,4635.0,4695.0,5327.0,4877.0,4877.0
08-16 20:00,4325.0,4669.0,4612.0,4653.0,5292.0,4850.0,4850.0
08-16 21:00,4279.0,4655.0,4634.0,4811.0,5349.0,4841.0,4841.0
08-16 22:00,4278.0,4600.0,4539.0,4671.0,5169.0,4604.0,4604.0
08-16 23:00,4261.0,4577.0,4531.0,4737.0,4549.0,4285.0,4285.0
08-17 00:00,4236.0,4615.0,4507.0,4565.0,4482.0,4195.0,4195.0
08-17 01:00,4210.0,4508.0,4495.0,4466.0,4587.0,4161.0,4161.0
08-17 02:00,4226.0,4530.0,4485.0,4444.0,4663.0,4127.0,4127.0
08-17 03:00,4232.0,4590.0,4501.0,4328.0,4619.0,4043.0,4043.0
08-17 04:00,4223.0,4621.0,4531.0,4328.0,4638.0,4172.0,4172.0
08-17 05:00,4231.0,4630.0,4514.0,4433.0,4583.0,4209.0,4209.0
08-17 06:00,4431.0,4622.0,4550.0,4474.0,4625.0,4545.0,4545.0
08-17 07:00,4641.0,4731.0,4658.0,4533.0,4560.0,4785.0,4785.0
08-17 08:00,4721.0,4691.0,4697.0,4708.0,4675.0,4928.0,4928.0
08-17 09:00,4640.0,4782.0,4705.0,4843.0,4634.0,4775.0,4775.0
08-17 10:00,4683.0,4714.0,4656.0,4666.0,4588.0,4528.0,4528.0
08-17 11:00,4653.0,4614.0,4647.0,4827.0,4623.0,4265.0,4265.0
08-17 12:00,4642.0,4598.0,4623.0,4752.0,4497.0,4234.0,4234.0
08-17 13:00,4602.0,4548.0,4657.0,4560.0,4437.0,4222.0,4222.0
08-17 14:00,4489.0,4621.0,4632.0,4574.0,4467.0,4257.0,4257.0
08-17 15:00,4510.0,4620.0,4584.0,4553.0,4414.0,4346.0,4346.0
08-17 16:00,4469.0,4667.0,4617.0,4702.0,4642.0,4441.0,4441.0
08-17 17:00,4577.0,4678.0,4653.0,4742.0,4643.0,4691.0,4691.0
08-17 18:00,4549.0,4669.0,4656.0,4751.0,5080.0,4747.0,4747.0
08-17 19:00,4472.0,4687.0,4643.0,4742.0,4897.0,4742.0,4742.0
08-17 20:00,4484.0,4680.0,4589.0,4735.0,4747.0,4800.0,4800.0
08-17 21:00,4390.0,4677.0,4557.0,4774.0,4767.0,4727.0,4727.0
08-17 22:00,4386.0,4659.0,4575.0,4669.0,4800.0,4632.0,4632.0
08-17 23:00,4369.0,4646.0,4555.0,4408.0,4563.0,4431.0,4431.0
08-18 00:00,4368.0,4559.0,4537.0,4433.0,4680.0,4212.0,4212.0
08-18 01:00,4307.0,4589.0,4526.0,4496.0,4662.0,4195.0,4195.0
08-18 02:00,4313.0,4577.0,4505.0,4531.0,4592.0,4198.0,4198.0
08-18 03:00,4284.0,4555.0,4491.0,4528.0,4609.0,4155.0,4155.0
08-18 04:00,4271.0,4562.0,4508.0,4481.0,4742.0,4187.0,4187.0
08-18 05:00,4353.0,4628.0,4550.0,4548.0,4517.0,4270.0,4270.0
08-18 06:00,4452.0,4609.0,4586.0,4574.0,4498.0,4439.0,4439.0
08-18 07:00,4543.0,4654.0,4670.0,4470.0,4540.0,4757.0,4757.0
08-18 08:00,4582.0,4654.0,4749.0,4603.0,4549.0,4903.0,4903.0
08-18 09:00,4513.0,4669.0,4733.0,4605.0,4838.0,4618.0,4618.0
08-18 10:00,4584.0,4664.0,4699.0,4595.0,4526.0,4646.0,4646.0
08-18 11:00,4605.0,4760.0,4704.0,4606.0,4653.0,4629.0,4629.0
08-18 12:00,4504.0,4689.0,4624.0,4650.0,4607.0,4547.0,4547.0
08-18 13:00,4709.0,4681.0,4614.0,4599.0,4540.0,4441.0,4441.0
08-18 14:00,4618.0,4663.0,4563.0,4535.0,4498.0,4273.0,4273.0
08-18 15:00,4511.0,4675.0,4543.0,4531.0,4455.0,4418.0,4418.0
08-18 16:00,4514.0,4696.0,4617.0,4503.0,4478.0,4619.0,4619.0
08-18 17:00,4493.0,4686.0,4681.0,4642.0,4449.0,4800.0,4800.0
08-18 18:00,4556.0,4676.0,4674.0,4735.0,4620.0,5135.0,5135.0
08-18 19:00,4613.0,4676.0,4632.0,4896.0,4819.0,4979.0,4979.0
08-18 20:00,4512.0,4710.0,4602.0,4810.0,4673.0,4740.0,4740.0
08-18 21:00,4648.0,4717.0,4526.0,4963.0,4627.0,5199.0,5199.0
08-18 22:00,4346.0,4590.0,4544.0,4845.0,4580.0,4781.0,4781.0
08-18 23:00,4374.0,4651.0,4599.0,4755.0,4586.0,4770.0,4770.0
08-19 00:00,4322.0,4544.0,4568.0,4695.0,4478.0,4498.0,4498.0
08-19 01:00,4281.0,4567.0,4542.0,4510.0,4394.0,4218.0,4218.0
08-19 02:00,4288.0,4498.0,4471.0,4493.0,4385.0,4058.0,4058.0
08-19 03:00,4280.0,4511.0,4511.0,4328.0,4303.0,4232.0,4232.0
08-19 04:00,4284.0,4508.0,4511.0,4324.0,4388.0,4465.0,4465.0
08-19 05:00,4352.0,4519.0,4564.0,4353.0,4455.0,4466.0,4466.0
08-19 06:00,4611.0,4565.0,4570.0,4405.0,4665.0,4522.0,4522.0
08-19 07:00,4666.0,4613.0,4580.0,4459.0,4825.0,5075.0,5075.0
08-19 08:00,4614.0,4638.0,4666.0,4705.0,4950.0,5229.0,5229.0
08-19 09:00,4489.0,4608.0,4710.0,4632.0,4806.0,5209.0,5209.0
08-19 10:00,4421.0,4597.0,4649.0,4567.0,4642.0,4937.0,4937.0
08-19 11:00,4569.0,4598.0,4687.0,4610.0,4610.0,4623.0,4623.0
08-19 12:00,4575.0,4607.0,4693.0,4479.0,4484.0,4899.0,4899.0
08-19 13:00,4386.0,4613.0,4647.0,4469.0,4522.0,4598.0,4598.0
08-19 14:00,4482.0,4553.0,4622.0,4293.0,4423.0,4659.0,4659.0
08-19 15:00,4623.0,4545.0,4630.0,4382.0,4473.0,4609.0,4609.0
08-19 16:00,4613.0,4569.0,4630.0,4424.0,4605.0,4718.0,4718.0
08-19 17:00,4531.0,4584.0,4640.0,4511.0,4730.0,5211.0,5211.0
08-19 18:00,4565.0,4593.0,4682.0,4475.0,4936.0,5232.0,5232.0
08-19 19:00,4439.0,4569.0,4694.0,4623.0,4966.0,5234.0,5234.0
08-19 20:00,4470.0,4564.0,4678.0,4628.0,5069.0,5392.0,5392.0
08-19 21:00,4589.0,4574.0,4689.0,4669.0,5133.0,5438.0,5438.0
08-19 22:00,4526.0,4531.0,4675.0,4546.0,4888.0,4874.0,4874.0
08-19 23:00,4472.0,4540.0,4682.0,4646.0,4552.0,4824.0,4824.0
08-20 00:00,4477.0,4493.0,4642.0,4466.0,4693.0,4510.0,4510.0
08-20 01:00,4341.0,4483.0,4625.0,4355.0,4509.0,4222.0,4222.0
08-20 02:00,4272.0,4482.0,4575.0,4451.0,4358.0,4275.0,4275.0
08-20 03:00,4281.0,4482.0,4584.0,4457.0,4334.0,4304.0,4304.0
08-20 04:00,4267.0,4505.0,4572.0,4489.0,4326.0,4325.0,4325.0
08-20 05:00,4318.0,4550.0,4553.0,4436.0,4664.0,4504.0,4504.0
08-20 06:00,4549.0,4547.0,4567.0,4622.0,4891.0,4975.0,4975.0
08-20 07:00,4547.0,4528.0,4591.0,4938.0,5149.0,5228.0,5228.0
08-20 08:00,4702.0,4640.0,4700.0,4951.0,5093.0,5278.0,5278.0
08-20 09:00,4685.0,4637.0,4721.0,4948.0,5038.0,5252.0,5252.0
08-20 10:00,4576.0,4588.0,4703.0,4766.0,4875.0,4882.0,4882.0
08-20 11:00,4582.0,4587.0,4670.0,4700.0,4948.0,4887.0,4887.0
08-20 12:00,4620.0,4593.0,4680.0,4797.0,4616.0,4648.0,4648.0
08-20 13:00,4707.0,4607.0,4603.0,4853.0,4462.0,4332.0,4332.0
08-20 14:00,4726.0,4593.0,4561.0,4679.0,4510.0,4556.0,4556.0
08-20 15:00,4654.0,4604.0,4547.0,4655.0,4703.0,4536.0,4536.0
08-20 16:00,4503.0,4587.0,4636.0,4682.0,4774.0,4643.0,4643.0
08-20 17:00,4681.0,4618.0,4639.0,4888.0,5036.0,5092.0,5092.0
08-20 18:00,4699.0,4605.0,4644.0,5043.0,5009.0,5303.0,5303.0
08-20 19:00,4663.0,4632.0,4662.0,5049.0,5085.0,5350.0,5350.0
08-20 20:00,4615.0,4599.0,4623.0,5040.0,5055.0,5352.0,5352.0
08-20 21:00,4548.0,4593.0,4623.0,5157.0,4969.0,5474.0,5474.0
08-20 22:00,4503.0,4598.0,4591.0,4768.0,4700.0,5232.0,5232.0
08-20 23:00,4445.0,4559.0,4574.0,4725.0,4530.0,4918.0,4918.0
08-21 00:00,4377.0,4544.0,4578.0,4727.0,4423.0,4590.0,4590.0
08-21 01:00,4329.0,4531.0,4511.0,4557.0,4379.0,4406.0,4406.0
08-21 02:00,4295.0,4489.0,4518.0,4446.0,4439.0,4389.0,4389.0
08-21 03:00,4347.0,4563.0,4470.0,4430.0,4541.0,4345.0,4345.0
08-21 04:00,4334.0,4596.0,4509.0,4466.0,4409.0,4257.0,4257.0
08-21 05:00,4343.0,4539.0,4573.0,4521.0,4467.0,4416.0,4416.0
08-21 06:00,4394.0,4516.0,4560.0,4743.0,4923.0,4457.0,4457.0
08-21 07:00,4646.0,4530.0,4607.0,4660.0,5277.0,4523.0,4523.0
08-21 08:00,4696.0,4620.0,4637.0,4861.0,5240.0,4755.0,4755.0
08-21 09:00,4551.0,4586.0,4611.0,4774.0,4953.0,4803.0,4803.0
08-21 10:00,4473.0,4575.0,4559.0,4656.0,4766.0,4570.0,4570.0
08-21 11:00,4456.0,4591.0,4638.0,4646.0,4699.0,4390.0,4390.0
08-21 12:00,4513.0,4602.0,4576.0,4666.0,4680.0,4367.0,4367.0
08-21 13:00,4409.0,4613.0,4533.0,4620.0,4535.0,4282.0,4282.0
08-21 14:00,4362.0,4614.0,4558.0,4691.0,4508.0,4296.0,4296.0
08-21 15:00,4382.0,4563.0,4625.0,4750.0,4572.0,4389.0,4389.0
08-21 16:00,4377.0,4576.0,4576.0,4708.0,4582.0,4618.0,4618.0
08-21 17:00,4603.0,4562.0,4594.0,4531.0,5023.0,4933.0,4933.0
08-21 18:00,4686.0,4638.0,4679.0,4848.0,5120.0,5318.0,5318.0
08-21 19:00,4725.0,4654.0,4693.0,4768.0,5226.0,5301.0,5301.0
08-21 20:00,4795.0,4670.0,4628.0,4753.0,5264.0,5289.0,5289.0
08-21 21:00,4747.0,4715.0,4607.0,4584.0,5256.0,5347.0,5347.0
08-21 22:00,4786.0,4637.0,4533.0,4591.0,5103.0,5060.0,5060.0
08-21 23:00,4524.0,4607.0,4533.0,4572.0,4802.0,4980.0,4980.0
08-22 00:00,4517.0,4620.0,4465.0,4453.0,4473.0,4574.0,4574.0
08-22 01:00,4556.0,4563.0,4500.0,4377.0,4410.0,4483.0,4483.0
08-22 02:00,4390.0,4561.0,4492.0,4359.0,4427.0,4248.0,4248.0
08-22 03:00,4478.0,4535.0,4482.0,4341.0,4443.0,4182.0,4182.0
08-22 04:00,4476.0,4542.0,4490.0,4333.0,4466.0,4203.0,4203.0
08-22 05:00,4523.0,4601.0,4525.0,4640.0,4714.0,4311.0,4311.0
08-22 06:00,4461.0,4649.0,4537.0,4682.0,5108.0,4396.0,4396.0
08-22 07:00,4496.0,4675.0,4623.0,4673.0,5175.0,4345.0,4345.0
08-22 08:00,4530.0,4661.0,4638.0,4620.0,5121.0,4365.0,4365.0
08-22 09:00,4757.0,4638.0,4626.0,4775.0,4985.0,4629.0,4629.0
08-22 10:00,4582.0,4598.0,4545.0,4729.0,4829.0,4606.0,4606.0
08-22 11:00,4498.0,4578.0,4527.0,4620.0,4647.0,4279.0,4279.0
08-22 12:00,4486.0,4554.0,4521.0,4519.0,4551.0,4458.0,4458.0
08-22 13:00,4489.0,4526.0,4541.0,4495.0,4524.0,4263.0,4263.0
08-22 14:00,4537.0,4508.0,4535.0,4482.0,4538.0,4147.0,4147.0
08-22 15:00,4463.0,4508.0,4667.0,4501.0,4531.0,4159.0,4159.0
08-22 16:00,4498.0,4515.0,4677.0,4486.0,4724.0,4210.0,4210.0
08-22 17:00,4454.0,4517.0,4712.0,4938.0,5071.0,4568.0,4568.0
08-22 18:00,4585.0,4581.0,4710.0,5075.0,5265.0,4592.0,4592.0
08-22 19:00,4753.0,4580.0,4731.0,5089.0,5325.0,4671.0,4671.0
08-22 20:00,4541.0,4563.0,4678.0,4785.0,5310.0,4784.0,4784.0
08-22 21:00,4626.0,4565.0,4673.0,4689.0,5290.0,4823.0,4823.0
08-22 22:00,4548.0,4593.0,4599.0,4623.0,5129.0,4609.0,4609.0
08-22 23:00,4376.0,4577.0,4589.0,4569.0,4632.0,4538.0,4538.0
08-23 00:00,4351.0,4549.0,4509.0,4436.0,4576.0,4302.0,4302.0
08-23 01:00,4365.0,4533.0,4523.0,4443.0,4468.0,4253.0,4253.0
08-23 02:00,4336.0,4536.0,4494.0,4538.0,4470.0,4233.0,4233.0
08-23 03:00,4358.0,4516.0,4491.0,4504.0,4411.0,4228.0,4228.0
08-23 04:00,4367.0,4526.0,4482.0,4348.0,4409.0,4261.0,4261.0
08-23 05:00,4389.0,4579.0,4541.0,4746.0,4718.0,4298.0,4298.0
08-23 06:00,4436.0,4504.0,4605.0,4933.0,5143.0,4425.0,4425.0
08-23 07:00,4444.0,4542.0,4598.0,4890.0,5320.0,4819.0,4819.0
08-23 08:00,4757.0,4615.0,4630.0,4949.0,5218.0,5335.0,5335.0
08-23 09:00,4619.0,4615.0,4609.0,5018.0,5211.0,5243.0,5243.0
08-23 10:00,4470.0,4575.0,4597.0,5100.0,4912.0,4987.0,4987.0
08-23 11:00,4490.0,4554.0,4594.0,4755.0,4713.0,4793.0,4793.0
08-23 12:00,4574.0,4559.0,4575.0,4548.0,4737.0,4602.0,4602.0
08-23 13:00,4519.0,4567.0,4536.0,4355.0,4452.0,4427.0,4427.0
08-23 14:00,4564.0,4653.0,4534.0,4338.0,4415.0,4311.0,4311.0
08-23 15:00,4479.0,4548.0,4515.0,4406.0,4493.0,4201.0,4201.0
08-23 16:00,4475.0,4506.0,4536.0,4626.0,4709.0,4718.0,4718.0
08-23 17:00,4596.0,4502.0,4555.0,4769.0,5009.0,4747.0,4747.0
08-23 18:00,4848.0,4556.0,4584.0,4706.0,5172.0,5024.0,5024.0
08-23 19:00,4840.0,4580.0,4579.0,4677.0,5198.0,4959.0,4959.0
08-23 20:00,4719.0,4589.0,4574.0,4914.0,5202.0,5114.0,5114.0
08-23 21:00,4597.0,4577.0,4606.0,4652.0,5202.0,4987.0,4987.0
08-23 22:00,4686.0,4558.0,4520.0,4570.0,4823.0,4511.0,4511.0
08-23 23:00,4397.0,4474.0,4536.0,4517.0,4552.0,4426.0,4426.0
08-24 00:00,4465.0,4480.0,4499.0,4417.0,4564.0,4225.0,4225.0
08-24 01:00,4427.0,4449.0,4499.0,4375.0,4542.0,4142.0,4142.0
08-24 02:00,4321.0,4438.0,4478.0,4344.0,4622.0,4195.0,4195.0
08-24 03:00,4326.0,4419.0,4497.0,4396.0,4529.0,4200.0,4200.0
08-24 04:00,4395.0,4426.0,4489.0,4383.0,4564.0,4236.0,4236.0
08-24 05:00,4495.0,4505.0,4488.0,4430.0,4530.0,4674.0,4674.0
08-24 06:00,4673.0,4510.0,4528.0,4470.0,4557.0,4809.0,4809.0
08-24 07:00,4603.0,4543.0,4585.0,4555.0,4740.0,5310.0,5310.0
08-24 08:00,4543.0,4609.0,4639.0,4649.0,4755.0,5433.0,5433.0
08-24 09:00,4622.0,4616.0,4591.0,4671.0,4790.0,5310.0,5310.0
08-24 10:00,4619.0,4586.0,4559.0,4622.0,4624.0,4772.0,4772.0
08-24 11:00,4685.0,4542.0,4561.0,4527.0,4623.0,4512.0,4512.0
08-24 12:00,4637.0,4455.0,4536.0,4568.0,4662.0,4351.0,4351.0
08-24 13:00,4453.0,4413.0,4535.0,4517.0,4507.0,4356.0,4356.0
08-24 14:00,4504.0,4393.0,4507.0,4451.0,4520.0,4413.0,4413.0
08-24 15:00,4565.0,4387.0,4467.0,4501.0,4470.0,4330.0,4330.0
08-24 16:00,4536.0,4363.0,4500.0,4607.0,4457.0,4397.0,4397.0
08-24 17:00,4447.0,4428.0,4539.0,4575.0,4598.0,4792.0,4792.0
08-24 18:00,4537.0,4406.0,4580.0,4636.0,4850.0,5120.0,5120.0
08-24 19:00,4507.0,4438.0,4608.0,4601.0,5086.0,5403.0,5403.0
08-24 20:00,4470.0,4438.0,4645.0,4641.0,4889.0,5345.0,5345.0
08-24 21:00,4452.0,4442.0,4613.0,4819.0,4771.0,5075.0,5075.0
08-24 22:00,4645.0,4394.0,4574.0,4612.0,4608.0,4601.0,4601.0
08-24 23:00,4561.0,4413.0,4585.0,4512.0,4689.0,4380.0,4380.0
08-25 00:00,4459.0,4363.0,4543.0,4574.0,4411.0,4320.0,4320.0
08-25 01:00,4478.0,4385.0,4479.0,4481.0,4527.0,4232.0,4232.0
08-25 02:00,4510.0,4355.0,4483.0,4469.0,4591.0,4201.0,4201.0
08-25 03:00,4496.0,4357.0,4441.0,4469.0,4632.0,4219.0,4219.0
08-25 04:00,4479.0,4358.0,4480.0,4485.0,4496.0,4271.0,4271.0
08-25 05:00,4539.0,4430.0,4515.0,4535.0,4492.0,4691.0,4691.0
08-25 06:00,4507.0,4407.0,4588.0,4558.0,4552.0,4687.0,4687.0
08-25 07:00,4492.0,4489.0,4650.0,4590.0,4377.0,4898.0,4898.0
08-25 08:00,4477.0,4532.0,4707.0,4690.0,4527.0,4958.0,4958.0
08-25 09:00,4441.0,4516.0,4765.0,4662.0,4440.0,5156.0,5156.0
08-25 10:00,4421.0,4462.0,4750.0,4635.0,4441.0,4795.0,4795.0
08-25 11:00,4415.0,4442.0,4697.0,4654.0,4354.0,4283.0,4283.0
08-25 12:00,4385.0,4421.0,4610.0,4586.0,4284.0,4320.0,4320.0
08-25 13:00,4513.0,4397.0,4578.0,4629.0,4281.0,4200.0,4200.0
08-25 14:00,4559.0,4372.0,4612.0,4594.0,4331.0,4150.0,4150.0
08-25 15:00,4451.0,4330.0,4627.0,4558.0,4318.0,4334.0,4334.0
08-25 16:00,4430.0,4331.0,4620.0,4603.0,4476.0,4481.0,4481.0
08-25 17:00,4540.0,4355.0,4702.0,4618.0,4642.0,4580.0,4580.0
08-25 18:00,4748.0,4507.0,4704.0,4668.0,4761.0,4877.0,4877.0
08-25 19:00,4763.0,4518.0,4686.0,4685.0,4662.0,4759.0,4759.0
08-25 20:00,4659.0,4495.0,4695.0,4748.0,4929.0,4846.0,4846.0
08-25 21:00,4660.0,4539.0,4599.0,4607.0,5044.0,5079.0,5079.0
08-25 22:00,4644.0,4442.0,4581.0,4586.0,4788.0,4704.0,4704.0
08-25 23:00,4547.0,4446.0,4573.0,4594.0,4725.0,4435.0,4435.0
08-26 00:00,4496.0,4394.0,4489.0,4482.0,4432.0,4205.0,4205.0
08-26 01:00,4464.0,4386.0,4501.0,4456.0,4350.0,4321.0,4321.0
08-26 02:00,4478.0,4370.0,4454.0,4451.0,4497.0,4268.0,4268.0
08-26 03:00,4509.0,4356.0,4442.0,4474.0,4512.0,4383.0,4383.0
08-26 04:00,4581.0,4376.0,4457.0,4461.0,4395.0,4267.0,4267.0
08-26 05:00,4618.0,4427.0,4447.0,4438.0,4679.0,4388.0,4388.0
08-26 06:00,4639.0,4393.0,4500.0,4438.0,4795.0,4748.0,4748.0
08-26 07:00,4611.0,4460.0,4539.0,4476.0,4851.0,5173.0,5173.0
08-26 08:00,4755.0,4490.0,4621.0,4631.0,4954.0,5280.0,5280.0
08-26 09:00,4482.0,4509.0,4618.0,4654.0,4876.0,5091.0,5091.0
08-26 10:00,4427.0,4476.0,4610.0,4526.0,4838.0,4751.0,4751.0
08-26 11:00,4536.0,4445.0,4603.0,4537.0,4558.0,4775.0,4775.0
08-26 12:00,4462.0,4393.0,4554.0,4509.0,4536.0,4734.0,4734.0
08-26 13:00,4391.0,4373.0,4537.0,4455.0,4619.0,4465.0,4465.0
08-26 14:00,4408.0,4334.0,4523.0,4560.0,4457.0,4545.0,4545.0
08-26 15:00,4428.0,4340.0,4537.0,4558.0,4643.0,4336.0,4336.0
08-26 16:00,4567.0,4406.0,4532.0,4538.0,4651.0,4689.0,4689.0
08-26 17:00,4532.0,4404.0,4545.0,4714.0,4730.0,5075.0,5075.0
08-26 18:00,4797.0,4458.0,4521.0,4873.0,5132.0,5039.0,5039.0
08-26 19:00,4818.0,4427.0,4525.0,4913.0,5147.0,5122.0,5122.0
08-26 20:00,4590.0,4413.0,4500.0,4954.0,4946.0,5338.0,5338.0
08-26 21:00,4748.0,4486.0,4483.0,4762.0,4899.0,5113.0,5113.0
08-26 22:00,4622.0,4509.0,4470.0,4817.0,4766.0,4770.0,4770.0
08-26 23:00,4767.0,4450.0,4461.0,4863.0,4681.0,4517.0,4517.0
08-27 00:00,4685.0,4408.0,4430.0,4528.0,4551.0,4407.0,4407.0
08-27 01:00,4566.0,4374.0,4444.0,4627.0,4238.0,4331.0,4331.0
08-27 02:00,4522.0,4341.0,4416.0,4594.0,4232.0,4357.0,4357.0
08-27 03:00,4414.0,4340.0,4438.0,4568.0,4364.0,4313.0,4313.0
08-27 04:00,4421.0,4368.0,4409.0,4576.0,4367.0,4210.0,4210.0
08-27 05:00,4529.0,4376.0,4445.0,4578.0,4547.0,4380.0,4380.0
08-27 06:00,4594.0,4365.0,4437.0,4621.0,5008.0,4686.0,4686.0
08-27 07:00,4588.0,4449.0,4506.0,4571.0,5119.0,4662.0,4662.0
08-27 08:00,4815.0,4535.0,4552.0,4627.0,5139.0,4867.0,4867.0
08-27 09:00,4825.0,4555.0,4547.0,4630.0,5112.0,4775.0,4775.0
08-27 10:00,4788.0,4530.0,4541.0,4613.0,5021.0,4761.0,4761.0
08-27 11:00,4785.0,4502.0,4555.0,4645.0,4757.0,4864.0,4864.0
08-27 12:00,4810.0,4489.0,4568.0,4617.0,4818.0,4804.0,4804.0
08-27 13:00,4731.0,4446.0,4475.0,4595.0,4755.0,4437.0,4437.0
08-27 14:00,4683.0,4427.0,4489.0,4687.0,4675.0,4328.0,4328.0
08-27 15:00,4765.0,4419.0,4427.0,4599.0,4389.0,4208.0,4208.0
08-27 16:00,4789.0,4420.0,4445.0,4726.0,4438.0,4366.0,4366.0
08-27 17:00,4785.0,4440.0,4516.0,4717.0,4900.0,4639.0,4639.0
08-27 18:00,4831.0,4495.0,4596.0,4959.0,4990.0,4853.0,4853.0
08-27 19:00,4818.0,4460.0,4571.0,4904.0,5042.0,5238.0,5238.0
08-27 20:00,4751.0,4407.0,4589.0,4749.0,5110.0,5007.0,5007.0
08-27 21:00,4701.0,4401.0,4533.0,4837.0,5152.0,4764.0,4764.0
08-27 22:00,4657.0,4375.0,4479.0,4534.0,4945.0,4815.0,4815.0
08-27 23:00,4702.0,4337.0,4475.0,4234.0,4723.0,4413.0,4413.0
08-28 00:00,4762.0,4347.0,4429.0,4247.0,4399.0,4388.0,4388.0
08-28 01:00,4575.0,4329.0,4398.0,4224.0,4261.0,4174.0,4174.0
08-28 02:00,4514.0,4343.0,4387.0,4289.0,4185.0,4219.0,4219.0
08-28 03:00,4516.0,4351.0,4384.0,4236.0,4246.0,4196.0,4196.0
08-28 04:00,4512.0,4300.0,4405.0,4257.0,4336.0,4237.0,4237.0
08-28 05:00,4624.0,4339.0,4451.0,4447.0,4436.0,4226.0,4226.0
08-28 06:00,4659.0,4354.0,4491.0,4521.0,4799.0,4391.0,4391.0
08-28 07:00,4808.0,4385.0,4590.0,4588.0,5023.0,4525.0,4525.0
08-28 08:00,4837.0,4470.0,4631.0,4842.0,5024.0,4481.0,4481.0
08-28 09:00,4737.0,4519.0,4578.0,4630.0,4930.0,4648.0,4648.0
08-28 10:00,4705.0,4460.0,4531.0,4487.0,5011.0,4609.0,4609.0
08-28 11:00,4829.0,4473.0,4499.0,4430.0,4793.0,4405.0,4405.0
08-28 12:00,4825.0,4455.0,4404.0,4663.0,4524.0,4345.0,4345.0
08-28 13:00,4778.0,4434.0,4394.0,4390.0,4177.0,4269.0,4269.0
08-28 14:00,4751.0,4435.0,4427.0,4387.0,4468.0,4248.0,4248.0
08-28 15:00,4717.0,4393.0,4404.0,4299.0,4459.0,4392.0,4392.0
08-28 16:00,4678.0,4405.0,4427.0,4416.0,4538.0,4744.0,4744.0
08-28 17:00,4719.0,4499.0,4455.0,4662.0,4820.0,4891.0,4891.0
08-28 18:00,4687.0,4581.0,4470.0,4701.0,4865.0,4955.0,4955.0
08-28 19:00,4732.0,4498.0,4461.0,4613.0,4702.0,5157.0,5157.0
08-28 20:00,4875.0,4596.0,4536.0,4616.0,4760.0,5163.0,5163.0
08-28 21:00,4887.0,4570.0,4467.0,4491.0,4786.0,5009.0,5009.0
08-28 22:00,4689.0,4554.0,4397.0,4640.0,4711.0,4647.0,4647.0
08-28 23:00,4555.0,4514.0,4418.0,4375.0,4696.0,4645.0,4645.0
08-29 00:00,4505.0,4516.0,4381.0,4178.0,4452.0,4291.0,4291.0
08-29 01:00,4399.0,4406.0,4380.0,4204.0,4485.0,4252.0,4252.0
08-29 02:00,4368.0,4448.0,4373.0,4133.0,4243.0,4151.0,4151.0
08-29 03:00,4482.0,4465.0,4356.0,4171.0,4077.0,4135.0,4135.0
08-29 04:00,4502.0,4383.0,4369.0,4115.0,4236.0,4167.0,4167.0
08-29 05:00,4532.0,4440.0,4397.0,4320.0,4658.0,4268.0,4268.0
08-29 06:00,4451.0,4574.0,4449.0,4243.0,4872.0,4297.0,4297.0
08-29 07:00,4465.0,4589.0,4484.0,4365.0,4971.0,4404.0,4404.0
08-29 08:00,4560.0,4692.0,4520.0,4489.0,4949.0,4495.0,4495.0
08-29 09:00,4690.0,4690.0,4512.0,4587.0,4799.0,4439.0,4439.0
08-29 10:00,4668.0,4665.0,4493.0,4425.0,4398.0,4806.0,4806.0
08-29 11:00,4656.0,4601.0,4449.0,4464.0,4562.0,4567.0,4567.0
08-29 12:00,4633.0,4615.0,4411.0,4441.0,4355.0,4365.0,4365.0
08-29 13:00,4539.0,4530.0,4388.0,4401.0,4422.0,4372.0,4372.0
08-29 14:00,4538.0,4503.0,4369.0,4457.0,4390.0,4531.0,4531.0
08-29 15:00,4551.0,4538.0,4379.0,4414.0,4557.0,4466.0,4466.0
08-29 16:00,4557.0,4594.0,4416.0,4518.0,4589.0,4370.0,4370.0
08-29 17:00,4564.0,4641.0,4413.0,4696.0,4780.0,4643.0,4643.0
08-29 18:00,4695.0,4653.0,4466.0,4539.0,4880.0,5010.0,5010.0
08-29 19:00,4744.0,4635.0,4461.0,4606.0,4872.0,4850.0,4850.0
08-29 20:00,4804.0,4583.0,4556.0,4808.0,4962.0,4969.0,4969.0
08-29 21:00,4743.0,4550.0,4515.0,4746.0,4969.0,5106.0,5106.0
08-29 22:00,4664.0,4512.0,4376.0,4532.0,4725.0,4848.0,4848.0
08-29 23:00,4726.0,4456.0,4377.0,4479.0,4349.0,4762.0,4762.0
08-30 00:00,4470.0,4411.0,4319.0,4499.0,4370.0,4358.0,4358.0
08-30 01:00,4457.0,4415.0,4312.0,4405.0,4277.0,4220.0,4220.0
08-30 02:00,4464.0,4387.0,4332.0,4403.0,4119.0,4090.0,4090.0
08-30 03:00,4434.0,4355.0,4285.0,4437.0,4094.0,4101.0,4101.0
08-30 04:00,4482.0,4416.0,4290.0,4418.0,4154.0,4141.0,4141.0
08-30 05:00,4478.0,4430.0,4349.0,4403.0,4450.0,4253.0,4253.0
08-30 06:00,4473.0,4451.0,4429.0,4799.0,4697.0,4709.0,4709.0
08-30 07:00,4539.0,4607.0,4559.0,4907.0,4839.0,5150.0,5150.0
08-30 08:00,4590.0,4583.0,4546.0,4814.0,4828.0,5198.0,5198.0
08-30 09:00,4601.0,4569.0,4510.0,4824.0,4802.0,4954.0,4954.0
08-30 10:00,4511.0,4558.0,4524.0,4690.0,4784.0,4904.0,4904.0
08-30 11:00,4515.0,4542.0,4513.0,4576.0,4571.0,4844.0,4844.0
08-30 12:00,4505.0,4536.0,4395.0,4741.0,4369.0,4950.0,4950.0
08-30 13:00,4476.0,4517.0,4358.0,4595.0,4325.0,4636.0,4636.0
08-30 14:00,4456.0,4476.0,4376.0,4521.0,4435.0,4323.0,4323.0
08-30 15:00,4714.0,4471.0,4376.0,4524.0,4396.0,4306.0,4306.0
08-30 16:00,4570.0,4496.0,4439.0,4579.0,4555.0,4548.0,4548.0
08-30 17:00,4575.0,4518.0,4436.0,4746.0,4703.0,4752.0,4752.0
08-30 18:00,4714.0,4538.0,4420.0,4798.0,4738.0,4870.0,4870.0
08-30 19:00,4717.0,4518.0,4418.0,4605.0,4746.0,4994.0,4994.0
08-30 20:00,4747.0,4598.0,4407.0,4675.0,4578.0,5015.0,5015.0
08-30 21:00,4720.0,4552.0,4402.0,4623.0,4645.0,4890.0,4890.0
08-30 22:00,4745.0,4541.0,4350.0,4566.0,4295.0,4567.0,4567.0
08-30 23:00,4601.0,4501.0,4342.0,4544.0,4383.0,4362.0,4362.0
08-31 00:00,4459.0,4441.0,4284.0,4426.0,4435.0,4236.0,4236.0
08-31 01:00,4342.0,4441.0,4269.0,4418.0,4239.0,4329.0,4329.0
08-31 02:00,4305.0,4461.0,4269.0,4390.0,4177.0,4346.0,4346.0
08-31 03:00,4337.0,4545.0,4284.0,4391.0,4188.0,4319.0,4319.0
08-31 04:00,4399.0,4512.0,4275.0,4410.0,4178.0,4523.0,4523.0
08-31 05:00,4386.0,4591.0,4309.0,4483.0,4242.0,4545.0,4545.0
08-31 06:00,4554.0,4643.0,4388.0,4579.0,4336.0,4832.0,4832.0
08-31 07:00,4867.0,4612.0,4440.0,4630.0,4531.0,5334.0,5334.0
08-31 08:00,4851.0,4729.0,4485.0,4621.0,4594.0,5130.0,5130.0
08-31 09:00,4728.0,4656.0,4427.0,4796.0,4620.0,5038.0,5038.0
08-31 10:00,4667.0,4583.0,4392.0,4727.0,4653.0,4788.0,4788.0
08-31 11:00,4784.0,4557.0,4400.0,4632.0,4570.0,4836.0,4836.0
08-31 12:00,4609.0,4558.0,4377.0,4590.0,4336.0,4504.0,4504.0
08-31 13:00,4447.0,4556.0,4392.0,4721.0,4121.0,4356.0,4356.0
08-31 14:00,4463.0,4546.0,4393.0,4631.0,4074.0,4390.0,4390.0
08-31 15:00,4379.0,4509.0,4411.0,4459.0,3777.0,4311.0,4311.0
08-31 16:00,4451.0,4565.0,4413.0,4745.0,3841.0,4405.0,4405.0
08-31 17:00,4679.0,4566.0,4474.0,4994.0,4319.0,4736.0,4736.0
08-31 18:00,4794.0,4624.0,4515.0,4858.0,4464.0,4916.0,4916.0
08-31 19:00,4761.0,4639.0,4546.0,4710.0,4509.0,5267.0,5267.0
08-31 20:00,4834.0,4731.0,4510.0,4966.0,4368.0,5106.0,5106.0
08-31 21:00,4637.0,4647.0,4505.0,4921.0,4367.0,4947.0,4947.0
08-31 22:00,4605.0,4637.0,4414.0,4637.0,4074.0,4825.0,4825.0
08-31 23:00,4633.0,4571.0,4414.0,4622.0,3923.0,4439.0,4439.0
09-01 00:00,4674.0,4536.0,4389.0,4486.0,3933.0,4240.0,4240.0
09-01 01:00,4420.0,4538.0,4355.0,4488.0,3877.0,4271.0,4271.0
09-01 02:00,4418.0,4529.0,4386.0,4485.0,4131.0,4241.0,4241.0
09-01 03:00,4376.0,4516.0,4380.0,4507.0,4063.0,4335.0,4335.0
09-01 04:00,4314.0,4549.0,4349.0,4494.0,3913.0,4306.0,4306.0
09-01 05:00,4370.0,4546.0,4367.0,4515.0,3841.0,4560.0,4560.0
09-01 06:00,4627.0,4586.0,4396.0,4482.0,3933.0,4691.0,4691.0
09-01 07:00,4578.0,4668.0,4509.0,4560.0,4055.0,4998.0,4998.0
09-01 08:00,4797.0,4639.0,4504.0,4661.0,3988.0,5139.0,5139.0
09-01 09:00,4723.0,4648.0,4504.0,4695.0,4087.0,4910.0,4910.0
09-01 10:00,4640.0,4601.0,4494.0,4667.0,4060.0,4802.0,4802.0
09-01 11:00,4544.0,4546.0,4518.0,4616.0,4123.0,4731.0,4731.0
09-01 12:00,4611.0,4504.0,4505.0,4673.0,4011.0,4402.0,4402.0
09-01 13:00,4535.0,4499.0,4459.0,4644.0,3908.0,4251.0,4251.0
09-01 14:00,4671.0,4495.0,4452.0,4542.0,3936.0,4207.0,4207.0
09-01 15:00,4612.0,4481.0,4453.0,4539.0,3966.0,4227.0,4227.0
09-01 16:00,4493.0,4524.0,4488.0,4552.0,3949.0,4549.0,4549.0
09-01 17:00,4494.0,4562.0,4477.0,4617.0,4061.0,4870.0,4870.0
09-01 18:00,4523.0,4622.0,4505.0,4908.0,4065.0,5174.0,5174.0
09-01 19:00,4494.0,4629.0,4535.0,4838.0,4117.0,5187.0,5187.0
09-01 20:00,4438.0,4683.0,4524.0,5055.0,4169.0,5161.0,5161.0
09-01 21:00,4469.0,4657.0,4506.0,4784.0,4103.0,4816.0,4816.0
09-01 22:00,4514.0,4572.0,4551.0,4557.0,4042.0,4607.0,4607.0
09-01 23:00,4509.0,4518.0,4483.0,4523.0,4062.0,4422.0,4422.0
09-02 00:00,4467.0,4484.0,4465.0,4516.0,3910.0,4323.0,4323.0
09-02 01:00,4464.0,4458.0,4504.0,4533.0,3853.0,4264.0,4264.0
09-02 02:00,4393.0,4466.0,4485.0,4497.0,3862.0,4187.0,4187.0
09-02 03:00,4396.0,4503.0,4485.0,4424.0,4009.0,4112.0,4112.0
09-02 04:00,4396.0,4549.0,4469.0,4429.0,4091.0,4179.0,4179.0
09-02 05:00,4497.0,4546.0,4461.0,4435.0,4057.0,4311.0,4311.0
09-02 06:00,4608.0,4579.0,4489.0,4549.0,4217.0,4770.0,4770.0
09-02 07:00,4671.0,4650.0,4533.0,4491.0,4189.0,4854.0,4854.0
09-02 08:00,4664.0,4658.0,4586.0,4689.0,4348.0,5173.0,5173.0
09-02 09:00,4561.0,4639.0,4610.0,4597.0,4340.0,5049.0,5049.0
09-02 10:00,4475.0,4650.0,4557.0,4607.0,4015.0,4745.0,4745.0
09-02 11:00,4456.0,4657.0,4556.0,4663.0,4050.0,4580.0,4580.0
09-02 12:00,4499.0,4653.0,4584.0,4610.0,3979.0,4415.0,4415.0
09-02 13:00,4602.0,4653.0,4523.0,4546.0,4005.0,4250.0,4250.0
09-02 14:00,4653.0,4638.0,4519.0,4477.0,3969.0,4260.0,4260.0
09-02 15:00,4556.0,4603.0,4537.0,4462.0,4237.0,4418.0,4418.0
09-02 16:00,4501.0,4614.0,4532.0,4476.0,4390.0,4556.0,4556.0
09-02 17:00,4486.0,4655.0,4613.0,4630.0,4676.0,4841.0,4841.0
09-02 18:00,4636.0,4663.0,4576.0,4692.0,4701.0,5013.0,5013.0
09-02 19:00,4514.0,4668.0,4536.0,4603.0,4868.0,4890.0,4890.0
09-02 20:00,4688.0,4686.0,4545.0,4798.0,4913.0,4870.0,4870.0
09-02 21:00,4743.0,4659.0,4461.0,4782.0,4786.0,4861.0,4861.0
09-02 22:00,4527.0,4628.0,4459.0,4588.0,4492.0,4711.0,4711.0
09-02 23:00,4523.0,4609.0,4465.0,4604.0,4351.0,4580.0,4580.0
09-03 00:00,4546.0,4575.0,4418.0,4448.0,4543.0,4415.0,4415.0
09-03 01:00,4547.0,4566.0,4393.0,4370.0,4216.0,4238.0,4238.0
09-03 02:00,4525.0,4550.0,4455.0,4351.0,4223.0,4280.0,4280.0
09-03 03:00,4519.0,4514.0,4472.0,4353.0,4231.0,4245.0,4245.0
09-03 04:00,4540.0,4523.0,4467.0,4362.0,4167.0,4312.0,4312.0
09-03 05:00,4478.0,4502.0,4469.0,4429.0,4221.0,4366.0,4366.0
09-03 06:00,4771.0,4547.0,4479.0,5215.0,4420.0,4706.0,4706.0
09-03 07:00,4799.0,4576.0,4457.0,5273.0,4492.0,4911.0,4911.0
09-03 08:00,4736.0,4675.0,4539.0,5120.0,4663.0,4934.0,4934.0
09-03 09:00,4740.0,4702.0,4504.0,5252.0,4577.0,4833.0,4833.0
09-03 10:00,4711.0,4697.0,4507.0,5156.0,4658.0,4730.0,4730.0
09-03 11:00,4672.0,4649.0,4518.0,5261.0,4423.0,4513.0,4513.0
09-03 12:00,4714.0,4650.0,4486.0,4905.0,4277.0,4363.0,4363.0
09-03 13:00,4739.0,4610.0,4450.0,4868.0,4364.0,4442.0,4442.0
09-03 14:00,4526.0,4604.0,4456.0,4845.0,4213.0,4296.0,4296.0
09-03 15:00,4667.0,4647.0,4445.0,4943.0,4545.0,4316.0,4316.0
09-03 16:00,4646.0,4610.0,4515.0,4722.0,4632.0,4613.0,4613.0
09-03 17:00,4627.0,4624.0,4535.0,4924.0,4856.0,5059.0,5059.0
09-03 18:00,4487.0,4642.0,4664.0,4917.0,5005.0,5115.0,5115.0
09-03 19:00,4739.0,4630.0,4503.0,4817.0,5020.0,5149.0,5149.0
09-03 20:00,4855.0,4625.0,4480.0,4833.0,5015.0,5142.0,5142.0
09-03 21:00,4726.0,4576.0,4456.0,4937.0,4951.0,5225.0,5225.0
09-03 22:00,4530.0,4600.0,4442.0,4651.0,4514.0,4768.0,4768.0
09-03 23:00,4498.0,4505.0,4425.0,4548.0,4459.0,4380.0,4380.0
09-04 00:00,4505.0,4501.0,4409.0,4539.0,4371.0,4360.0,4360.0
09-04 01:00,4473.0,4492.0,4414.0,4569.0,4315.0,4207.0,4207.0
09-04 02:00,4463.0,4509.0,4366.0,4582.0,4243.0,4195.0,4195.0
09-04 03:00,4457.0,4478.0,4373.0,4446.0,4492.0,4159.0,4159.0
09-04 04:00,4442.0,4502.0,4371.0,4525.0,4412.0,4218.0,4218.0
09-04 05:00,4485.0,4533.0,4402.0,4588.0,4606.0,4239.0,4239.0
09-04 06:00,4550.0,4553.0,4470.0,4816.0,4963.0,4430.0,4430.0
09-04 07:00,4517.0,4626.0,4510.0,4972.0,5022.0,4526.0,4526.0
09-04 08:00,4628.0,4631.0,4508.0,5047.0,5126.0,4613.0,4613.0
09-04 09:00,4652.0,4635.0,4462.0,4879.0,4812.0,4673.0,4673.0
09-04 10:00,4579.0,4566.0,4454.0,4727.0,4784.0,4742.0,4742.0
09-04 11:00,4602.0,4596.0,4397.0,4688.0,4540.0,4677.0,4677.0
09-04 12:00,4641.0,4638.0,4354.0,4561.0,4294.0,4378.0,4378.0
09-04 13:00,4577.0,4700.0,4332.0,4559.0,4281.0,4268.0,4268.0
09-04 14:00,4519.0,4641.0,4324.0,4540.0,4252.0,4185.0,4185.0
09-04 15:00,4553.0,4619.0,4315.0,4539.0,4246.0,4205.0,4205.0
09-04 16:00,4629.0,4635.0,4348.0,4802.0,4466.0,4300.0,4300.0
09-04 17:00,4570.0,4626.0,4372.0,5014.0,4847.0,4539.0,4539.0
09-04 18:00,4607.0,4649.0,4407.0,5091.0,4891.0,4746.0,4746.0
09-04 19:00,4668.0,4644.0,4438.0,4972.0,4515.0,4721.0,4721.0
09-04 20:00,4602.0,4683.0,4447.0,4985.0,4478.0,4939.0,4939.0
09-04 21:00,4614.0,4597.0,4421.0,5092.0,4587.0,4453.0,4453.0
09-04 22:00,4632.0,4599.0,4353.0,4704.0,4291.0,4419.0,4419.0
09-04 23:00,4586.0,4585.0,4336.0,4580.0,4287.0,4383.0,4383.0
09-05 00:00,4491.0,4548.0,4292.0,4413.0,4259.0,4385.0,4385.0
09-05 01:00,4495.0,4466.0,4265.0,4394.0,4264.0,4228.0,4228.0
09-05 02:00,4506.0,4485.0,4265.0,4432.0,4204.0,4210.0,4210.0
09-05 03:00,4544.0,4465.0,4262.0,4398.0,4257.0,4210.0,4210.0
09-05 04:00,4441.0,4489.0,4264.0,4399.0,4199.0,4206.0,4206.0
09-05 05:00,4507.0,4567.0,4295.0,4488.0,4365.0,4292.0,4292.0
09-05 06:00,4578.0,4652.0,4398.0,4929.0,4611.0,4329.0,4329.0
09-05 07:00,4590.0,4669.0,4471.0,4931.0,4677.0,4437.0,4437.0
09-05 08:00,4558.0,4723.0,4477.0,4895.0,4563.0,4480.0,4480.0
09-05 09:00,4648.0,4694.0,4457.0,4767.0,4536.0,4446.0,4446.0
09-05 10:00,4641.0,4635.0,4469.0,4886.0,4533.0,4312.0,4312.0
09-05 11:00,4570.0,4686.0,4442.0,4739.0,4372.0,4275.0,4275.0
09-05 12:00,4578.0,4648.0,4400.0,4814.0,4376.0,4333.0,4333.0
09-05 13:00,4569.0,4614.0,4418.0,4641.0,4314.0,4225.0,4225.0
09-05 14:00,4609.0,4609.0,4481.0,4715.0,4300.0,4199.0,4199.0
09-05 15:00,4589.0,4599.0,4412.0,4693.0,4326.0,4320.0,4320.0
09-05 16:00,4555.0,4546.0,4448.0,4772.0,4541.0,4421.0,4421.0
09-05 17:00,4625.0,4661.0,4453.0,4968.0,4489.0,4513.0,4513.0
09-05 18:00,4679.0,4660.0,4479.0,5334.0,4609.0,4768.0,4768.0
09-05 19:00,4870.0,4640.0,4547.0,5284.0,4796.0,4805.0,4805.0
09-05 20:00,4643.0,4677.0,4535.0,5030.0,4607.0,4765.0,4765.0
09-05 21:00,4587.0,4687.0,4495.0,4824.0,4602.0,4899.0,4899.0
09-05 22:00,4603.0,4562.0,4483.0,5029.0,4534.0,4613.0,4613.0
09-05 23:00,4601.0,4572.0,4469.0,4586.0,4302.0,4551.0,4551.0
09-06 00:00,4561.0,4499.0,4413.0,4588.0,4258.0,4311.0,4311.0
09-06 01:00,4513.0,4471.0,4367.0,4574.0,4295.0,4243.0,4243.0
09-06 02:00,4586.0,4516.0,4345.0,4572.0,4303.0,4161.0,4161.0
09-06 03:00,4600.0,4517.0,4330.0,4459.0,4297.0,4175.0,4175.0
09-06 04:00,4526.0,4456.0,4300.0,4536.0,4327.0,4155.0,4155.0
09-06 05:00,4543.0,4446.0,4327.0,4728.0,4339.0,4355.0,4355.0
09-06 06:00,4590.0,4633.0,4398.0,4979.0,4626.0,4615.0,4615.0
09-06 07:00,4599.0,4613.0,4435.0,5064.0,4587.0,4985.0,4985.0
09-06 08:00,4637.0,4697.0,4458.0,4854.0,4727.0,5006.0,5006.0
09-06 09:00,4666.0,4729.0,4473.0,5104.0,4866.0,4739.0,4739.0
09-06 10:00,4716.0,4695.0,4482.0,4982.0,4680.0,4727.0,4727.0
09-06 11:00,4755.0,4667.0,4442.0,4659.0,4579.0,4325.0,4325.0
09-06 12:00,4633.0,4589.0,4411.0,4695.0,4578.0,4241.0,4241.0
09-06 13:00,4552.0,4634.0,4411.0,4551.0,4535.0,4179.0,4179.0
09-06 14:00,4568.0,4637.0,4396.0,4549.0,4587.0,4244.0,4244.0
09-06 15:00,4546.0,4604.0,4411.0,4758.0,4775.0,4338.0,4338.0
09-06 16:00,4575.0,4626.0,4438.0,4755.0,4560.0,4536.0,4536.0
09-06 17:00,4610.0,4698.0,4513.0,4923.0,4890.0,4949.0,4949.0
09-06 18:00,4623.0,4752.0,4507.0,4905.0,5056.0,5042.0,5042.0
09-06 19:00,4892.0,4782.0,4530.0,5006.0,5171.0,5215.0,5215.0
09-06 20:00,4959.0,4775.0,4533.0,5045.0,5187.0,5230.0,5230.0
09-06 21:00,4660.0,4611.0,4501.0,5028.0,5096.0,4896.0,4896.0
09-06 22:00,4651.0,4579.0,4519.0,4715.0,4866.0,4645.0,4645.0
09-06 23:00,4638.0,4558.0,4467.0,4648.0,4710.0,4356.0,4356.0
09-07 00:00,4545.0,4543.0,4410.0,4523.0,4635.0,4195.0,4195.0
09-07 01:00,4570.0,4600.0,4369.0,4477.0,4504.0,4209.0,4209.0
09-07 02:00,4552.0,4532.0,4404.0,4446.0,4425.0,4225.0,4225.0
09-07 03:00,4520.0,4539.0,4412.0,4446.0,4405.0,4218.0,4218.0
09-07 04:00,4540.0,4557.0,4393.0,4482.0,4525.0,4302.0,4302.0
09-07 05:00,4581.0,4591.0,4407.0,4569.0,4584.0,4506.0,4506.0
09-07 06:00,4844.0,4700.0,4446.0,4943.0,4641.0,4817.0,4817.0
09-07 07:00,4717.0,4795.0,4523.0,4986.0,4786.0,5070.0,5070.0
09-07 08:00,4846.0,4829.0,4528.0,5134.0,5113.0,5025.0,5025.0
09-07 09:00,4812.0,4824.0,4510.0,4828.0,5002.0,4952.0,4952.0
09-07 10:00,4639.0,4800.0,4506.0,5009.0,4926.0,4669.0,4669.0
09-07 11:00,4605.0,4713.0,4508.0,5193.0,4851.0,4537.0,4537.0
09-07 12:00,4656.0,4725.0,4480.0,4878.0,4935.0,4466.0,4466.0
09-07 13:00,4590.0,4707.0,4477.0,4667.0,4646.0,4419.0,4419.0
09-07 14:00,4609.0,4634.0,4467.0,4379.0,4561.0,4339.0,4339.0
09-07 15:00,4619.0,4647.0,4471.0,4232.0,4567.0,4396.0,4396.0
09-07 16:00,4579.0,4635.0,4494.0,4312.0,4689.0,4518.0,4518.0
09-07 17:00,4746.0,4679.0,4571.0,4536.0,4877.0,4681.0,4681.0
09-07 18:00,4762.0,4710.0,4552.0,4711.0,5041.0,5277.0,5277.0
09-07 19:00,4708.0,4687.0,4528.0,4616.0,5156.0,5237.0,5237.0
09-07 20:00,4894.0,4670.0,4524.0,4608.0,5222.0,5277.0,5277.0
09-07 21:00,4776.0,4633.0,4526.0,4511.0,4868.0,5015.0,5015.0
09-07 22:00,4680.0,4596.0,4515.0,4256.0,4911.0,4701.0,4701.0
09-07 23:00,4480.0,4591.0,4484.0,4306.0,4728.0,4444.0,4444.0
09-08 00:00,4468.0,4597.0,4461.0,4316.0,4750.0,4287.0,4287.0
09-08 01:00,4475.0,4592.0,4427.0,4274.0,4512.0,4329.0,4329.0
09-08 02:00,4463.0,4533.0,4405.0,4226.0,4417.0,4199.0,4199.0
09-08 03:00,4486.0,4523.0,4429.0,4298.0,4321.0,4220.0,4220.0
09-08 04:00,4465.0,4553.0,4409.0,4295.0,4430.0,4283.0,4283.0
09-08 05:00,4498.0,4561.0,4426.0,4292.0,4441.0,4336.0,4336.0
09-08 06:00,4919.0,4705.0,4503.0,4324.0,4475.0,4555.0,4555.0
09-08 07:00,4832.0,4737.0,4561.0,4429.0,4515.0,4696.0,4696.0
09-08 08:00,4812.0,4772.0,4568.0,4478.0,4575.0,4641.0,4641.0
09-08 09:00,4797.0,4778.0,4557.0,4429.0,4630.0,4554.0,4554.0
09-08 10:00,4655.0,4762.0,4520.0,4406.0,4634.0,4445.0,4445.0
09-08 11:00,4634.0,4667.0,4509.0,4355.0,4673.0,4259.0,4259.0
09-08 12:00,4722.0,4552.0,4512.0,4355.0,4518.0,4164.0,4164.0
09-08 13:00,4507.0,4532.0,4487.0,4318.0,4695.0,4141.0,4141.0
09-08 14:00,4472.0,4485.0,4461.0,4310.0,4489.0,4110.0,4110.0
09-08 15:00,4465.0,4485.0,4466.0,4366.0,4633.0,4131.0,4131.0
09-08 16:00,4772.0,4591.0,4500.0,4586.0,4884.0,4505.0,4505.0
09-08 17:00,4985.0,4595.0,4637.0,5085.0,4972.0,4642.0,4642.0
09-08 18:00,5025.0,4611.0,4664.0,5033.0,5005.0,4759.0,4759.0
09-08 19:00,5059.0,4553.0,4661.0,4747.0,4917.0,4845.0,4845.0
09-08 20:00,5075.0,4643.0,4648.0,4753.0,4904.0,5210.0,5210.0
09-08 21:00,4967.0,4624.0,4571.0,4801.0,4831.0,4783.0,4783.0
09-08 22:00,4932.0,4548.0,4550.0,4672.0,4799.0,4460.0,4460.0
09-08 23:00,4816.0,4512.0,4495.0,4545.0,4683.0,4255.0,4255.0
09-09 00:00,4607.0,4556.0,4540.0,4514.0,4668.0,4092.0,4092.0
09-09 01:00,4572.0,4511.0,4421.0,4634.0,4240.0,4168.0,4168.0
09-09 02:00,4525.0,4518.0,4392.0,4332.0,4278.0,4009.0,4009.0
09-09 03:00,4560.0,4513.0,4517.0,4420.0,4251.0,4019.0,4019.0
09-09 04:00,4508.0,4466.0,4409.0,4345.0,4238.0,4097.0,4097.0
09-09 05:00,4643.0,4511.0,4610.0,4367.0,4533.0,4211.0,4211.0
09-09 06:00,4897.0,4599.0,4495.0,4406.0,4729.0,4549.0,4549.0
09-09 07:00,4946.0,4660.0,4552.0,4464.0,5131.0,4831.0,4831.0
09-09 08:00,4866.0,4696.0,4668.0,4494.0,5044.0,4827.0,4827.0
09-09 09:00,4807.0,4630.0,4675.0,4442.0,5129.0,4720.0,4720.0
09-09 10:00,4774.0,4593.0,4686.0,4413.0,4973.0,4613.0,4613.0
09-09 11:00,4747.0,4612.0,4663.0,4500.0,4694.0,4350.0,4350.0
09-09 12:00,4701.0,4600.0,4614.0,4478.0,4683.0,4189.0,4189.0
09-09 13:00,4564.0,4595.0,4602.0,4396.0,4659.0,4189.0,4189.0
09-09 14:00,4527.0,4595.0,4576.0,4314.0,4737.0,4133.0,4133.0
09-09 15:00,4519.0,4621.0,4580.0,4382.0,4410.0,4213.0,4213.0
09-09 16:00,4607.0,4618.0,4669.0,4415.0,4515.0,4440.0,4440.0
09-09 17:00,4584.0,4719.0,4670.0,4635.0,4597.0,4760.0,4760.0
09-09 18:00,4710.0,4667.0,4602.0,4792.0,4763.0,5242.0,5242.0
09-09 19:00,4673.0,4663.0,4612.0,5065.0,4839.0,5301.0,5301.0
09-09 20:00,4700.0,4675.0,4594.0,5006.0,4986.0,5263.0,5263.0
09-09 21:00,4655.0,4631.0,4579.0,4719.0,4852.0,4939.0,4939.0
09-09 22:00,4648.0,4569.0,4532.0,4763.0,4483.0,4719.0,4719.0
09-09 23:00,4551.0,4512.0,4523.0,4473.0,4560.0,4411.0,4411.0
09-10 00:00,4623.0,4508.0,4476.0,4431.0,4413.0,4197.0,4197.0
09-10 01:00,4592.0,4522.0,4475.0,4316.0,4410.0,4140.0,4140.0
09-10 02:00,4594.0,4496.0,4462.0,4363.0,4235.0,4074.0,4074.0
09-10 03:00,4555.0,4508.0,4495.0,4284.0,4165.0,4051.0,4051.0
09-10 04:00,4545.0,4550.0,4435.0,4280.0,4212.0,4185.0,4185.0
09-10 05:00,4618.0,4568.0,4453.0,4526.0,4356.0,4346.0,4346.0
09-10 06:00,4794.0,4537.0,4441.0,4718.0,4604.0,4535.0,4535.0
09-10 07:00,4991.0,4527.0,4428.0,4809.0,4811.0,4762.0,4762.0
09-10 08:00,4887.0,4608.0,4525.0,4684.0,4907.0,4775.0,4775.0
09-10 09:00,4900.0,4647.0,4592.0,4617.0,4800.0,4901.0,4901.0
09-10 10:00,4765.0,4625.0,4538.0,4660.0,4680.0,4825.0,4825.0
09-10 11:00,4771.0,4645.0,4568.0,4792.0,4246.0,4611.0,4611.0
09-10 12:00,4698.0,4592.0,4587.0,4595.0,4181.0,4334.0,4334.0
09-10 13:00,4795.0,4582.0,4493.0,4406.0,4134.0,4193.0,4193.0
09-10 14:00,4672.0,4550.0,4419.0,4339.0,4200.0,4127.0,4127.0
09-10 15:00,4663.0,4576.0,4418.0,4436.0,4159.0,4134.0,4134.0
09-10 16:00,4667.0,4659.0,4469.0,4883.0,4468.0,4754.0,4754.0
09-10 17:00,4859.0,4747.0,4551.0,4790.0,4661.0,4805.0,4805.0
09-10 18:00,4821.0,4643.0,4613.0,4682.0,4871.0,4808.0,4808.0
09-10 19:00,4815.0,4528.0,4545.0,4697.0,4940.0,4797.0,4797.0
09-10 20:00,4905.0,4586.0,4511.0,4685.0,4868.0,5037.0,5037.0
09-10 21:00,4825.0,4538.0,4460.0,4555.0,4764.0,4646.0,4646.0
09-10 22:00,4737.0,4532.0,4463.0,4786.0,4577.0,4553.0,4553.0
09-10 23:00,4697.0,4467.0,4437.0,4705.0,4376.0,4592.0,4592.0
09-11 00:00,4719.0,4490.0,4407.0,4436.0,4266.0,4341.0,4341.0
09-11 01:00,4598.0,4490.0,4378.0,4315.0,4269.0,4188.0,4188.0
09-11 02:00,4596.0,4484.0,4371.0,4245.0,4168.0,4123.0,4123.0
09-11 03:00,4616.0,4475.0,4329.0,4292.0,4204.0,4095.0,4095.0
09-11 04:00,4547.0,4455.0,4361.0,4304.0,4175.0,4125.0,4125.0
09-11 05:00,4608.0,4479.0,4401.0,4366.0,4609.0,4154.0,4154.0
09-11 06:00,4741.0,4498.0,4504.0,4618.0,4879.0,4256.0,4256.0
09-11 07:00,4812.0,4520.0,4523.0,4580.0,4868.0,4395.0,4395.0
09-11 08:00,4784.0,4557.0,4589.0,4548.0,4980.0,4506.0,4506.0
09-11 09:00,4677.0,4576.0,4616.0,4509.0,4838.0,4522.0,4522.0
09-11 10:00,4655.0,4606.0,4565.0,4476.0,4694.0,4437.0,4437.0
09-11 11:00,4623.0,4568.0,4571.0,4459.0,4519.0,4303.0,4303.0
09-11 12:00,4601.0,4537.0,4454.0,4424.0,3980.0,4206.0,4206.0
09-11 13:00,4618.0,4589.0,4425.0,4508.0,4290.0,4116.0,4116.0
09-11 14:00,4666.0,4518.0,4412.0,4444.0,4261.0,4113.0,4113.0
09-11 15:00,4703.0,4484.0,4433.0,4408.0,4270.0,4104.0,4104.0
09-11 16:00,4721.0,4495.0,4446.0,4389.0,4486.0,4238.0,4238.0
09-11 17:00,4746.0,4577.0,4492.0,4452.0,4852.0,4631.0,4631.0
09-11 18:00,4978.0,4560.0,4536.0,4654.0,4900.0,4702.0,4702.0
09-11 19:00,5167.0,4544.0,4537.0,4668.0,4858.0,4701.0,4701.0
09-11 20:00,5188.0,4561.0,4543.0,4684.0,4897.0,4722.0,4722.0
09-11 21:00,5108.0,4528.0,4513.0,4486.0,4663.0,4698.0,4698.0
09-11 22:00,4880.0,4476.0,4464.0,4381.0,4382.0,4476.0,4476.0
09-11 23:00,4951.0,4472.0,4407.0,4405.0,4322.0,4305.0,4305.0
09-12 00:00,4738.0,4472.0,4376.0,4261.0,4212.0,4173.0,4173.0
09-12 01:00,4751.0,4444.0,4343.0,4200.0,4311.0,4139.0,4139.0
09-12 02:00,4801.0,4428.0,4363.0,4224.0,4286.0,4073.0,4073.0
09-12 03:00,4737.0,4414.0,4319.0,4230.0,4311.0,4069.0,4069.0
09-12 04:00,4670.0,4421.0,4279.0,4269.0,4391.0,4058.0,4058.0
09-12 05:00,4599.0,4418.0,4357.0,4263.0,4365.0,4112.0,4112.0
09-12 06:00,4708.0,4598.0,4542.0,4326.0,4926.0,4213.0,4213.0
09-12 07:00,4901.0,4596.0,4600.0,4483.0,4928.0,4333.0,4333.0
09-12 08:00,4961.0,4579.0,4643.0,4756.0,5098.0,4335.0,4335.0
09-12 09:00,4922.0,4574.0,4611.0,4864.0,5071.0,4313.0,4313.0
09-12 10:00,4945.0,4516.0,4570.0,4745.0,4779.0,4302.0,4302.0
09-12 11:00,4829.0,4513.0,4597.0,4467.0,4857.0,4308.0,4308.0
09-12 12:00,4818.0,4471.0,4535.0,4324.0,4733.0,4323.0,4323.0
09-12 13:00,4690.0,4460.0,4512.0,4392.0,4377.0,4114.0,4114.0
09-12 14:00,4661.0,4418.0,4454.0,4406.0,4426.0,4181.0,4181.0
09-12 15:00,4887.0,4479.0,4548.0,4367.0,4336.0,4220.0,4220.0
09-12 16:00,4783.0,4495.0,4543.0,4777.0,4676.0,4234.0,4234.0
09-12 17:00,4650.0,4570.0,4564.0,4798.0,4848.0,4357.0,4357.0
09-12 18:00,4936.0,4583.0,4646.0,5116.0,5133.0,4495.0,4495.0
09-12 19:00,4926.0,4565.0,4658.0,4959.0,5196.0,4590.0,4590.0
09-12 20:00,4900.0,4611.0,4626.0,4944.0,5172.0,4632.0,4632.0
09-12 21:00,4726.0,4474.0,4563.0,4735.0,4958.0,4629.0,4629.0
09-12 22:00,4918.0,4407.0,4567.0,4946.0,4713.0,4506.0,4506.0
09-12 23:00,4810.0,4426.0,4464.0,4488.0,4862.0,4405.0,4405.0
09-13 00:00,4682.0,4420.0,4375.0,4433.0,4404.0,4211.0,4211.0
09-13 01:00,4765.0,4386.0,4373.0,4448.0,4185.0,4123.0,4123.0
09-13 02:00,4731.0,4349.0,4353.0,4348.0,4167.0,4058.0,4058.0
09-13 03:00,4647.0,4319.0,4361.0,4417.0,4233.0,4063.0,4063.0
09-13 04:00,4626.0,4350.0,4353.0,4422.0,4178.0,4135.0,4135.0
09-13 05:00,4661.0,4386.0,4405.0,4489.0,4376.0,4214.0,4214.0
09-13 06:00,4625.0,4530.0,4561.0,4597.0,4791.0,4564.0,4564.0
09-13 07:00,4515.0,4602.0,4682.0,4766.0,5082.0,4880.0,4880.0
09-13 08:00,4585.0,4665.0,4600.0,4933.0,5079.0,4890.0,4890.0
09-13 09:00,4601.0,4613.0,4582.0,4834.0,4972.0,4882.0,4882.0
09-13 10:00,4642.0,4628.0,4542.0,4742.0,4750.0,4995.0,4995.0
09-13 11:00,4707.0,4518.0,4426.0,4788.0,4392.0,4382.0,4382.0
09-13 12:00,4676.0,4379.0,4392.0,4564.0,4671.0,4227.0,4227.0
09-13 13:00,4625.0,4412.0,4413.0,4571.0,4298.0,4124.0,4124.0
09-13 14:00,4609.0,4412.0,4450.0,4490.0,4278.0,4180.0,4180.0
09-13 15:00,4570.0,4436.0,4497.0,4443.0,4251.0,4224.0,4224.0
09-13 16:00,4564.0,4465.0,4481.0,4734.0,4504.0,4766.0,4766.0
09-13 17:00,4600.0,4519.0,4499.0,4649.0,4956.0,5352.0,5352.0
09-13 18:00,4660.0,4560.0,4576.0,4926.0,5000.0,5408.0,5408.0
09-13 19:00,4669.0,4587.0,4828.0,5142.0,5129.0,5426.0,5426.0
09-13 20:00,4629.0,4576.0,4590.0,5182.0,5103.0,5494.0,5494.0
09-13 21:00,4638.0,4454.0,4508.0,4701.0,4726.0,5256.0,5256.0
09-13 22:00,4602.0,4444.0,4539.0,4713.0,4573.0,4499.0,4499.0
09-13 23:00,4556.0,4422.0,4447.0,4615.0,4462.0,4290.0,4290.0
09-14 00:00,4586.0,4413.0,4387.0,4482.0,4418.0,4208.0,4208.0
09-14 01:00,4590.0,4410.0,4368.0,4418.0,4310.0,4165.0,4165.0
09-14 02:00,4581.0,4405.0,4387.0,4392.0,4165.0,4058.0,4058.0
09-14 03:00,4675.0,4408.0,4356.0,4349.0,4150.0,4112.0,4112.0
09-14 04:00,4678.0,4388.0,4344.0,4366.0,4138.0,4146.0,4146.0
09-14 05:00,4611.0,4460.0,4424.0,4521.0,4284.0,4419.0,4419.0
09-14 06:00,4823.0,4565.0,4470.0,4768.0,4325.0,4757.0,4757.0
09-14 07:00,4942.0,4593.0,4517.0,4735.0,4509.0,5034.0,5034.0
09-14 08:00,4993.0,4556.0,4525.0,4533.0,4540.0,5192.0,5192.0
09-14 09:00,5024.0,4529.0,4490.0,4499.0,4694.0,4870.0,4870.0
09-14 10:00,4859.0,4461.0,4486.0,4580.0,4509.0,4594.0,4594.0
09-14 11:00,4849.0,4462.0,4502.0,4579.0,4371.0,4512.0,4512.0
09-14 12:00,4808.0,4454.0,4495.0,4772.0,4374.0,4180.0,4180.0
09-14 13:00,4731.0,4423.0,4524.0,4382.0,4392.0,4216.0,4216.0
09-14 14:00,4659.0,4386.0,4505.0,4481.0,4253.0,4270.0,4270.0
09-14 15:00,4770.0,4451.0,4528.0,4491.0,4277.0,4281.0,4281.0
09-14 16:00,4659.0,4509.0,4547.0,4484.0,4400.0,4856.0,4856.0
09-14 17:00,4619.0,4530.0,4626.0,4430.0,4820.0,5263.0,5263.0
09-14 18:00,4754.0,4519.0,4662.0,4716.0,4970.0,5149.0,5149.0
09-14 19:00,4838.0,4453.0,4647.0,4578.0,4983.0,5404.0,5404.0
09-14 20:00,4679.0,4546.0,4614.0,4635.0,5168.0,5360.0,5360.0
09-14 21:00,4718.0,4429.0,4564.0,4493.0,5104.0,4860.0,4860.0
09-14 22:00,4572.0,4416.0,4548.0,4331.0,4746.0,4336.0,4336.0
09-14 23:00,4565.0,4422.0,4514.0,4422.0,4849.0,4318.0,4318.0
09-15 00:00,4552.0,4365.0,4455.0,4325.0,4309.0,4147.0,4147.0
09-15 01:00,4506.0,4378.0,4419.0,4365.0,4268.0,4090.0,4090.0
09-15 02:00,4507.0,4355.0,4414.0,4368.0,4201.0,4057.0,4057.0
09-15 03:00,4471.0,4408.0,4392.0,4272.0,4107.0,4142.0,4142.0
09-15 04:00,4413.0,4434.0,4396.0,4310.0,4097.0,4309.0,4309.0
09-15 05:00,4435.0,4459.0,4470.0,4321.0,4111.0,4470.0,4470.0
09-15 06:00,4610.0,4509.0,4547.0,4389.0,4145.0,4571.0,4571.0
09-15 07:00,4833.0,4567.0,4603.0,4779.0,4145.0,4728.0,4728.0
09-15 08:00,4838.0,4583.0,4653.0,4584.0,4320.0,4691.0,4691.0
09-15 09:00,4793.0,4559.0,4673.0,4743.0,4460.0,4669.0,4669.0
09-15 10:00,4661.0,4453.0,4659.0,4593.0,4279.0,4596.0,4596.0
09-15 11:00,4745.0,4452.0,4633.0,4467.0,4198.0,4780.0,4780.0
09-15 12:00,4677.0,4380.0,4615.0,4542.0,4236.0,4857.0,4857.0
09-15 13:00,4576.0,4395.0,4578.0,4541.0,4182.0,4494.0,4494.0
09-15 14:00,4654.0,4384.0,4496.0,4335.0,4160.0,4234.0,4234.0
09-15 15:00,4741.0,4447.0,4486.0,4413.0,4164.0,4533.0,4533.0
09-15 16:00,4713.0,4460.0,4557.0,4386.0,4209.0,4661.0,4661.0
09-15 17:00,4702.0,4495.0,4556.0,4441.0,4462.0,4507.0,4507.0
09-15 18:00,4676.0,4559.0,4603.0,4426.0,4611.0,4627.0,4627.0
09-15 19:00,5005.0,4553.0,4599.0,4607.0,4744.0,4916.0,4916.0
09-15 20:00,4969.0,4561.0,4572.0,4664.0,4590.0,4790.0,4790.0
09-15 21:00,4701.0,4539.0,4533.0,4580.0,4417.0,4517.0,4517.0
09-15 22:00,4799.0,4550.0,4504.0,4519.0,4499.0,4389.0,4389.0
09-15 23:00,4671.0,4510.0,4485.0,4493.0,4377.0,4222.0,4222.0
09-16 00:00,4618.0,4465.0,4495.0,4405.0,4263.0,4185.0,4185.0
09-16 01:00,4582.0,4432.0,4476.0,4356.0,4231.0,4171.0,4171.0
09-16 02:00,4581.0,4398.0,4456.0,4312.0,4245.0,4167.0,4167.0
09-16 03:00,4578.0,4463.0,4455.0,4307.0,4291.0,4089.0,4089.0
09-16 04:00,4589.0,4459.0,4444.0,4281.0,4426.0,4117.0,4117.0
09-16 05:00,4589.0,4451.0,4452.0,4289.0,4563.0,4293.0,4293.0
09-16 06:00,4710.0,4535.0,4470.0,4300.0,4934.0,4740.0,4740.0
09-16 07:00,4876.0,4580.0,4554.0,4351.0,5000.0,5090.0,5090.0
09-16 08:00,4959.0,4586.0,4640.0,4401.0,4847.0,4970.0,4970.0
09-16 09:00,4960.0,4554.0,4732.0,4423.0,4660.0,4754.0,4754.0
09-16 10:00,4944.0,4566.0,4697.0,4432.0,4814.0,4566.0,4566.0
09-16 11:00,4930.0,4547.0,4636.0,4400.0,4677.0,4616.0,4616.0
09-16 12:00,4883.0,4587.0,4649.0,4348.0,4674.0,4618.0,4618.0
09-16 13:00,4896.0,4651.0,4571.0,4335.0,4590.0,4346.0,4346.0
09-16 14:00,4871.0,4590.0,4565.0,4338.0,4588.0,4265.0,4265.0
09-16 15:00,4883.0,4722.0,4552.0,4316.0,4620.0,4308.0,4308.0
09-16 16:00,4764.0,4730.0,4548.0,4374.0,4692.0,4501.0,4501.0
09-16 17:00,4897.0,4718.0,4580.0,4823.0,4670.0,4763.0,4763.0
09-16 18:00,4936.0,4686.0,4587.0,4735.0,4758.0,4988.0,4988.0
09-16 19:00,5008.0,4707.0,4595.0,4568.0,4753.0,4872.0,4872.0
09-16 20:00,4953.0,4675.0,4588.0,4523.0,4686.0,4842.0,4842.0
09-16 21:00,4821.0,4625.0,4548.0,4465.0,4515.0,4670.0,4670.0
09-16 22:00,4616.0,4592.0,4793.0,4377.0,4508.0,4439.0,4439.0
09-16 23:00,4609.0,4568.0,4621.0,4334.0,4304.0,4259.0,4259.0
09-17 00:00,4755.0,4512.0,4517.0,4207.0,4267.0,4189.0,4189.0
09-17 01:00,4578.0,4548.0,4508.0,4182.0,4308.0,4153.0,4153.0
09-17 02:00,4497.0,4523.0,4508.0,4231.0,4132.0,4140.0,4140.0
09-17 03:00,4521.0,4528.0,4508.0,4159.0,4053.0,4130.0,4130.0
09-17 04:00,4553.0,4497.0,4492.0,4155.0,4042.0,4230.0,4230.0
09-17 05:00,4553.0,4551.0,4487.0,4231.0,4342.0,4241.0,4241.0
09-17 06:00,4731.0,4552.0,4511.0,4337.0,4660.0,4514.0,4514.0
09-17 07:00,4913.0,4550.0,4529.0,4289.0,4697.0,4929.0,4929.0
09-17 08:00,4889.0,4645.0,4609.0,4336.0,4742.0,5217.0,5217.0
09-17 09:00,4796.0,4617.0,4603.0,4376.0,4750.0,5106.0,5106.0
09-17 10:00,4813.0,4602.0,4575.0,4351.0,4413.0,5043.0,5043.0
09-17 11:00,4643.0,4606.0,4532.0,4217.0,4231.0,4539.0,4539.0
09-17 12:00,4754.0,4610.0,4530.0,4218.0,4237.0,4397.0,4397.0
09-17 13:00,4781.0,4594.0,4528.0,4155.0,4084.0,4588.0,4588.0
09-17 14:00,4726.0,4578.0,4545.0,4188.0,4001.0,4571.0,4571.0
09-17 15:00,4754.0,4592.0,4474.0,4233.0,3990.0,4337.0,4337.0
09-17 16:00,4749.0,4609.0,4500.0,4251.0,4180.0,4604.0,4604.0
09-17 17:00,4649.0,4609.0,4511.0,4364.0,4316.0,4897.0,4897.0
09-17 18:00,4715.0,4602.0,4568.0,4622.0,4395.0,4740.0,4740.0
09-17 19:00,4858.0,4631.0,4605.0,4989.0,4449.0,4743.0,4743.0
09-17 20:00,4760.0,4618.0,4574.0,5030.0,4493.0,4717.0,4717.0
09-17 21:00,4727.0,4605.0,4536.0,4715.0,4321.0,4614.0,4614.0
09-17 22:00,4687.0,4599.0,4516.0,4742.0,4250.0,4490.0,4490.0
09-17 23:00,4652.0,4596.0,4496.0,4563.0,4166.0,4249.0,4249.0
09-18 00:00,4610.0,4616.0,4458.0,4407.0,4110.0,4203.0,4203.0
09-18 01:00,4594.0,4643.0,4449.0,4256.0,4047.0,4164.0,4164.0
09-18 02:00,4575.0,4636.0,4454.0,4172.0,4055.0,4178.0,4178.0
09-18 03:00,4557.0,4625.0,4449.0,4134.0,4005.0,4114.0,4114.0
09-18 04:00,4572.0,4618.0,4419.0,4222.0,4084.0,4110.0,4110.0
09-18 05:00,4576.0,4623.0,4426.0,4392.0,4117.0,4224.0,4224.0
09-18 06:00,4675.0,4584.0,4610.0,4621.0,4253.0,4346.0,4346.0
09-18 07:00,4627.0,4606.0,4570.0,4535.0,4360.0,4562.0,4562.0
09-18 08:00,4608.0,4661.0,4602.0,4735.0,4506.0,4550.0,4550.0
09-18 09:00,4607.0,4675.0,4687.0,4522.0,4447.0,4497.0,4497.0
09-18 10:00,4582.0,4696.0,4576.0,4438.0,4451.0,4449.0,4449.0
09-18 11:00,4638.0,4714.0,4534.0,4257.0,4349.0,4311.0,4311.0
09-18 12:00,4613.0,4696.0,4520.0,4196.0,4342.0,4325.0,4325.0
09-18 13:00,4598.0,4667.0,4488.0,4100.0,4419.0,4328.0,4328.0
09-18 14:00,4606.0,4694.0,4519.0,4155.0,4197.0,4331.0,4331.0
09-18 15:00,4770.0,4693.0,4513.0,4349.0,4210.0,4400.0,4400.0
09-18 16:00,4753.0,4705.0,4543.0,4254.0,4444.0,4411.0,4411.0
09-18 17:00,4825.0,4695.0,4560.0,4969.0,4563.0,4747.0,4747.0
09-18 18:00,4922.0,4719.0,4598.0,5098.0,4764.0,4736.0,4736.0
09-18 19:00,4920.0,4747.0,4603.0,4863.0,4748.0,4742.0,4742.0
09-18 20:00,4826.0,4727.0,4559.0,4755.0,4791.0,4687.0,4687.0
09-18 21:00,4759.0,4698.0,4545.0,4296.0,4657.0,4606.0,4606.0
09-18 22:00,4784.0,4664.0,4509.0,4375.0,4599.0,4375.0,4375.0
09-18 23:00,4859.0,4644.0,4441.0,4373.0,4482.0,4295.0,4295.0
09-19 00:00,4597.0,4661.0,4356.0,4154.0,4306.0,4271.0,4271.0
09-19 01:00,4616.0,4729.0,4343.0,4129.0,4267.0,4197.0,4197.0
09-19 02:00,4563.0,4777.0,4348.0,4132.0,4310.0,4253.0,4253.0
09-19 03:00,4557.0,4736.0,4332.0,4095.0,4237.0,4291.0,4291.0
09-19 04:00,4489.0,4678.0,4373.0,4267.0,4255.0,4298.0,4298.0
09-19 05:00,4583.0,4698.0,4408.0,4292.0,4355.0,4320.0,4320.0
09-19 06:00,4541.0,4831.0,4568.0,4534.0,4480.0,4396.0,4396.0
09-19 07:00,4524.0,4851.0,4678.0,4338.0,4398.0,4383.0,4383.0
09-19 08:00,4738.0,4941.0,4638.0,4382.0,4856.0,4417.0,4417.0
09-19 09:00,4668.0,4809.0,4669.0,4486.0,4716.0,4446.0,4446.0
09-19 10:00,4602.0,4701.0,4661.0,4586.0,4661.0,4474.0,4474.0
09-19 11:00,4619.0,4666.0,4625.0,4298.0,4190.0,4433.0,4433.0
09-19 12:00,4630.0,4650.0,4548.0,4131.0,4261.0,4343.0,4343.0
09-19 13:00,4622.0,4682.0,4551.0,4048.0,4036.0,4330.0,4330.0
09-19 14:00,4596.0,4655.0,4535.0,4001.0,4061.0,4344.0,4344.0
09-19 15:00,4623.0,4657.0,4576.0,4054.0,4101.0,4403.0,4403.0
09-19 16:00,4612.0,4651.0,4544.0,4216.0,4196.0,4452.0,4452.0
09-19 17:00,4742.0,4635.0,4615.0,4324.0,4594.0,4649.0,4649.0
09-19 18:00,4811.0,4650.0,4618.0,4558.0,4924.0,4713.0,4713.0
09-19 19:00,4761.0,4673.0,4602.0,4530.0,4899.0,4982.0,4982.0
09-19 20:00,4843.0,4663.0,4647.0,4574.0,4841.0,4848.0,4848.0
09-19 21:00,4664.0,4674.0,4511.0,4506.0,4733.0,4522.0,4522.0
09-19 22:00,4640.0,4652.0,4498.0,4360.0,4375.0,4366.0,4366.0
09-19 23:00,4599.0,4635.0,4488.0,4378.0,3986.0,4355.0,4355.0
09-20 00:00,4591.0,4569.0,4435.0,4318.0,4055.0,4176.0,4176.0
09-20 01:00,4566.0,4547.0,4413.0,4321.0,3838.0,4174.0,4174.0
09-20 02:00,4578.0,4558.0,4393.0,4181.0,3784.0,4156.0,4156.0
09-20 03:00,4583.0,4578.0,4373.0,4130.0,3838.0,4151.0,4151.0
09-20 04:00,4550.0,4576.0,4426.0,4120.0,3843.0,4170.0,4170.0
09-20 05:00,4583.0,4507.0,4476.0,4207.0,4032.0,4244.0,4244.0
09-20 06:00,4573.0,4645.0,4558.0,4838.0,4429.0,4449.0,4449.0
09-20 07:00,4576.0,4765.0,4590.0,4787.0,4330.0,4818.0,4818.0
09-20 08:00,4636.0,4805.0,4672.0,4691.0,4519.0,5272.0,5272.0
09-20 09:00,4644.0,4724.0,4639.0,4736.0,4608.0,5244.0,5244.0
09-20 10:00,4666.0,4702.0,4637.0,4853.0,4553.0,4619.0,4619.0
09-20 11:00,4681.0,4644.0,4632.0,4423.0,4381.0,4555.0,4555.0
09-20 12:00,4675.0,4619.0,4607.0,4286.0,4209.0,4374.0,4374.0
09-20 13:00,4636.0,4656.0,4561.0,4272.0,4068.0,4260.0,4260.0
09-20 14:00,4681.0,4620.0,4590.0,4126.0,4094.0,4332.0,4332.0
09-20 15:00,4587.0,4701.0,4598.0,4211.0,4218.0,4650.0,4650.0
09-20 16:00,4715.0,4748.0,4615.0,4380.0,4274.0,4902.0,4902.0
09-20 17:00,4724.0,4722.0,4681.0,4786.0,4530.0,5121.0,5121.0
09-20 18:00,4815.0,4797.0,4682.0,5056.0,4556.0,5350.0,5350.0
09-20 19:00,4963.0,4775.0,4699.0,5238.0,4591.0,5313.0,5313.0
09-20 20:00,4913.0,4758.0,4660.0,4837.0,4500.0,5307.0,5307.0
09-20 21:00,4855.0,4757.0,4598.0,4676.0,4343.0,4904.0,4904.0
09-20 22:00,4891.0,4634.0,4541.0,4662.0,4325.0,4607.0,4607.0
09-20 23:00,4800.0,4622.0,4529.0,4250.0,4169.0,4432.0,4432.0
09-21 00:00,4570.0,4670.0,4486.0,4325.0,4009.0,4318.0,4318.0
09-21 01:00,4517.0,4674.0,4448.0,4301.0,3961.0,4235.0,4235.0
09-21 02:00,4509.0,4660.0,4480.0,4253.0,3965.0,4247.0,4247.0
09-21 03:00,4534.0,4662.0,4480.0,4097.0,3826.0,4337.0,4337.0
09-21 04:00,4562.0,4642.0,4471.0,4052.0,3842.0,4361.0,4361.0
09-21 05:00,4583.0,4647.0,4538.0,4222.0,3899.0,4417.0,4417.0
09-21 06:00,4934.0,4665.0,4659.0,4435.0,4030.0,4586.0,4586.0
09-21 07:00,4664.0,4620.0,4662.0,4548.0,4089.0,4684.0,4684.0
09-21 08:00,4835.0,4669.0,4684.0,4476.0,4164.0,5065.0,5065.0
09-21 09:00,4722.0,4677.0,4660.0,4151.0,4182.0,5037.0,5037.0
09-21 10:00,4799.0,4596.0,4662.0,4184.0,4038.0,4659.0,4659.0
09-21 11:00,4615.0,4554.0,4596.0,3829.0,3895.0,4361.0,4361.0
09-21 12:00,4555.0,4537.0,4558.0,3719.0,3833.0,4339.0,4339.0
09-21 13:00,4489.0,4600.0,4520.0,4024.0,3813.0,4346.0,4346.0
09-21 14:00,4527.0,4572.0,4536.0,4022.0,3789.0,4387.0,4387.0
09-21 15:00,4715.0,4579.0,4601.0,4023.0,3765.0,4394.0,4394.0
09-21 16:00,4532.0,4644.0,4615.0,3956.0,3952.0,4524.0,4524.0
09-21 17:00,4592.0,4702.0,4622.0,3825.0,4163.0,4970.0,4970.0
09-21 18:00,4792.0,4824.0,4654.0,3888.0,4380.0,4928.0,4928.0
09-21 19:00,4670.0,4807.0,4682.0,3883.0,4451.0,5098.0,5098.0
09-21 20:00,4720.0,4777.0,4673.0,4117.0,4519.0,5149.0,5149.0
09-21 21:00,4591.0,4690.0,4613.0,3773.0,4393.0,4705.0,4705.0
09-21 22:00,4564.0,4624.0,4539.0,3777.0,4119.0,4384.0,4384.0
09-21 23:00,4552.0,4597.0,4559.0,3774.0,4053.0,4299.0,4299.0
09-22 00:00,4599.0,4541.0,4513.0,3979.0,4012.0,4170.0,4170.0
09-22 01:00,4559.0,4559.0,4457.0,4076.0,3993.0,4127.0,4127.0
09-22 02:00,4532.0,4592.0,4461.0,4065.0,3971.0,4133.0,4133.0
09-22 03:00,4503.0,4605.0,4445.0,4035.0,4185.0,4128.0,4128.0
09-22 04:00,4486.0,4639.0,4461.0,4100.0,4086.0,4183.0,4183.0
09-22 05:00,4527.0,4677.0,4532.0,4064.0,4252.0,4345.0,4345.0
09-22 06:00,4523.0,4748.0,4571.0,4049.0,4066.0,4609.0,4609.0
09-22 07:00,4538.0,4604.0,4635.0,4222.0,4144.0,5237.0,5237.0
09-22 08:00,4708.0,4643.0,4664.0,4261.0,4155.0,5287.0,5287.0
09-22 09:00,4602.0,4601.0,4662.0,4380.0,4220.0,5223.0,5223.0
09-22 10:00,4663.0,4651.0,4636.0,4264.0,4156.0,5172.0,5172.0
09-22 11:00,4781.0,4745.0,4598.0,4219.0,4175.0,4482.0,4482.0
09-22 12:00,4579.0,4644.0,4612.0,4229.0,4253.0,4259.0,4259.0
09-22 13:00,4768.0,4669.0,4555.0,4053.0,4031.0,4283.0,4283.0
09-22 14:00,4523.0,4673.0,4520.0,4105.0,3941.0,4213.0,4213.0
09-22 15:00,4605.0,4721.0,4561.0,4413.0,3948.0,4330.0,4330.0
09-22 16:00,4718.0,4693.0,4535.0,4680.0,4079.0,4672.0,4672.0
09-22 17:00,4866.0,4789.0,4552.0,4667.0,4282.0,4800.0,4800.0
09-22 18:00,4926.0,4812.0,4583.0,4548.0,4398.0,5111.0,5111.0
09-22 19:00,4909.0,4851.0,4671.0,4249.0,4357.0,5188.0,5188.0
09-22 20:00,4885.0,4842.0,4622.0,4719.0,4407.0,5035.0,5035.0
09-22 21:00,4824.0,4691.0,4571.0,4128.0,4270.0,4757.0,4757.0
09-22 22:00,4652.0,4603.0,4554.0,4103.0,4177.0,4813.0,4813.0
09-22 23:00,4649.0,4663.0,4549.0,4100.0,3960.0,4227.0,4227.0
09-23 00:00,4581.0,4650.0,4447.0,4049.0,3886.0,4226.0,4226.0
09-23 01:00,4536.0,4582.0,4440.0,3970.0,3885.0,4218.0,4218.0
09-23 02:00,4558.0,4587.0,4410.0,4001.0,3825.0,4106.0,4106.0
09-23 03:00,4521.0,4558.0,4454.0,3971.0,3852.0,3952.0,3952.0
09-23 04:00,4606.0,4572.0,4454.0,4016.0,3853.0,3967.0,3967.0
09-23 05:00,4621.0,4591.0,4448.0,4042.0,4051.0,4329.0,4329.0
09-23 06:00,4725.0,4687.0,4518.0,4043.0,4233.0,4793.0,4793.0
09-23 07:00,4877.0,4672.0,4573.0,4070.0,4523.0,5200.0,5200.0
09-23 08:00,4995.0,4722.0,4631.0,4211.0,4621.0,5246.0,5246.0
09-23 09:00,4888.0,4688.0,4635.0,4227.0,4629.0,4628.0,4628.0
09-23 10:00,4921.0,4624.0,4629.0,4261.0,4606.0,4544.0,4544.0
09-23 11:00,4904.0,4648.0,4615.0,4251.0,4599.0,4326.0,4326.0
09-23 12:00,4765.0,4641.0,4583.0,4229.0,4442.0,4244.0,4244.0
09-23 13:00,4773.0,4636.0,4530.0,4125.0,4030.0,4215.0,4215.0
09-23 14:00,4765.0,4634.0,4522.0,4144.0,4320.0,4233.0,4233.0
09-23 15:00,4867.0,4730.0,4530.0,4127.0,4440.0,4206.0,4206.0
09-23 16:00,4815.0,4742.0,4569.0,4038.0,4351.0,4417.0,4417.0
09-23 17:00,4873.0,4786.0,4608.0,4143.0,4575.0,4891.0,4891.0
09-23 18:00,4740.0,4787.0,4646.0,4194.0,4655.0,4886.0,4886.0
09-23 19:00,5009.0,4840.0,4682.0,4123.0,4614.0,5252.0,5252.0
09-23 20:00,4720.0,4789.0,4701.0,4300.0,4624.0,4547.0,4547.0
09-23 21:00,4718.0,4756.0,4606.0,4060.0,4494.0,4457.0,4457.0
09-23 22:00,4616.0,4708.0,4530.0,4051.0,4358.0,4225.0,4225.0
09-23 23:00,4554.0,4692.0,4530.0,4026.0,4266.0,4180.0,4180.0
09-24 00:00,4552.0,4615.0,4524.0,4024.0,4233.0,4112.0,4112.0
09-24 01:00,4552.0,4587.0,4483.0,4140.0,4099.0,4114.0,4114.0
09-24 02:00,4520.0,4552.0,4489.0,4009.0,3957.0,4164.0,4164.0
09-24 03:00,4498.0,4593.0,4518.0,3958.0,3899.0,4077.0,4077.0
09-24 04:00,4522.0,4638.0,4464.0,4011.0,3982.0,4185.0,4185.0
09-24 05:00,4499.0,4646.0,4511.0,4194.0,4190.0,4194.0,4194.0
09-24 06:00,4665.0,4686.0,4513.0,4299.0,4482.0,4897.0,4897.0
09-24 07:00,4787.0,4730.0,4529.0,4492.0,4761.0,4998.0,4998.0
09-24 08:00,4875.0,4757.0,4588.0,4526.0,4689.0,4669.0,4669.0
09-24 09:00,4781.0,4790.0,4636.0,4161.0,4670.0,4524.0,4524.0
09-24 10:00,4508.0,4756.0,4592.0,4227.0,4709.0,4556.0,4556.0
09-24 11:00,4512.0,4704.0,4569.0,4266.0,4583.0,4856.0,4856.0
09-24 12:00,4538.0,4647.0,4549.0,4230.0,4125.0,4685.0,4685.0
09-24 13:00,4606.0,4652.0,4522.0,4174.0,4264.0,4456.0,4456.0
09-24 14:00,4562.0,4648.0,4525.0,4110.0,4512.0,4415.0,4415.0
09-24 15:00,4676.0,4616.0,4552.0,4168.0,4481.0,4426.0,4426.0
09-24 16:00,4566.0,4623.0,4572.0,4050.0,4274.0,4552.0,4552.0
09-24 17:00,4743.0,4627.0,4636.0,4345.0,4589.0,5013.0,5013.0
09-24 18:00,4914.0,4683.0,4664.0,4247.0,4692.0,4877.0,4877.0
09-24 19:00,4819.0,4716.0,4628.0,4295.0,4579.0,4597.0,4597.0
09-24 20:00,4699.0,4722.0,4602.0,4227.0,4528.0,4735.0,4735.0
09-24 21:00,4699.0,4698.0,4589.0,4324.0,4202.0,4655.0,4655.0
09-24 22:00,4690.0,4669.0,4508.0,4150.0,4180.0,4514.0,4514.0
09-24 23:00,4624.0,4620.0,4508.0,4130.0,4098.0,4262.0,4262.0
09-25 00:00,4650.0,4610.0,4441.0,4066.0,4092.0,4150.0,4150.0
09-25 01:00,4569.0,4642.0,4424.0,4072.0,3963.0,4113.0,4113.0
09-25 02:00,4597.0,4627.0,4417.0,4165.0,4023.0,4099.0,4099.0
09-25 03:00,4568.0,4592.0,4399.0,4111.0,3984.0,4072.0,4072.0
09-25 04:00,4584.0,4590.0,4405.0,4044.0,3916.0,4117.0,4117.0
09-25 05:00,4584.0,4581.0,4448.0,4158.0,4232.0,4127.0,4127.0
09-25 06:00,4948.0,4607.0,4558.0,4315.0,4626.0,4380.0,4380.0
09-25 07:00,5096.0,4638.0,4581.0,4234.0,4717.0,4405.0,4405.0
09-25 08:00,5076.0,4695.0,4670.0,4311.0,4813.0,4516.0,4516.0
09-25 09:00,4975.0,4713.0,4627.0,4336.0,4734.0,4524.0,4524.0
09-25 10:00,4624.0,4766.0,4608.0,4263.0,4630.0,4510.0,4510.0
09-25 11:00,4570.0,4710.0,4528.0,4261.0,4580.0,4362.0,4362.0
09-25 12:00,4605.0,4681.0,4513.0,4219.0,4539.0,4240.0,4240.0
09-25 13:00,4609.0,4626.0,4530.0,4152.0,4229.0,4235.0,4235.0
09-25 14:00,4581.0,4612.0,4532.0,4078.0,4137.0,4241.0,4241.0
09-25 15:00,4582.0,4583.0,4529.0,4141.0,4248.0,4277.0,4277.0
09-25 16:00,4602.0,4619.0,4602.0,4246.0,4549.0,4436.0,4436.0
09-25 17:00,4725.0,4639.0,4632.0,4416.0,4726.0,4715.0,4715.0
09-25 18:00,4757.0,4640.0,4683.0,4677.0,4724.0,4770.0,4770.0
09-25 19:00,5074.0,4685.0,4767.0,4406.0,4811.0,4794.0,4794.0
09-25 20:00,4979.0,4697.0,4630.0,4784.0,4737.0,4793.0,4793.0
09-25 21:00,4706.0,4656.0,4545.0,4847.0,4591.0,4724.0,4724.0
09-25 22:00,4627.0,4662.0,4510.0,4656.0,4533.0,4705.0,4705.0
09-25 23:00,4524.0,4607.0,4508.0,4571.0,4396.0,4543.0,4543.0
09-26 00:00,4520.0,4572.0,4463.0,4370.0,4384.0,4218.0,4218.0
09-26 01:00,4609.0,4623.0,4434.0,4429.0,4173.0,4189.0,4189.0
09-26 02:00,4617.0,4616.0,4417.0,4427.0,4115.0,4244.0,4244.0
09-26 03:00,4575.0,4606.0,4392.0,4428.0,4094.0,4155.0,4155.0
09-26 04:00,4447.0,4579.0,4405.0,4431.0,4029.0,4181.0,4181.0
09-26 05:00,4488.0,4647.0,4477.0,4624.0,4246.0,4208.0,4208.0
09-26 06:00,4513.0,4693.0,4735.0,4702.0,4568.0,4321.0,4321.0
09-26 07:00,4481.0,4794.0,4666.0,4748.0,4685.0,4397.0,4397.0
09-26 08:00,4592.0,4825.0,4747.0,4600.0,4710.0,4445.0,4445.0
09-26 09:00,4615.0,4815.0,4667.0,4519.0,4577.0,4415.0,4415.0
09-26 10:00,4728.0,4798.0,4687.0,4459.0,4427.0,4332.0,4332.0
09-26 11:00,4689.0,4718.0,4567.0,4435.0,4684.0,4251.0,4251.0
09-26 12:00,4667.0,4674.0,4544.0,4344.0,4669.0,4224.0,4224.0
09-26 13:00,4593.0,4725.0,4542.0,4369.0,4497.0,4154.0,4154.0
09-26 14:00,4559.0,4688.0,4532.0,4354.0,4573.0,4140.0,4140.0
09-26 15:00,4560.0,4736.0,4564.0,4447.0,4541.0,4144.0,4144.0
09-26 16:00,4556.0,4752.0,4634.0,4554.0,4423.0,4264.0,4264.0
09-26 17:00,4586.0,4744.0,4655.0,4901.0,4620.0,4607.0,4607.0
09-26 18:00,4641.0,4747.0,4675.0,5006.0,4592.0,4659.0,4659.0
09-26 19:00,4793.0,4828.0,4768.0,4921.0,4667.0,4663.0,4663.0
09-26 20:00,4638.0,4786.0,4684.0,4568.0,4594.0,4592.0,4592.0
09-26 21:00,4600.0,4700.0,4659.0,4764.0,4548.0,4522.0,4522.0
09-26 22:00,4582.0,4683.0,4531.0,4542.0,4459.0,4394.0,4394.0
09-26 23:00,4605.0,4673.0,4527.0,4649.0,4260.0,4201.0,4201.0
09-27 00:00,4521.0,4663.0,4516.0,4627.0,4194.0,4096.0,4096.0
09-27 01:00,4504.0,4625.0,4496.0,4412.0,4118.0,4162.0,4162.0
09-27 02:00,4490.0,4624.0,4477.0,4409.0,4017.0,4234.0,4234.0
09-27 03:00,4475.0,4593.0,4527.0,4496.0,4075.0,4185.0,4185.0
09-27 04:00,4473.0,4602.0,4591.0,4525.0,4121.0,4226.0,4226.0
09-27 05:00,4490.0,4627.0,4591.0,4545.0,4391.0,4218.0,4218.0
09-27 06:00,4477.0,4618.0,4640.0,4982.0,4404.0,4818.0,4818.0
09-27 07:00,4531.0,4754.0,4663.0,4970.0,4500.0,4674.0,4674.0
09-27 08:00,4602.0,4715.0,4684.0,4915.0,5036.0,4626.0,4626.0
09-27 09:00,4675.0,4784.0,4633.0,4675.0,5079.0,4693.0,4693.0
09-27 10:00,4631.0,4753.0,4646.0,4532.0,4891.0,4504.0,4504.0
09-27 11:00,4609.0,4739.0,4588.0,4581.0,4413.0,4230.0,4230.0
09-27 12:00,4844.0,4668.0,4552.0,4496.0,4232.0,4210.0,4210.0
09-27 13:00,4655.0,4671.0,4564.0,4421.0,4232.0,4174.0,4174.0
09-27 14:00,4616.0,4674.0,4564.0,4436.0,4096.0,4256.0,4256.0
09-27 15:00,4581.0,4678.0,4568.0,4445.0,4046.0,4291.0,4291.0
09-27 16:00,4555.0,4660.0,4559.0,4553.0,4317.0,4394.0,4394.0
09-27 17:00,4668.0,4717.0,4579.0,4693.0,4495.0,4503.0,4503.0
09-27 18:00,4661.0,4701.0,4587.0,4968.0,4538.0,4629.0,4629.0
09-27 19:00,4770.0,4804.0,4628.0,4902.0,4546.0,4805.0,4805.0
09-27 20:00,4803.0,4654.0,4604.0,4851.0,4371.0,4727.0,4727.0
09-27 21:00,4624.0,4674.0,4563.0,4588.0,4306.0,4624.0,4624.0
09-27 22:00,4592.0,4601.0,4553.0,4532.0,4297.0,4414.0,4414.0
09-27 23:00,4612.0,4631.0,4580.0,4411.0,4316.0,4152.0,4152.0
09-28 00:00,4564.0,4658.0,4509.0,4400.0,4306.0,4159.0,4159.0
09-28 01:00,4555.0,4638.0,4478.0,4471.0,4190.0,4078.0,4078.0
09-28 02:00,4599.0,4616.0,4471.0,4427.0,4205.0,4082.0,4082.0
09-28 03:00,4606.0,4616.0,4495.0,4436.0,4013.0,4196.0,4196.0
09-28 04:00,4568.0,4511.0,4526.0,4496.0,4080.0,4269.0,4269.0
09-28 05:00,4605.0,4538.0,4525.0,4472.0,4148.0,4185.0,4185.0
09-28 06:00,4674.0,4638.0,4596.0,4560.0,4100.0,4397.0,4397.0
09-28 07:00,4948.0,4650.0,4588.0,4686.0,4161.0,4699.0,4699.0
09-28 08:00,5123.0,4742.0,4650.0,4635.0,4355.0,4806.0,4806.0
09-28 09:00,5036.0,4718.0,4626.0,4522.0,4428.0,4776.0,4776.0
09-28 10:00,4995.0,4634.0,4567.0,4560.0,4244.0,4695.0,4695.0
09-28 11:00,4656.0,4619.0,4579.0,4609.0,4171.0,4513.0,4513.0
09-28 12:00,4701.0,4596.0,4582.0,4504.0,4232.0,4304.0,4304.0
09-28 13:00,4857.0,4651.0,4495.0,4572.0,4124.0,4186.0,4186.0
09-28 14:00,4630.0,4601.0,4494.0,4476.0,4082.0,4238.0,4238.0
09-28 15:00,4631.0,4664.0,4535.0,4550.0,4073.0,4420.0,4420.0
09-28 16:00,4643.0,4664.0,4623.0,4562.0,4095.0,4517.0,4517.0
09-28 17:00,4684.0,4765.0,4717.0,4636.0,4276.0,4692.0,4692.0
09-28 18:00,4872.0,4857.0,4736.0,4711.0,4365.0,5054.0,5054.0
09-28 19:00,4976.0,4892.0,4793.0,4856.0,4360.0,5098.0,5098.0
09-28 20:00,4900.0,4799.0,4663.0,4791.0,4395.0,4742.0,4742.0
09-28 21:00,4785.0,4729.0,4605.0,4645.0,4233.0,4712.0,4712.0
09-28 22:00,4651.0,4649.0,4625.0,4600.0,4172.0,4553.0,4553.0
09-28 23:00,4633.0,4640.0,4585.0,4583.0,4109.0,4361.0,4361.0
09-29 00:00,4605.0,4636.0,4505.0,4514.0,4094.0,4315.0,4315.0
09-29 01:00,4662.0,4635.0,4557.0,4465.0,4044.0,4180.0,4180.0
09-29 02:00,4678.0,4616.0,4496.0,4496.0,4017.0,4112.0,4112.0
09-29 03:00,4681.0,4556.0,4464.0,4486.0,4000.0,4092.0,4092.0
09-29 04:00,4645.0,4545.0,4504.0,4497.0,4022.0,4130.0,4130.0
09-29 05:00,4696.0,4554.0,4552.0,4528.0,4042.0,4180.0,4180.0
09-29 06:00,4819.0,4644.0,4614.0,4536.0,4163.0,4447.0,4447.0
09-29 07:00,4881.0,4647.0,4681.0,4588.0,4167.0,4664.0,4664.0
09-29 08:00,4673.0,4729.0,4695.0,4580.0,4187.0,4956.0,4956.0
09-29 09:00,4616.0,4690.0,4691.0,4587.0,4252.0,4980.0,4980.0
09-29 10:00,4589.0,4645.0,4678.0,4627.0,4253.0,4591.0,4591.0
09-29 11:00,4533.0,4659.0,4693.0,4589.0,4146.0,4422.0,4422.0
09-29 12:00,4622.0,4619.0,4635.0,4584.0,4272.0,4348.0,4348.0
09-29 13:00,4587.0,4638.0,4627.0,4593.0,4083.0,4287.0,4287.0
09-29 14:00,4590.0,4574.0,4595.0,4512.0,4062.0,4302.0,4302.0
09-29 15:00,4619.0,4601.0,4588.0,4506.0,4110.0,4363.0,4363.0
09-29 16:00,4639.0,4656.0,4621.0,4546.0,4135.0,4426.0,4426.0
09-29 17:00,4836.0,4771.0,4618.0,4974.0,4225.0,4517.0,4517.0
09-29 18:00,4894.0,4697.0,4665.0,5141.0,4286.0,4726.0,4726.0
09-29 19:00,4892.0,4712.0,4650.0,4977.0,4467.0,4678.0,4678.0
09-29 20:00,4817.0,4692.0,4600.0,4909.0,4320.0,4631.0,4631.0
09-29 21:00,4745.0,4655.0,4625.0,4802.0,4278.0,4547.0,4547.0
09-29 22:00,4625.0,4679.0,4581.0,4640.0,4550.0,4404.0,4404.0
09-29 23:00,4555.0,4667.0,4608.0,4556.0,4308.0,4347.0,4347.0
09-30 00:00,4544.0,4684.0,4521.0,4537.0,4105.0,4216.0,4216.0
09-30 01:00,4564.0,4595.0,4489.0,4510.0,3962.0,4308.0,4308.0
09-30 02:00,4549.0,4602.0,4465.0,4478.0,3966.0,4274.0,4274.0
09-30 03:00,4502.0,4610.0,4459.0,4488.0,3952.0,4307.0,4307.0
09-30 04:00,4546.0,4579.0,4458.0,4486.0,3934.0,4294.0,4294.0
09-30 05:00,4644.0,4626.0,4518.0,4503.0,4030.0,4361.0,4361.0
09-30 06:00,4712.0,4712.0,4634.0,4586.0,4074.0,4683.0,4683.0
09-30 07:00,4738.0,4765.0,4592.0,4581.0,4287.0,4584.0,4584.0
09-30 08:00,4814.0,4831.0,4646.0,4663.0,4394.0,4736.0,4736.0
09-30 09:00,4765.0,4815.0,4671.0,4706.0,4387.0,4530.0,4530.0
09-30 10:00,4713.0,4776.0,4672.0,4630.0,4259.0,4296.0,4296.0
09-30 11:00,4579.0,4727.0,4621.0,4660.0,4315.0,4255.0,4255.0
09-30 12:00,4580.0,4719.0,4614.0,4606.0,4084.0,4283.0,4283.0
09-30 13:00,4599.0,4744.0,4558.0,4632.0,4247.0,4260.0,4260.0
09-30 14:00,4588.0,4765.0,4537.0,4621.0,4132.0,4387.0,4387.0
09-30 15:00,4591.0,4757.0,4587.0,4692.0,4043.0,4341.0,4341.0
09-30 16:00,4582.0,4742.0,4571.0,4557.0,4109.0,4542.0,4542.0
09-30 17:00,4650.0,4784.0,4616.0,4954.0,4375.0,4849.0,4849.0
09-30 18:00,4684.0,4766.0,4634.0,4856.0,4523.0,5160.0,5160.0
09-30 19:00,4831.0,4823.0,4674.0,4994.0,4595.0,5017.0,5017.0
09-30 20:00,4871.0,4755.0,4636.0,5077.0,4607.0,4710.0,4710.0
09-30 21:00,4744.0,4731.0,4627.0,4757.0,4499.0,4721.0,4721.0
09-30 22:00,4638.0,4690.0,4624.0,4819.0,4249.0,4525.0,4525.0
09-30 23:00,4622.0,4666.0,4620.0,4628.0,4196.0,4409.0,4409.0
10-01 00:00,4604.0,4608.0,4578.0,4732.0,4037.0,4355.0,4355.0
10-01 01:00,4607.0,4615.0,4563.0,4546.0,4037.0,4252.0,4252.0
10-01 02:00,4591.0,4587.0,4581.0,4689.0,4098.0,4230.0,4230.0
10-01 03:00,4564.0,4678.0,4566.0,4473.0,4050.0,4140.0,4140.0
10-01 04:00,4590.0,4644.0,4560.0,4461.0,4101.0,4242.0,4242.0
10-01 05:00,4686.0,4623.0,4558.0,4493.0,4331.0,4216.0,4216.0
10-01 06:00,4740.0,4652.0,4580.0,4600.0,4461.0,4600.0,4600.0
10-01 07:00,4761.0,4697.0,4640.0,4644.0,4560.0,4724.0,4724.0
10-01 08:00,4863.0,4699.0,4695.0,4761.0,4583.0,4692.0,4692.0
10-01 09:00,4788.0,4736.0,4698.0,4763.0,4630.0,4526.0,4526.0
10-01 10:00,4735.0,4729.0,4711.0,4795.0,4679.0,4459.0,4459.0
10-01 11:00,4618.0,4747.0,4696.0,4579.0,4449.0,4441.0,4441.0
10-01 12:00,4595.0,4721.0,4684.0,4659.0,4501.0,4299.0,4299.0
10-01 13:00,4690.0,4725.0,4625.0,4612.0,4396.0,4308.0,4308.0
10-01 14:00,4695.0,4785.0,4591.0,4491.0,4089.0,4281.0,4281.0
10-01 15:00,4625.0,4799.0,4590.0,4531.0,4155.0,4331.0,4331.0
10-01 16:00,4692.0,4782.0,4646.0,4672.0,4313.0,4479.0,4479.0
10-01 17:00,4705.0,4783.0,4709.0,4801.0,4564.0,4887.0,4887.0
10-01 18:00,4713.0,4821.0,4725.0,4886.0,4657.0,5064.0,5064.0
10-01 19:00,4880.0,4819.0,4696.0,4771.0,4485.0,4836.0,4836.0
10-01 20:00,4845.0,4778.0,4652.0,4717.0,4541.0,4916.0,4916.0
10-01 21:00,4797.0,4807.0,4652.0,4626.0,4586.0,4698.0,4698.0
10-01 22:00,4714.0,4725.0,4585.0,4576.0,4482.0,4679.0,4679.0
10-01 23:00,4658.0,4740.0,4562.0,4498.0,4364.0,4600.0,4600.0
10-02 00:00,4599.0,4726.0,4547.0,4573.0,4162.0,4342.0,4342.0
10-02 01:00,4533.0,4708.0,4509.0,4555.0,4088.0,4297.0,4297.0
10-02 02:00,4542.0,4682.0,4467.0,4569.0,4087.0,4283.0,4283.0
10-02 03:00,4535.0,4717.0,4468.0,4539.0,4062.0,4351.0,4351.0
10-02 04:00,4529.0,4711.0,4491.0,4532.0,4108.0,4270.0,4270.0
10-02 05:00,4567.0,4708.0,4518.0,4553.0,4185.0,4352.0,4352.0
10-02 06:00,4630.0,4700.0,4527.0,4740.0,4289.0,4445.0,4445.0
10-02 07:00,4664.0,4688.0,4656.0,4790.0,4408.0,4604.0,4604.0
10-02 08:00,4689.0,4730.0,4680.0,4932.0,4588.0,4656.0,4656.0
10-02 09:00,4761.0,4755.0,4654.0,4792.0,4701.0,4654.0,4654.0
10-02 10:00,4943.0,4777.0,4621.0,4714.0,4513.0,4654.0,4654.0
10-02 11:00,4763.0,4809.0,4758.0,4343.0,4419.0,4547.0,4547.0
10-02 12:00,4795.0,4787.0,4758.0,4588.0,4277.0,4378.0,4378.0
10-02 13:00,4823.0,4764.0,4701.0,4673.0,4274.0,4282.0,4282.0
10-02 14:00,4788.0,4730.0,4608.0,4704.0,4180.0,4315.0,4315.0
10-02 15:00,4683.0,4738.0,4698.0,4600.0,4101.0,4303.0,4303.0
10-02 16:00,4726.0,4761.0,4628.0,4637.0,4198.0,4406.0,4406.0
10-02 17:00,4703.0,4794.0,4698.0,4683.0,4293.0,4533.0,4533.0
10-02 18:00,4703.0,4783.0,4865.0,4779.0,4369.0,4612.0,4612.0
10-02 19:00,4796.0,4765.0,4843.0,4938.0,4350.0,4659.0,4659.0
10-02 20:00,4798.0,4772.0,4797.0,4861.0,4307.0,4540.0,4540.0
10-02 21:00,4664.0,4812.0,4792.0,4698.0,4215.0,4495.0,4495.0
10-02 22:00,4621.0,4787.0,4626.0,4918.0,4207.0,4387.0,4387.0
10-02 23:00,4605.0,4772.0,4600.0,4713.0,4111.0,4348.0,4348.0
10-03 00:00,4599.0,4721.0,4593.0,4926.0,4095.0,4223.0,4223.0
10-03 01:00,4586.0,4716.0,4613.0,4672.0,4162.0,4132.0,4132.0
10-03 02:00,4590.0,4686.0,4534.0,4662.0,4205.0,4292.0,4292.0
10-03 03:00,4562.0,4675.0,4482.0,4567.0,4155.0,4296.0,4296.0
10-03 04:00,4580.0,4656.0,4509.0,4495.0,4198.0,4361.0,4361.0
10-03 05:00,4588.0,4667.0,4548.0,4571.0,4122.0,4402.0,4402.0
10-03 06:00,4577.0,4709.0,4572.0,4694.0,4201.0,4305.0,4305.0
10-03 07:00,4635.0,4785.0,4646.0,4747.0,4342.0,4358.0,4358.0
10-03 08:00,4663.0,4722.0,4718.0,4844.0,4399.0,4540.0,4540.0
10-03 09:00,4659.0,4810.0,4720.0,4780.0,4373.0,4456.0,4456.0
10-03 10:00,4637.0,4822.0,4725.0,4712.0,4375.0,4432.0,4432.0
10-03 11:00,4626.0,4839.0,4722.0,4622.0,4414.0,4407.0,4407.0
10-03 12:00,4650.0,4794.0,4671.0,4683.0,4509.0,4355.0,4355.0
10-03 13:00,4641.0,4792.0,4633.0,4631.0,4444.0,4272.0,4272.0
10-03 14:00,4674.0,4796.0,4598.0,4562.0,4488.0,4246.0,4246.0
10-03 15:00,4610.0,4859.0,4570.0,4782.0,4459.0,4281.0,4281.0
10-03 16:00,4611.0,4883.0,4586.0,4675.0,4740.0,4301.0,4301.0
10-03 17:00,4694.0,4838.0,4616.0,5104.0,4756.0,4505.0,4505.0
10-03 18:00,4841.0,4766.0,4723.0,5244.0,4916.0,4660.0,4660.0
10-03 19:00,4865.0,4759.0,4829.0,4980.0,4875.0,4743.0,4743.0
10-03 20:00,4839.0,4791.0,4967.0,4803.0,4736.0,4605.0,4605.0
10-03 21:00,4668.0,4766.0,4780.0,4765.0,4609.0,4484.0,4484.0
10-03 22:00,4611.0,4735.0,4812.0,4852.0,4499.0,4347.0,4347.0
10-03 23:00,4600.0,4779.0,4584.0,5119.0,4334.0,4247.0,4247.0
10-04 00:00,4576.0,4741.0,4559.0,4736.0,4431.0,4179.0,4179.0
10-04 01:00,4539.0,4711.0,4487.0,4669.0,4225.0,4123.0,4123.0
10-04 02:00,4532.0,4691.0,4524.0,4598.0,4262.0,4139.0,4139.0
10-04 03:00,4542.0,4692.0,4513.0,4656.0,4252.0,4211.0,4211.0
10-04 04:00,4540.0,4688.0,4503.0,4565.0,4245.0,4163.0,4163.0
10-04 05:00,4516.0,4731.0,4587.0,4863.0,4334.0,4221.0,4221.0
10-04 06:00,4545.0,4806.0,4766.0,5282.0,4672.0,4728.0,4728.0
10-04 07:00,4579.0,4798.0,4941.0,5438.0,4837.0,4797.0,4797.0
10-04 08:00,4613.0,4795.0,4798.0,5417.0,4714.0,4803.0,4803.0
10-04 09:00,4642.0,4807.0,4772.0,5334.0,4813.0,4793.0,4793.0
10-04 10:00,4633.0,4773.0,4652.0,5331.0,4748.0,4765.0,4765.0
10-04 11:00,4673.0,4792.0,4569.0,5191.0,4510.0,4764.0,4764.0
10-04 12:00,4672.0,4714.0,4551.0,5097.0,4574.0,4527.0,4527.0
10-04 13:00,4597.0,4717.0,4552.0,4966.0,4640.0,4433.0,4433.0
10-04 14:00,4530.0,4713.0,4553.0,4907.0,4329.0,4386.0,4386.0
10-04 15:00,4534.0,4753.0,4576.0,4886.0,4421.0,4376.0,4376.0
10-04 16:00,4546.0,4749.0,4603.0,4889.0,4439.0,4745.0,4745.0
10-04 17:00,4573.0,4815.0,4634.0,5158.0,4555.0,4857.0,4857.0
10-04 18:00,4635.0,4826.0,4676.0,5287.0,4820.0,5155.0,5155.0
10-04 19:00,4665.0,4845.0,4678.0,5297.0,4827.0,5194.0,5194.0
10-04 20:00,4628.0,4842.0,4648.0,5183.0,4659.0,4949.0,4949.0
10-04 21:00,4665.0,4775.0,4622.0,4921.0,4597.0,4698.0,4698.0
10-04 22:00,4647.0,4717.0,4579.0,4728.0,4590.0,4463.0,4463.0
10-04 23:00,4627.0,4731.0,4519.0,4618.0,4543.0,4253.0,4253.0
10-05 00:00,4528.0,4675.0,4467.0,4648.0,4396.0,4219.0,4219.0
10-05 01:00,4505.0,4664.0,4454.0,4674.0,4324.0,4197.0,4197.0
10-05 02:00,4487.0,4653.0,4446.0,4609.0,4325.0,4161.0,4161.0
10-05 03:00,4489.0,4647.0,4438.0,4554.0,4327.0,4158.0,4158.0
10-05 04:00,4497.0,4609.0,4446.0,4643.0,4414.0,4166.0,4166.0
10-05 05:00,4535.0,4631.0,4509.0,4697.0,4452.0,4224.0,4224.0
10-05 06:00,4989.0,4730.0,4845.0,4793.0,4526.0,4719.0,4719.0
10-05 07:00,5075.0,4726.0,4859.0,4826.0,4754.0,4938.0,4938.0
10-05 08:00,5040.0,4815.0,4889.0,4925.0,4801.0,5087.0,5087.0
10-05 09:00,4860.0,4781.0,4711.0,4696.0,4778.0,5026.0,5026.0
10-05 10:00,4872.0,4734.0,4628.0,4815.0,4858.0,4927.0,4927.0
10-05 11:00,4648.0,4755.0,4589.0,4608.0,4804.0,4806.0,4806.0
10-05 12:00,4662.0,4751.0,4566.0,4612.0,4793.0,4697.0,4697.0
10-05 13:00,4551.0,4761.0,4496.0,4712.0,4609.0,4712.0,4712.0
10-05 14:00,4516.0,4760.0,4471.0,4586.0,4824.0,4505.0,4505.0
10-05 15:00,4488.0,4825.0,4511.0,4704.0,4763.0,4524.0,4524.0
10-05 16:00,4501.0,4794.0,4419.0,4822.0,4749.0,4567.0,4567.0
10-05 17:00,4517.0,4845.0,4420.0,5071.0,4840.0,5084.0,5084.0
10-05 18:00,4829.0,4996.0,4583.0,5023.0,4962.0,5255.0,5255.0
10-05 19:00,4920.0,4912.0,4541.0,4952.0,4826.0,4941.0,4941.0
10-05 20:00,4722.0,4796.0,4544.0,4977.0,4918.0,4812.0,4812.0
10-05 21:00,4670.0,4816.0,4535.0,4710.0,4626.0,4627.0,4627.0
10-05 22:00,4687.0,4753.0,4498.0,4719.0,4545.0,4434.0,4434.0
10-05 23:00,4615.0,4715.0,4499.0,4731.0,4490.0,4274.0,4274.0
10-06 00:00,4719.0,4685.0,4482.0,4572.0,4399.0,4235.0,4235.0
10-06 01:00,4584.0,4679.0,4431.0,4542.0,4372.0,4219.0,4219.0
10-06 02:00,4568.0,4681.0,4412.0,4533.0,4351.0,4274.0,4274.0
10-06 03:00,4543.0,4707.0,4441.0,4548.0,4385.0,4200.0,4200.0
10-06 04:00,4502.0,4696.0,4476.0,4508.0,4400.0,4215.0,4215.0
10-06 05:00,4592.0,4720.0,4511.0,4546.0,4468.0,4311.0,4311.0
10-06 06:00,4745.0,4765.0,4653.0,4922.0,4478.0,4481.0,4481.0
10-06 07:00,4948.0,4797.0,4833.0,4928.0,4534.0,4724.0,4724.0
10-06 08:00,5089.0,4832.0,4934.0,4938.0,4573.0,4745.0,4745.0
10-06 09:00,4898.0,4761.0,4791.0,5057.0,4702.0,4710.0,4710.0
10-06 10:00,4783.0,4723.0,4660.0,4841.0,4656.0,4490.0,4490.0
10-06 11:00,4718.0,4698.0,4776.0,5123.0,4579.0,4463.0,4463.0
10-06 12:00,4591.0,4742.0,4810.0,4795.0,4522.0,4436.0,4436.0
10-06 13:00,4655.0,4732.0,4736.0,4610.0,4479.0,4552.0,4552.0
10-06 14:00,4716.0,4779.0,4653.0,4532.0,4464.0,4383.0,4383.0
10-06 15:00,4832.0,4759.0,4674.0,4695.0,4454.0,4391.0,4391.0
10-06 16:00,4864.0,4802.0,4723.0,5031.0,4520.0,4628.0,4628.0
10-06 17:00,4935.0,4909.0,4857.0,5117.0,4670.0,4908.0,4908.0
10-06 18:00,5039.0,4955.0,5016.0,5088.0,4735.0,4955.0,4955.0
10-06 19:00,5049.0,4965.0,4999.0,4995.0,5041.0,4864.0,4864.0
10-06 20:00,5027.0,4835.0,4855.0,5115.0,5093.0,4817.0,4817.0
10-06 21:00,4736.0,4849.0,4691.0,4838.0,4640.0,4520.0,4520.0
10-06 22:00,4884.0,4762.0,4674.0,4778.0,4703.0,4401.0,4401.0
10-06 23:00,4627.0,4735.0,4645.0,4588.0,4643.0,4356.0,4356.0
10-07 00:00,4690.0,4765.0,4755.0,4780.0,4386.0,4204.0,4204.0
10-07 01:00,4555.0,4757.0,4604.0,4636.0,4358.0,4279.0,4279.0
10-07 02:00,4537.0,4729.0,4573.0,4592.0,4371.0,4169.0,4169.0
10-07 03:00,4464.0,4725.0,4533.0,4613.0,4479.0,4268.0,4268.0
10-07 04:00,4494.0,4729.0,4545.0,4629.0,4405.0,4164.0,4164.0
10-07 05:00,4560.0,4765.0,4585.0,4756.0,4278.0,4307.0,4307.0
10-07 06:00,4931.0,4849.0,4618.0,4643.0,4728.0,4783.0,4783.0
10-07 07:00,4855.0,4838.0,4666.0,4763.0,4960.0,4930.0,4930.0
10-07 08:00,4998.0,4967.0,4718.0,4769.0,4766.0,4856.0,4856.0
10-07 09:00,4927.0,5012.0,4769.0,4635.0,4784.0,4929.0,4929.0
10-07 10:00,4919.0,5002.0,4749.0,4675.0,4792.0,4740.0,4740.0
10-07 11:00,4888.0,5004.0,4757.0,4732.0,4728.0,4707.0,4707.0
10-07 12:00,4833.0,5034.0,4731.0,4714.0,4396.0,4535.0,4535.0
10-07 13:00,4860.0,5030.0,4729.0,4537.0,4584.0,4331.0,4331.0
10-07 14:00,4915.0,5012.0,4684.0,4530.0,4560.0,4375.0,4375.0
10-07 15:00,4775.0,5022.0,4688.0,4621.0,4459.0,4417.0,4417.0
10-07 16:00,4837.0,5027.0,4703.0,4716.0,4371.0,4608.0,4608.0
10-07 17:00,4773.0,4971.0,4771.0,4737.0,4499.0,4789.0,4789.0
10-07 18:00,4995.0,5080.0,4762.0,4956.0,4501.0,4979.0,4979.0
10-07 19:00,4995.0,5047.0,4776.0,5165.0,4590.0,5020.0,5020.0
10-07 20:00,4936.0,4946.0,4688.0,5245.0,4661.0,4992.0,4992.0
10-07 21:00,4684.0,4848.0,4671.0,4836.0,4424.0,4664.0,4664.0
10-07 22:00,4682.0,4786.0,4688.0,4676.0,4309.0,4483.0,4483.0
10-07 23:00,4696.0,4763.0,4654.0,4322.0,4190.0,4298.0,4298.0
10-08 00:00,4616.0,4768.0,4649.0,4248.0,4112.0,4269.0,4269.0
10-08 01:00,4534.0,4702.0,4608.0,4307.0,4039.0,4216.0,4216.0
10-08 02:00,4559.0,4728.0,4582.0,4259.0,3998.0,4229.0,4229.0
10-08 03:00,4531.0,4707.0,4542.0,4194.0,4096.0,4205.0,4205.0
10-08 04:00,4544.0,4712.0,4630.0,4249.0,4047.0,4230.0,4230.0
10-08 05:00,4581.0,4708.0,4671.0,4539.0,4165.0,4426.0,4426.0
10-08 06:00,4614.0,4717.0,4665.0,4838.0,4381.0,4583.0,4583.0
10-08 07:00,4746.0,4745.0,4701.0,4650.0,4496.0,4843.0,4843.0
10-08 08:00,4939.0,4842.0,4789.0,4934.0,4722.0,4967.0,4967.0
10-08 09:00,5022.0,4855.0,4799.0,4879.0,4600.0,4885.0,4885.0
10-08 10:00,5066.0,4893.0,4790.0,4840.0,4573.0,4654.0,4654.0
10-08 11:00,4767.0,4898.0,4813.0,4611.0,4427.0,4538.0,4538.0
10-08 12:00,4757.0,4846.0,4741.0,4287.0,4381.0,4419.0,4419.0
10-08 13:00,4810.0,4818.0,4815.0,4450.0,4431.0,4310.0,4310.0
10-08 14:00,4784.0,4831.0,4753.0,4313.0,4520.0,4321.0,4321.0
10-08 15:00,4778.0,4812.0,4741.0,4312.0,4608.0,4443.0,4443.0
10-08 16:00,4804.0,4796.0,4783.0,4423.0,4653.0,4552.0,4552.0
10-08 17:00,5040.0,4839.0,5032.0,4510.0,4978.0,4712.0,4712.0
10-08 18:00,5103.0,4865.0,5042.0,4700.0,5016.0,4743.0,4743.0
10-08 19:00,5069.0,4865.0,5025.0,4932.0,4919.0,4745.0,4745.0
10-08 20:00,5049.0,4842.0,4913.0,4567.0,4850.0,4653.0,4653.0
10-08 21:00,4972.0,4781.0,4861.0,4485.0,4624.0,4506.0,4506.0
10-08 22:00,5017.0,4759.0,4657.0,4368.0,4557.0,4397.0,4397.0
10-08 23:00,5004.0,4744.0,4583.0,4340.0,4535.0,4336.0,4336.0
10-09 00:00,4844.0,4731.0,4581.0,4187.0,4369.0,4275.0,4275.0
10-09 01:00,4694.0,4732.0,4575.0,4203.0,4316.0,4237.0,4237.0
10-09 02:00,4668.0,4690.0,4585.0,4233.0,4310.0,4238.0,4238.0
10-09 03:00,4635.0,4679.0,4603.0,4156.0,4308.0,4320.0,4320.0
10-09 04:00,4788.0,4674.0,4592.0,4195.0,4379.0,4205.0,4205.0
10-09 05:00,4814.0,4691.0,4627.0,4159.0,4432.0,4337.0,4337.0
10-09 06:00,4986.0,4714.0,4800.0,4376.0,4677.0,4401.0,4401.0
10-09 07:00,4948.0,4717.0,4803.0,4766.0,4758.0,4535.0,4535.0
10-09 08:00,5076.0,4799.0,4829.0,4920.0,4850.0,4746.0,4746.0
10-09 09:00,4927.0,4825.0,4805.0,4694.0,4858.0,4741.0,4741.0
10-09 10:00,4860.0,4838.0,4726.0,4628.0,4654.0,4654.0,4654.0
10-09 11:00,4823.0,4829.0,4643.0,4652.0,4546.0,4434.0,4434.0
10-09 12:00,4786.0,4827.0,4763.0,4537.0,4497.0,4314.0,4314.0
10-09 13:00,4793.0,4817.0,4664.0,4314.0,4522.0,4294.0,4294.0
10-09 14:00,4791.0,4789.0,4594.0,4493.0,4753.0,4332.0,4332.0
10-09 15:00,4882.0,4804.0,4631.0,4565.0,4652.0,4340.0,4340.0
10-09 16:00,4842.0,4802.0,4661.0,4655.0,4677.0,4523.0,4523.0
10-09 17:00,4870.0,4816.0,4750.0,4610.0,4906.0,4758.0,4758.0
10-09 18:00,5022.0,4870.0,4917.0,4827.0,5059.0,4792.0,4792.0
10-09 19:00,5046.0,4879.0,4949.0,4970.0,5088.0,4763.0,4763.0
10-09 20:00,4955.0,4831.0,4767.0,4737.0,4871.0,4702.0,4702.0
10-09 21:00,4929.0,4804.0,4690.0,4541.0,4672.0,4656.0,4656.0
10-09 22:00,4952.0,4778.0,4578.0,4325.0,4608.0,4687.0,4687.0
10-09 23:00,4842.0,4758.0,4575.0,4229.0,4572.0,4449.0,4449.0
10-10 00:00,4650.0,4758.0,4536.0,4248.0,4566.0,4332.0,4332.0
10-10 01:00,4748.0,4791.0,4557.0,4251.0,4399.0,4303.0,4303.0
10-10 02:00,4687.0,4709.0,4554.0,4203.0,4455.0,4222.0,4222.0
10-10 03:00,4709.0,4716.0,4504.0,4238.0,4430.0,4323.0,4323.0
10-10 04:00,4743.0,4863.0,4479.0,4267.0,4552.0,4225.0,4225.0
10-10 05:00,4724.0,4767.0,4631.0,4310.0,4506.0,4252.0,4252.0
10-10 06:00,4686.0,4912.0,4954.0,4865.0,4822.0,4394.0,4394.0
10-10 07:00,4703.0,4909.0,4992.0,4853.0,4935.0,4498.0,4498.0
10-10 08:00,4731.0,4841.0,5044.0,4811.0,4885.0,4495.0,4495.0
10-10 09:00,4727.0,4847.0,5121.0,4578.0,4963.0,4510.0,4510.0
10-10 10:00,4975.0,4890.0,4933.0,4615.0,4995.0,4529.0,4529.0
10-10 11:00,4732.0,4855.0,4860.0,4530.0,4899.0,4408.0,4408.0
10-10 12:00,4744.0,4851.0,4677.0,4402.0,4689.0,4291.0,4291.0
10-10 13:00,4765.0,4913.0,4817.0,4427.0,4634.0,4256.0,4256.0
10-10 14:00,4801.0,4950.0,4931.0,4321.0,4704.0,4297.0,4297.0
10-10 15:00,4730.0,4969.0,4868.0,4209.0,4674.0,4324.0,4324.0
10-10 16:00,4777.0,4946.0,4669.0,4267.0,4410.0,4418.0,4418.0
10-10 17:00,4772.0,4929.0,4713.0,4442.0,4565.0,4635.0,4635.0
10-10 18:00,4860.0,4968.0,4750.0,4633.0,4813.0,4677.0,4677.0
10-10 19:00,4849.0,4862.0,4753.0,4319.0,4788.0,4711.0,4711.0
10-10 20:00,4770.0,4829.0,4801.0,4325.0,4584.0,4694.0,4694.0
10-10 21:00,4765.0,4810.0,4705.0,4318.0,4316.0,4496.0,4496.0
10-10 22:00,4777.0,4766.0,4638.0,4458.0,4433.0,4558.0,4558.0
10-10 23:00,4724.0,4733.0,4712.0,4344.0,4269.0,4341.0,4341.0
10-11 00:00,4689.0,4715.0,4670.0,4299.0,4237.0,4272.0,4272.0
10-11 01:00,4710.0,4730.0,4564.0,4241.0,4460.0,4253.0,4253.0
10-11 02:00,4643.0,4699.0,4559.0,4284.0,4483.0,4166.0,4166.0
10-11 03:00,4703.0,4656.0,4553.0,4276.0,4469.0,4132.0,4132.0
10-11 04:00,4726.0,4734.0,4566.0,4339.0,4508.0,4180.0,4180.0
10-11 05:00,4675.0,4740.0,4568.0,4304.0,4555.0,4339.0,4339.0
10-11 06:00,4662.0,4783.0,4645.0,4464.0,4845.0,4799.0,4799.0
10-11 07:00,4641.0,4906.0,4786.0,4592.0,4892.0,4618.0,4618.0
10-11 08:00,4709.0,4907.0,4802.0,4476.0,5073.0,4695.0,4695.0
10-11 09:00,4782.0,4805.0,4707.0,4655.0,5038.0,4992.0,4992.0
10-11 10:00,4766.0,4776.0,4634.0,4504.0,4740.0,4703.0,4703.0
10-11 11:00,4782.0,4729.0,4591.0,4386.0,4712.0,4615.0,4615.0
10-11 12:00,4745.0,4738.0,4532.0,4255.0,4796.0,4480.0,4480.0
10-11 13:00,4791.0,4746.0,4666.0,4362.0,4934.0,4419.0,4419.0
10-11 14:00,4763.0,4734.0,4620.0,4371.0,4626.0,4446.0,4446.0
10-11 15:00,4728.0,4763.0,4628.0,4422.0,4707.0,4455.0,4455.0
10-11 16:00,4722.0,4791.0,4658.0,4411.0,4760.0,4680.0,4680.0
10-11 17:00,4740.0,4851.0,4723.0,4505.0,4834.0,5126.0,5126.0
10-11 18:00,4784.0,4873.0,4946.0,4700.0,4916.0,4917.0,4917.0
10-11 19:00,4844.0,4857.0,4979.0,4712.0,4928.0,5115.0,5115.0
10-11 20:00,4748.0,4858.0,4846.0,4405.0,4864.0,4884.0,4884.0
10-11 21:00,4772.0,4802.0,4741.0,4291.0,4782.0,4783.0,4783.0
10-11 22:00,4743.0,4790.0,4748.0,4323.0,4773.0,4448.0,4448.0
10-11 23:00,4760.0,4792.0,4670.0,4313.0,4682.0,4293.0,4293.0
10-12 00:00,4708.0,4764.0,4590.0,4351.0,4643.0,4208.0,4208.0
10-12 01:00,4703.0,4740.0,4545.0,4375.0,4576.0,4214.0,4214.0
10-12 02:00,4668.0,4703.0,4511.0,4315.0,4581.0,4166.0,4166.0
10-12 03:00,4642.0,4741.0,4472.0,4155.0,4614.0,4145.0,4145.0
10-12 04:00,4630.0,4660.0,4516.0,4346.0,4603.0,4237.0,4237.0
10-12 05:00,4725.0,4694.0,4563.0,4355.0,4687.0,4279.0,4279.0
10-12 06:00,4707.0,4788.0,4622.0,4682.0,4785.0,4679.0,4679.0
10-12 07:00,4655.0,4888.0,4678.0,4484.0,4899.0,4861.0,4861.0
10-12 08:00,4692.0,4921.0,4769.0,4541.0,4960.0,4919.0,4919.0
10-12 09:00,4694.0,4897.0,4687.0,4545.0,4877.0,5064.0,5064.0
10-12 10:00,4699.0,4822.0,4646.0,4576.0,4822.0,4832.0,4832.0
10-12 11:00,4651.0,4901.0,4639.0,4395.0,4780.0,4680.0,4680.0
10-12 12:00,4637.0,4791.0,4608.0,4335.0,4771.0,4460.0,4460.0
10-12 13:00,4647.0,4771.0,4536.0,4266.0,4664.0,4494.0,4494.0
10-12 14:00,4668.0,4781.0,4535.0,4284.0,4900.0,4382.0,4382.0
10-12 15:00,4753.0,4799.0,4538.0,4365.0,4876.0,4362.0,4362.0
10-12 16:00,4728.0,4837.0,4658.0,4572.0,4929.0,4447.0,4447.0
10-12 17:00,4847.0,4876.0,4899.0,5149.0,5005.0,4788.0,4788.0
10-12 18:00,4858.0,4899.0,5009.0,5154.0,5193.0,5193.0,5193.0
10-12 19:00,4946.0,4872.0,4919.0,5177.0,5189.0,4949.0,4949.0
10-12 20:00,4747.0,4839.0,4887.0,4852.0,5016.0,4998.0,4998.0
10-12 21:00,4692.0,4802.0,4705.0,4482.0,5068.0,4571.0,4571.0
10-12 22:00,4709.0,4786.0,4698.0,4414.0,4870.0,4355.0,4355.0
10-12 23:00,4710.0,4747.0,4542.0,4283.0,4760.0,4252.0,4252.0
10-13 00:00,4747.0,4774.0,4528.0,4303.0,4721.0,4214.0,4214.0
10-13 01:00,4714.0,4746.0,4521.0,4227.0,4726.0,4192.0,4192.0
10-13 02:00,4729.0,4714.0,4502.0,4296.0,4659.0,4184.0,4184.0
10-13 03:00,4695.0,4676.0,4529.0,4347.0,4676.0,4134.0,4134.0
10-13 04:00,4721.0,4700.0,4536.0,4239.0,4724.0,4184.0,4184.0
10-13 05:00,4771.0,4753.0,4608.0,4279.0,4712.0,4327.0,4327.0
10-13 06:00,4989.0,4771.0,4964.0,4312.0,4910.0,4823.0,4823.0
10-13 07:00,4991.0,4860.0,4926.0,4344.0,4961.0,4944.0,4944.0
10-13 08:00,5132.0,4895.0,4939.0,4487.0,5042.0,5120.0,5120.0
10-13 09:00,5101.0,4933.0,4830.0,4525.0,4920.0,5093.0,5093.0
10-13 10:00,5104.0,4844.0,4781.0,4478.0,5044.0,4815.0,4815.0
10-13 11:00,5096.0,4842.0,4684.0,4507.0,4826.0,4645.0,4645.0
10-13 12:00,4996.0,4853.0,4657.0,4374.0,4869.0,4310.0,4310.0
10-13 13:00,5019.0,4852.0,4709.0,4263.0,4882.0,4432.0,4432.0
10-13 14:00,4924.0,4860.0,4661.0,4174.0,4673.0,4312.0,4312.0
10-13 15:00,4940.0,4900.0,4704.0,4237.0,4699.0,4348.0,4348.0
10-13 16:00,5050.0,4923.0,4744.0,4324.0,4917.0,4548.0,4548.0
10-13 17:00,5074.0,4924.0,5004.0,4478.0,4913.0,4987.0,4987.0
10-13 18:00,5154.0,4918.0,5078.0,4606.0,4925.0,5052.0,5052.0
10-13 19:00,5148.0,4861.0,5088.0,4352.0,4942.0,5049.0,5049.0
10-13 20:00,5050.0,4825.0,4688.0,4425.0,4587.0,4808.0,4808.0
10-13 21:00,4920.0,4845.0,4693.0,4406.0,4548.0,4792.0,4792.0
10-13 22:00,4820.0,4851.0,4634.0,4388.0,4705.0,4563.0,4563.0
10-13 23:00,4839.0,4803.0,4607.0,4335.0,4920.0,4452.0,4452.0
10-14 00:00,4862.0,4757.0,4609.0,4266.0,4704.0,4404.0,4404.0
10-14 01:00,4816.0,4745.0,4581.0,4270.0,4521.0,4292.0,4292.0
10-14 02:00,4726.0,4732.0,4566.0,4337.0,4257.0,4316.0,4316.0
10-14 03:00,4806.0,4749.0,4540.0,4192.0,4518.0,4246.0,4246.0
10-14 04:00,4669.0,4753.0,4568.0,4224.0,4671.0,4449.0,4449.0
10-14 05:00,4678.0,4757.0,4566.0,4248.0,4787.0,4314.0,4314.0
10-14 06:00,4821.0,4806.0,4668.0,4362.0,5566.0,4657.0,4657.0
10-14 07:00,5077.0,4855.0,4984.0,4438.0,5658.0,4951.0,4951.0
10-14 08:00,5183.0,4898.0,5000.0,4458.0,5495.0,4861.0,4861.0
10-14 09:00,5131.0,4905.0,4754.0,4378.0,5029.0,4888.0,4888.0
10-14 10:00,5107.0,4866.0,4689.0,4377.0,5253.0,4828.0,4828.0
10-14 11:00,5120.0,4871.0,4700.0,4364.0,5288.0,4565.0,4565.0
10-14 12:00,5088.0,4862.0,4705.0,4367.0,5040.0,4491.0,4491.0
10-14 13:00,5034.0,4858.0,4623.0,4289.0,4783.0,4576.0,4576.0
10-14 14:00,5000.0,4881.0,4652.0,4228.0,4736.0,4462.0,4462.0
10-14 15:00,5038.0,4865.0,4650.0,4214.0,5058.0,4473.0,4473.0
10-14 16:00,5082.0,4872.0,4675.0,4281.0,5118.0,4640.0,4640.0
10-14 17:00,4918.0,4903.0,4956.0,4292.0,5488.0,4966.0,4966.0
10-14 18:00,5211.0,4919.0,4798.0,4300.0,5370.0,5265.0,5265.0
10-14 19:00,5279.0,4912.0,4795.0,4374.0,5082.0,5378.0,5378.0
10-14 20:00,4980.0,4910.0,4776.0,4304.0,5065.0,5114.0,5114.0
10-14 21:00,4931.0,4893.0,4719.0,4258.0,5001.0,4803.0,4803.0
10-14 22:00,4847.0,4807.0,4647.0,4263.0,4808.0,4549.0,4549.0
10-14 23:00,4862.0,4791.0,4674.0,4216.0,4657.0,4436.0,4436.0
10-15 00:00,4762.0,4829.0,4625.0,4185.0,4604.0,4423.0,4423.0
10-15 01:00,4709.0,4816.0,4615.0,4142.0,4574.0,4247.0,4247.0
10-15 02:00,4687.0,4767.0,4623.0,4127.0,4566.0,4205.0,4205.0
10-15 03:00,4684.0,4741.0,4583.0,4128.0,4538.0,4277.0,4277.0
10-15 04:00,4686.0,4775.0,4540.0,4255.0,4538.0,4214.0,4214.0
10-15 05:00,4753.0,4723.0,4743.0,4164.0,5105.0,4377.0,4377.0
10-15 06:00,4927.0,4768.0,4746.0,4415.0,5247.0,4725.0,4725.0
10-15 07:00,5130.0,4803.0,4897.0,4502.0,5605.0,4657.0,4657.0
10-15 08:00,5115.0,4866.0,4746.0,4463.0,5434.0,4724.0,4724.0
10-15 09:00,5020.0,4884.0,4696.0,4514.0,4983.0,4616.0,4616.0
10-15 10:00,5073.0,4879.0,4695.0,4393.0,5406.0,4711.0,4711.0
10-15 11:00,5044.0,4895.0,4684.0,4349.0,5342.0,4499.0,4499.0
10-15 12:00,5114.0,4890.0,4641.0,4251.0,4947.0,4422.0,4422.0
10-15 13:00,5118.0,4886.0,4579.0,4215.0,5030.0,4367.0,4367.0
10-15 14:00,5164.0,4891.0,4574.0,4252.0,5004.0,4634.0,4634.0
10-15 15:00,4756.0,4900.0,4545.0,4343.0,5118.0,4602.0,4602.0
10-15 16:00,4790.0,4922.0,4603.0,4449.0,5539.0,5097.0,5097.0
10-15 17:00,4896.0,4952.0,4732.0,4534.0,5505.0,5269.0,5269.0
10-15 18:00,5004.0,5023.0,4736.0,4544.0,5749.0,4973.0,4973.0
10-15 19:00,5027.0,4936.0,4727.0,4525.0,5758.0,5123.0,5123.0
10-15 20:00,4979.0,4855.0,4640.0,4510.0,5450.0,5230.0,5230.0
10-15 21:00,4845.0,4860.0,4661.0,4487.0,5257.0,5115.0,5115.0
10-15 22:00,4870.0,4850.0,4578.0,4386.0,5207.0,4709.0,4709.0
10-15 23:00,4807.0,4821.0,4559.0,4364.0,4848.0,4647.0,4647.0
10-16 00:00,4778.0,4762.0,4539.0,4388.0,4957.0,4552.0,4552.0
10-16 01:00,4706.0,4804.0,4696.0,4285.0,4673.0,4465.0,4465.0
10-16 02:00,4723.0,4771.0,4493.0,4389.0,4631.0,4324.0,4324.0
10-16 03:00,4734.0,4742.0,4462.0,4401.0,4714.0,4366.0,4366.0
10-16 04:00,4755.0,4726.0,4497.0,4274.0,4831.0,4371.0,4371.0
10-16 05:00,4709.0,4713.0,4504.0,4391.0,4932.0,4502.0,4502.0
10-16 06:00,4832.0,4734.0,4932.0,4558.0,5390.0,4903.0,4903.0
10-16 07:00,5059.0,4765.0,4909.0,4923.0,5682.0,5020.0,5020.0
10-16 08:00,5192.0,4811.0,4906.0,5073.0,5515.0,5146.0,5146.0
10-16 09:00,5102.0,4853.0,4649.0,4936.0,5503.0,5067.0,5067.0
10-16 10:00,5110.0,4874.0,4626.0,4880.0,5171.0,5140.0,5140.0
10-16 11:00,5004.0,4872.0,4577.0,4961.0,5072.0,4754.0,4754.0
10-16 12:00,4866.0,4847.0,4511.0,4906.0,4941.0,4537.0,4537.0
10-16 13:00,4881.0,4825.0,4482.0,5016.0,4935.0,4479.0,4479.0
10-16 14:00,4963.0,4826.0,4522.0,4979.0,5030.0,4722.0,4722.0
10-16 15:00,5065.0,4832.0,4529.0,4888.0,4944.0,4571.0,4571.0
10-16 16:00,4891.0,4871.0,4547.0,4938.0,5090.0,4644.0,4644.0
10-16 17:00,5029.0,4874.0,4717.0,4986.0,5449.0,4786.0,4786.0
10-16 18:00,5089.0,4925.0,4882.0,5181.0,5585.0,4850.0,4850.0
10-16 19:00,5010.0,4895.0,4794.0,4981.0,5444.0,4968.0,4968.0
10-16 20:00,4949.0,4854.0,4586.0,4923.0,5135.0,4744.0,4744.0
10-16 21:00,4827.0,4894.0,4757.0,4833.0,4974.0,4635.0,4635.0
10-16 22:00,4725.0,4838.0,4537.0,4729.0,4851.0,4582.0,4582.0
10-16 23:00,4693.0,4867.0,4511.0,4588.0,4845.0,4515.0,4515.0
10-17 00:00,4734.0,4826.0,4467.0,4418.0,4818.0,4295.0,4295.0
10-17 01:00,4653.0,4763.0,4444.0,4354.0,4693.0,4278.0,4278.0
10-17 02:00,4629.0,4741.0,4459.0,4406.0,4754.0,4233.0,4233.0
10-17 03:00,4624.0,4761.0,4414.0,4428.0,4693.0,4234.0,4234.0
10-17 04:00,4634.0,4776.0,4432.0,4540.0,4675.0,4227.0,4227.0
10-17 05:00,4696.0,4798.0,4463.0,4641.0,4743.0,4273.0,4273.0
10-17 06:00,4734.0,4823.0,4585.0,4834.0,5115.0,4376.0,4376.0
10-17 07:00,4741.0,4899.0,4748.0,4972.0,5389.0,4455.0,4455.0
10-17 08:00,4913.0,4905.0,4664.0,5023.0,5613.0,4598.0,4598.0
10-17 09:00,5094.0,4812.0,4587.0,4838.0,5466.0,4633.0,4633.0
10-17 10:00,5029.0,4814.0,4596.0,4773.0,5137.0,4593.0,4593.0
10-17 11:00,5011.0,4830.0,4608.0,4624.0,5069.0,4745.0,4745.0
10-17 12:00,4889.0,4818.0,4548.0,4633.0,4902.0,4382.0,4382.0
10-17 13:00,4925.0,4792.0,4564.0,4643.0,4876.0,4374.0,4374.0
10-17 14:00,5025.0,4803.0,4520.0,4537.0,4949.0,4311.0,4311.0
10-17 15:00,5073.0,4863.0,4579.0,4660.0,5299.0,4365.0,4365.0
10-17 16:00,5019.0,4886.0,4557.0,4833.0,5246.0,4554.0,4554.0
10-17 17:00,5043.0,4849.0,4805.0,5047.0,5528.0,4850.0,4850.0
10-17 18:00,5110.0,4937.0,4824.0,5108.0,5693.0,5181.0,5181.0
10-17 19:00,5078.0,4963.0,5040.0,5149.0,5757.0,4987.0,4987.0
10-17 20:00,5064.0,4868.0,4880.0,4875.0,5121.0,4779.0,4779.0
10-17 21:00,5078.0,4887.0,4748.0,4932.0,5183.0,4718.0,4718.0
10-17 22:00,4968.0,4852.0,4551.0,4682.0,5077.0,4510.0,4510.0
10-17 23:00,4750.0,4803.0,4516.0,4764.0,4837.0,4408.0,4408.0
10-18 00:00,4700.0,4687.0,4465.0,4521.0,4864.0,4290.0,4290.0
10-18 01:00,4640.0,4704.0,4478.0,4469.0,4965.0,4260.0,4260.0
10-18 02:00,4624.0,4660.0,4452.0,4412.0,4757.0,4262.0,4262.0
10-18 03:00,4649.0,4683.0,4431.0,4414.0,4692.0,4271.0,4271.0
10-18 04:00,4626.0,4660.0,4493.0,4455.0,4725.0,4303.0,4303.0
10-18 05:00,4638.0,4716.0,4520.0,4449.0,4877.0,4445.0,4445.0
10-18 06:00,4645.0,4765.0,4659.0,4794.0,5043.0,4737.0,4737.0
10-18 07:00,4687.0,4814.0,4823.0,4956.0,5224.0,4830.0,4830.0
10-18 08:00,4740.0,4790.0,4846.0,4501.0,5240.0,5192.0,5192.0
10-18 09:00,4740.0,4820.0,4939.0,4656.0,5088.0,5007.0,5007.0
10-18 10:00,4694.0,4781.0,4744.0,4417.0,5182.0,4923.0,4923.0
10-18 11:00,4695.0,4768.0,4662.0,4527.0,4897.0,4548.0,4548.0
10-18 12:00,4671.0,4753.0,4624.0,4290.0,4802.0,4432.0,4432.0
10-18 13:00,4658.0,4716.0,4630.0,4252.0,4815.0,4341.0,4341.0
10-18 14:00,4689.0,4719.0,4618.0,4261.0,4684.0,4360.0,4360.0
10-18 15:00,4745.0,4758.0,4629.0,4272.0,4778.0,4450.0,4450.0
10-18 16:00,4735.0,4794.0,4660.0,4700.0,4810.0,4780.0,4780.0
10-18 17:00,4776.0,4858.0,4804.0,4817.0,5099.0,4861.0,4861.0
10-18 18:00,4944.0,4942.0,5112.0,4933.0,5199.0,5259.0,5259.0
10-18 19:00,4875.0,4845.0,4971.0,5023.0,5126.0,5219.0,5219.0
10-18 20:00,4887.0,4809.0,4915.0,4720.0,4947.0,4863.0,4863.0
10-18 21:00,4838.0,4801.0,4650.0,4622.0,4879.0,4805.0,4805.0
10-18 22:00,4789.0,4811.0,4601.0,4579.0,4931.0,4563.0,4563.0
10-18 23:00,4767.0,4792.0,4540.0,4550.0,4852.0,4440.0,4440.0
10-19 00:00,4646.0,4693.0,4498.0,4530.0,4856.0,4516.0,4516.0
10-19 01:00,4621.0,4684.0,4501.0,4504.0,4632.0,4461.0,4461.0
10-19 02:00,4611.0,4673.0,4475.0,4520.0,4594.0,4431.0,4431.0
10-19 03:00,4603.0,4646.0,4460.0,4527.0,4571.0,4321.0,4321.0
10-19 04:00,4599.0,4707.0,4494.0,4531.0,4579.0,4313.0,4313.0
10-19 05:00,4684.0,4716.0,4531.0,4599.0,4623.0,4356.0,4356.0
10-19 06:00,4672.0,4763.0,4821.0,5026.0,4778.0,4857.0,4857.0
10-19 07:00,4727.0,4754.0,4882.0,5064.0,4823.0,5220.0,5220.0
10-19 08:00,5036.0,4807.0,4875.0,5010.0,4838.0,5182.0,5182.0
10-19 09:00,4983.0,4797.0,4857.0,5018.0,4862.0,4922.0,4922.0
10-19 10:00,4964.0,4777.0,4670.0,4992.0,4942.0,5044.0,5044.0
10-19 11:00,4978.0,4759.0,4568.0,4993.0,4866.0,4716.0,4716.0
10-19 12:00,4887.0,4737.0,4535.0,4832.0,4798.0,4510.0,4510.0
10-19 13:00,4931.0,4743.0,4533.0,4698.0,4713.0,4368.0,4368.0
10-19 14:00,4897.0,4725.0,4547.0,4656.0,4804.0,4310.0,4310.0
10-19 15:00,4869.0,4768.0,4542.0,4778.0,4742.0,4337.0,4337.0
10-19 16:00,4782.0,4772.0,4606.0,5082.0,4878.0,4447.0,4447.0
10-19 17:00,4828.0,4783.0,4709.0,5172.0,4842.0,4663.0,4663.0
10-19 18:00,5019.0,4759.0,4833.0,5430.0,5054.0,4740.0,4740.0
10-19 19:00,4948.0,4779.0,4729.0,5450.0,5057.0,4686.0,4686.0
10-19 20:00,4935.0,4805.0,4672.0,4971.0,4966.0,4632.0,4632.0
10-19 21:00,4874.0,4786.0,4638.0,5013.0,4932.0,4519.0,4519.0
10-19 22:00,4827.0,4772.0,4571.0,4684.0,4777.0,4454.0,4454.0
10-19 23:00,4768.0,4722.0,4573.0,4602.0,4764.0,4370.0,4370.0
10-20 00:00,4682.0,4659.0,4536.0,4586.0,4750.0,4308.0,4308.0
10-20 01:00,4654.0,4687.0,4481.0,4602.0,4694.0,4407.0,4407.0
10-20 02:00,4643.0,4677.0,4448.0,4624.0,4676.0,4260.0,4260.0
10-20 03:00,4640.0,4635.0,4451.0,4613.0,4737.0,4276.0,4276.0
10-20 04:00,4635.0,4650.0,4501.0,4663.0,4763.0,4342.0,4342.0
10-20 05:00,4672.0,4688.0,4528.0,4653.0,4650.0,4320.0,4320.0
10-20 06:00,4973.0,4774.0,4618.0,4656.0,4697.0,4541.0,4541.0
10-20 07:00,5003.0,4791.0,4755.0,4751.0,4740.0,5068.0,5068.0
10-20 08:00,5012.0,4808.0,4879.0,4845.0,4942.0,4851.0,4851.0
10-20 09:00,5018.0,4789.0,4807.0,4806.0,5015.0,4775.0,4775.0
10-20 10:00,4985.0,4785.0,4679.0,4781.0,5127.0,4580.0,4580.0
10-20 11:00,4994.0,4816.0,4657.0,4810.0,5024.0,4439.0,4439.0
10-20 12:00,4920.0,4801.0,4583.0,4854.0,4832.0,4337.0,4337.0
10-20 13:00,4851.0,4797.0,4581.0,4778.0,4751.0,4290.0,4290.0
10-20 14:00,4881.0,4792.0,4574.0,4718.0,4734.0,4377.0,4377.0
10-20 15:00,4892.0,4815.0,4567.0,4792.0,4919.0,4291.0,4291.0
10-20 16:00,5030.0,4860.0,4617.0,4771.0,4873.0,4510.0,4510.0
10-20 17:00,5004.0,4856.0,4806.0,5114.0,4986.0,4569.0,4569.0
10-20 18:00,5092.0,4909.0,4677.0,5272.0,5482.0,4658.0,4658.0
10-20 19:00,5082.0,4920.0,4688.0,5010.0,5404.0,4776.0,4776.0
10-20 20:00,5015.0,4942.0,4657.0,4807.0,5189.0,4587.0,4587.0
10-20 21:00,4889.0,4940.0,4628.0,4804.0,4948.0,4466.0,4466.0
10-20 22:00,4779.0,4868.0,4586.0,4713.0,4870.0,4333.0,4333.0
10-20 23:00,4750.0,4843.0,4592.0,4658.0,4589.0,4248.0,4248.0
10-21 00:00,4742.0,4783.0,4531.0,4586.0,4601.0,4189.0,4189.0
10-21 01:00,4758.0,4786.0,4529.0,4522.0,4580.0,4166.0,4166.0
10-21 02:00,4798.0,4789.0,4509.0,4524.0,4513.0,4150.0,4150.0
10-21 03:00,4758.0,4822.0,4555.0,4561.0,4519.0,4180.0,4180.0
10-21 04:00,4722.0,4806.0,4524.0,4561.0,4536.0,4194.0,4194.0
10-21 05:00,4691.0,4827.0,4553.0,4623.0,4705.0,4274.0,4274.0
10-21 06:00,4814.0,4913.0,4579.0,4706.0,5361.0,4478.0,4478.0
10-21 07:00,4888.0,4981.0,4659.0,4761.0,5416.0,4834.0,4834.0
10-21 08:00,4917.0,5005.0,4887.0,4796.0,5329.0,4690.0,4690.0
10-21 09:00,4906.0,4998.0,5003.0,4920.0,5427.0,4496.0,4496.0
10-21 10:00,4916.0,4997.0,4826.0,4917.0,5378.0,4389.0,4389.0
10-21 11:00,4819.0,4965.0,4774.0,4858.0,5200.0,4226.0,4226.0
10-21 12:00,4791.0,4950.0,4670.0,4838.0,5168.0,4217.0,4217.0
10-21 13:00,4811.0,4916.0,4660.0,4830.0,4938.0,4196.0,4196.0
10-21 14:00,4789.0,4970.0,4696.0,4718.0,5207.0,4204.0,4204.0
10-21 15:00,4792.0,4923.0,4619.0,4745.0,5229.0,4276.0,4276.0
10-21 16:00,4894.0,4946.0,4680.0,4798.0,5305.0,4415.0,4415.0
10-21 17:00,5015.0,4936.0,4992.0,4861.0,5401.0,4695.0,4695.0
10-21 18:00,5066.0,4944.0,4834.0,4957.0,5565.0,4835.0,4835.0
10-21 19:00,4969.0,4934.0,4831.0,5323.0,5506.0,4899.0,4899.0
10-21 20:00,4819.0,4895.0,4783.0,4952.0,5389.0,5025.0,5025.0
10-21 21:00,4828.0,4899.0,4720.0,4755.0,5206.0,4969.0,4969.0
10-21 22:00,4730.0,4863.0,4692.0,4773.0,4693.0,4749.0,4749.0
10-21 23:00,4702.0,4843.0,4644.0,4762.0,4648.0,4672.0,4672.0
10-22 00:00,4705.0,4812.0,4586.0,4668.0,4692.0,4251.0,4251.0
10-22 01:00,4701.0,4804.0,4545.0,4607.0,4621.0,4230.0,4230.0
10-22 02:00,4738.0,4799.0,4562.0,4608.0,4614.0,4228.0,4228.0
10-22 03:00,4720.0,4791.0,4530.0,4566.0,4653.0,4225.0,4225.0
10-22 04:00,4700.0,4771.0,4518.0,4610.0,4645.0,4330.0,4330.0
10-22 05:00,4739.0,4796.0,4552.0,4732.0,4751.0,4440.0,4440.0
10-22 06:00,4825.0,4824.0,4587.0,4894.0,5072.0,4634.0,4634.0
10-22 07:00,5006.0,4872.0,4641.0,4991.0,5170.0,4714.0,4714.0
10-22 08:00,5039.0,4899.0,4700.0,5182.0,5197.0,5020.0,5020.0
10-22 09:00,4979.0,4932.0,4730.0,5077.0,5196.0,4876.0,4876.0
10-22 10:00,4898.0,4942.0,4720.0,5019.0,5081.0,4496.0,4496.0
10-22 11:00,4815.0,4934.0,4711.0,4744.0,5474.0,4384.0,4384.0
10-22 12:00,4756.0,4938.0,4768.0,4826.0,5064.0,4291.0,4291.0
10-22 13:00,4773.0,4907.0,4680.0,4903.0,4728.0,4234.0,4234.0
10-22 14:00,4850.0,4906.0,4698.0,4991.0,4757.0,4202.0,4202.0
10-22 15:00,4844.0,4928.0,4645.0,4778.0,4887.0,4343.0,4343.0
10-22 16:00,4836.0,4933.0,4691.0,5017.0,4903.0,4533.0,4533.0
10-22 17:00,4888.0,4970.0,4932.0,5415.0,4917.0,4684.0,4684.0
10-22 18:00,4959.0,4985.0,5062.0,5568.0,5157.0,4807.0,4807.0
10-22 19:00,4854.0,5014.0,4909.0,5222.0,5288.0,4848.0,4848.0
10-22 20:00,4783.0,4976.0,4800.0,5250.0,5169.0,4714.0,4714.0
10-22 21:00,4728.0,4989.0,4691.0,5033.0,4905.0,4601.0,4601.0
10-22 22:00,4681.0,4978.0,4667.0,4815.0,5009.0,4408.0,4408.0
10-22 23:00,4785.0,4952.0,4681.0,4745.0,4685.0,4344.0,4344.0
10-23 00:00,4676.0,4915.0,4594.0,4798.0,4657.0,4289.0,4289.0
10-23 01:00,4668.0,4903.0,4582.0,4793.0,4605.0,4280.0,4280.0
10-23 02:00,4664.0,4845.0,4538.0,4764.0,4590.0,4211.0,4211.0
10-23 03:00,4651.0,4839.0,4547.0,4731.0,4651.0,4192.0,4192.0
10-23 04:00,4636.0,4801.0,4595.0,4630.0,4646.0,4268.0,4268.0
10-23 05:00,4639.0,4809.0,4630.0,4712.0,4675.0,4302.0,4302.0
10-23 06:00,4828.0,4807.0,4651.0,4790.0,5233.0,4617.0,4617.0
10-23 07:00,4885.0,4849.0,4733.0,5212.0,5476.0,4669.0,4669.0
10-23 08:00,5007.0,4882.0,4703.0,5229.0,5288.0,4748.0,4748.0
10-23 09:00,5065.0,4934.0,4687.0,5092.0,5093.0,5113.0,5113.0
10-23 10:00,4891.0,5014.0,4644.0,4870.0,5106.0,4757.0,4757.0
10-23 11:00,4824.0,4981.0,4648.0,4901.0,5376.0,4770.0,4770.0
10-23 12:00,4842.0,4972.0,4638.0,4851.0,5070.0,4708.0,4708.0
10-23 13:00,4869.0,4952.0,4640.0,4820.0,4793.0,4494.0,4494.0
10-23 14:00,4874.0,4992.0,4624.0,4635.0,4839.0,4899.0,4899.0
10-23 15:00,4899.0,4957.0,4651.0,4644.0,4836.0,4710.0,4710.0
10-23 16:00,4969.0,4986.0,4676.0,4650.0,5037.0,4761.0,4761.0
10-23 17:00,4971.0,4983.0,5022.0,4495.0,5045.0,5048.0,5048.0
10-23 18:00,5124.0,5021.0,5134.0,4494.0,5294.0,5007.0,5007.0
10-23 19:00,5255.0,4964.0,4987.0,4497.0,5496.0,4913.0,4913.0
10-23 20:00,5122.0,4964.0,4903.0,4461.0,5262.0,4848.0,4848.0
10-23 21:00,4998.0,4929.0,4763.0,4447.0,4914.0,4760.0,4760.0
10-23 22:00,5002.0,4893.0,4754.0,4373.0,4961.0,4620.0,4620.0
10-23 23:00,4969.0,4874.0,4658.0,4352.0,4797.0,4449.0,4449.0
10-24 00:00,4999.0,4845.0,4592.0,4338.0,4659.0,4189.0,4189.0
10-24 01:00,4942.0,4817.0,4627.0,4471.0,4664.0,4283.0,4283.0
10-24 02:00,4782.0,4798.0,4604.0,4594.0,4695.0,4255.0,4255.0
10-24 03:00,4818.0,4787.0,4510.0,4606.0,4701.0,4245.0,4245.0
10-24 04:00,4867.0,4832.0,4570.0,4681.0,4656.0,4262.0,4262.0
10-24 05:00,4877.0,4835.0,4569.0,4767.0,4824.0,4273.0,4273.0
10-24 06:00,5015.0,4979.0,4969.0,4785.0,4924.0,4417.0,4417.0
10-24 07:00,5031.0,4975.0,5021.0,4865.0,5434.0,4581.0,4581.0
10-24 08:00,4885.0,5014.0,5032.0,4870.0,5697.0,4645.0,4645.0
10-24 09:00,4919.0,4985.0,4742.0,4814.0,5534.0,4668.0,4668.0
10-24 10:00,4909.0,4893.0,4735.0,4788.0,5573.0,4616.0,4616.0
10-24 11:00,4892.0,4895.0,4577.0,4725.0,5312.0,4492.0,4492.0
10-24 12:00,4886.0,4861.0,4602.0,4658.0,4781.0,4392.0,4392.0
10-24 13:00,4840.0,4849.0,4626.0,4725.0,4854.0,4406.0,4406.0
10-24 14:00,4828.0,4832.0,4636.0,4693.0,4781.0,4412.0,4412.0
10-24 15:00,4808.0,5096.0,4651.0,4677.0,4839.0,4504.0,4504.0
10-24 16:00,4801.0,5010.0,4671.0,4872.0,5204.0,4812.0,4812.0
10-24 17:00,4859.0,5046.0,4881.0,5167.0,5292.0,5059.0,5059.0
10-24 18:00,5014.0,5113.0,4925.0,5491.0,5141.0,4940.0,4940.0
10-24 19:00,5020.0,4982.0,4816.0,5366.0,5278.0,4905.0,4905.0
10-24 20:00,4842.0,5055.0,4827.0,5098.0,4978.0,4647.0,4647.0
10-24 21:00,4833.0,4900.0,4757.0,5022.0,4899.0,4533.0,4533.0
10-24 22:00,4781.0,4841.0,4748.0,4858.0,4887.0,4572.0,4572.0
10-24 23:00,4765.0,4826.0,4767.0,4837.0,4811.0,4516.0,4516.0
10-25 00:00,4699.0,4786.0,4566.0,4844.0,4673.0,4249.0,4249.0
10-25 01:00,4695.0,4785.0,4570.0,4722.0,4606.0,4251.0,4251.0
10-25 02:00,4740.0,4769.0,4586.0,4722.0,4616.0,4219.0,4219.0
10-25 03:00,4718.0,4751.0,4565.0,4798.0,4618.0,4357.0,4357.0
10-25 04:00,4716.0,4747.0,4598.0,4727.0,4624.0,4291.0,4291.0
10-25 05:00,4766.0,4795.0,4620.0,4707.0,4656.0,4379.0,4379.0
10-25 06:00,4760.0,4871.0,4726.0,4777.0,4867.0,4656.0,4656.0
10-25 07:00,4771.0,4967.0,4729.0,4812.0,4974.0,4937.0,4937.0
10-25 08:00,4783.0,4994.0,4899.0,4865.0,5118.0,5186.0,5186.0
10-25 09:00,4792.0,4999.0,4833.0,4973.0,5097.0,5413.0,5413.0
10-25 10:00,4803.0,4979.0,4615.0,4930.0,5063.0,5204.0,5204.0
10-25 11:00,4875.0,4986.0,4593.0,5125.0,4967.0,5111.0,5111.0
10-25 12:00,4760.0,4977.0,4630.0,5025.0,4877.0,4951.0,4951.0
10-25 13:00,4752.0,4955.0,4605.0,4983.0,4831.0,4791.0,4791.0
10-25 14:00,5042.0,4941.0,4603.0,5050.0,4885.0,4621.0,4621.0
10-25 15:00,5062.0,4925.0,4715.0,4916.0,5038.0,4782.0,4782.0
10-25 16:00,4856.0,4922.0,4818.0,4893.0,5094.0,4875.0,4875.0
10-25 17:00,5078.0,5011.0,5040.0,5001.0,5315.0,5168.0,5168.0
10-25 18:00,5079.0,5015.0,5026.0,5040.0,5129.0,5430.0,5430.0
10-25 19:00,5097.0,4988.0,4900.0,4953.0,5128.0,5379.0,5379.0
10-25 20:00,5052.0,4970.0,4932.0,4961.0,5014.0,4949.0,4949.0
10-25 21:00,4966.0,4862.0,4922.0,4892.0,4990.0,4723.0,4723.0
10-25 22:00,4827.0,4835.0,4681.0,4881.0,4869.0,4610.0,4610.0
10-25 23:00,4925.0,4788.0,4576.0,4807.0,4815.0,4434.0,4434.0
10-26 00:00,4756.0,4789.0,4557.0,4737.0,4748.0,4404.0,4404.0
10-26 01:00,4764.0,4761.0,4541.0,4682.0,4708.0,4463.0,4463.0
10-26 02:00,4800.0,4739.0,4527.0,4675.0,4679.0,4240.0,4240.0
10-26 03:00,4717.0,4752.0,4524.0,4650.0,4537.0,4278.0,4278.0
10-26 04:00,4748.0,4740.0,4515.0,4690.0,4532.0,4302.0,4302.0
10-26 05:00,4760.0,4776.0,4569.0,4760.0,4581.0,4632.0,4632.0
10-26 06:00,4804.0,4859.0,4686.0,4968.0,4738.0,5065.0,5065.0
10-26 07:00,4926.0,4871.0,4823.0,5026.0,4911.0,5203.0,5203.0
10-26 08:00,5004.0,4959.0,4828.0,5195.0,5020.0,5539.0,5539.0
10-26 09:00,4897.0,4927.0,4718.0,4992.0,4874.0,5398.0,5398.0
10-26 10:00,4743.0,4891.0,4664.0,5219.0,4864.0,5135.0,5135.0
10-26 11:00,4744.0,4861.0,4635.0,4854.0,4868.0,4665.0,4665.0
10-26 12:00,4727.0,4614.0,4653.0,4827.0,4722.0,4581.0,4581.0
10-26 13:00,4679.0,4632.0,4564.0,4764.0,4634.0,4396.0,4396.0
10-26 14:00,4704.0,4929.0,4550.0,4814.0,4709.0,4418.0,4418.0
10-26 15:00,4890.0,4934.0,4605.0,4810.0,5146.0,4416.0,4416.0
10-26 16:00,5021.0,4940.0,4631.0,4991.0,5195.0,4662.0,4662.0
10-26 17:00,5266.0,4999.0,4701.0,5002.0,5186.0,5042.0,5042.0
10-26 18:00,5065.0,5016.0,4806.0,5170.0,5176.0,5096.0,5096.0
10-26 19:00,5048.0,5008.0,4797.0,4977.0,5071.0,4962.0,4962.0
10-26 20:00,4953.0,4943.0,4735.0,4913.0,5000.0,5022.0,5022.0
10-26 21:00,4779.0,4902.0,4669.0,4791.0,4911.0,4734.0,4734.0
10-26 22:00,4746.0,4850.0,4640.0,4790.0,4876.0,4615.0,4615.0
10-26 23:00,4763.0,4872.0,4583.0,4728.0,4728.0,4451.0,4451.0
10-27 00:00,4720.0,4822.0,4588.0,4714.0,4674.0,4301.0,4301.0
10-27 01:00,4619.0,4784.0,4538.0,4679.0,4703.0,4251.0,4251.0
10-27 02:00,4593.0,4780.0,4546.0,4679.0,4709.0,4201.0,4201.0
10-27 03:00,4573.0,4824.0,4547.0,4719.0,4714.0,4207.0,4207.0
10-27 04:00,4603.0,4755.0,4545.0,4756.0,4717.0,4285.0,4285.0
10-27 05:00,4642.0,4818.0,4574.0,4745.0,4873.0,4617.0,4617.0
10-27 06:00,5035.0,4882.0,4863.0,4786.0,4919.0,4909.0,4909.0
10-27 07:00,5082.0,5005.0,4750.0,4837.0,4978.0,5193.0,5193.0
10-27 08:00,5070.0,4942.0,4840.0,4922.0,5054.0,5274.0,5274.0
10-27 09:00,5042.0,4886.0,4843.0,4873.0,4922.0,4877.0,4877.0
10-27 10:00,4967.0,4903.0,4689.0,4854.0,4925.0,4840.0,4840.0
10-27 11:00,5005.0,4882.0,4684.0,4871.0,5006.0,5065.0,5065.0
10-27 12:00,4749.0,4864.0,4609.0,4832.0,4951.0,4765.0,4765.0
10-27 13:00,4712.0,4822.0,4652.0,4806.0,4960.0,4689.0,4689.0
10-27 14:00,4784.0,4826.0,4675.0,4842.0,5019.0,4527.0,4527.0
10-27 15:00,4822.0,4862.0,4685.0,4840.0,4859.0,4476.0,4476.0
10-27 16:00,4948.0,4860.0,4742.0,4877.0,5081.0,5087.0,5087.0
10-27 17:00,5054.0,4912.0,4863.0,4923.0,5299.0,5217.0,5217.0
10-27 18:00,5013.0,4983.0,4967.0,4935.0,5587.0,5314.0,5314.0
10-27 19:00,4958.0,4981.0,4996.0,5015.0,5012.0,5377.0,5377.0
10-27 20:00,4907.0,4916.0,5006.0,4887.0,5143.0,5280.0,5280.0
10-27 21:00,4841.0,4859.0,4769.0,4850.0,4983.0,4887.0,4887.0
10-27 22:00,4718.0,4789.0,4762.0,4822.0,4946.0,4714.0,4714.0
10-27 23:00,4706.0,4793.0,4703.0,4739.0,4846.0,4589.0,4589.0
10-28 00:00,4664.0,4767.0,4680.0,4736.0,4728.0,4415.0,4415.0
10-28 01:00,4622.0,4788.0,4669.0,4667.0,4684.0,4236.0,4236.0
10-28 02:00,4624.0,4780.0,4628.0,4679.0,4729.0,4217.0,4217.0
10-28 03:00,4619.0,4768.0,4643.0,4676.0,4729.0,4289.0,4289.0
10-28 04:00,4613.0,4700.0,4636.0,4698.0,4714.0,4455.0,4455.0
10-28 05:00,4664.0,4764.0,4619.0,4748.0,4842.0,4414.0,4414.0
10-28 06:00,4807.0,4811.0,4625.0,4719.0,4971.0,4968.0,4968.0
10-28 07:00,4792.0,4878.0,4751.0,4755.0,5075.0,5134.0,5134.0
10-28 08:00,4852.0,4913.0,4717.0,4855.0,5318.0,5175.0,5175.0
10-28 09:00,4853.0,4901.0,4755.0,4968.0,5040.0,5253.0,5253.0
10-28 10:00,4902.0,4865.0,4776.0,4819.0,4977.0,5015.0,5015.0
10-28 11:00,4944.0,4850.0,4731.0,4825.0,5070.0,4548.0,4548.0
10-28 12:00,4860.0,4841.0,4703.0,4779.0,4918.0,4535.0,4535.0
10-28 13:00,4821.0,4820.0,4661.0,4777.0,4801.0,4614.0,4614.0
10-28 14:00,4850.0,4816.0,4671.0,4740.0,5149.0,4411.0,4411.0
10-28 15:00,4832.0,4880.0,4726.0,4744.0,5296.0,4540.0,4540.0
10-28 16:00,4717.0,5039.0,4769.0,4801.0,5132.0,4897.0,4897.0
10-28 17:00,5158.0,5076.0,4776.0,4908.0,5341.0,4732.0,4732.0
10-28 18:00,5148.0,5105.0,4819.0,4814.0,5337.0,4869.0,4869.0
10-28 19:00,5019.0,4989.0,4789.0,4858.0,5184.0,4808.0,4808.0
10-28 20:00,4887.0,4904.0,4739.0,4833.0,5223.0,4842.0,4842.0
10-28 21:00,4669.0,4867.0,4764.0,4789.0,5008.0,4617.0,4617.0
10-28 22:00,4652.0,4825.0,4773.0,4782.0,4968.0,4511.0,4511.0
10-28 23:00,4652.0,4801.0,4648.0,4780.0,4818.0,4496.0,4496.0
10-29 00:00,4601.0,4795.0,4619.0,4720.0,4829.0,4424.0,4424.0
10-29 01:00,4637.0,4801.0,4602.0,4754.0,4755.0,4346.0,4346.0
10-29 02:00,4618.0,4777.0,4633.0,4726.0,4746.0,4295.0,4295.0
10-29 03:00,4613.0,4774.0,4620.0,4702.0,4750.0,4344.0,4344.0
10-29 04:00,4645.0,4795.0,4625.0,4669.0,4820.0,4430.0,4430.0
10-29 05:00,4652.0,4807.0,4625.0,4684.0,4845.0,4441.0,4441.0
10-29 06:00,4773.0,4817.0,4563.0,5042.0,5439.0,4699.0,4699.0
10-29 07:00,4809.0,4906.0,4803.0,5172.0,5255.0,5139.0,5139.0
10-29 08:00,4853.0,4928.0,4759.0,5489.0,4984.0,4886.0,4886.0
10-29 09:00,4778.0,4928.0,4638.0,5332.0,4964.0,4781.0,4781.0
10-29 10:00,4735.0,4910.0,4620.0,5089.0,4938.0,4745.0,4745.0
10-29 11:00,4728.0,4905.0,4612.0,5125.0,4909.0,4626.0,4626.0
10-29 12:00,4704.0,4854.0,4662.0,5223.0,4833.0,4610.0,4610.0
10-29 13:00,4725.0,4854.0,4622.0,5466.0,4982.0,4465.0,4465.0
10-29 14:00,4899.0,4850.0,4624.0,5449.0,5043.0,4401.0,4401.0
10-29 15:00,4948.0,4856.0,4757.0,5317.0,5043.0,4481.0,4481.0
10-29 16:00,4999.0,4858.0,4907.0,5340.0,5347.0,4590.0,4590.0
10-29 17:00,5064.0,4856.0,5005.0,5419.0,5503.0,4655.0,4655.0
10-29 18:00,5227.0,4898.0,4763.0,4997.0,5686.0,4756.0,4756.0
10-29 19:00,5021.0,4894.0,4661.0,4990.0,5332.0,4702.0,4702.0
10-29 20:00,5025.0,4909.0,4704.0,5268.0,5149.0,4729.0,4729.0
10-29 21:00,4883.0,4854.0,4931.0,5050.0,4953.0,4588.0,4588.0
10-29 22:00,4917.0,4843.0,4958.0,4885.0,4809.0,4500.0,4500.0
10-29 23:00,4782.0,4831.0,4951.0,4751.0,4802.0,4441.0,4441.0
10-30 00:00,4781.0,4798.0,4681.0,4944.0,4689.0,4435.0,4435.0
10-30 01:00,4695.0,4780.0,4561.0,4989.0,4724.0,4519.0,4519.0
10-30 02:00,4736.0,4772.0,4567.0,4933.0,4809.0,4452.0,4452.0
10-30 03:00,4702.0,4757.0,4533.0,4884.0,4749.0,4466.0,4466.0
10-30 04:00,4724.0,4757.0,4540.0,4735.0,4803.0,4471.0,4471.0
10-30 05:00,4729.0,4788.0,4591.0,4859.0,4843.0,4508.0,4508.0
10-30 06:00,4911.0,4836.0,4632.0,4924.0,5058.0,4713.0,4713.0
10-30 07:00,5001.0,4863.0,4734.0,4913.0,5156.0,4812.0,4812.0
10-30 08:00,4955.0,4906.0,4725.0,4913.0,5235.0,4877.0,4877.0
10-30 09:00,4916.0,4904.0,4733.0,4932.0,5133.0,4894.0,4894.0
10-30 10:00,4874.0,4875.0,4717.0,4889.0,5195.0,4953.0,4953.0
10-30 11:00,4758.0,4865.0,4740.0,4859.0,4991.0,4670.0,4670.0
10-30 12:00,4732.0,4880.0,4684.0,5089.0,4922.0,4698.0,4698.0
10-30 13:00,4863.0,4873.0,4695.0,4890.0,4870.0,4551.0,4551.0
10-30 14:00,4996.0,4866.0,4692.0,4812.0,4993.0,4593.0,4593.0
10-30 15:00,4973.0,4888.0,4746.0,4817.0,5133.0,4757.0,4757.0
10-30 16:00,4857.0,4898.0,4814.0,4847.0,5395.0,4791.0,4791.0
10-30 17:00,4977.0,5003.0,4923.0,5033.0,5159.0,4882.0,4882.0
10-30 18:00,4857.0,4995.0,4890.0,4939.0,5167.0,5098.0,5098.0
10-30 19:00,4950.0,4930.0,4854.0,4986.0,5144.0,4953.0,4953.0
10-30 20:00,4980.0,4909.0,4841.0,4936.0,5104.0,4751.0,4751.0
10-30 21:00,4860.0,4889.0,4779.0,4845.0,4921.0,4620.0,4620.0
10-30 22:00,4944.0,4868.0,4746.0,4787.0,4821.0,4508.0,4508.0
10-30 23:00,4982.0,4821.0,4783.0,4774.0,4811.0,4648.0,4648.0
10-31 00:00,4787.0,4832.0,4723.0,4781.0,4858.0,4440.0,4440.0
10-31 01:00,4861.0,4794.0,4714.0,4701.0,4844.0,4454.0,4454.0
10-31 02:00,4751.0,4825.0,4701.0,4820.0,4810.0,4449.0,4449.0
10-31 03:00,4722.0,4801.0,4709.0,4717.0,4799.0,4420.0,4420.0
10-31 04:00,4689.0,4814.0,4714.0,4819.0,4760.0,4466.0,4466.0
10-31 05:00,4727.0,4825.0,4724.0,4777.0,4785.0,4423.0,4423.0
10-31 06:00,4735.0,4899.0,4747.0,5046.0,4985.0,4580.0,4580.0
10-31 07:00,4797.0,4925.0,4748.0,4965.0,5145.0,4549.0,4549.0
10-31 08:00,4842.0,4944.0,4809.0,4954.0,5313.0,4613.0,4613.0
10-31 09:00,4837.0,4906.0,4842.0,4829.0,5303.0,4704.0,4704.0
10-31 10:00,4846.0,4905.0,4877.0,4841.0,5149.0,4698.0,4698.0
10-31 11:00,4843.0,4905.0,4877.0,4863.0,4847.0,4523.0,4523.0
10-31 12:00,4822.0,4878.0,4904.0,4848.0,4799.0,4449.0,4449.0
10-31 13:00,4810.0,4893.0,4900.0,4885.0,4780.0,4552.0,4552.0
10-31 14:00,4821.0,4900.0,4907.0,5309.0,4835.0,4412.0,4412.0
10-31 15:00,4792.0,4884.0,4879.0,5435.0,5130.0,4440.0,4440.0
10-31 16:00,4828.0,4960.0,4923.0,5381.0,5098.0,4505.0,4505.0
10-31 17:00,4875.0,5023.0,5267.0,5568.0,5159.0,4588.0,4588.0
10-31 18:00,4866.0,4962.0,5060.0,5210.0,5106.0,4667.0,4667.0
10-31 19:00,4882.0,4964.0,4878.0,5020.0,5132.0,4679.0,4679.0
10-31 20:00,4875.0,4933.0,4863.0,4914.0,5021.0,4542.0,4542.0
10-31 21:00,4868.0,4915.0,4802.0,4854.0,4937.0,4480.0,4480.0
10-31 22:00,4808.0,4833.0,4766.0,4806.0,4860.0,4482.0,4482.0
10-31 23:00,4820.0,4809.0,4707.0,4789.0,4801.0,4452.0,4452.0
11-01 00:00,4983.0,4783.0,4720.0,4814.0,4756.0,4416.0,4416.0
11-01 01:00,4779.0,4806.0,4709.0,4839.0,4800.0,4370.0,4370.0
11-01 02:00,4746.0,4798.0,4698.0,4763.0,4785.0,4377.0,4377.0
11-01 03:00,4749.0,4807.0,4713.0,4745.0,4778.0,4397.0,4397.0
11-01 04:00,4843.0,4801.0,4720.0,4720.0,4778.0,4472.0,4472.0
11-01 05:00,4771.0,4802.0,4742.0,4726.0,4835.0,4497.0,4497.0
11-01 06:00,4755.0,4805.0,4795.0,4846.0,4879.0,4639.0,4639.0
11-01 07:00,4867.0,4853.0,4822.0,4913.0,4922.0,4693.0,4693.0
11-01 08:00,4888.0,4892.0,4856.0,4922.0,5028.0,4795.0,4795.0
11-01 09:00,4992.0,4893.0,4852.0,5018.0,5009.0,4798.0,4798.0
11-01 10:00,4838.0,4837.0,4824.0,4912.0,4961.0,4656.0,4656.0
11-01 11:00,4832.0,4865.0,4801.0,4934.0,5048.0,4670.0,4670.0
11-01 12:00,4799.0,4847.0,4810.0,4838.0,5030.0,4564.0,4564.0
11-01 13:00,4794.0,4888.0,4765.0,4805.0,5064.0,4424.0,4424.0
11-01 14:00,4776.0,4926.0,4811.0,4788.0,4970.0,4533.0,4533.0
11-01 15:00,4802.0,4920.0,4803.0,4808.0,4876.0,4555.0,4555.0
11-01 16:00,4778.0,4943.0,4814.0,4840.0,4873.0,4643.0,4643.0
11-01 17:00,4996.0,5004.0,5012.0,4848.0,5155.0,4861.0,4861.0
11-01 18:00,4874.0,4966.0,5057.0,4849.0,5065.0,4921.0,4921.0
11-01 19:00,4801.0,4942.0,4819.0,4878.0,5070.0,4859.0,4859.0
11-01 20:00,4795.0,4927.0,4814.0,4952.0,5214.0,4899.0,4899.0
11-01 21:00,4779.0,4928.0,4774.0,4942.0,5033.0,4793.0,4793.0
11-01 22:00,4770.0,4926.0,4749.0,4832.0,5046.0,4618.0,4618.0
11-01 23:00,4746.0,4852.0,4803.0,4760.0,4896.0,4605.0,4605.0
11-02 00:00,4814.0,4759.0,4687.0,4754.0,4805.0,4462.0,4462.0
11-02 01:00,4846.0,4768.0,4648.0,4780.0,4962.0,4509.0,4509.0
11-02 02:00,4820.0,4808.0,4643.0,4763.0,4851.0,4490.0,4490.0
11-02 03:00,4771.0,4784.0,4616.0,4828.0,4794.0,4572.0,4572.0
11-02 04:00,4815.0,4853.0,4645.0,4940.0,4806.0,4444.0,4444.0
11-02 05:00,4917.0,4881.0,4688.0,4962.0,4875.0,4550.0,4550.0
11-02 06:00,5029.0,4918.0,4752.0,4877.0,4893.0,4986.0,4986.0
11-02 07:00,4825.0,4851.0,4772.0,4922.0,4953.0,5144.0,5144.0
11-02 08:00,4979.0,4850.0,5008.0,4918.0,4987.0,4928.0,4928.0
11-02 09:00,4859.0,4854.0,5051.0,4859.0,5204.0,4802.0,4802.0
11-02 10:00,4726.0,4776.0,4976.0,4809.0,4948.0,4811.0,4811.0
11-02 11:00,4679.0,4782.0,4753.0,4743.0,4857.0,4584.0,4584.0
11-02 12:00,4743.0,4815.0,4870.0,4880.0,4790.0,4894.0,4894.0
11-02 13:00,4693.0,4811.0,4849.0,4829.0,4786.0,4587.0,4587.0
11-02 14:00,4689.0,4840.0,4921.0,4889.0,4802.0,4914.0,4914.0
11-02 15:00,4729.0,4898.0,4955.0,4911.0,5079.0,4956.0,4956.0
11-02 16:00,4774.0,4887.0,5025.0,5006.0,4882.0,5208.0,5208.0
11-02 17:00,5193.0,4893.0,5134.0,5488.0,4990.0,5571.0,5571.0
11-02 18:00,5163.0,4922.0,5087.0,5135.0,5046.0,5364.0,5364.0
11-02 19:00,4994.0,4907.0,4926.0,5146.0,5036.0,5227.0,5227.0
11-02 20:00,4816.0,4923.0,4874.0,5149.0,4971.0,5149.0,5149.0
11-02 21:00,4823.0,4933.0,4845.0,4966.0,4904.0,4829.0,4829.0
11-02 22:00,4848.0,4869.0,4750.0,4884.0,4791.0,4635.0,4635.0
11-02 23:00,4774.0,4889.0,4765.0,4854.0,4722.0,4477.0,4477.0
11-03 00:00,4747.0,4835.0,4686.0,4785.0,4715.0,4450.0,4450.0
11-03 01:00,4761.0,4844.0,4699.0,4794.0,4781.0,4422.0,4422.0
11-03 02:00,4760.0,4830.0,4707.0,4842.0,4827.0,4358.0,4358.0
11-03 03:00,4730.0,4796.0,4708.0,4846.0,4916.0,4350.0,4350.0
11-03 04:00,4744.0,4832.0,4711.0,4850.0,4858.0,4460.0,4460.0
11-03 05:00,4800.0,4874.0,4727.0,4862.0,4858.0,4603.0,4603.0
11-03 06:00,4869.0,4910.0,4874.0,4850.0,4903.0,5090.0,5090.0
11-03 07:00,4842.0,4957.0,4966.0,4919.0,4978.0,4962.0,4962.0
11-03 08:00,5061.0,4929.0,4924.0,4960.0,5155.0,5235.0,5235.0
11-03 09:00,4995.0,4950.0,5063.0,4918.0,5341.0,5031.0,5031.0
11-03 10:00,4799.0,4920.0,5028.0,4962.0,5064.0,4816.0,4816.0
11-03 11:00,4817.0,4886.0,4857.0,4903.0,4787.0,5109.0,5109.0
11-03 12:00,4812.0,4906.0,4835.0,4919.0,4705.0,4982.0,4982.0
11-03 13:00,4832.0,4949.0,4868.0,4935.0,4992.0,4942.0,4942.0
11-03 14:00,4794.0,4956.0,4869.0,4905.0,4611.0,5016.0,5016.0
11-03 15:00,4836.0,4926.0,4852.0,4937.0,4554.0,5249.0,5249.0
11-03 16:00,4939.0,4996.0,4911.0,4975.0,4904.0,5445.0,5445.0
11-03 17:00,5066.0,5148.0,5117.0,5142.0,4816.0,5325.0,5325.0
11-03 18:00,5087.0,5079.0,5061.0,5113.0,4686.0,5295.0,5295.0
11-03 19:00,5132.0,5050.0,4937.0,5010.0,4778.0,5459.0,5459.0
11-03 20:00,5108.0,4947.0,4977.0,4923.0,4935.0,5210.0,5210.0
11-03 21:00,4945.0,4950.0,4861.0,4916.0,4725.0,4884.0,4884.0
11-03 22:00,4811.0,4925.0,4770.0,4842.0,4580.0,4808.0,4808.0
11-03 23:00,4856.0,4891.0,4747.0,4822.0,4507.0,4747.0,4747.0
11-04 00:00,4792.0,4889.0,4746.0,4813.0,4548.0,4408.0,4408.0
11-04 01:00,4744.0,4872.0,4741.0,4829.0,4591.0,4409.0,4409.0
11-04 02:00,4774.0,4803.0,4744.0,4857.0,4593.0,4322.0,4322.0
11-04 03:00,4733.0,4817.0,4752.0,4873.0,4444.0,4325.0,4325.0
11-04 04:00,4730.0,4884.0,4779.0,4874.0,4549.0,4358.0,4358.0
11-04 05:00,4753.0,4865.0,4757.0,4842.0,4607.0,4404.0,4404.0
11-04 06:00,5060.0,4980.0,4778.0,4884.0,4708.0,4673.0,4673.0
11-04 07:00,5097.0,4992.0,4779.0,4977.0,4680.0,5061.0,5061.0
11-04 08:00,5111.0,4990.0,4832.0,5019.0,4821.0,5083.0,5083.0
11-04 09:00,4882.0,4950.0,4859.0,5030.0,4702.0,5204.0,5204.0
11-04 10:00,4909.0,4940.0,4849.0,4955.0,4669.0,5017.0,5017.0
11-04 11:00,4956.0,4944.0,4845.0,4915.0,4540.0,4807.0,4807.0
11-04 12:00,4823.0,4947.0,4847.0,4864.0,4682.0,4705.0,4705.0
11-04 13:00,4929.0,4964.0,4872.0,4785.0,4664.0,4609.0,4609.0
11-04 14:00,5052.0,4991.0,4824.0,4774.0,4567.0,4518.0,4518.0
11-04 15:00,4841.0,5040.0,4801.0,4794.0,4694.0,4566.0,4566.0
11-04 16:00,4910.0,5039.0,4891.0,4828.0,4861.0,4740.0,4740.0
11-04 17:00,5070.0,5055.0,4903.0,5035.0,4921.0,5134.0,5134.0
11-04 18:00,5115.0,5043.0,4864.0,5048.0,5101.0,4888.0,4888.0
11-04 19:00,5092.0,5022.0,4872.0,5036.0,4919.0,4790.0,4790.0
11-04 20:00,5013.0,5012.0,4859.0,4903.0,4916.0,4652.0,4652.0
11-04 21:00,4835.0,4972.0,4848.0,4889.0,4771.0,4520.0,4520.0
11-04 22:00,4805.0,4971.0,4825.0,4873.0,4502.0,4426.0,4426.0
11-04 23:00,4812.0,4906.0,4749.0,4813.0,4462.0,4437.0,4437.0
11-05 00:00,4791.0,4854.0,4750.0,4792.0,4464.0,4435.0,4435.0
11-05 01:00,4794.0,4845.0,4727.0,4796.0,4423.0,4329.0,4329.0
11-05 02:00,4740.0,4834.0,4692.0,4802.0,4419.0,4307.0,4307.0
11-05 03:00,4789.0,4810.0,4640.0,4746.0,4451.0,4316.0,4316.0
11-05 04:00,4741.0,4837.0,4599.0,4728.0,4473.0,4403.0,4403.0
11-05 05:00,4788.0,4882.0,4630.0,4842.0,4529.0,4400.0,4400.0
11-05 06:00,5055.0,4897.0,4635.0,5429.0,4793.0,4648.0,4648.0
11-05 07:00,5060.0,4914.0,4700.0,5054.0,4883.0,4847.0,4847.0
11-05 08:00,5064.0,4951.0,4773.0,5154.0,4834.0,4845.0,4845.0
11-05 09:00,4732.0,4971.0,4846.0,5274.0,4874.0,4810.0,4810.0
11-05 10:00,4713.0,4979.0,4857.0,5168.0,4777.0,4699.0,4699.0
11-05 11:00,4782.0,4997.0,4872.0,5170.0,4704.0,4695.0,4695.0
11-05 12:00,4780.0,4979.0,4841.0,4948.0,4916.0,4591.0,4591.0
11-05 13:00,4747.0,4942.0,4812.0,4925.0,5154.0,4664.0,4664.0
11-05 14:00,4783.0,4909.0,4800.0,4877.0,4762.0,4756.0,4756.0
11-05 15:00,4828.0,4937.0,4789.0,4932.0,4817.0,4884.0,4884.0
11-05 16:00,4868.0,4970.0,4848.0,5021.0,5059.0,5023.0,5023.0
11-05 17:00,4827.0,5036.0,4823.0,5340.0,5273.0,4969.0,4969.0
11-05 18:00,4818.0,5001.0,4805.0,5040.0,5041.0,4870.0,4870.0
11-05 19:00,4904.0,4991.0,4875.0,5006.0,4849.0,5016.0,5016.0
11-05 20:00,4885.0,4990.0,5034.0,5070.0,4972.0,4752.0,4752.0
11-05 21:00,4842.0,4957.0,4820.0,5097.0,4909.0,4670.0,4670.0
11-05 22:00,4814.0,4923.0,4794.0,4862.0,4599.0,4587.0,4587.0
11-05 23:00,4805.0,4902.0,4724.0,4802.0,4608.0,4448.0,4448.0
11-06 00:00,4768.0,4844.0,4686.0,4807.0,4503.0,4494.0,4494.0
11-06 01:00,4726.0,4803.0,4675.0,4917.0,4581.0,4406.0,4406.0
11-06 02:00,4733.0,4805.0,4650.0,4792.0,4537.0,4379.0,4379.0
11-06 03:00,4753.0,4795.0,4653.0,4825.0,4511.0,4417.0,4417.0
11-06 04:00,4754.0,4805.0,4688.0,4767.0,4514.0,4440.0,4440.0
11-06 05:00,4815.0,4813.0,4673.0,4748.0,4541.0,4460.0,4460.0
11-06 06:00,4889.0,4849.0,4831.0,4958.0,4769.0,4606.0,4606.0
11-06 07:00,4823.0,4879.0,4858.0,4975.0,5062.0,4676.0,4676.0
11-06 08:00,4833.0,4930.0,4962.0,5018.0,4924.0,4729.0,4729.0
11-06 09:00,4870.0,4962.0,4848.0,4836.0,5016.0,4673.0,4673.0
11-06 10:00,4773.0,4974.0,4826.0,4801.0,5281.0,4626.0,4626.0
11-06 11:00,4756.0,5014.0,4820.0,4845.0,4998.0,4562.0,4562.0
11-06 12:00,4757.0,4989.0,4811.0,4743.0,4841.0,4458.0,4458.0
11-06 13:00,4755.0,4964.0,4810.0,4722.0,4667.0,4530.0,4530.0
11-06 14:00,4864.0,4920.0,4814.0,4845.0,4964.0,4562.0,4562.0
11-06 15:00,4895.0,4926.0,4825.0,4795.0,5014.0,4670.0,4670.0
11-06 16:00,4866.0,4917.0,4910.0,4921.0,5325.0,4892.0,4892.0
11-06 17:00,5064.0,4947.0,5141.0,4956.0,5553.0,4777.0,4777.0
11-06 18:00,5038.0,4952.0,5150.0,5071.0,5413.0,4792.0,4792.0
11-06 19:00,4862.0,4943.0,5160.0,5063.0,5298.0,4823.0,4823.0
11-06 20:00,4888.0,4950.0,4868.0,4933.0,4861.0,4612.0,4612.0
11-06 21:00,4817.0,4920.0,4830.0,4826.0,4681.0,4583.0,4583.0
11-06 22:00,4830.0,4927.0,4772.0,4922.0,4591.0,4556.0,4556.0
11-06 23:00,4838.0,4868.0,4732.0,4886.0,4478.0,4361.0,4361.0
11-07 00:00,4767.0,4831.0,4680.0,4796.0,4518.0,4333.0,4333.0
11-07 01:00,4827.0,4810.0,4674.0,4707.0,4423.0,4293.0,4293.0
11-07 02:00,4818.0,4793.0,4679.0,4678.0,4415.0,4187.0,4187.0
11-07 03:00,4766.0,4816.0,4684.0,4661.0,4498.0,4231.0,4231.0
11-07 04:00,4759.0,4816.0,4690.0,4668.0,4572.0,4231.0,4231.0
11-07 05:00,4793.0,4834.0,4709.0,4753.0,4568.0,4340.0,4340.0
11-07 06:00,4759.0,4876.0,4766.0,4953.0,5048.0,4482.0,4482.0
11-07 07:00,4791.0,4877.0,4801.0,4893.0,4996.0,4516.0,4516.0
11-07 08:00,4827.0,4916.0,4808.0,4935.0,4930.0,4573.0,4573.0
11-07 09:00,4824.0,4917.0,4806.0,4967.0,4851.0,4602.0,4602.0
11-07 10:00,4834.0,4925.0,4778.0,4900.0,4770.0,4617.0,4617.0
11-07 11:00,4834.0,4941.0,4781.0,4847.0,4728.0,4532.0,4532.0
11-07 12:00,4886.0,4920.0,4792.0,4787.0,4934.0,4422.0,4422.0
11-07 13:00,4844.0,4933.0,4764.0,4789.0,4846.0,4395.0,4395.0
11-07 14:00,4969.0,4938.0,4935.0,4859.0,4650.0,4443.0,4443.0
11-07 15:00,4920.0,4968.0,5032.0,4863.0,4950.0,4501.0,4501.0
11-07 16:00,4914.0,4982.0,5146.0,5155.0,4796.0,4628.0,4628.0
11-07 17:00,4869.0,5013.0,5150.0,4986.0,4990.0,4656.0,4656.0
11-07 18:00,4841.0,4989.0,5150.0,5008.0,4948.0,4707.0,4707.0
11-07 19:00,4818.0,4980.0,5133.0,5082.0,5013.0,4776.0,4776.0
11-07 20:00,4810.0,4987.0,5042.0,4989.0,4863.0,4676.0,4676.0
11-07 21:00,4828.0,4987.0,4832.0,5141.0,4613.0,4594.0,4594.0
11-07 22:00,4776.0,4938.0,4790.0,5130.0,4695.0,4608.0,4608.0
11-07 23:00,4787.0,4961.0,4744.0,4977.0,4561.0,4501.0,4501.0
11-08 00:00,4730.0,4884.0,4692.0,4790.0,4467.0,4344.0,4344.0
11-08 01:00,4664.0,4877.0,4681.0,4766.0,4497.0,4408.0,4408.0
11-08 02:00,4687.0,4840.0,4660.0,4772.0,4466.0,4300.0,4300.0
11-08 03:00,4701.0,4849.0,4664.0,4678.0,4403.0,4332.0,4332.0
11-08 04:00,4744.0,4890.0,4675.0,4723.0,4493.0,4322.0,4322.0
11-08 05:00,4725.0,4934.0,4678.0,4807.0,4592.0,4406.0,4406.0
11-08 06:00,4739.0,4961.0,5005.0,4915.0,4909.0,4609.0,4609.0
11-08 07:00,4809.0,4989.0,5031.0,4946.0,5071.0,4866.0,4866.0
11-08 08:00,4831.0,4955.0,4784.0,4959.0,5123.0,4859.0,4859.0
11-08 09:00,4804.0,4960.0,4747.0,4874.0,5304.0,4722.0,4722.0
11-08 10:00,4858.0,4967.0,4710.0,4923.0,5214.0,4628.0,4628.0
11-08 11:00,4892.0,4898.0,4777.0,4833.0,5120.0,4619.0,4619.0
11-08 12:00,4886.0,4931.0,4823.0,4889.0,4944.0,4603.0,4603.0
11-08 13:00,4848.0,4935.0,4867.0,4896.0,4619.0,4567.0,4567.0
11-08 14:00,4881.0,4955.0,4790.0,4862.0,4741.0,4794.0,4794.0
11-08 15:00,4919.0,4949.0,4977.0,4864.0,4953.0,4882.0,4882.0
11-08 16:00,4929.0,5007.0,4844.0,5228.0,5031.0,5207.0,5207.0
11-08 17:00,4968.0,5042.0,4844.0,5760.0,5172.0,5497.0,5497.0
11-08 18:00,5002.0,4992.0,4819.0,5755.0,5152.0,5530.0,5530.0
11-08 19:00,5010.0,4960.0,4958.0,5434.0,5174.0,5610.0,5610.0
11-08 20:00,4934.0,4917.0,5056.0,5125.0,5091.0,4865.0,4865.0
11-08 21:00,4867.0,4899.0,4913.0,5011.0,4658.0,4873.0,4873.0
11-08 22:00,4910.0,4882.0,4763.0,4887.0,4515.0,4873.0,4873.0
11-08 23:00,4838.0,4825.0,4714.0,4765.0,4670.0,4614.0,4614.0
11-09 00:00,4787.0,4837.0,4660.0,4751.0,4620.0,4688.0,4688.0
11-09 01:00,4754.0,4814.0,4648.0,4748.0,4625.0,4374.0,4374.0
11-09 02:00,4718.0,4778.0,4643.0,4761.0,4548.0,4371.0,4371.0
11-09 03:00,4710.0,4750.0,4650.0,4736.0,4457.0,4393.0,4393.0
11-09 04:00,4672.0,4751.0,4648.0,4718.0,4464.0,4362.0,4362.0
11-09 05:00,4743.0,4770.0,4759.0,4748.0,4440.0,4503.0,4503.0
11-09 06:00,4922.0,4824.0,4713.0,4881.0,4546.0,4758.0,4758.0
11-09 07:00,5029.0,4825.0,4758.0,4990.0,4660.0,4984.0,4984.0
11-09 08:00,5111.0,4797.0,4771.0,4970.0,4993.0,5179.0,5179.0
11-09 09:00,5000.0,4822.0,4758.0,5333.0,4882.0,4962.0,4962.0
11-09 10:00,4799.0,4808.0,4934.0,5211.0,4901.0,4781.0,4781.0
11-09 11:00,4888.0,4800.0,4967.0,5175.0,4781.0,4743.0,4743.0
11-09 12:00,4957.0,4812.0,4758.0,5051.0,4670.0,4727.0,4727.0
11-09 13:00,4691.0,4847.0,4757.0,4924.0,4542.0,4719.0,4719.0
11-09 14:00,4668.0,4898.0,4986.0,5333.0,4551.0,4756.0,4756.0
11-09 15:00,4712.0,4946.0,5035.0,5254.0,4585.0,4944.0,4944.0
11-09 16:00,5004.0,4974.0,5059.0,5141.0,4582.0,5056.0,5056.0
11-09 17:00,4967.0,4961.0,4887.0,5388.0,4723.0,4994.0,4994.0
11-09 18:00,4895.0,4967.0,4867.0,5069.0,4776.0,4956.0,4956.0
11-09 19:00,4871.0,4940.0,4913.0,5081.0,4829.0,4965.0,4965.0
11-09 20:00,4894.0,4898.0,4807.0,4983.0,4891.0,4820.0,4820.0
11-09 21:00,4784.0,4939.0,4807.0,4965.0,4896.0,4635.0,4635.0
11-09 22:00,4867.0,4873.0,4783.0,5010.0,5010.0,4613.0,4613.0
11-09 23:00,4854.0,4841.0,4758.0,4847.0,4785.0,4609.0,4609.0
11-10 00:00,4883.0,4837.0,4712.0,4870.0,4739.0,4505.0,4505.0
11-10 01:00,4635.0,4854.0,4702.0,4786.0,4769.0,4481.0,4481.0
11-10 02:00,4633.0,4850.0,4682.0,4779.0,4749.0,4501.0,4501.0
11-10 03:00,4580.0,4846.0,4673.0,4769.0,4753.0,4357.0,4357.0
11-10 04:00,4615.0,4878.0,4686.0,4712.0,4718.0,4406.0,4406.0
11-10 05:00,4646.0,4898.0,4721.0,4737.0,4736.0,4536.0,4536.0
11-10 06:00,4745.0,4889.0,4907.0,4782.0,4882.0,4985.0,4985.0
11-10 07:00,4744.0,4895.0,5028.0,4843.0,4889.0,5284.0,5284.0
11-10 08:00,4735.0,4875.0,4788.0,4983.0,4897.0,5335.0,5335.0
11-10 09:00,4686.0,4868.0,5067.0,4998.0,4897.0,5114.0,5114.0
11-10 10:00,4712.0,4862.0,5052.0,4993.0,4858.0,4711.0,4711.0
11-10 11:00,4679.0,4882.0,4859.0,4971.0,4907.0,4837.0,4837.0
11-10 12:00,4708.0,4888.0,4874.0,4900.0,4992.0,4960.0,4960.0
11-10 13:00,4665.0,4888.0,5045.0,4859.0,4828.0,4905.0,4905.0
11-10 14:00,4761.0,4877.0,4784.0,4913.0,4809.0,5049.0,5049.0
11-10 15:00,4860.0,4908.0,4943.0,4876.0,4807.0,5318.0,5318.0
11-10 16:00,4850.0,4917.0,4885.0,4904.0,4867.0,5543.0,5543.0
11-10 17:00,4885.0,4913.0,5059.0,4932.0,5082.0,5744.0,5744.0
11-10 18:00,5028.0,4904.0,4932.0,4936.0,5106.0,5544.0,5544.0
11-10 19:00,4850.0,4904.0,4892.0,5051.0,4988.0,5543.0,5543.0
11-10 20:00,4804.0,4958.0,4911.0,5024.0,4967.0,5347.0,5347.0
11-10 21:00,4885.0,4873.0,4841.0,4873.0,4839.0,5040.0,5040.0
11-10 22:00,4719.0,4940.0,4805.0,4821.0,4769.0,4673.0,4673.0
11-10 23:00,4661.0,4869.0,4780.0,4777.0,4746.0,4726.0,4726.0
11-11 00:00,4623.0,4826.0,4714.0,4825.0,4712.0,4481.0,4481.0
11-11 01:00,4640.0,4792.0,4676.0,4798.0,4704.0,4511.0,4511.0
11-11 02:00,4620.0,4814.0,4660.0,4788.0,4706.0,4645.0,4645.0
11-11 03:00,4588.0,4797.0,4649.0,4795.0,4775.0,4586.0,4586.0
11-11 04:00,4564.0,4871.0,4684.0,4757.0,4733.0,4621.0,4621.0
11-11 05:00,4648.0,4878.0,4741.0,4795.0,4816.0,4700.0,4700.0
11-11 06:00,4698.0,4841.0,4762.0,4906.0,5110.0,5193.0,5193.0
11-11 07:00,4724.0,4847.0,4793.0,4910.0,4967.0,5157.0,5157.0
11-11 08:00,4731.0,4884.0,5008.0,5037.0,5222.0,5145.0,5145.0
11-11 09:00,4737.0,4894.0,5061.0,4944.0,5234.0,5239.0,5239.0
11-11 10:00,4773.0,4872.0,4867.0,4909.0,5266.0,5057.0,5057.0
11-11 11:00,4757.0,4867.0,4829.0,4965.0,5069.0,4984.0,4984.0
11-11 12:00,4727.0,4872.0,4807.0,4966.0,4839.0,4993.0,4993.0
11-11 13:00,4699.0,4865.0,4803.0,4896.0,4944.0,4601.0,4601.0
11-11 14:00,4710.0,4853.0,4816.0,4932.0,4964.0,5156.0,5156.0
11-11 15:00,4727.0,4969.0,4840.0,5061.0,4953.0,5187.0,5187.0
11-11 16:00,4799.0,5050.0,4940.0,4977.0,4869.0,5198.0,5198.0
11-11 17:00,4852.0,5077.0,4893.0,5040.0,5105.0,5383.0,5383.0
11-11 18:00,4792.0,5070.0,4886.0,4951.0,5286.0,5166.0,5166.0
11-11 19:00,4892.0,5070.0,4853.0,4934.0,5335.0,5046.0,5046.0
11-11 20:00,4802.0,4996.0,4860.0,4936.0,5027.0,4770.0,4770.0
11-11 21:00,4806.0,4991.0,4837.0,4919.0,4980.0,4735.0,4735.0
11-11 22:00,4707.0,5002.0,4750.0,4827.0,4865.0,4509.0,4509.0
11-11 23:00,4734.0,4943.0,4758.0,4857.0,4928.0,4512.0,4512.0
11-12 00:00,4709.0,4920.0,4692.0,4784.0,4814.0,4383.0,4383.0
11-12 01:00,4663.0,4853.0,4712.0,4791.0,4785.0,4385.0,4385.0
11-12 02:00,4710.0,4884.0,4651.0,4820.0,4755.0,4377.0,4377.0
11-12 03:00,4649.0,4872.0,4670.0,4816.0,4762.0,4374.0,4374.0
11-12 04:00,4664.0,4844.0,4750.0,4918.0,4694.0,4387.0,4387.0
11-12 05:00,4676.0,4869.0,4717.0,4932.0,4719.0,4462.0,4462.0
11-12 06:00,4761.0,4878.0,4723.0,4957.0,4837.0,4698.0,4698.0
11-12 07:00,4819.0,4935.0,4739.0,5085.0,4945.0,5011.0,5011.0
11-12 08:00,4764.0,4958.0,4834.0,5003.0,5008.0,5033.0,5033.0
11-12 09:00,4728.0,4967.0,4886.0,4916.0,4864.0,4940.0,4940.0
11-12 10:00,4740.0,4960.0,4920.0,4877.0,4872.0,4765.0,4765.0
11-12 11:00,4723.0,4956.0,4916.0,4921.0,4873.0,4735.0,4735.0
11-12 12:00,4744.0,4942.0,4929.0,4937.0,4684.0,4594.0,4594.0
11-12 13:00,4794.0,4924.0,4891.0,4945.0,4858.0,4548.0,4548.0
11-12 14:00,4715.0,4892.0,4904.0,4995.0,4862.0,4708.0,4708.0
11-12 15:00,4877.0,4939.0,4916.0,5086.0,4878.0,4674.0,4674.0
11-12 16:00,5015.0,4953.0,4932.0,5036.0,4853.0,4997.0,4997.0
11-12 17:00,5084.0,5000.0,4957.0,5278.0,4932.0,5029.0,5029.0
11-12 18:00,4886.0,4990.0,4961.0,5150.0,4912.0,4959.0,4959.0
11-12 19:00,4991.0,4962.0,4946.0,5077.0,4866.0,4797.0,4797.0
11-12 20:00,4867.0,4971.0,4914.0,5084.0,4819.0,4914.0,4914.0
11-12 21:00,4789.0,4913.0,4875.0,4958.0,4785.0,4681.0,4681.0
11-12 22:00,4722.0,4953.0,4856.0,4947.0,4672.0,4600.0,4600.0
11-12 23:00,4693.0,4907.0,4838.0,4818.0,4668.0,4534.0,4534.0
11-13 00:00,4687.0,4871.0,4769.0,4872.0,4659.0,4436.0,4436.0
11-13 01:00,4668.0,4865.0,4761.0,4940.0,4616.0,4388.0,4388.0
11-13 02:00,4641.0,4848.0,4721.0,4794.0,4727.0,4347.0,4347.0
11-13 03:00,4632.0,4837.0,4717.0,4805.0,4652.0,4378.0,4378.0
11-13 04:00,4668.0,4825.0,4708.0,4766.0,4693.0,4425.0,4425.0
11-13 05:00,4712.0,4850.0,4724.0,4702.0,4733.0,4467.0,4467.0
11-13 06:00,4789.0,4853.0,4834.0,4821.0,5148.0,4560.0,4560.0
11-13 07:00,4765.0,4869.0,4839.0,4921.0,5183.0,4705.0,4705.0
11-13 08:00,4774.0,4931.0,4848.0,4922.0,5186.0,4704.0,4704.0
11-13 09:00,4772.0,4938.0,4907.0,4923.0,5290.0,4724.0,4724.0
11-13 10:00,4882.0,4966.0,4893.0,4813.0,4927.0,4727.0,4727.0
11-13 11:00,4791.0,4982.0,4871.0,4796.0,4933.0,4746.0,4746.0
11-13 12:00,4767.0,4990.0,4830.0,4708.0,4916.0,4618.0,4618.0
11-13 13:00,4841.0,4987.0,4824.0,4767.0,4878.0,4563.0,4563.0
11-13 14:00,4828.0,5005.0,4863.0,4695.0,5063.0,4569.0,4569.0
11-13 15:00,4812.0,4972.0,4895.0,4799.0,5092.0,4611.0,4611.0
11-13 16:00,4819.0,4943.0,4952.0,4818.0,5156.0,4774.0,4774.0
11-13 17:00,5054.0,4954.0,5019.0,4991.0,5435.0,4871.0,4871.0
11-13 18:00,5003.0,5030.0,4988.0,4987.0,5220.0,4896.0,4896.0
11-13 19:00,4909.0,5067.0,4997.0,4878.0,5194.0,4862.0,4862.0
11-13 20:00,4790.0,5019.0,4977.0,4825.0,5072.0,4796.0,4796.0
11-13 21:00,4756.0,4973.0,4923.0,4826.0,4796.0,4704.0,4704.0
11-13 22:00,4745.0,4894.0,4905.0,4689.0,4803.0,4601.0,4601.0
11-13 23:00,4735.0,4886.0,4887.0,4698.0,4741.0,4506.0,4506.0
11-14 00:00,4937.0,4826.0,4848.0,4865.0,4727.0,4482.0,4482.0
11-14 01:00,4644.0,4778.0,4814.0,4810.0,4720.0,4433.0,4433.0
11-14 02:00,4638.0,4760.0,4795.0,4744.0,4657.0,4406.0,4406.0
11-14 03:00,4646.0,4735.0,4788.0,4712.0,4692.0,4411.0,4411.0
11-14 04:00,4662.0,4785.0,4820.0,5100.0,4719.0,4376.0,4376.0
11-14 05:00,4692.0,4814.0,4824.0,5156.0,4667.0,4395.0,4395.0
11-14 06:00,4677.0,4849.0,4892.0,4920.0,4928.0,4431.0,4431.0
11-14 07:00,4724.0,4846.0,4914.0,4981.0,5014.0,4502.0,4502.0
11-14 08:00,4778.0,4849.0,4960.0,5011.0,4951.0,4575.0,4575.0
11-14 09:00,4788.0,4821.0,4849.0,5133.0,4927.0,4724.0,4724.0
11-14 10:00,4764.0,4802.0,4860.0,5039.0,4896.0,4784.0,4784.0
11-14 11:00,4809.0,4791.0,4841.0,5236.0,4892.0,4734.0,4734.0
11-14 12:00,4774.0,4800.0,4825.0,4932.0,4886.0,4596.0,4596.0
11-14 13:00,4787.0,4821.0,4790.0,5129.0,4893.0,4539.0,4539.0
11-14 14:00,4811.0,4840.0,4792.0,4996.0,4972.0,4488.0,4488.0
11-14 15:00,4928.0,4883.0,4889.0,4952.0,5035.0,4487.0,4487.0
11-14 16:00,5122.0,4906.0,4957.0,5091.0,5230.0,4648.0,4648.0
11-14 17:00,5135.0,4926.0,4973.0,5397.0,5088.0,4866.0,4866.0
11-14 18:00,5070.0,4938.0,4978.0,5386.0,4942.0,4989.0,4989.0
11-14 19:00,5066.0,4938.0,4952.0,5340.0,4956.0,5043.0,5043.0
11-14 20:00,4845.0,4859.0,4906.0,5030.0,4907.0,4891.0,4891.0
11-14 21:00,5003.0,4820.0,4887.0,5233.0,4889.0,4613.0,4613.0
11-14 22:00,5011.0,4819.0,4867.0,4951.0,4710.0,4665.0,4665.0
11-14 23:00,5007.0,4794.0,4824.0,4940.0,4831.0,4461.0,4461.0
11-15 00:00,4703.0,4769.0,4839.0,4906.0,4770.0,4432.0,4432.0
11-15 01:00,4809.0,4761.0,4812.0,4882.0,4786.0,4442.0,4442.0
11-15 02:00,4786.0,4751.0,4815.0,4839.0,4688.0,4438.0,4438.0
11-15 03:00,4650.0,4746.0,4844.0,4809.0,4590.0,4413.0,4413.0
11-15 04:00,4672.0,4737.0,4812.0,4843.0,4613.0,4421.0,4421.0
11-15 05:00,4676.0,4762.0,4852.0,4966.0,4722.0,4464.0,4464.0
11-15 06:00,4681.0,4782.0,4958.0,5057.0,4818.0,4696.0,4696.0
11-15 07:00,4782.0,4792.0,4982.0,5191.0,4861.0,5027.0,5027.0
11-15 08:00,4920.0,4830.0,4974.0,5136.0,4939.0,5383.0,5383.0
11-15 09:00,4815.0,4805.0,4951.0,5407.0,5057.0,5486.0,5486.0
11-15 10:00,4809.0,4806.0,4954.0,5483.0,5084.0,5415.0,5415.0
11-15 11:00,4810.0,4802.0,4960.0,5131.0,5140.0,5270.0,5270.0
11-15 12:00,4799.0,4777.0,4902.0,4932.0,5352.0,5267.0,5267.0
11-15 13:00,4781.0,4770.0,4992.0,4958.0,4962.0,5057.0,5057.0
11-15 14:00,4731.0,4763.0,4991.0,5032.0,5075.0,5193.0,5193.0
11-15 15:00,4749.0,4847.0,5053.0,5137.0,5217.0,5354.0,5354.0
11-15 16:00,4788.0,4879.0,5089.0,5164.0,5275.0,5379.0,5379.0
11-15 17:00,4762.0,4904.0,5122.0,5290.0,5610.0,5372.0,5372.0
11-15 18:00,4724.0,4919.0,5148.0,5048.0,5205.0,5358.0,5358.0
11-15 19:00,4715.0,4905.0,5141.0,5260.0,5394.0,5474.0,5474.0
11-15 20:00,4706.0,4869.0,5045.0,5123.0,5301.0,5145.0,5145.0
11-15 21:00,4696.0,4840.0,4969.0,4963.0,5059.0,4988.0,4988.0
11-15 22:00,4726.0,4824.0,4978.0,4920.0,4812.0,4939.0,4939.0
11-15 23:00,4647.0,4819.0,4864.0,4864.0,4699.0,4595.0,4595.0
11-16 00:00,4655.0,4845.0,4822.0,4816.0,4649.0,4523.0,4523.0
11-16 01:00,4619.0,4824.0,4834.0,4827.0,4563.0,4379.0,4379.0
11-16 02:00,4653.0,4835.0,4815.0,4905.0,4580.0,4360.0,4360.0
11-16 03:00,4656.0,4760.0,4835.0,4794.0,4659.0,4343.0,4343.0
11-16 04:00,4700.0,4753.0,4835.0,4871.0,4815.0,4474.0,4474.0
11-16 05:00,4630.0,4683.0,4788.0,4870.0,4811.0,4796.0,4796.0
11-16 06:00,4697.0,4733.0,4899.0,5030.0,4716.0,4913.0,4913.0
11-16 07:00,4684.0,4828.0,4985.0,5061.0,4791.0,5364.0,5364.0
11-16 08:00,4752.0,4866.0,5043.0,5086.0,4954.0,5253.0,5253.0
11-16 09:00,4751.0,4849.0,5053.0,5040.0,4860.0,4960.0,4960.0
11-16 10:00,4708.0,4814.0,5014.0,4933.0,4901.0,4826.0,4826.0
11-16 11:00,4683.0,4811.0,5014.0,4921.0,4839.0,5046.0,5046.0
11-16 12:00,4716.0,4803.0,4971.0,4863.0,4795.0,4726.0,4726.0
11-16 13:00,4697.0,4813.0,4883.0,4920.0,4787.0,4828.0,4828.0
11-16 14:00,4738.0,4799.0,5041.0,4965.0,4779.0,4971.0,4971.0
11-16 15:00,4786.0,4828.0,5041.0,5015.0,4847.0,5205.0,5205.0
11-16 16:00,4809.0,4854.0,4927.0,5014.0,4911.0,5314.0,5314.0
11-16 17:00,4915.0,4875.0,4963.0,5027.0,4974.0,5084.0,5084.0
11-16 18:00,4854.0,4884.0,4948.0,5021.0,5024.0,5072.0,5072.0
11-16 19:00,4868.0,4875.0,5038.0,5055.0,5053.0,5397.0,5397.0
11-16 20:00,4771.0,4876.0,4947.0,4967.0,4986.0,4915.0,4915.0
11-16 21:00,4750.0,4900.0,4920.0,4883.0,4890.0,4631.0,4631.0
11-16 22:00,4736.0,4902.0,4872.0,4855.0,4927.0,4574.0,4574.0
11-16 23:00,4722.0,4834.0,4849.0,4829.0,4857.0,4398.0,4398.0
11-17 00:00,4633.0,4761.0,4854.0,4880.0,4794.0,4425.0,4425.0
11-17 01:00,4637.0,4836.0,4819.0,4849.0,4714.0,4347.0,4347.0
11-17 02:00,4653.0,4727.0,4865.0,4906.0,4779.0,4351.0,4351.0
11-17 03:00,4654.0,4723.0,4841.0,4873.0,4719.0,4384.0,4384.0
11-17 04:00,4629.0,4749.0,4862.0,4877.0,4754.0,4347.0,4347.0
11-17 05:00,4690.0,4781.0,4868.0,4860.0,4905.0,4470.0,4470.0
11-17 06:00,4760.0,4852.0,4976.0,4898.0,4858.0,4670.0,4670.0
11-17 07:00,4769.0,4886.0,4972.0,4957.0,4825.0,4949.0,4949.0
11-17 08:00,4762.0,4906.0,5009.0,4922.0,5003.0,5000.0,5000.0
11-17 09:00,4704.0,4856.0,4997.0,4907.0,4940.0,5059.0,5059.0
11-17 10:00,4769.0,4836.0,4971.0,4881.0,4930.0,5066.0,5066.0
11-17 11:00,4823.0,4794.0,4933.0,4908.0,4964.0,5163.0,5163.0
11-17 12:00,4872.0,4798.0,4978.0,4984.0,5066.0,5003.0,5003.0
11-17 13:00,4976.0,4836.0,4950.0,4833.0,5053.0,4599.0,4599.0
11-17 14:00,4981.0,4822.0,4943.0,4878.0,4989.0,4604.0,4604.0
11-17 15:00,4961.0,4852.0,4978.0,4947.0,4981.0,4553.0,4553.0
11-17 16:00,4967.0,4874.0,5025.0,4931.0,5078.0,4875.0,4875.0
11-17 17:00,4918.0,4879.0,5033.0,4987.0,5255.0,4915.0,4915.0
11-17 18:00,4966.0,4865.0,5036.0,4971.0,5350.0,5010.0,5010.0
11-17 19:00,4902.0,4850.0,5010.0,4985.0,5211.0,4961.0,4961.0
11-17 20:00,4821.0,4852.0,4970.0,4932.0,5047.0,4657.0,4657.0
11-17 21:00,4758.0,4849.0,4949.0,4888.0,4994.0,4670.0,4670.0
11-17 22:00,4697.0,4829.0,4936.0,4913.0,4929.0,4404.0,4404.0
11-17 23:00,4631.0,4818.0,4915.0,4856.0,4955.0,4360.0,4360.0
11-18 00:00,4724.0,4757.0,4881.0,4876.0,4917.0,4432.0,4432.0
11-18 01:00,4594.0,4711.0,4875.0,4835.0,4884.0,4453.0,4453.0
11-18 02:00,4596.0,4725.0,4860.0,4850.0,4885.0,4338.0,4338.0
11-18 03:00,4590.0,4738.0,4851.0,4949.0,4906.0,4428.0,4428.0
11-18 04:00,4600.0,4765.0,4864.0,4935.0,4918.0,4385.0,4385.0
11-18 05:00,4592.0,4788.0,4892.0,4804.0,5234.0,4447.0,4447.0
11-18 06:00,4656.0,4832.0,4879.0,4919.0,5655.0,4668.0,4668.0
11-18 07:00,4672.0,4881.0,4911.0,4939.0,5671.0,4936.0,4936.0
11-18 08:00,4667.0,4890.0,4923.0,4919.0,5474.0,5062.0,5062.0
11-18 09:00,4642.0,4939.0,4902.0,4998.0,5290.0,4809.0,4809.0
11-18 10:00,4577.0,4888.0,4942.0,4983.0,5049.0,4751.0,4751.0
11-18 11:00,4614.0,4847.0,4944.0,5106.0,5100.0,4677.0,4677.0
11-18 12:00,4623.0,4829.0,4919.0,4939.0,5330.0,4633.0,4633.0
11-18 13:00,4660.0,4870.0,4940.0,4943.0,5289.0,4688.0,4688.0
11-18 14:00,4959.0,4896.0,4948.0,4887.0,5345.0,4629.0,4629.0
11-18 15:00,4992.0,4913.0,4985.0,4995.0,5414.0,4655.0,4655.0
11-18 16:00,5060.0,4951.0,4998.0,5019.0,5549.0,4731.0,4731.0
11-18 17:00,5163.0,4951.0,4993.0,4972.0,5623.0,4908.0,4908.0
11-18 18:00,5082.0,4935.0,5001.0,4979.0,5154.0,4794.0,4794.0
11-18 19:00,4895.0,4937.0,5015.0,4953.0,5037.0,4951.0,4951.0
11-18 20:00,4802.0,4874.0,5002.0,4934.0,5109.0,4756.0,4756.0
11-18 21:00,4707.0,4885.0,4982.0,4912.0,4984.0,4596.0,4596.0
11-18 22:00,4673.0,4833.0,4986.0,4928.0,4873.0,4622.0,4622.0
11-18 23:00,4662.0,4855.0,4929.0,4867.0,4916.0,4544.0,4544.0
11-19 00:00,4617.0,4836.0,4869.0,4855.0,4846.0,4556.0,4556.0
11-19 01:00,4602.0,4901.0,4843.0,4847.0,4792.0,4603.0,4603.0
11-19 02:00,4591.0,4928.0,4855.0,4879.0,4798.0,4409.0,4409.0
11-19 03:00,4600.0,4955.0,4850.0,4819.0,4804.0,4325.0,4325.0
11-19 04:00,4625.0,4911.0,4889.0,4902.0,4863.0,4390.0,4390.0
11-19 05:00,4609.0,4843.0,4849.0,4987.0,4837.0,4479.0,4479.0
11-19 06:00,4669.0,4880.0,4824.0,5037.0,4882.0,4679.0,4679.0
11-19 07:00,4671.0,4956.0,4880.0,5116.0,4866.0,4774.0,4774.0
11-19 08:00,4705.0,4911.0,4923.0,5048.0,4928.0,4893.0,4893.0
11-19 09:00,4701.0,4931.0,4963.0,5002.0,4918.0,4801.0,4801.0
11-19 10:00,4656.0,4935.0,4962.0,5053.0,4833.0,4720.0,4720.0
11-19 11:00,4653.0,5002.0,4966.0,5134.0,4784.0,4814.0,4814.0
11-19 12:00,4678.0,4933.0,4950.0,5119.0,4870.0,4602.0,4602.0
11-19 13:00,4659.0,4886.0,4932.0,5074.0,4792.0,4523.0,4523.0
11-19 14:00,4930.0,4892.0,4955.0,5137.0,5189.0,4605.0,4605.0
11-19 15:00,5038.0,4914.0,4940.0,5272.0,5360.0,4824.0,4824.0
11-19 16:00,5127.0,4968.0,4983.0,5447.0,5166.0,5062.0,5062.0
11-19 17:00,5064.0,4957.0,4980.0,5207.0,5246.0,5180.0,5180.0
11-19 18:00,5109.0,4940.0,4998.0,5051.0,5228.0,5113.0,5113.0
11-19 19:00,5103.0,4960.0,4956.0,5205.0,5350.0,4902.0,4902.0
11-19 20:00,4951.0,4962.0,4895.0,5041.0,5085.0,4722.0,4722.0
11-19 21:00,4851.0,4925.0,4877.0,4969.0,5210.0,4645.0,4645.0
11-19 22:00,4703.0,4925.0,4889.0,4896.0,5103.0,4557.0,4557.0
11-19 23:00,4696.0,4889.0,4840.0,4882.0,4921.0,4556.0,4556.0
11-20 00:00,4729.0,4861.0,4803.0,4810.0,4961.0,4502.0,4502.0
11-20 01:00,4608.0,4865.0,4814.0,4828.0,4868.0,4531.0,4531.0
11-20 02:00,4598.0,4849.0,4803.0,4788.0,4774.0,4468.0,4468.0
11-20 03:00,4596.0,4823.0,4805.0,4790.0,4779.0,4438.0,4438.0
11-20 04:00,4663.0,4790.0,4854.0,4949.0,4784.0,4513.0,4513.0
11-20 05:00,4652.0,4750.0,4864.0,4919.0,4790.0,4557.0,4557.0
11-20 06:00,4719.0,4811.0,4856.0,4984.0,5370.0,4632.0,4632.0
11-20 07:00,4723.0,4809.0,4905.0,5029.0,5607.0,4952.0,4952.0
11-20 08:00,4752.0,4884.0,4889.0,5234.0,5657.0,4829.0,4829.0
11-20 09:00,4761.0,4899.0,4844.0,5138.0,5561.0,4900.0,4900.0
11-20 10:00,4864.0,4898.0,4823.0,4859.0,5498.0,4941.0,4941.0
11-20 11:00,4929.0,4915.0,4834.0,4860.0,5523.0,4730.0,4730.0
11-20 12:00,4980.0,4910.0,4871.0,4889.0,5540.0,4620.0,4620.0
11-20 13:00,5018.0,4926.0,4920.0,4947.0,5394.0,4508.0,4508.0
11-20 14:00,5020.0,4909.0,4953.0,4981.0,5453.0,4530.0,4530.0
11-20 15:00,5031.0,4898.0,5018.0,5054.0,5658.0,4524.0,4524.0
11-20 16:00,5090.0,4895.0,5057.0,5303.0,5713.0,4744.0,4744.0
11-20 17:00,5130.0,4897.0,5020.0,5548.0,5761.0,4977.0,4977.0
11-20 18:00,5097.0,4934.0,5013.0,5301.0,5612.0,4962.0,4962.0
11-20 19:00,5129.0,4934.0,4996.0,5287.0,5495.0,4778.0,4778.0
11-20 20:00,4975.0,4943.0,4953.0,5064.0,5396.0,4692.0,4692.0
11-20 21:00,4940.0,4909.0,4881.0,4954.0,5335.0,4649.0,4649.0
11-20 22:00,4833.0,4865.0,4836.0,4937.0,5215.0,4567.0,4567.0
11-20 23:00,4851.0,4841.0,4835.0,4944.0,4974.0,4592.0,4592.0
11-21 00:00,4772.0,4799.0,4852.0,5019.0,4835.0,4467.0,4467.0
11-21 01:00,4725.0,4768.0,4816.0,4980.0,4774.0,4397.0,4397.0
11-21 02:00,4763.0,4740.0,4750.0,5032.0,4759.0,4410.0,4410.0
11-21 03:00,4709.0,4743.0,4766.0,5017.0,4753.0,4426.0,4426.0
11-21 04:00,4766.0,4799.0,4787.0,4906.0,4795.0,4559.0,4559.0
11-21 05:00,4781.0,4763.0,4833.0,4854.0,4844.0,4525.0,4525.0
11-21 06:00,4771.0,4804.0,4941.0,5372.0,5315.0,4523.0,4523.0
11-21 07:00,4833.0,4833.0,4956.0,5610.0,5494.0,4592.0,4592.0
11-21 08:00,4862.0,4821.0,4941.0,5560.0,5384.0,4771.0,4771.0
11-21 09:00,4865.0,4808.0,4892.0,5505.0,5250.0,4757.0,4757.0
11-21 10:00,4866.0,4807.0,4894.0,5750.0,5166.0,4811.0,4811.0
11-21 11:00,4872.0,4866.0,4942.0,5530.0,5270.0,4748.0,4748.0
11-21 12:00,4884.0,4895.0,4869.0,5525.0,5345.0,4676.0,4676.0
11-21 13:00,4889.0,4916.0,5011.0,5284.0,5358.0,4564.0,4564.0
11-21 14:00,4879.0,4883.0,4933.0,5428.0,5524.0,4679.0,4679.0
11-21 15:00,4864.0,4851.0,4974.0,5418.0,5566.0,4677.0,4677.0
11-21 16:00,4917.0,4905.0,4976.0,5467.0,5342.0,4870.0,4870.0
11-21 17:00,4921.0,4925.0,4952.0,5504.0,5217.0,4962.0,4962.0
11-21 18:00,5121.0,4947.0,4985.0,5175.0,5185.0,4995.0,4995.0
11-21 19:00,4929.0,4970.0,4945.0,5043.0,5167.0,4915.0,4915.0
11-21 20:00,4871.0,4974.0,4911.0,5223.0,5159.0,4737.0,4737.0
11-21 21:00,4863.0,4930.0,4911.0,4978.0,5016.0,4645.0,4645.0
11-21 22:00,4818.0,4950.0,4894.0,5029.0,4966.0,4566.0,4566.0
11-21 23:00,4860.0,4875.0,4905.0,5028.0,4896.0,4553.0,4553.0
11-22 00:00,4752.0,4828.0,4856.0,5128.0,4867.0,4506.0,4506.0
11-22 01:00,4727.0,4816.0,4798.0,5086.0,4807.0,4461.0,4461.0
11-22 02:00,4834.0,4778.0,4762.0,4960.0,4774.0,4566.0,4566.0
11-22 03:00,4943.0,4756.0,4772.0,4949.0,4801.0,4468.0,4468.0
11-22 04:00,4776.0,4790.0,4330.0,4851.0,4865.0,4519.0,4519.0
11-22 05:00,4821.0,4828.0,4350.0,4916.0,4874.0,4608.0,4608.0
11-22 06:00,4882.0,4898.0,4564.0,5309.0,5134.0,5011.0,5011.0
11-22 07:00,4884.0,4917.0,4919.0,5648.0,5496.0,5040.0,5040.0
11-22 08:00,4847.0,4928.0,4905.0,5878.0,5466.0,5093.0,5093.0
11-22 09:00,4851.0,4862.0,4900.0,5772.0,5237.0,4859.0,4859.0
11-22 10:00,4842.0,4822.0,4819.0,5695.0,5403.0,4797.0,4797.0
11-22 11:00,5044.0,4822.0,4810.0,5634.0,5155.0,4716.0,4716.0
11-22 12:00,4883.0,4809.0,4801.0,5524.0,4974.0,4590.0,4590.0
11-22 13:00,4833.0,4782.0,4797.0,5266.0,5082.0,4563.0,4563.0
11-22 14:00,4828.0,4819.0,4853.0,5257.0,4958.0,4725.0,4725.0
11-22 15:00,4814.0,4900.0,4949.0,5516.0,4979.0,4815.0,4815.0
11-22 16:00,4938.0,4947.0,4952.0,5747.0,4986.0,4975.0,4975.0
11-22 17:00,4900.0,4952.0,4973.0,5642.0,5104.0,5093.0,5093.0
11-22 18:00,4805.0,4961.0,4994.0,5406.0,5102.0,5121.0,5121.0
11-22 19:00,4789.0,4936.0,4974.0,5359.0,5002.0,5186.0,5186.0
11-22 20:00,4752.0,4919.0,4999.0,5265.0,4952.0,4876.0,4876.0
11-22 21:00,4741.0,4869.0,4933.0,5346.0,4962.0,4667.0,4667.0
11-22 22:00,4973.0,4861.0,4915.0,5134.0,4902.0,4567.0,4567.0
11-22 23:00,4992.0,4856.0,4607.0,4883.0,4893.0,4545.0,4545.0
11-23 00:00,4806.0,4800.0,4813.0,5053.0,4846.0,4501.0,4501.0
11-23 01:00,4804.0,4788.0,4738.0,5031.0,4840.0,4489.0,4489.0
11-23 02:00,4955.0,4773.0,4730.0,5032.0,4829.0,4490.0,4490.0
11-23 03:00,4742.0,4778.0,4767.0,5041.0,4819.0,4538.0,4538.0
11-23 04:00,4838.0,4780.0,4756.0,4848.0,4743.0,4562.0,4562.0
11-23 05:00,4961.0,4799.0,4785.0,4927.0,4748.0,4569.0,4569.0
11-23 06:00,5039.0,4863.0,4840.0,5405.0,4804.0,4792.0,4792.0
11-23 07:00,5109.0,4874.0,4831.0,5525.0,4896.0,5057.0,5057.0
11-23 08:00,5122.0,4875.0,4823.0,5462.0,4946.0,5202.0,5202.0
11-23 09:00,5118.0,4862.0,4814.0,5629.0,4969.0,4947.0,4947.0
11-23 10:00,5058.0,4866.0,4826.0,5576.0,5029.0,4776.0,4776.0
11-23 11:00,4959.0,4903.0,4776.0,5437.0,5024.0,4664.0,4664.0
11-23 12:00,4924.0,4909.0,4772.0,5423.0,4992.0,4577.0,4577.0
11-23 13:00,4894.0,4855.0,4780.0,5326.0,4951.0,4676.0,4676.0
11-23 14:00,4709.0,4928.0,4804.0,5541.0,4939.0,4969.0,4969.0
11-23 15:00,4862.0,4898.0,4907.0,5677.0,4923.0,5010.0,5010.0
11-23 16:00,4859.0,4944.0,4922.0,5473.0,5050.0,5200.0,5200.0
11-23 17:00,4943.0,4950.0,4965.0,5416.0,5046.0,5318.0,5318.0
11-23 18:00,4868.0,4952.0,4941.0,5242.0,5073.0,5257.0,5257.0
11-23 19:00,4817.0,4939.0,4934.0,5220.0,5019.0,5215.0,5215.0
11-23 20:00,4946.0,4944.0,4953.0,4979.0,4958.0,5012.0,5012.0
11-23 21:00,4820.0,4937.0,4877.0,5059.0,4932.0,4712.0,4712.0
11-23 22:00,4795.0,4899.0,4896.0,5080.0,4879.0,4570.0,4570.0
11-23 23:00,4761.0,4920.0,4808.0,4972.0,4915.0,4581.0,4581.0
11-24 00:00,4739.0,4829.0,4779.0,5055.0,4843.0,4516.0,4516.0
11-24 01:00,4733.0,4807.0,4757.0,4912.0,4811.0,4446.0,4446.0
11-24 02:00,4707.0,4781.0,4749.0,4912.0,4844.0,4365.0,4365.0
11-24 03:00,4706.0,4772.0,4775.0,4886.0,4927.0,4376.0,4376.0
11-24 04:00,4821.0,4840.0,4790.0,4843.0,4859.0,4466.0,4466.0
11-24 05:00,4799.0,4825.0,4818.0,4863.0,4896.0,4495.0,4495.0
11-24 06:00,4864.0,4834.0,4858.0,4925.0,4899.0,4959.0,4959.0
11-24 07:00,4774.0,4860.0,4924.0,5066.0,4929.0,5071.0,5071.0
11-24 08:00,4762.0,4902.0,4890.0,5004.0,4975.0,5333.0,5333.0
11-24 09:00,4766.0,4828.0,4893.0,5018.0,4989.0,5344.0,5344.0
11-24 10:00,4708.0,4796.0,4866.0,5006.0,5143.0,4963.0,4963.0
11-24 11:00,4715.0,4795.0,4906.0,4996.0,5149.0,4840.0,4840.0
11-24 12:00,4693.0,4831.0,4913.0,5022.0,4929.0,4872.0,4872.0
11-24 13:00,4751.0,4834.0,4896.0,4997.0,4887.0,4820.0,4820.0
11-24 14:00,4722.0,4929.0,4971.0,5000.0,4861.0,4916.0,4916.0
11-24 15:00,4722.0,4967.0,4964.0,4997.0,5161.0,5049.0,5049.0
11-24 16:00,4944.0,5023.0,5026.0,5759.0,5142.0,5213.0,5213.0
11-24 17:00,4900.0,5022.0,5039.0,5510.0,5417.0,5321.0,5321.0
11-24 18:00,4780.0,5027.0,5026.0,5439.0,5325.0,5387.0,5387.0
11-24 19:00,4777.0,4955.0,5000.0,5237.0,5233.0,5176.0,5176.0
11-24 20:00,4835.0,4944.0,4944.0,5034.0,5007.0,4983.0,4983.0
11-24 21:00,4886.0,4965.0,4890.0,4975.0,5019.0,4654.0,4654.0
11-24 22:00,4811.0,4920.0,4876.0,4934.0,4966.0,4611.0,4611.0
11-24 23:00,4745.0,4923.0,4838.0,4884.0,4934.0,4679.0,4679.0
11-25 00:00,4791.0,4841.0,4762.0,4907.0,4914.0,4593.0,4593.0
11-25 01:00,4715.0,4853.0,4728.0,4862.0,4901.0,4549.0,4549.0
11-25 02:00,4710.0,4835.0,4736.0,4837.0,4906.0,4394.0,4394.0
11-25 03:00,4801.0,4831.0,4723.0,4853.0,4897.0,4578.0,4578.0
11-25 04:00,4769.0,4816.0,4730.0,4779.0,4865.0,4643.0,4643.0
11-25 05:00,4787.0,4841.0,4749.0,4888.0,4902.0,4723.0,4723.0
11-25 06:00,4793.0,4885.0,4793.0,4865.0,5476.0,4890.0,4890.0
11-25 07:00,5188.0,4908.0,4870.0,4894.0,5471.0,5089.0,5089.0
11-25 08:00,5047.0,4906.0,4900.0,4949.0,5500.0,5211.0,5211.0
11-25 09:00,5008.0,4915.0,4913.0,4937.0,5517.0,5003.0,5003.0
11-25 10:00,4936.0,4965.0,4927.0,4934.0,5458.0,5147.0,5147.0
11-25 11:00,4937.0,4951.0,4910.0,4923.0,5597.0,4866.0,4866.0
11-25 12:00,4723.0,5000.0,4885.0,4885.0,5444.0,4716.0,4716.0
11-25 13:00,4782.0,4978.0,4857.0,4876.0,5296.0,4689.0,4689.0
11-25 14:00,4797.0,5036.0,4847.0,4875.0,5265.0,4737.0,4737.0
11-25 15:00,5023.0,5070.0,4881.0,4843.0,5331.0,4776.0,4776.0
11-25 16:00,5170.0,5084.0,4872.0,4936.0,5398.0,5132.0,5132.0
11-25 17:00,5293.0,5079.0,4898.0,4925.0,5349.0,5139.0,5139.0
11-25 18:00,5182.0,5090.0,4897.0,4920.0,5238.0,4966.0,4966.0
11-25 19:00,5240.0,5077.0,4897.0,4966.0,5243.0,4892.0,4892.0
11-25 20:00,5071.0,4969.0,4881.0,4841.0,5164.0,4760.0,4760.0
11-25 21:00,4835.0,4943.0,4880.0,4802.0,4968.0,4776.0,4776.0
11-25 22:00,4795.0,4941.0,4828.0,4766.0,4896.0,4748.0,4748.0
11-25 23:00,4809.0,4942.0,4800.0,4754.0,4829.0,4543.0,4543.0
11-26 00:00,4831.0,4953.0,4776.0,4755.0,4861.0,4460.0,4460.0
11-26 01:00,4779.0,4884.0,4754.0,4823.0,4732.0,4470.0,4470.0
11-26 02:00,4711.0,4884.0,4762.0,4805.0,4835.0,4438.0,4438.0
11-26 03:00,4762.0,4850.0,4761.0,4705.0,4822.0,4449.0,4449.0
11-26 04:00,4737.0,4876.0,4756.0,4890.0,4698.0,4541.0,4541.0
11-26 05:00,4747.0,4858.0,4763.0,4816.0,4759.0,4572.0,4572.0
11-26 06:00,4924.0,4890.0,4773.0,4972.0,5075.0,4787.0,4787.0
11-26 07:00,5203.0,4956.0,4817.0,5008.0,5338.0,5055.0,5055.0
11-26 08:00,5144.0,5005.0,4905.0,5044.0,5153.0,5054.0,5054.0
11-26 09:00,5041.0,5016.0,4948.0,5339.0,5184.0,4978.0,4978.0
11-26 10:00,5051.0,5046.0,4977.0,5661.0,5105.0,4847.0,4847.0
11-26 11:00,5036.0,5065.0,4941.0,5566.0,5009.0,4754.0,4754.0
11-26 12:00,4900.0,5026.0,4969.0,5703.0,4981.0,4707.0,4707.0
11-26 13:00,4925.0,5004.0,4955.0,5561.0,5010.0,4694.0,4694.0
11-26 14:00,4866.0,5009.0,4939.0,5564.0,5563.0,4692.0,4692.0
11-26 15:00,5041.0,5015.0,4890.0,5728.0,5352.0,4677.0,4677.0
11-26 16:00,5033.0,5019.0,5005.0,5742.0,5260.0,4851.0,4851.0
11-26 17:00,5197.0,5062.0,4923.0,5598.0,5488.0,4964.0,4964.0
11-26 18:00,4990.0,5063.0,4925.0,5317.0,5602.0,4997.0,4997.0
11-26 19:00,4993.0,5048.0,4922.0,5391.0,5425.0,4843.0,4843.0
11-26 20:00,4853.0,5023.0,4898.0,5088.0,5233.0,4751.0,4751.0
11-26 21:00,4842.0,4986.0,4905.0,4985.0,5213.0,4646.0,4646.0
11-26 22:00,4973.0,4963.0,4856.0,4783.0,4943.0,4600.0,4600.0
11-26 23:00,5052.0,4940.0,4840.0,4786.0,4931.0,4565.0,4565.0
11-27 00:00,4858.0,4916.0,4806.0,4776.0,4837.0,4532.0,4532.0
11-27 01:00,4917.0,4871.0,4796.0,4791.0,4820.0,4479.0,4479.0
11-27 02:00,4769.0,4906.0,4785.0,4746.0,4782.0,4463.0,4463.0
11-27 03:00,4815.0,4907.0,4772.0,4757.0,4781.0,4489.0,4489.0
11-27 04:00,4772.0,4866.0,4749.0,4880.0,4848.0,4488.0,4488.0
11-27 05:00,4805.0,4860.0,4818.0,4933.0,4778.0,4498.0,4498.0
11-27 06:00,5050.0,4874.0,4875.0,5014.0,4929.0,4611.0,4611.0
11-27 07:00,4923.0,4892.0,4879.0,5158.0,4983.0,4707.0,4707.0
11-27 08:00,4891.0,4949.0,4970.0,5129.0,5048.0,4757.0,4757.0
11-27 09:00,4867.0,4979.0,4889.0,5389.0,5080.0,4953.0,4953.0
11-27 10:00,4881.0,4989.0,4871.0,5366.0,4974.0,4828.0,4828.0
11-27 11:00,4886.0,5022.0,4897.0,5514.0,4927.0,4818.0,4818.0
11-27 12:00,4864.0,5015.0,4853.0,5084.0,4990.0,4701.0,4701.0
11-27 13:00,4851.0,5026.0,4889.0,5058.0,5247.0,4648.0,4648.0
11-27 14:00,4840.0,5034.0,4872.0,5023.0,5344.0,4659.0,4659.0
11-27 15:00,4886.0,5004.0,4853.0,5052.0,4995.0,4696.0,4696.0
11-27 16:00,5143.0,5027.0,4937.0,5384.0,5151.0,4940.0,4940.0
11-27 17:00,5132.0,5025.0,4960.0,5535.0,5191.0,5061.0,5061.0
11-27 18:00,4976.0,5027.0,4960.0,5179.0,5080.0,5056.0,5056.0
11-27 19:00,5082.0,5026.0,4965.0,5281.0,5025.0,4956.0,4956.0
11-27 20:00,4998.0,4995.0,4918.0,5218.0,4957.0,4868.0,4868.0
11-27 21:00,4940.0,4948.0,4886.0,5138.0,5112.0,4781.0,4781.0
11-27 22:00,5131.0,4930.0,4857.0,4981.0,4993.0,4680.0,4680.0
11-27 23:00,5187.0,4888.0,4803.0,4902.0,4896.0,4566.0,4566.0
11-28 00:00,5105.0,4846.0,4808.0,4954.0,4820.0,4463.0,4463.0
11-28 01:00,4874.0,4809.0,4760.0,4838.0,4764.0,4510.0,4510.0
11-28 02:00,4871.0,4797.0,4753.0,4844.0,4754.0,4499.0,4499.0
11-28 03:00,4805.0,4809.0,4771.0,4887.0,4755.0,4460.0,4460.0
11-28 04:00,4815.0,4821.0,4746.0,4827.0,4784.0,4501.0,4501.0
11-28 05:00,4833.0,4825.0,4758.0,4896.0,4831.0,4527.0,4527.0
11-28 06:00,4868.0,4838.0,4867.0,5081.0,4767.0,4623.0,4623.0
11-28 07:00,4927.0,4852.0,4893.0,5019.0,4911.0,4731.0,4731.0
11-28 08:00,4996.0,4898.0,5026.0,5194.0,4904.0,4709.0,4709.0
11-28 09:00,4971.0,4984.0,4795.0,5286.0,4883.0,4804.0,4804.0
11-28 10:00,4868.0,4855.0,4825.0,5473.0,4862.0,4772.0,4772.0
11-28 11:00,4866.0,4856.0,4790.0,4962.0,4811.0,4720.0,4720.0
11-28 12:00,4868.0,4860.0,4873.0,5109.0,4876.0,4658.0,4658.0
11-28 13:00,4851.0,4884.0,4888.0,4879.0,4894.0,4669.0,4669.0
11-28 14:00,4853.0,4886.0,5066.0,5493.0,4899.0,4724.0,4724.0
11-28 15:00,4869.0,4898.0,5168.0,5375.0,4936.0,4684.0,4684.0
11-28 16:00,4980.0,4945.0,5204.0,5275.0,5057.0,4807.0,4807.0
11-28 17:00,4948.0,5001.0,5056.0,5195.0,4967.0,4932.0,4932.0
11-28 18:00,4892.0,4999.0,5125.0,5312.0,5018.0,5043.0,5043.0
11-28 19:00,5146.0,5001.0,5063.0,5325.0,4959.0,5126.0,5126.0
11-28 20:00,5002.0,4939.0,5042.0,4946.0,4901.0,5188.0,5188.0
11-28 21:00,4933.0,4934.0,5185.0,5145.0,4892.0,5170.0,5170.0
11-28 22:00,4855.0,4913.0,5044.0,5064.0,4834.0,5130.0,5130.0
11-28 23:00,4856.0,4900.0,4808.0,5012.0,4857.0,4691.0,4691.0
11-29 00:00,4873.0,4878.0,4776.0,5007.0,4785.0,4504.0,4504.0
11-29 01:00,4809.0,4843.0,4777.0,4938.0,4723.0,4599.0,4599.0
11-29 02:00,4783.0,4860.0,4761.0,4823.0,4777.0,4517.0,4517.0
11-29 03:00,4790.0,4815.0,4759.0,4800.0,4750.0,4491.0,4491.0
11-29 04:00,4771.0,4806.0,4765.0,4835.0,4817.0,4557.0,4557.0
11-29 05:00,4772.0,4826.0,4805.0,4916.0,4820.0,4586.0,4586.0
11-29 06:00,4776.0,4970.0,4945.0,4960.0,4972.0,5179.0,5179.0
11-29 07:00,4866.0,4990.0,5128.0,5111.0,5009.0,5425.0,5425.0
11-29 08:00,4853.0,4957.0,5001.0,5125.0,5362.0,5367.0,5367.0
11-29 09:00,4862.0,4997.0,4974.0,4953.0,5192.0,5283.0,5283.0
11-29 10:00,4864.0,4939.0,4965.0,4880.0,4955.0,5223.0,5223.0
11-29 11:00,4875.0,4933.0,4943.0,4880.0,4976.0,5111.0,5111.0
11-29 12:00,4882.0,4980.0,4863.0,4827.0,4918.0,4963.0,4963.0
11-29 13:00,4873.0,4976.0,5114.0,4897.0,4966.0,4847.0,4847.0
11-29 14:00,4879.0,4993.0,5081.0,5146.0,5166.0,5216.0,5216.0
11-29 15:00,4841.0,5025.0,5052.0,5150.0,5241.0,5046.0,5046.0
11-29 16:00,5029.0,5164.0,5085.0,5196.0,5066.0,5317.0,5317.0
11-29 17:00,4979.0,5161.0,5072.0,5150.0,5100.0,5217.0,5217.0
11-29 18:00,4889.0,5143.0,5193.0,5175.0,5060.0,5512.0,5512.0
11-29 19:00,4831.0,5145.0,5266.0,5201.0,5219.0,5250.0,5250.0
11-29 20:00,4819.0,5108.0,5232.0,4748.0,5211.0,4839.0,4839.0
11-29 21:00,4809.0,5101.0,4943.0,4774.0,5018.0,4672.0,4672.0
11-29 22:00,5058.0,4997.0,5147.0,4722.0,4949.0,4602.0,4602.0
11-29 23:00,4873.0,5013.0,4876.0,4615.0,4953.0,4455.0,4455.0
11-30 00:00,4869.0,4982.0,4857.0,4548.0,4884.0,4464.0,4464.0
11-30 01:00,4788.0,4981.0,4825.0,4500.0,4910.0,4448.0,4448.0
11-30 02:00,4753.0,4940.0,4840.0,4532.0,4901.0,4447.0,4447.0
11-30 03:00,4722.0,4911.0,4823.0,4485.0,4860.0,4447.0,4447.0
11-30 04:00,4702.0,4972.0,4813.0,4543.0,4989.0,4416.0,4416.0
11-30 05:00,4733.0,4963.0,4827.0,4533.0,4968.0,4499.0,4499.0
11-30 06:00,4732.0,5036.0,4849.0,4637.0,4913.0,4545.0,4545.0
11-30 07:00,4798.0,5031.0,4893.0,4694.0,4977.0,4842.0,4842.0
11-30 08:00,4777.0,4980.0,5069.0,4715.0,5217.0,4831.0,4831.0
11-30 09:00,4746.0,4964.0,5059.0,4708.0,5236.0,4615.0,4615.0
11-30 10:00,4765.0,4924.0,5139.0,4747.0,4996.0,4635.0,4635.0
11-30 11:00,4752.0,4887.0,5148.0,4571.0,5043.0,4627.0,4627.0
11-30 12:00,4728.0,4952.0,4958.0,4680.0,4933.0,4442.0,4442.0
11-30 13:00,4765.0,4932.0,5039.0,4898.0,4914.0,4494.0,4494.0
11-30 14:00,4829.0,5104.0,5050.0,4888.0,5237.0,4437.0,4437.0
11-30 15:00,5026.0,5133.0,5050.0,4736.0,5212.0,4555.0,4555.0
11-30 16:00,5189.0,5072.0,5075.0,5328.0,5146.0,4775.0,4775.0
11-30 17:00,5155.0,5083.0,5031.0,5138.0,5085.0,5043.0,5043.0
11-30 18:00,5173.0,5105.0,5042.0,4987.0,5130.0,5274.0,5274.0
11-30 19:00,5000.0,5114.0,5060.0,4982.0,5359.0,5775.0,5775.0
11-30 20:00,5100.0,5070.0,5157.0,4805.0,5277.0,5186.0,5186.0
11-30 21:00,4897.0,5010.0,4929.0,4743.0,4988.0,4754.0,4754.0
11-30 22:00,4868.0,4959.0,4894.0,4738.0,4948.0,4602.0,4602.0
11-30 23:00,4809.0,4979.0,4882.0,4562.0,4880.0,4541.0,4541.0
12-01 00:00,4915.0,4994.0,4856.0,4624.0,4824.0,4591.0,4591.0
12-01 01:00,4954.0,4881.0,4854.0,4583.0,4774.0,4486.0,4486.0
12-01 02:00,4846.0,4855.0,4836.0,4544.0,4802.0,4547.0,4547.0
12-01 03:00,4735.0,4845.0,4854.0,4558.0,4820.0,4516.0,4516.0
12-01 04:00,4710.0,4852.0,4817.0,4638.0,4848.0,4551.0,4551.0
12-01 05:00,4741.0,4885.0,4828.0,4722.0,4853.0,4588.0,4588.0
12-01 06:00,4830.0,4996.0,5064.0,4718.0,4876.0,4611.0,4611.0
12-01 07:00,4774.0,5097.0,5016.0,4791.0,5009.0,4680.0,4680.0
12-01 08:00,4743.0,5079.0,5016.0,4739.0,5131.0,4690.0,4690.0
12-01 09:00,4754.0,5097.0,5082.0,4708.0,5145.0,4658.0,4658.0
12-01 10:00,4739.0,5054.0,5051.0,4730.0,5084.0,4647.0,4647.0
12-01 11:00,4761.0,5007.0,5044.0,4775.0,5160.0,4613.0,4613.0
12-01 12:00,4810.0,4995.0,4973.0,4836.0,5112.0,4511.0,4511.0
12-01 13:00,4762.0,5052.0,4975.0,4793.0,5093.0,4512.0,4512.0
12-01 14:00,4789.0,5000.0,4976.0,4821.0,4986.0,4573.0,4573.0
12-01 15:00,4757.0,5052.0,4998.0,4720.0,4881.0,4655.0,4655.0
12-01 16:00,5133.0,5074.0,5077.0,4806.0,5042.0,4744.0,4744.0
12-01 17:00,4871.0,5096.0,5070.0,4965.0,5188.0,4797.0,4797.0
12-01 18:00,4871.0,5078.0,5066.0,4967.0,5302.0,4908.0,4908.0
12-01 19:00,4883.0,5057.0,5065.0,4831.0,5396.0,4785.0,4785.0
12-01 20:00,5094.0,5069.0,5022.0,4745.0,5359.0,4733.0,4733.0
12-01 21:00,4827.0,5053.0,4990.0,4781.0,5276.0,4588.0,4588.0
12-01 22:00,4848.0,5034.0,4978.0,4764.0,5119.0,4403.0,4403.0
12-01 23:00,4783.0,5003.0,5040.0,4685.0,4893.0,4384.0,4384.0
12-02 00:00,4774.0,4935.0,5046.0,4768.0,4840.0,4368.0,4368.0
12-02 01:00,4784.0,4918.0,4854.0,4550.0,4781.0,4243.0,4243.0
12-02 02:00,4976.0,4901.0,4867.0,4636.0,4758.0,4308.0,4308.0
12-02 03:00,4722.0,4951.0,4861.0,4517.0,4768.0,4297.0,4297.0
12-02 04:00,4710.0,4916.0,4895.0,4526.0,4881.0,4397.0,4397.0
12-02 05:00,4786.0,4927.0,4887.0,4520.0,4854.0,4551.0,4551.0
12-02 06:00,4942.0,5023.0,4871.0,4537.0,5610.0,4992.0,4992.0
12-02 07:00,4940.0,5091.0,4971.0,4668.0,5536.0,5039.0,5039.0
12-02 08:00,4854.0,5114.0,5047.0,4888.0,5619.0,5292.0,5292.0
12-02 09:00,4759.0,5104.0,5271.0,4868.0,5258.0,5071.0,5071.0
12-02 10:00,4743.0,5060.0,5344.0,4787.0,5354.0,4882.0,4882.0
12-02 11:00,4946.0,5098.0,5335.0,4846.0,5151.0,5078.0,5078.0
12-02 12:00,4989.0,5067.0,5302.0,4827.0,5022.0,4848.0,4848.0
12-02 13:00,4907.0,5105.0,5079.0,4633.0,5141.0,4715.0,4715.0
12-02 14:00,4746.0,5104.0,5131.0,4603.0,5267.0,4784.0,4784.0
12-02 15:00,4995.0,5170.0,5125.0,4583.0,5445.0,4742.0,4742.0
12-02 16:00,4903.0,5147.0,5352.0,4650.0,5552.0,4906.0,4906.0
12-02 17:00,5043.0,5139.0,5128.0,4678.0,5567.0,4944.0,4944.0
12-02 18:00,4878.0,5160.0,5077.0,4667.0,5514.0,4973.0,4973.0
12-02 19:00,4866.0,5158.0,5191.0,4658.0,5482.0,4919.0,4919.0
12-02 20:00,4837.0,5066.0,5043.0,4620.0,5143.0,4768.0,4768.0
12-02 21:00,4828.0,5044.0,5003.0,4660.0,4972.0,4677.0,4677.0
12-02 22:00,4848.0,4991.0,4954.0,4808.0,4892.0,4586.0,4586.0
12-02 23:00,4942.0,4982.0,4968.0,4703.0,4836.0,4603.0,4603.0
12-03 00:00,5042.0,4912.0,4916.0,4566.0,4905.0,4441.0,4441.0
12-03 01:00,4976.0,4949.0,4912.0,4568.0,4733.0,4452.0,4452.0
12-03 02:00,4923.0,4958.0,4890.0,4546.0,4720.0,4361.0,4361.0
12-03 03:00,4814.0,4940.0,4824.0,4544.0,4756.0,4303.0,4303.0
12-03 04:00,4918.0,4930.0,4826.0,4567.0,4818.0,4377.0,4377.0
12-03 05:00,5032.0,4960.0,4828.0,4591.0,5034.0,4389.0,4389.0
12-03 06:00,4970.0,4951.0,4855.0,4642.0,5530.0,4682.0,4682.0
12-03 07:00,4912.0,4954.0,4914.0,4664.0,5627.0,4793.0,4793.0
12-03 08:00,4939.0,4967.0,4983.0,4723.0,5651.0,4877.0,4877.0
12-03 09:00,4808.0,4998.0,4991.0,4597.0,5452.0,4830.0,4830.0
12-03 10:00,4921.0,5102.0,4992.0,4622.0,5104.0,4781.0,4781.0
12-03 11:00,4689.0,5055.0,5001.0,4725.0,5106.0,4738.0,4738.0
12-03 12:00,4706.0,5033.0,4994.0,4637.0,4928.0,4650.0,4650.0
12-03 13:00,4712.0,4987.0,4998.0,4754.0,4992.0,4497.0,4497.0
12-03 14:00,4814.0,4991.0,4992.0,4819.0,5025.0,4496.0,4496.0
12-03 15:00,4861.0,4974.0,5211.0,4927.0,5329.0,4566.0,4566.0
12-03 16:00,4935.0,5042.0,4999.0,4990.0,5467.0,4738.0,4738.0
12-03 17:00,4907.0,5040.0,5010.0,4823.0,5328.0,4794.0,4794.0
12-03 18:00,4859.0,5019.0,4997.0,4807.0,5388.0,4769.0,4769.0
12-03 19:00,4979.0,5008.0,5001.0,4957.0,5253.0,4788.0,4788.0
12-03 20:00,4930.0,4992.0,4977.0,4800.0,5183.0,4733.0,4733.0
12-03 21:00,4902.0,4966.0,4933.0,4655.0,4946.0,4732.0,4732.0
12-03 22:00,5016.0,4950.0,4926.0,4683.0,4916.0,4553.0,4553.0
12-03 23:00,5013.0,4978.0,4882.0,4714.0,5027.0,4519.0,4519.0
12-04 00:00,4949.0,4936.0,4835.0,4637.0,4912.0,4445.0,4445.0
12-04 01:00,4882.0,4895.0,4821.0,4478.0,4810.0,4404.0,4404.0
12-04 02:00,4823.0,4877.0,4799.0,4534.0,4771.0,4448.0,4448.0
12-04 03:00,4886.0,4896.0,4793.0,4522.0,4829.0,4436.0,4436.0
12-04 04:00,4796.0,4920.0,4785.0,4536.0,4831.0,4443.0,4443.0
12-04 05:00,4830.0,4938.0,4809.0,4560.0,4911.0,4473.0,4473.0
12-04 06:00,4848.0,4945.0,4850.0,4570.0,5298.0,4558.0,4558.0
12-04 07:00,4938.0,5005.0,4892.0,4609.0,5562.0,4698.0,4698.0
12-04 08:00,4828.0,5020.0,4931.0,4886.0,5579.0,4890.0,4890.0
12-04 09:00,4848.0,5052.0,4904.0,4612.0,5248.0,4910.0,4910.0
12-04 10:00,4840.0,5028.0,4924.0,4541.0,5137.0,4873.0,4873.0
12-04 11:00,4814.0,5051.0,4900.0,4579.0,4927.0,4793.0,4793.0
12-04 12:00,4930.0,5033.0,4896.0,4544.0,4888.0,4725.0,4725.0
12-04 13:00,4881.0,5037.0,4872.0,4567.0,4995.0,4725.0,4725.0
12-04 14:00,4907.0,5033.0,4904.0,4588.0,5101.0,4662.0,4662.0
12-04 15:00,4914.0,5035.0,4952.0,4818.0,5223.0,4605.0,4605.0
12-04 16:00,4907.0,5068.0,5062.0,4911.0,5340.0,4596.0,4596.0
12-04 17:00,4913.0,5084.0,5045.0,4708.0,5591.0,4663.0,4663.0
12-04 18:00,4934.0,5112.0,5027.0,4757.0,5484.0,4724.0,4724.0
12-04 19:00,4937.0,5110.0,5001.0,4781.0,5436.0,4765.0,4765.0
12-04 20:00,4962.0,5043.0,4947.0,4843.0,5328.0,4789.0,4789.0
12-04 21:00,4895.0,5051.0,4901.0,4847.0,5122.0,4677.0,4677.0
12-04 22:00,4889.0,5070.0,4884.0,4726.0,4932.0,4532.0,4532.0
12-04 23:00,4888.0,4982.0,4864.0,4647.0,4974.0,4498.0,4498.0
12-05 00:00,4838.0,5027.0,4813.0,4497.0,4995.0,4473.0,4473.0
12-05 01:00,4859.0,4939.0,4790.0,4494.0,4967.0,4411.0,4411.0
12-05 02:00,4892.0,4914.0,4787.0,4515.0,4744.0,4443.0,4443.0
12-05 03:00,4852.0,4904.0,4780.0,4567.0,4753.0,4436.0,4436.0
12-05 04:00,4843.0,4917.0,4773.0,4639.0,4793.0,4460.0,4460.0
12-05 05:00,4857.0,4942.0,4818.0,4634.0,4837.0,4497.0,4497.0
12-05 06:00,4838.0,4993.0,4865.0,4609.0,4931.0,4530.0,4530.0
12-05 07:00,4903.0,5031.0,4902.0,4680.0,5265.0,4658.0,4658.0
12-05 08:00,4920.0,5079.0,4902.0,4788.0,5170.0,4742.0,4742.0
12-05 09:00,4933.0,5115.0,4873.0,4783.0,5171.0,4764.0,4764.0
12-05 10:00,4930.0,5099.0,4892.0,4999.0,5383.0,4678.0,4678.0
12-05 11:00,4997.0,5132.0,4896.0,4865.0,5113.0,4695.0,4695.0
12-05 12:00,4942.0,5074.0,4923.0,4846.0,5018.0,4667.0,4667.0
12-05 13:00,4970.0,5067.0,4906.0,4668.0,5191.0,4625.0,4625.0
12-05 14:00,4963.0,5091.0,4916.0,4749.0,5110.0,4594.0,4594.0
12-05 15:00,5027.0,5098.0,4916.0,4757.0,5099.0,4618.0,4618.0
12-05 16:00,5022.0,5134.0,4954.0,4809.0,5152.0,4812.0,4812.0
12-05 17:00,5060.0,5126.0,5014.0,4858.0,5212.0,4883.0,4883.0
12-05 18:00,5040.0,5115.0,5003.0,4866.0,5090.0,4895.0,4895.0
12-05 19:00,5036.0,5099.0,4954.0,4963.0,5117.0,4928.0,4928.0
12-05 20:00,5066.0,5135.0,4911.0,4747.0,5206.0,4898.0,4898.0
12-05 21:00,4928.0,5089.0,4881.0,4635.0,4978.0,4824.0,4824.0
12-05 22:00,4936.0,5041.0,4843.0,4616.0,5016.0,4685.0,4685.0
12-05 23:00,4910.0,4957.0,4832.0,4668.0,4927.0,4512.0,4512.0
12-06 00:00,4852.0,4993.0,4780.0,4594.0,4881.0,4537.0,4537.0
12-06 01:00,4879.0,4917.0,4753.0,4553.0,4725.0,4450.0,4450.0
12-06 02:00,4872.0,4929.0,4711.0,4529.0,4702.0,4423.0,4423.0
12-06 03:00,4860.0,4880.0,4707.0,4557.0,4723.0,4367.0,4367.0
12-06 04:00,4862.0,4932.0,4714.0,4604.0,4674.0,4441.0,4441.0
12-06 05:00,4851.0,4983.0,4748.0,4604.0,4682.0,4655.0,4655.0
12-06 06:00,4832.0,5011.0,4814.0,4736.0,5080.0,4764.0,4764.0
12-06 07:00,4933.0,5037.0,4852.0,4781.0,5127.0,4959.0,4959.0
12-06 08:00,4959.0,5166.0,4917.0,4738.0,5194.0,5254.0,5254.0
12-06 09:00,4959.0,5170.0,5094.0,4653.0,5008.0,5079.0,5079.0
12-06 10:00,4952.0,5022.0,4938.0,4657.0,5054.0,5092.0,5092.0
12-06 11:00,4938.0,5046.0,4928.0,4685.0,4946.0,4995.0,4995.0
12-06 12:00,4936.0,5058.0,4812.0,4584.0,5002.0,4796.0,4796.0
12-06 13:00,4945.0,5109.0,4828.0,4545.0,4967.0,4739.0,4739.0
12-06 14:00,4960.0,5124.0,4827.0,4691.0,4928.0,4703.0,4703.0
12-06 15:00,4967.0,5151.0,4898.0,4638.0,4925.0,4682.0,4682.0
12-06 16:00,4978.0,5140.0,5050.0,4667.0,5030.0,4865.0,4865.0
12-06 17:00,4957.0,5168.0,4990.0,4677.0,5111.0,4954.0,4954.0
12-06 18:00,4957.0,5132.0,4984.0,4732.0,5098.0,4903.0,4903.0
12-06 19:00,5144.0,5146.0,5041.0,4748.0,5096.0,4779.0,4779.0
12-06 20:00,5150.0,5090.0,5138.0,4611.0,5035.0,4736.0,4736.0
12-06 21:00,5050.0,5073.0,4926.0,4687.0,4996.0,4515.0,4515.0
12-06 22:00,5187.0,5053.0,4889.0,4562.0,5144.0,4474.0,4474.0
12-06 23:00,5144.0,5015.0,4850.0,4523.0,4840.0,4428.0,4428.0
12-07 00:00,4893.0,5008.0,4793.0,4505.0,4923.0,4399.0,4399.0
12-07 01:00,4827.0,4956.0,4826.0,4460.0,4797.0,4377.0,4377.0
12-07 02:00,4862.0,5062.0,4757.0,4496.0,4844.0,4383.0,4383.0
12-07 03:00,4922.0,5075.0,4830.0,4446.0,4847.0,4380.0,4380.0
12-07 04:00,4919.0,5064.0,4814.0,4475.0,4922.0,4394.0,4394.0
12-07 05:00,4852.0,5104.0,4838.0,4535.0,5090.0,4467.0,4467.0
12-07 06:00,4980.0,5072.0,4989.0,4557.0,4864.0,4611.0,4611.0
12-07 07:00,5138.0,5106.0,4942.0,4763.0,5017.0,4775.0,4775.0
12-07 08:00,5063.0,5043.0,4950.0,4787.0,4997.0,4953.0,4953.0
12-07 09:00,4984.0,4992.0,4904.0,4741.0,4959.0,4909.0,4909.0
12-07 10:00,4877.0,4971.0,4917.0,4806.0,4991.0,4836.0,4836.0
12-07 11:00,4788.0,5006.0,4848.0,4609.0,5078.0,4801.0,4801.0
12-07 12:00,4814.0,5041.0,4846.0,4718.0,4912.0,4639.0,4639.0
12-07 13:00,4837.0,5081.0,4858.0,4710.0,4892.0,4575.0,4575.0
12-07 14:00,4856.0,5059.0,4893.0,4625.0,4830.0,4668.0,4668.0
12-07 15:00,4919.0,5122.0,4892.0,4627.0,4952.0,4728.0,4728.0
12-07 16:00,5291.0,5141.0,4925.0,4664.0,5095.0,4963.0,4963.0
12-07 17:00,5264.0,5157.0,4943.0,4649.0,5113.0,4984.0,4984.0
12-07 18:00,5284.0,5150.0,4939.0,4665.0,5191.0,4894.0,4894.0
12-07 19:00,5273.0,5078.0,4931.0,4759.0,5206.0,4822.0,4822.0
12-07 20:00,4967.0,5080.0,4933.0,4644.0,5336.0,4706.0,4706.0
12-07 21:00,5062.0,5088.0,4899.0,4601.0,5218.0,4661.0,4661.0
12-07 22:00,4908.0,5075.0,4874.0,4573.0,5058.0,4595.0,4595.0
12-07 23:00,5087.0,5000.0,4845.0,4645.0,5037.0,4530.0,4530.0
12-08 00:00,4871.0,5043.0,4772.0,4688.0,4948.0,4439.0,4439.0
12-08 01:00,4862.0,5010.0,4814.0,4629.0,5026.0,4387.0,4387.0
12-08 02:00,4840.0,4955.0,4812.0,4481.0,4940.0,4395.0,4395.0
12-08 03:00,4830.0,4934.0,4806.0,4556.0,4825.0,4372.0,4372.0
12-08 04:00,4907.0,5067.0,4803.0,4639.0,4955.0,4474.0,4474.0
12-08 05:00,4926.0,5016.0,4840.0,4657.0,5007.0,4535.0,4535.0
12-08 06:00,5153.0,5109.0,5074.0,4488.0,4978.0,4671.0,4671.0
12-08 07:00,5227.0,5084.0,5016.0,4590.0,4916.0,4804.0,4804.0
12-08 08:00,5175.0,5082.0,5204.0,4711.0,4987.0,4795.0,4795.0
12-08 09:00,5081.0,5069.0,5104.0,4579.0,4987.0,4722.0,4722.0
12-08 10:00,4984.0,5066.0,5090.0,4738.0,5012.0,4703.0,4703.0
12-08 11:00,4979.0,4999.0,4936.0,4808.0,5086.0,4656.0,4656.0
12-08 12:00,5074.0,5036.0,4981.0,4772.0,4904.0,4647.0,4647.0
12-08 13:00,5056.0,5011.0,4993.0,4731.0,4869.0,4622.0,4622.0
12-08 14:00,5081.0,5086.0,4996.0,4775.0,4913.0,4656.0,4656.0
12-08 15:00,5033.0,5110.0,4997.0,4700.0,4853.0,4714.0,4714.0
12-08 16:00,5076.0,5146.0,5024.0,4725.0,4896.0,4949.0,4949.0
12-08 17:00,5133.0,5101.0,5041.0,4599.0,5068.0,4974.0,4974.0
12-08 18:00,5040.0,5109.0,5031.0,4822.0,4977.0,4938.0,4938.0
12-08 19:00,5179.0,5093.0,5019.0,4758.0,4937.0,4888.0,4888.0
12-08 20:00,5022.0,5078.0,4987.0,4717.0,4947.0,4777.0,4777.0
12-08 21:00,4859.0,5028.0,4967.0,4723.0,4993.0,4602.0,4602.0
12-08 22:00,4867.0,5046.0,4949.0,4687.0,5063.0,4504.0,4504.0
12-08 23:00,4830.0,5010.0,4918.0,4676.0,5035.0,4462.0,4462.0
12-09 00:00,4968.0,4985.0,4860.0,4605.0,4865.0,4450.0,4450.0
12-09 01:00,4801.0,4933.0,4821.0,4592.0,4838.0,4448.0,4448.0
12-09 02:00,4839.0,4939.0,4793.0,4684.0,4788.0,4404.0,4404.0
12-09 03:00,4821.0,4917.0,4798.0,4572.0,4725.0,4413.0,4413.0
12-09 04:00,4841.0,4930.0,4814.0,4559.0,4710.0,4469.0,4469.0
12-09 05:00,4826.0,4919.0,4838.0,4580.0,4873.0,4597.0,4597.0
12-09 06:00,4833.0,4983.0,4869.0,4643.0,4982.0,4885.0,4885.0
12-09 07:00,4876.0,5038.0,4914.0,4595.0,5102.0,5292.0,5292.0
12-09 08:00,4861.0,5039.0,4952.0,4645.0,5279.0,4993.0,4993.0
12-09 09:00,4845.0,5072.0,5005.0,4686.0,5034.0,5388.0,5388.0
12-09 10:00,4826.0,5050.0,5028.0,4756.0,5101.0,5374.0,5374.0
12-09 11:00,4858.0,5082.0,5042.0,4759.0,5015.0,5193.0,5193.0
12-09 12:00,4839.0,5064.0,5025.0,4653.0,4927.0,4816.0,4816.0
12-09 13:00,4845.0,5146.0,5022.0,4630.0,5011.0,5333.0,5333.0
12-09 14:00,4908.0,5144.0,4996.0,4659.0,5360.0,5117.0,5117.0
12-09 15:00,4913.0,5210.0,5307.0,4675.0,4943.0,5102.0,5102.0
12-09 16:00,5096.0,5145.0,5341.0,4697.0,5092.0,5392.0,5392.0
12-09 17:00,5106.0,5119.0,5325.0,4705.0,5193.0,5298.0,5298.0
12-09 18:00,5087.0,5106.0,5063.0,4681.0,5207.0,5297.0,5297.0
12-09 19:00,4941.0,5121.0,5301.0,4644.0,5316.0,4991.0,4991.0
12-09 20:00,4983.0,5075.0,5017.0,4693.0,5060.0,4763.0,4763.0
12-09 21:00,4990.0,5028.0,4981.0,4623.0,4928.0,4599.0,4599.0
12-09 22:00,4872.0,5032.0,4946.0,4650.0,4976.0,4577.0,4577.0
12-09 23:00,4885.0,5052.0,4922.0,4635.0,4898.0,4480.0,4480.0
12-10 00:00,4870.0,4959.0,4872.0,4623.0,4933.0,4490.0,4490.0
12-10 01:00,4838.0,4973.0,4858.0,4539.0,4890.0,4443.0,4443.0
12-10 02:00,4888.0,4926.0,4854.0,4529.0,4886.0,4465.0,4465.0
12-10 03:00,4873.0,4969.0,4846.0,4564.0,4877.0,4492.0,4492.0
12-10 04:00,4837.0,4953.0,4846.0,4533.0,4923.0,4498.0,4498.0
12-10 05:00,4856.0,4931.0,4847.0,4547.0,4994.0,4503.0,4503.0
12-10 06:00,4838.0,4964.0,4875.0,4586.0,5255.0,4735.0,4735.0
12-10 07:00,5030.0,5058.0,4928.0,4586.0,5603.0,4879.0,4879.0
12-10 08:00,4860.0,5083.0,5278.0,4666.0,5448.0,4950.0,4950.0
12-10 09:00,4800.0,5068.0,5286.0,4604.0,5172.0,4897.0,4897.0
12-10 10:00,4751.0,5093.0,5216.0,4553.0,5258.0,4856.0,4856.0
12-10 11:00,4821.0,5080.0,5303.0,4566.0,4943.0,4825.0,4825.0
12-10 12:00,4841.0,5055.0,5325.0,4534.0,4950.0,4746.0,4746.0
12-10 13:00,4901.0,5058.0,5263.0,4523.0,4911.0,4695.0,4695.0
12-10 14:00,4924.0,5053.0,5203.0,4509.0,4979.0,4754.0,4754.0
12-10 15:00,4951.0,5093.0,5111.0,4644.0,5017.0,4850.0,4850.0
12-10 16:00,4975.0,5171.0,5222.0,4801.0,5102.0,5120.0,5120.0
12-10 17:00,5019.0,5169.0,5059.0,4893.0,5240.0,5185.0,5185.0
12-10 18:00,4976.0,5166.0,5030.0,4972.0,5059.0,5279.0,5279.0
12-10 19:00,4927.0,5149.0,5017.0,4773.0,5035.0,5217.0,5217.0
12-10 20:00,4885.0,5082.0,4977.0,4662.0,4984.0,4881.0,4881.0
12-10 21:00,4885.0,5042.0,4931.0,4687.0,4899.0,4702.0,4702.0
12-10 22:00,4871.0,5062.0,4902.0,4714.0,4923.0,4698.0,4698.0
12-10 23:00,4878.0,5058.0,4862.0,4661.0,4882.0,4545.0,4545.0
12-11 00:00,4861.0,5026.0,4865.0,4614.0,4989.0,4550.0,4550.0
12-11 01:00,4855.0,4995.0,4819.0,4597.0,4803.0,4520.0,4520.0
12-11 02:00,4846.0,4999.0,4812.0,4609.0,4857.0,4508.0,4508.0
12-11 03:00,4824.0,5002.0,4798.0,4565.0,4838.0,4467.0,4467.0
12-11 04:00,4807.0,4946.0,4812.0,4575.0,4810.0,4450.0,4450.0
12-11 05:00,4907.0,4981.0,4823.0,4625.0,4837.0,4476.0,4476.0
12-11 06:00,4901.0,5005.0,5112.0,4594.0,4984.0,4629.0,4629.0
12-11 07:00,4904.0,5095.0,4930.0,4641.0,5170.0,4711.0,4711.0
12-11 08:00,4872.0,5118.0,5047.0,4636.0,5371.0,4851.0,4851.0
12-11 09:00,4887.0,5175.0,5148.0,4564.0,5217.0,4897.0,4897.0
12-11 10:00,4861.0,5108.0,5156.0,4557.0,5068.0,4877.0,4877.0
12-11 11:00,4884.0,5131.0,5144.0,4542.0,5269.0,4885.0,4885.0
12-11 12:00,4843.0,5096.0,5131.0,4545.0,5278.0,4783.0,4783.0
12-11 13:00,4900.0,5139.0,5118.0,4578.0,5185.0,4704.0,4704.0
12-11 14:00,4905.0,5131.0,5014.0,4718.0,5346.0,4746.0,4746.0
12-11 15:00,4930.0,5104.0,5057.0,4969.0,5631.0,4779.0,4779.0
12-11 16:00,5037.0,5151.0,5061.0,5104.0,5587.0,4836.0,4836.0
12-11 17:00,4910.0,5079.0,5085.0,5455.0,5693.0,4879.0,4879.0
12-11 18:00,4908.0,5109.0,5099.0,5121.0,5558.0,4949.0,4949.0
12-11 19:00,4935.0,5083.0,5087.0,5081.0,5290.0,4891.0,4891.0
12-11 20:00,4915.0,5069.0,4989.0,5174.0,5001.0,4831.0,4831.0
12-11 21:00,4908.0,5088.0,4998.0,4967.0,5252.0,4681.0,4681.0
12-11 22:00,4914.0,5098.0,4995.0,4683.0,5116.0,4548.0,4548.0
12-11 23:00,4887.0,5044.0,4875.0,4633.0,4934.0,4501.0,4501.0
12-12 00:00,4925.0,5063.0,4835.0,4472.0,4949.0,4485.0,4485.0
12-12 01:00,4886.0,5021.0,4806.0,4531.0,4805.0,4500.0,4500.0
12-12 02:00,4840.0,4985.0,4810.0,4546.0,4828.0,4538.0,4538.0
12-12 03:00,4861.0,5013.0,4773.0,4448.0,4757.0,4541.0,4541.0
12-12 04:00,4866.0,4966.0,4783.0,4509.0,4770.0,4565.0,4565.0
12-12 05:00,4880.0,5023.0,4812.0,4700.0,4802.0,4561.0,4561.0
12-12 06:00,4853.0,5040.0,4824.0,5358.0,5185.0,4652.0,4652.0
12-12 07:00,4934.0,5149.0,4859.0,5477.0,5422.0,4577.0,4577.0
12-12 08:00,4956.0,5067.0,4855.0,5189.0,5433.0,4642.0,4642.0
12-12 09:00,4946.0,5038.0,4831.0,5090.0,5471.0,4657.0,4657.0
12-12 10:00,4927.0,5014.0,4801.0,5187.0,5361.0,4694.0,4694.0
12-12 11:00,4903.0,5047.0,4816.0,5277.0,5222.0,4653.0,4653.0
12-12 12:00,4899.0,5062.0,4831.0,5311.0,5408.0,4651.0,4651.0
12-12 13:00,4939.0,5120.0,4842.0,5384.0,4892.0,4610.0,4610.0
12-12 14:00,4984.0,5145.0,4974.0,5369.0,4860.0,4603.0,4603.0
12-12 15:00,4953.0,5158.0,4888.0,5384.0,5023.0,4665.0,4665.0
12-12 16:00,5005.0,5197.0,4949.0,5282.0,5315.0,4794.0,4794.0
12-12 17:00,5067.0,5201.0,4969.0,5304.0,5510.0,4885.0,4885.0
12-12 18:00,4987.0,5177.0,4973.0,4946.0,5271.0,4909.0,4909.0
12-12 19:00,5104.0,5143.0,4965.0,5081.0,5054.0,4887.0,4887.0
12-12 20:00,4989.0,5121.0,4948.0,4899.0,5137.0,4789.0,4789.0
12-12 21:00,4949.0,5070.0,5166.0,4948.0,4966.0,4646.0,4646.0
12-12 22:00,4902.0,5061.0,5120.0,4700.0,4868.0,4549.0,4549.0
12-12 23:00,4909.0,5066.0,4929.0,4758.0,5028.0,4466.0,4466.0
12-13 00:00,4907.0,4956.0,5119.0,4720.0,4922.0,4446.0,4446.0
12-13 01:00,4855.0,4979.0,4851.0,4666.0,4865.0,4387.0,4387.0
12-13 02:00,4829.0,4959.0,4779.0,4527.0,4967.0,4385.0,4385.0
12-13 03:00,4829.0,4960.0,4770.0,4538.0,5048.0,4399.0,4399.0
12-13 04:00,4812.0,4929.0,4772.0,4658.0,4962.0,4475.0,4475.0
12-13 05:00,4847.0,4948.0,4819.0,4704.0,4830.0,4509.0,4509.0
12-13 06:00,4840.0,5111.0,5037.0,4729.0,4962.0,4741.0,4741.0
12-13 07:00,4914.0,5104.0,4956.0,4854.0,5450.0,4972.0,4972.0
12-13 08:00,4902.0,5053.0,4950.0,4985.0,5748.0,5189.0,5189.0
12-13 09:00,4964.0,5011.0,4854.0,5111.0,5619.0,5132.0,5132.0
12-13 10:00,4947.0,5025.0,4828.0,5313.0,5357.0,4901.0,4901.0
12-13 11:00,4908.0,5068.0,4825.0,5277.0,5507.0,4842.0,4842.0
12-13 12:00,4899.0,5064.0,4976.0,5114.0,5380.0,4789.0,4789.0
12-13 13:00,4881.0,5117.0,4879.0,5314.0,5257.0,4870.0,4870.0
12-13 14:00,4904.0,5149.0,4871.0,5599.0,5294.0,5095.0,5095.0
12-13 15:00,4909.0,5197.0,4913.0,5654.0,5391.0,5216.0,5216.0
12-13 16:00,5025.0,5242.0,4928.0,5522.0,5410.0,5452.0,5452.0
12-13 17:00,5025.0,5215.0,4951.0,5826.0,5400.0,5527.0,5527.0
12-13 18:00,5057.0,5182.0,4962.0,5810.0,5324.0,5339.0,5339.0
12-13 19:00,5075.0,5153.0,4963.0,5813.0,5251.0,5219.0,5219.0
12-13 20:00,4953.0,5186.0,4921.0,5501.0,5063.0,5126.0,5126.0
12-13 21:00,4936.0,5144.0,4889.0,5147.0,5098.0,4809.0,4809.0
12-13 22:00,4919.0,5046.0,4856.0,5081.0,5078.0,4533.0,4533.0
12-13 23:00,4895.0,5019.0,4833.0,4937.0,4989.0,4456.0,4456.0
12-14 00:00,4966.0,4958.0,4787.0,4907.0,5149.0,4421.0,4421.0
12-14 01:00,4880.0,4900.0,4758.0,4978.0,5097.0,4562.0,4562.0
12-14 02:00,4865.0,4924.0,4749.0,4939.0,5008.0,4482.0,4482.0
12-14 03:00,4851.0,4949.0,4739.0,5072.0,4877.0,4429.0,4429.0
12-14 04:00,4918.0,4945.0,4748.0,5019.0,4865.0,4372.0,4372.0
12-14 05:00,4918.0,4979.0,4797.0,5012.0,4898.0,4504.0,4504.0
12-14 06:00,5002.0,5040.0,4788.0,5463.0,4954.0,4899.0,4899.0
12-14 07:00,5024.0,5100.0,4949.0,5692.0,5164.0,5197.0,5197.0
12-14 08:00,5040.0,5067.0,4914.0,5643.0,5309.0,5367.0,5367.0
12-14 09:00,4936.0,5059.0,4853.0,5865.0,5281.0,5375.0,5375.0
12-14 10:00,4803.0,5059.0,4872.0,5789.0,5044.0,5187.0,5187.0
12-14 11:00,4798.0,5060.0,4878.0,5574.0,5013.0,5335.0,5335.0
12-14 12:00,4800.0,5051.0,4986.0,5614.0,5008.0,5251.0,5251.0
12-14 13:00,4948.0,5061.0,4911.0,5597.0,4989.0,5139.0,5139.0
12-14 14:00,5025.0,5076.0,4984.0,5271.0,5097.0,5138.0,5138.0
12-14 15:00,5019.0,5101.0,5017.0,5406.0,5042.0,5232.0,5232.0
12-14 16:00,5094.0,5221.0,5094.0,5746.0,5199.0,5413.0,5413.0
12-14 17:00,5078.0,5237.0,5065.0,5931.0,5227.0,5448.0,5448.0
12-14 18:00,5128.0,5183.0,5085.0,5752.0,5120.0,5535.0,5535.0
12-14 19:00,5069.0,5142.0,5021.0,5455.0,5147.0,5478.0,5478.0
12-14 20:00,5037.0,5090.0,4995.0,5164.0,5092.0,5094.0,5094.0
12-14 21:00,4937.0,5045.0,4985.0,5086.0,5114.0,4721.0,4721.0
12-14 22:00,4917.0,4988.0,4947.0,5125.0,5045.0,4568.0,4568.0
12-14 23:00,4822.0,4940.0,4927.0,4931.0,4997.0,4581.0,4581.0
12-15 00:00,4838.0,4872.0,4906.0,4924.0,4900.0,4604.0,4604.0
12-15 01:00,4730.0,4876.0,4847.0,4929.0,4950.0,4452.0,4452.0
12-15 02:00,4734.0,4875.0,4824.0,4910.0,4851.0,4476.0,4476.0
12-15 03:00,4748.0,4856.0,4814.0,4848.0,4850.0,4467.0,4467.0
12-15 04:00,4758.0,4898.0,4804.0,4834.0,4880.0,4488.0,4488.0
12-15 05:00,4765.0,4895.0,4847.0,4847.0,4911.0,4541.0,4541.0
12-15 06:00,4802.0,4989.0,4881.0,4868.0,4970.0,4649.0,4649.0
12-15 07:00,5085.0,5040.0,4926.0,4890.0,5090.0,4848.0,4848.0
12-15 08:00,5178.0,5105.0,4944.0,5007.0,5009.0,5016.0,5016.0
12-15 09:00,5167.0,5034.0,4942.0,5054.0,5033.0,4890.0,4890.0
12-15 10:00,4939.0,5092.0,5059.0,5056.0,4977.0,5115.0,5115.0
12-15 11:00,4949.0,5127.0,5240.0,5048.0,4946.0,4905.0,4905.0
12-15 12:00,4946.0,5052.0,5033.0,5009.0,4849.0,4879.0,4879.0
12-15 13:00,5050.0,5039.0,5099.0,4953.0,4864.0,4709.0,4709.0
12-15 14:00,5116.0,5036.0,5072.0,4934.0,4794.0,4650.0,4650.0
12-15 15:00,5177.0,5052.0,5262.0,4987.0,4884.0,4855.0,4855.0
12-15 16:00,5233.0,5054.0,5237.0,5047.0,4897.0,5113.0,5113.0
12-15 17:00,5180.0,5100.0,5240.0,5128.0,5080.0,5171.0,5171.0
12-15 18:00,5107.0,5053.0,5295.0,5030.0,4993.0,5136.0,5136.0
12-15 19:00,5093.0,5055.0,5272.0,5028.0,4999.0,5086.0,5086.0
12-15 20:00,4993.0,5037.0,5256.0,5033.0,4992.0,4926.0,4926.0
12-15 21:00,5048.0,5034.0,5223.0,4921.0,4987.0,4656.0,4656.0
12-15 22:00,4969.0,4976.0,5046.0,4895.0,4996.0,4583.0,4583.0
12-15 23:00,4931.0,4932.0,4924.0,4874.0,4917.0,4479.0,4479.0
12-16 00:00,4895.0,4920.0,4873.0,4864.0,4844.0,4462.0,4462.0
12-16 01:00,4844.0,4909.0,4873.0,4882.0,4849.0,4439.0,4439.0
12-16 02:00,4873.0,4894.0,4848.0,4821.0,4842.0,4440.0,4440.0
12-16 03:00,4791.0,4896.0,4836.0,4830.0,4734.0,4476.0,4476.0
12-16 04:00,4802.0,4914.0,4851.0,4871.0,4858.0,4497.0,4497.0
12-16 05:00,4862.0,4935.0,4853.0,4877.0,4931.0,4603.0,4603.0
12-16 06:00,4950.0,5026.0,4869.0,4859.0,5002.0,4756.0,4756.0
12-16 07:00,5090.0,5113.0,4929.0,4876.0,5280.0,5138.0,5138.0
12-16 08:00,5069.0,5181.0,4984.0,4938.0,5249.0,5420.0,5420.0
12-16 09:00,4902.0,5072.0,5004.0,4980.0,5098.0,5224.0,5224.0
12-16 10:00,4888.0,5060.0,5000.0,5024.0,5072.0,5127.0,5127.0
12-16 11:00,4971.0,5080.0,4996.0,5038.0,5071.0,4988.0,4988.0
12-16 12:00,5027.0,5045.0,4962.0,5050.0,4994.0,4940.0,4940.0
12-16 13:00,4813.0,5073.0,4978.0,5034.0,5004.0,4875.0,4875.0
12-16 14:00,4817.0,5093.0,4980.0,5060.0,5243.0,4814.0,4814.0
12-16 15:00,4870.0,5123.0,5002.0,5036.0,5405.0,5073.0,5073.0
12-16 16:00,5198.0,5133.0,5020.0,5130.0,5339.0,5145.0,5145.0
12-16 17:00,5219.0,5143.0,5035.0,5188.0,5423.0,5096.0,5096.0
12-16 18:00,5205.0,5156.0,5019.0,5349.0,5134.0,5079.0,5079.0
12-16 19:00,4944.0,5167.0,5016.0,5202.0,5184.0,4956.0,4956.0
12-16 20:00,4939.0,5129.0,4991.0,5065.0,5182.0,4986.0,4986.0
12-16 21:00,4911.0,5118.0,4968.0,5053.0,5042.0,4790.0,4790.0
12-16 22:00,4879.0,5085.0,4945.0,4922.0,4909.0,4567.0,4567.0
12-16 23:00,4829.0,5036.0,4906.0,4984.0,4845.0,4520.0,4520.0
12-17 00:00,4819.0,5029.0,4868.0,4874.0,4891.0,4439.0,4439.0
12-17 01:00,4785.0,5004.0,4850.0,4946.0,4791.0,4432.0,4432.0
12-17 02:00,4771.0,4974.0,4829.0,4906.0,4820.0,4413.0,4413.0
12-17 03:00,4768.0,4975.0,4834.0,4944.0,4815.0,4418.0,4418.0
12-17 04:00,4811.0,4953.0,4850.0,5001.0,4792.0,4427.0,4427.0
12-17 05:00,4828.0,4991.0,4847.0,4982.0,4918.0,4473.0,4473.0
12-17 06:00,4918.0,5036.0,4864.0,5156.0,5079.0,4610.0,4610.0
12-17 07:00,4840.0,5025.0,4924.0,5529.0,5201.0,4864.0,4864.0
12-17 08:00,5106.0,5116.0,4999.0,5656.0,5123.0,5021.0,5021.0
12-17 09:00,4991.0,5106.0,5013.0,5700.0,5050.0,5106.0,5106.0
12-17 10:00,4821.0,5090.0,5017.0,5439.0,4984.0,5085.0,5085.0
12-17 11:00,4784.0,5117.0,5080.0,5115.0,4885.0,5089.0,5089.0
12-17 12:00,4788.0,5117.0,5038.0,5314.0,4960.0,4907.0,4907.0
12-17 13:00,4777.0,5071.0,4981.0,5203.0,4990.0,4825.0,4825.0
12-17 14:00,4850.0,5092.0,4998.0,5313.0,5009.0,4797.0,4797.0
12-17 15:00,4916.0,5125.0,4979.0,5480.0,4986.0,4984.0,4984.0
12-17 16:00,4934.0,5187.0,4994.0,5433.0,5268.0,5205.0,5205.0
12-17 17:00,4901.0,5167.0,5005.0,5284.0,5326.0,5245.0,5245.0
12-17 18:00,4862.0,5168.0,5005.0,5091.0,5350.0,5013.0,5013.0
12-17 19:00,4860.0,5139.0,5009.0,5056.0,5259.0,5082.0,5082.0
12-17 20:00,4839.0,5112.0,4982.0,4901.0,5087.0,4904.0,4904.0
12-17 21:00,4838.0,5080.0,4938.0,4962.0,5052.0,4943.0,4943.0
12-17 22:00,4825.0,5045.0,4931.0,4865.0,4960.0,4727.0,4727.0
12-17 23:00,4776.0,5026.0,4911.0,4861.0,4823.0,4576.0,4576.0
12-18 00:00,4771.0,4997.0,4897.0,4871.0,4824.0,4452.0,4452.0
12-18 01:00,4753.0,5020.0,4876.0,4857.0,4779.0,4415.0,4415.0
12-18 02:00,4726.0,4996.0,4821.0,4884.0,4823.0,4389.0,4389.0
12-18 03:00,4716.0,5013.0,4850.0,4785.0,4820.0,4423.0,4423.0
12-18 04:00,4758.0,5017.0,4839.0,4791.0,4894.0,4438.0,4438.0
12-18 05:00,4784.0,5011.0,4830.0,4802.0,5011.0,4431.0,4431.0
12-18 06:00,4940.0,5015.0,5133.0,5040.0,5054.0,4523.0,4523.0
12-18 07:00,5052.0,5071.0,4965.0,5125.0,5320.0,4704.0,4704.0
12-18 08:00,4844.0,5113.0,4979.0,5102.0,5418.0,4910.0,4910.0
12-18 09:00,4824.0,5129.0,5132.0,5085.0,5266.0,4916.0,4916.0
12-18 10:00,4837.0,5141.0,5158.0,4955.0,5335.0,4915.0,4915.0
12-18 11:00,4858.0,5153.0,5171.0,4962.0,5039.0,4887.0,4887.0
12-18 12:00,4857.0,5132.0,5232.0,4929.0,5064.0,4912.0,4912.0
12-18 13:00,4864.0,5099.0,5213.0,4895.0,4949.0,4841.0,4841.0
12-18 14:00,4898.0,5102.0,5205.0,4957.0,5320.0,4695.0,4695.0
12-18 15:00,4965.0,5108.0,5249.0,4947.0,5272.0,4737.0,4737.0
12-18 16:00,4964.0,5181.0,5225.0,5126.0,5305.0,4945.0,4945.0
12-18 17:00,4975.0,5190.0,5300.0,5146.0,5350.0,4910.0,4910.0
12-18 18:00,4980.0,5184.0,5304.0,5006.0,5341.0,4873.0,4873.0
12-18 19:00,5002.0,5166.0,5309.0,4942.0,5418.0,4830.0,4830.0
12-18 20:00,4964.0,5170.0,5253.0,4966.0,5136.0,4748.0,4748.0
12-18 21:00,4908.0,5125.0,5007.0,4894.0,5086.0,4807.0,4807.0
12-18 22:00,4907.0,5063.0,5126.0,4821.0,5031.0,4512.0,4512.0
12-18 23:00,4935.0,5024.0,4907.0,4882.0,4993.0,4619.0,4619.0
12-19 00:00,4934.0,4973.0,4882.0,4852.0,4920.0,4619.0,4619.0
12-19 01:00,4922.0,4960.0,4878.0,4804.0,4916.0,4609.0,4609.0
12-19 02:00,5017.0,4934.0,4858.0,4807.0,4814.0,4629.0,4629.0
12-19 03:00,4967.0,4915.0,4829.0,4805.0,4828.0,4489.0,4489.0
12-19 04:00,4963.0,4932.0,4838.0,4835.0,4973.0,4529.0,4529.0
12-19 05:00,4944.0,4976.0,4847.0,4848.0,4957.0,4492.0,4492.0
12-19 06:00,4929.0,5083.0,5062.0,4885.0,5018.0,4527.0,4527.0
12-19 07:00,4924.0,5116.0,5208.0,4948.0,5177.0,4479.0,4479.0
12-19 08:00,4965.0,5068.0,5215.0,4927.0,5356.0,4579.0,4579.0
12-19 09:00,4969.0,5145.0,5187.0,4926.0,5181.0,4607.0,4607.0
12-19 10:00,5002.0,4987.0,4995.0,4880.0,5150.0,4606.0,4606.0
12-19 11:00,4959.0,4983.0,4960.0,4973.0,5031.0,4614.0,4614.0
12-19 12:00,4953.0,5023.0,4980.0,4875.0,4963.0,4520.0,4520.0
12-19 13:00,4964.0,5031.0,4923.0,4945.0,5060.0,4456.0,4456.0
12-19 14:00,4991.0,5032.0,5140.0,5035.0,5249.0,4499.0,4499.0
12-19 15:00,4943.0,5040.0,5189.0,5105.0,5100.0,4527.0,4527.0
12-19 16:00,4916.0,5135.0,5181.0,5282.0,5254.0,4606.0,4606.0
12-19 17:00,4944.0,5146.0,5226.0,5346.0,5280.0,4707.0,4707.0
12-19 18:00,4920.0,5136.0,5285.0,5182.0,5194.0,4766.0,4766.0
12-19 19:00,4991.0,5132.0,5291.0,5118.0,5246.0,4794.0,4794.0
12-19 20:00,4966.0,5113.0,5218.0,5151.0,5166.0,4763.0,4763.0
12-19 21:00,4920.0,5070.0,5074.0,4917.0,5078.0,4646.0,4646.0
12-19 22:00,5044.0,5049.0,5088.0,4900.0,5040.0,4534.0,4534.0
12-19 23:00,5069.0,5040.0,5033.0,4917.0,5017.0,4481.0,4481.0
12-20 00:00,4963.0,4995.0,4848.0,4892.0,4992.0,4387.0,4387.0
12-20 01:00,5039.0,5010.0,4838.0,4936.0,4969.0,4352.0,4352.0
12-20 02:00,4931.0,5001.0,4815.0,4868.0,4916.0,4352.0,4352.0
12-20 03:00,4903.0,4989.0,4837.0,4855.0,4857.0,4360.0,4360.0
12-20 04:00,4891.0,4982.0,4835.0,4698.0,4867.0,4380.0,4380.0
12-20 05:00,4833.0,5008.0,4848.0,4522.0,4914.0,4469.0,4469.0
12-20 06:00,4882.0,5040.0,5009.0,4573.0,5025.0,4813.0,4813.0
12-20 07:00,4915.0,5111.0,5188.0,4679.0,5248.0,5357.0,5357.0
12-20 08:00,4970.0,5101.0,5155.0,4684.0,5267.0,5124.0,5124.0
12-20 09:00,4956.0,5088.0,5167.0,4675.0,5171.0,5021.0,5021.0
12-20 10:00,5030.0,5103.0,5175.0,4724.0,5254.0,4770.0,4770.0
12-20 11:00,4989.0,5078.0,5188.0,4601.0,5096.0,4654.0,4654.0
12-20 12:00,4977.0,5082.0,5093.0,4582.0,5128.0,4626.0,4626.0
12-20 13:00,4940.0,5078.0,5065.0,4660.0,5008.0,4647.0,4647.0
12-20 14:00,4914.0,5091.0,4963.0,4646.0,5004.0,4752.0,4752.0
12-20 15:00,4957.0,5112.0,5026.0,4868.0,5070.0,4849.0,4849.0
12-20 16:00,5045.0,5161.0,5139.0,5034.0,5099.0,5168.0,5168.0
12-20 17:00,4958.0,5193.0,5170.0,4981.0,5162.0,5257.0,5257.0
12-20 18:00,4957.0,5187.0,5087.0,5037.0,5131.0,5190.0,5190.0
12-20 19:00,4933.0,5174.0,5114.0,5001.0,5141.0,5116.0,5116.0
12-20 20:00,5132.0,5151.0,4962.0,4970.0,5093.0,5044.0,5044.0
12-20 21:00,5067.0,5150.0,4902.0,4966.0,5034.0,4777.0,4777.0
12-20 22:00,5057.0,5097.0,4857.0,4881.0,5063.0,4628.0,4628.0
12-20 23:00,4945.0,5052.0,4847.0,4864.0,4982.0,4625.0,4625.0
12-21 00:00,4942.0,5019.0,4803.0,4857.0,4905.0,4523.0,4523.0
12-21 01:00,4987.0,4991.0,4793.0,4856.0,4894.0,4481.0,4481.0
12-21 02:00,4952.0,5004.0,4781.0,4863.0,5007.0,4470.0,4470.0
12-21 03:00,4903.0,5001.0,4769.0,4948.0,5025.0,4470.0,4470.0
12-21 04:00,4849.0,5002.0,4772.0,4904.0,4882.0,4602.0,4602.0
12-21 05:00,4901.0,4974.0,4792.0,4968.0,4925.0,4749.0,4749.0
12-21 06:00,5006.0,4998.0,5045.0,4923.0,5036.0,5113.0,5113.0
12-21 07:00,5096.0,5037.0,5101.0,5001.0,5316.0,5580.0,5580.0
12-21 08:00,5128.0,5067.0,4946.0,5046.0,5607.0,5592.0,5592.0
12-21 09:00,5062.0,5055.0,4947.0,5026.0,5558.0,5703.0,5703.0
12-21 10:00,4977.0,5052.0,4915.0,5037.0,5512.0,5565.0,5565.0
12-21 11:00,5040.0,5027.0,4889.0,5009.0,5404.0,5132.0,5132.0
12-21 12:00,4929.0,5032.0,4914.0,5036.0,5354.0,5015.0,5015.0
12-21 13:00,4898.0,5090.0,4915.0,4997.0,5382.0,4974.0,4974.0
12-21 14:00,4878.0,5112.0,4947.0,4950.0,5301.0,5239.0,5239.0
12-21 15:00,4911.0,5110.0,5032.0,4943.0,5480.0,5403.0,5403.0
12-21 16:00,4905.0,5106.0,5148.0,5064.0,5351.0,5411.0,5411.0
12-21 17:00,4917.0,5132.0,5045.0,4946.0,5345.0,5405.0,5405.0
12-21 18:00,4887.0,5106.0,5135.0,5008.0,5408.0,5491.0,5491.0
12-21 19:00,4891.0,5102.0,5035.0,5062.0,5435.0,5404.0,5404.0
12-21 20:00,4868.0,5057.0,5019.0,4906.0,5494.0,5066.0,5066.0
12-21 21:00,4827.0,4985.0,4979.0,5002.0,5319.0,4740.0,4740.0
12-21 22:00,4823.0,4988.0,5054.0,5005.0,5337.0,4632.0,4632.0
12-21 23:00,4821.0,4977.0,4910.0,4896.0,5020.0,4582.0,4582.0
12-22 00:00,4822.0,4961.0,4861.0,4827.0,4985.0,4568.0,4568.0
12-22 01:00,4811.0,4921.0,4848.0,4851.0,4943.0,4471.0,4471.0
12-22 02:00,4894.0,4909.0,4829.0,4870.0,4876.0,4396.0,4396.0
12-22 03:00,4779.0,4928.0,4823.0,4864.0,4921.0,4372.0,4372.0
12-22 04:00,4790.0,4909.0,4820.0,4785.0,4878.0,4394.0,4394.0
12-22 05:00,4797.0,4957.0,4838.0,4887.0,4983.0,4430.0,4430.0
12-22 06:00,4831.0,4977.0,4910.0,4975.0,4987.0,4800.0,4800.0
12-22 07:00,4947.0,4980.0,5032.0,5000.0,5008.0,5171.0,5171.0
12-22 08:00,4987.0,5014.0,5147.0,4941.0,5271.0,5198.0,5198.0
12-22 09:00,4874.0,5022.0,5138.0,5034.0,5387.0,5099.0,5099.0
12-22 10:00,4844.0,5085.0,5112.0,5015.0,5373.0,4894.0,4894.0
12-22 11:00,4837.0,5065.0,5033.0,4967.0,5232.0,4687.0,4687.0
12-22 12:00,4942.0,5062.0,5028.0,4935.0,5150.0,4646.0,4646.0
12-22 13:00,4834.0,5072.0,5026.0,4989.0,5168.0,4776.0,4776.0
12-22 14:00,4845.0,5071.0,5025.0,5002.0,5084.0,4994.0,4994.0
12-22 15:00,4877.0,5099.0,5017.0,5034.0,5181.0,5139.0,5139.0
12-22 16:00,4884.0,5099.0,5087.0,5159.0,5141.0,5356.0,5356.0
12-22 17:00,4886.0,5154.0,5063.0,5045.0,5189.0,5299.0,5299.0
12-22 18:00,4930.0,5143.0,5052.0,4992.0,5224.0,5243.0,5243.0
12-22 19:00,4894.0,5124.0,5047.0,5108.0,5409.0,5055.0,5055.0
12-22 20:00,4899.0,5063.0,4992.0,5075.0,5386.0,4809.0,4809.0
12-22 21:00,4893.0,5028.0,4957.0,5031.0,5125.0,4749.0,4749.0
12-22 22:00,4861.0,5012.0,4924.0,5034.0,5053.0,4528.0,4528.0
12-22 23:00,4888.0,5011.0,4881.0,4932.0,4910.0,4381.0,4381.0
12-23 00:00,5063.0,4937.0,4939.0,4828.0,4951.0,4318.0,4318.0
12-23 01:00,4930.0,4954.0,4819.0,4817.0,4944.0,4384.0,4384.0
12-23 02:00,4837.0,4956.0,4798.0,4846.0,4964.0,4430.0,4430.0
12-23 03:00,4847.0,4954.0,4794.0,4853.0,4979.0,4371.0,4371.0
12-23 04:00,4831.0,4966.0,4812.0,4785.0,4966.0,4389.0,4389.0
12-23 05:00,4871.0,4975.0,4812.0,4803.0,4887.0,4469.0,4469.0
12-23 06:00,4904.0,4951.0,4809.0,4825.0,5016.0,4650.0,4650.0
12-23 07:00,4927.0,5016.0,4812.0,5016.0,5123.0,4813.0,4813.0
12-23 08:00,4897.0,5026.0,4855.0,5019.0,5140.0,4893.0,4893.0
12-23 09:00,4862.0,5031.0,4890.0,5001.0,5062.0,4898.0,4898.0
12-23 10:00,4913.0,5036.0,4896.0,5024.0,5027.0,4955.0,4955.0
12-23 11:00,4868.0,5020.0,4909.0,5054.0,5097.0,4847.0,4847.0
12-23 12:00,4871.0,5038.0,4925.0,5041.0,4982.0,4718.0,4718.0
12-23 13:00,4844.0,5026.0,4916.0,5017.0,4965.0,4659.0,4659.0
12-23 14:00,4879.0,5013.0,4928.0,5057.0,5040.0,4795.0,4795.0
12-23 15:00,4888.0,5037.0,4931.0,5059.0,5234.0,5014.0,5014.0
12-23 16:00,5104.0,5076.0,4941.0,5474.0,5100.0,5311.0,5311.0
12-23 17:00,5365.0,5090.0,4959.0,5378.0,5111.0,4943.0,4943.0
12-23 18:00,5105.0,5077.0,4958.0,5078.0,5192.0,4866.0,4866.0
12-23 19:00,5102.0,5055.0,4942.0,5052.0,5243.0,4824.0,4824.0
12-23 20:00,4969.0,4994.0,4900.0,4999.0,5312.0,4812.0,4812.0
12-23 21:00,4937.0,4995.0,4860.0,4992.0,5056.0,4705.0,4705.0
12-23 22:00,5188.0,5056.0,4846.0,4965.0,5025.0,4613.0,4613.0
12-23 23:00,4991.0,5030.0,4815.0,4918.0,4972.0,4474.0,4474.0
12-24 00:00,4991.0,4948.0,4770.0,4888.0,4930.0,4619.0,4619.0
12-24 01:00,4885.0,4886.0,4741.0,4855.0,4885.0,4494.0,4494.0
12-24 02:00,4881.0,4863.0,4763.0,4900.0,4850.0,4461.0,4461.0
12-24 03:00,4865.0,4874.0,4776.0,4893.0,4843.0,4516.0,4516.0
12-24 04:00,4887.0,4970.0,4768.0,4885.0,4884.0,4545.0,4545.0
12-24 05:00,4892.0,4918.0,4759.0,4889.0,4929.0,4563.0,4563.0
12-24 06:00,4939.0,4955.0,4779.0,4871.0,4987.0,4528.0,4528.0
12-24 07:00,4948.0,5020.0,4836.0,5028.0,5090.0,4606.0,4606.0
12-24 08:00,5002.0,5151.0,4891.0,5032.0,5217.0,4738.0,4738.0
12-24 09:00,4992.0,5120.0,4927.0,5065.0,5204.0,4725.0,4725.0
12-24 10:00,4982.0,5112.0,4932.0,4984.0,5170.0,4673.0,4673.0
12-24 11:00,4966.0,5107.0,4926.0,4998.0,5256.0,4676.0,4676.0
12-24 12:00,4965.0,5131.0,4925.0,5080.0,5068.0,4636.0,4636.0
12-24 13:00,4972.0,5112.0,4913.0,5075.0,5005.0,4620.0,4620.0
12-24 14:00,4935.0,5128.0,4920.0,5078.0,5100.0,4608.0,4608.0
12-24 15:00,4924.0,5140.0,4909.0,5047.0,5052.0,4634.0,4634.0
12-24 16:00,4945.0,5104.0,4942.0,5168.0,5246.0,4770.0,4770.0
12-24 17:00,4943.0,5053.0,4972.0,5124.0,5213.0,4836.0,4836.0
12-24 18:00,4928.0,5034.0,4970.0,5193.0,5175.0,4827.0,4827.0
12-24 19:00,4930.0,4998.0,4955.0,5076.0,5140.0,4875.0,4875.0
12-24 20:00,4930.0,4995.0,4893.0,4960.0,5143.0,4886.0,4886.0
12-24 21:00,4899.0,5079.0,4883.0,5019.0,5030.0,4677.0,4677.0
12-24 22:00,4898.0,5059.0,4995.0,4958.0,5082.0,4676.0,4676.0
12-24 23:00,4879.0,4992.0,4865.0,4942.0,4937.0,4545.0,4545.0
12-25 00:00,4823.0,4917.0,4807.0,4995.0,4869.0,4583.0,4583.0
12-25 01:00,4798.0,4917.0,4780.0,4978.0,4861.0,4555.0,4555.0
12-25 02:00,4765.0,4890.0,4775.0,5017.0,4858.0,4486.0,4486.0
12-25 03:00,4756.0,4895.0,4750.0,5048.0,4919.0,4337.0,4337.0
12-25 04:00,4793.0,4909.0,4764.0,4944.0,4957.0,4425.0,4425.0
12-25 05:00,4787.0,4862.0,4780.0,4914.0,4923.0,4481.0,4481.0
12-25 06:00,4849.0,4879.0,4799.0,5020.0,4927.0,4444.0,4444.0
12-25 07:00,4879.0,4918.0,4829.0,5036.0,5042.0,4539.0,4539.0
12-25 08:00,4927.0,5008.0,4873.0,4989.0,5064.0,4828.0,4828.0
12-25 09:00,4942.0,5080.0,4942.0,4990.0,5041.0,4885.0,4885.0
12-25 10:00,4956.0,5029.0,4949.0,4960.0,5012.0,4769.0,4769.0
12-25 11:00,4941.0,5073.0,4974.0,5080.0,5000.0,4716.0,4716.0
12-25 12:00,4945.0,4987.0,4964.0,5073.0,4967.0,4668.0,4668.0
12-25 13:00,4937.0,4988.0,4950.0,4929.0,4915.0,4736.0,4736.0
12-25 14:00,4895.0,4993.0,4945.0,4926.0,4913.0,4647.0,4647.0
12-25 15:00,4903.0,5003.0,4969.0,4958.0,4924.0,4715.0,4715.0
12-25 16:00,4908.0,5010.0,5138.0,5031.0,5085.0,4885.0,4885.0
12-25 17:00,4958.0,5019.0,5052.0,4985.0,5062.0,4842.0,4842.0
12-25 18:00,4981.0,5021.0,5055.0,5017.0,5088.0,4853.0,4853.0
12-25 19:00,4945.0,5060.0,5052.0,4993.0,5142.0,4806.0,4806.0
12-25 20:00,5107.0,5033.0,5028.0,5003.0,5178.0,4745.0,4745.0
12-25 21:00,4928.0,5021.0,4954.0,4936.0,5064.0,4611.0,4611.0
12-25 22:00,4892.0,5005.0,4935.0,4952.0,5095.0,4602.0,4602.0
12-25 23:00,4854.0,4938.0,5014.0,4860.0,4955.0,4474.0,4474.0
12-26 00:00,4891.0,4919.0,4923.0,4847.0,4927.0,4489.0,4489.0
12-26 01:00,4862.0,4857.0,4801.0,4840.0,4883.0,4476.0,4476.0
12-26 02:00,4848.0,4849.0,4785.0,4799.0,4929.0,4394.0,4394.0
12-26 03:00,4856.0,4841.0,4768.0,4801.0,4869.0,4375.0,4375.0
12-26 04:00,4872.0,4902.0,4769.0,4799.0,4900.0,4388.0,4388.0
12-26 05:00,4861.0,4887.0,4757.0,4838.0,4913.0,4397.0,4397.0
12-26 06:00,4860.0,4876.0,4778.0,4810.0,4952.0,4457.0,4457.0
12-26 07:00,4862.0,4898.0,4785.0,4984.0,4980.0,4627.0,4627.0
12-26 08:00,4901.0,4958.0,4819.0,4996.0,5045.0,4703.0,4703.0
12-26 09:00,4919.0,4982.0,4868.0,5043.0,5051.0,4745.0,4745.0
12-26 10:00,4935.0,4961.0,4914.0,5098.0,5160.0,4791.0,4791.0
12-26 11:00,4918.0,4950.0,4949.0,4967.0,5123.0,4756.0,4756.0
12-26 12:00,4928.0,4947.0,4931.0,4989.0,5013.0,4588.0,4588.0
12-26 13:00,4876.0,4941.0,4917.0,4860.0,5030.0,4587.0,4587.0
12-26 14:00,4900.0,4974.0,4919.0,4849.0,5007.0,4625.0,4625.0
12-26 15:00,4903.0,4918.0,4923.0,4881.0,5153.0,4629.0,4629.0
12-26 16:00,4940.0,4922.0,4941.0,5078.0,5206.0,4745.0,4745.0
12-26 17:00,5111.0,4943.0,5043.0,5225.0,5220.0,4747.0,4747.0
12-26 18:00,4980.0,4953.0,4991.0,5131.0,5277.0,4772.0,4772.0
12-26 19:00,4966.0,4982.0,4954.0,5372.0,5299.0,4706.0,4706.0
12-26 20:00,4922.0,4982.0,4941.0,5012.0,5240.0,4645.0,4645.0
12-26 21:00,4912.0,4981.0,4919.0,4945.0,5152.0,4547.0,4547.0
12-26 22:00,4932.0,5064.0,4874.0,5034.0,5231.0,4509.0,4509.0
12-26 23:00,4953.0,5038.0,4870.0,5038.0,5018.0,4419.0,4419.0
12-27 00:00,4889.0,4880.0,4791.0,4895.0,4921.0,4351.0,4351.0
12-27 01:00,4898.0,4934.0,4775.0,4848.0,4929.0,4347.0,4347.0
12-27 02:00,4897.0,4893.0,4779.0,4823.0,4868.0,4395.0,4395.0
12-27 03:00,4838.0,4878.0,4754.0,4827.0,4853.0,4345.0,4345.0
12-27 04:00,4822.0,4916.0,4760.0,4835.0,4856.0,4317.0,4317.0
12-27 05:00,4843.0,4861.0,4791.0,4851.0,4892.0,4357.0,4357.0
12-27 06:00,4831.0,4870.0,4795.0,4867.0,4956.0,4470.0,4470.0
12-27 07:00,4877.0,4889.0,4842.0,4943.0,5289.0,4624.0,4624.0
12-27 08:00,4914.0,4980.0,4888.0,4933.0,5324.0,4659.0,4659.0
12-27 09:00,4950.0,4951.0,4911.0,5010.0,5176.0,4738.0,4738.0
12-27 10:00,4964.0,4974.0,4915.0,4962.0,5127.0,4710.0,4710.0
12-27 11:00,4930.0,4979.0,4937.0,4933.0,5122.0,4839.0,4839.0
12-27 12:00,4920.0,4982.0,4958.0,4990.0,5166.0,4763.0,4763.0
12-27 13:00,4901.0,4943.0,5000.0,4870.0,5196.0,4738.0,4738.0
12-27 14:00,4920.0,4995.0,5126.0,4933.0,5189.0,4675.0,4675.0
12-27 15:00,4924.0,5013.0,5017.0,4999.0,5480.0,4739.0,4739.0
12-27 16:00,4957.0,5068.0,5015.0,5105.0,5561.0,4873.0,4873.0
12-27 17:00,4967.0,5085.0,5038.0,5120.0,5329.0,4936.0,4936.0
12-27 18:00,4948.0,5117.0,5064.0,5168.0,5282.0,4890.0,4890.0
12-27 19:00,4981.0,5085.0,5061.0,5119.0,5447.0,4868.0,4868.0
12-27 20:00,4919.0,5041.0,4986.0,5279.0,5261.0,4888.0,4888.0
12-27 21:00,4912.0,5009.0,4925.0,5079.0,5123.0,4693.0,4693.0
12-27 22:00,4883.0,4979.0,4906.0,4882.0,5175.0,4549.0,4549.0
12-27 23:00,4852.0,4912.0,4882.0,4854.0,4980.0,4416.0,4416.0
12-28 00:00,4799.0,4904.0,4833.0,4914.0,4845.0,4327.0,4327.0
12-28 01:00,4785.0,4888.0,4832.0,4914.0,4819.0,4326.0,4326.0
12-28 02:00,4804.0,4911.0,4805.0,4962.0,4849.0,4276.0,4276.0
12-28 03:00,4825.0,4902.0,4768.0,4869.0,4930.0,4275.0,4275.0
12-28 04:00,4950.0,4860.0,4804.0,4882.0,4854.0,4311.0,4311.0
12-28 05:00,4953.0,4860.0,4822.0,4963.0,4881.0,4371.0,4371.0
12-28 06:00,4825.0,4859.0,4838.0,4926.0,4931.0,4414.0,4414.0
12-28 07:00,4879.0,4892.0,4903.0,4991.0,5061.0,4686.0,4686.0
12-28 08:00,4902.0,4920.0,4974.0,5028.0,5087.0,4704.0,4704.0
12-28 09:00,5009.0,4900.0,4975.0,5020.0,5142.0,4724.0,4724.0
12-28 10:00,5109.0,4924.0,4979.0,4934.0,5113.0,4786.0,4786.0
12-28 11:00,4874.0,4943.0,4935.0,4951.0,5016.0,4724.0,4724.0
12-28 12:00,4860.0,4966.0,4927.0,4940.0,5055.0,4621.0,4621.0
12-28 13:00,4875.0,4989.0,4920.0,4940.0,4988.0,4524.0,4524.0
12-28 14:00,4882.0,5017.0,4925.0,4910.0,4985.0,4566.0,4566.0
12-28 15:00,4900.0,5025.0,4934.0,4936.0,4993.0,4481.0,4481.0
12-28 16:00,4920.0,5005.0,5203.0,5121.0,5186.0,4604.0,4604.0
12-28 17:00,5176.0,5070.0,5048.0,5033.0,5475.0,4830.0,4830.0
12-28 18:00,5093.0,5054.0,4995.0,5099.0,5281.0,4766.0,4766.0
12-28 19:00,5072.0,5093.0,5006.0,5008.0,5103.0,4709.0,4709.0
12-28 20:00,4925.0,5012.0,4972.0,5120.0,5056.0,4619.0,4619.0
12-28 21:00,4909.0,4998.0,4935.0,5020.0,4988.0,4493.0,4493.0
12-28 22:00,4936.0,4925.0,4947.0,4856.0,4946.0,4379.0,4379.0
12-28 23:00,4888.0,4900.0,4905.0,4893.0,4923.0,4339.0,4339.0
12-29 00:00,4872.0,4874.0,4866.0,5066.0,4861.0,4276.0,4276.0
12-29 01:00,4970.0,4866.0,4844.0,4962.0,4905.0,4263.0,4263.0
12-29 02:00,4808.0,4871.0,4812.0,4937.0,4862.0,4265.0,4265.0
12-29 03:00,4808.0,4855.0,4813.0,4935.0,4862.0,4287.0,4287.0
12-29 04:00,4802.0,4871.0,4824.0,4897.0,4854.0,4302.0,4302.0
12-29 05:00,4817.0,4882.0,4821.0,4972.0,4947.0,4357.0,4357.0
12-29 06:00,4871.0,4875.0,4850.0,4977.0,4864.0,4464.0,4464.0
12-29 07:00,4947.0,4886.0,4887.0,5041.0,4962.0,4585.0,4585.0
12-29 08:00,5029.0,4905.0,4968.0,4981.0,5049.0,4714.0,4714.0
12-29 09:00,5020.0,4911.0,4967.0,5032.0,5071.0,4792.0,4792.0
12-29 10:00,5010.0,4923.0,4954.0,5007.0,5053.0,4823.0,4823.0
12-29 11:00,4900.0,4961.0,4939.0,5006.0,5066.0,4784.0,4784.0
12-29 12:00,4869.0,4987.0,4964.0,5240.0,5045.0,4700.0,4700.0
12-29 13:00,4875.0,4993.0,4956.0,5260.0,5026.0,4625.0,4625.0
12-29 14:00,4933.0,4994.0,4985.0,4961.0,5046.0,4618.0,4618.0
12-29 15:00,4938.0,5010.0,5023.0,4940.0,5136.0,4637.0,4637.0
12-29 16:00,4993.0,5034.0,4985.0,5004.0,5206.0,4728.0,4728.0
12-29 17:00,4953.0,5055.0,4991.0,5012.0,5165.0,4766.0,4766.0
12-29 18:00,4993.0,5035.0,5010.0,5006.0,5145.0,4864.0,4864.0
12-29 19:00,4980.0,5058.0,5012.0,4970.0,5206.0,4765.0,4765.0
12-29 20:00,4968.0,5018.0,4985.0,4946.0,5348.0,4660.0,4660.0
12-29 21:00,4916.0,5020.0,4926.0,4892.0,5244.0,4525.0,4525.0
12-29 22:00,4929.0,5018.0,4927.0,4968.0,4983.0,4461.0,4461.0
12-29 23:00,4967.0,5004.0,4934.0,4932.0,4844.0,4369.0,4369.0
12-30 00:00,4846.0,4928.0,4902.0,4903.0,4840.0,4316.0,4316.0
12-30 01:00,4862.0,4911.0,4863.0,4896.0,4803.0,4317.0,4317.0
12-30 02:00,4831.0,4899.0,4842.0,4926.0,4741.0,4346.0,4346.0
12-30 03:00,4785.0,4894.0,4842.0,4944.0,4777.0,4252.0,4252.0
12-30 04:00,4793.0,4899.0,4845.0,4866.0,4797.0,4415.0,4415.0
12-30 05:00,4811.0,4904.0,4825.0,4915.0,4966.0,4384.0,4384.0
12-30 06:00,4856.0,4958.0,4836.0,5008.0,4807.0,4433.0,4433.0
12-30 07:00,4899.0,4957.0,4914.0,5074.0,4942.0,4527.0,4527.0
12-30 08:00,4966.0,5004.0,4922.0,5053.0,5043.0,4766.0,4766.0
12-30 09:00,5041.0,5089.0,4968.0,5009.0,4999.0,4816.0,4816.0
12-30 10:00,4998.0,5090.0,4974.0,4972.0,4908.0,4651.0,4651.0
12-30 11:00,4927.0,5040.0,4992.0,5009.0,4878.0,4637.0,4637.0
12-30 12:00,4974.0,5035.0,5015.0,4939.0,4905.0,4580.0,4580.0
12-30 13:00,4919.0,5062.0,4999.0,4948.0,4965.0,4523.0,4523.0
12-30 14:00,4934.0,5064.0,4995.0,5019.0,4925.0,4500.0,4500.0
12-30 15:00,4908.0,5102.0,4986.0,4962.0,4934.0,4473.0,4473.0
12-30 16:00,4946.0,5122.0,4956.0,5028.0,5034.0,4650.0,4650.0
12-30 17:00,4988.0,5123.0,4968.0,5100.0,5064.0,4661.0,4661.0
12-30 18:00,5197.0,5094.0,4925.0,5243.0,5228.0,4679.0,4679.0
12-30 19:00,5020.0,5089.0,4903.0,5341.0,5120.0,4656.0,4656.0
12-30 20:00,4941.0,5071.0,4938.0,5226.0,5094.0,4538.0,4538.0
12-30 21:00,4938.0,5062.0,4912.0,4938.0,4979.0,4474.0,4474.0
12-30 22:00,4908.0,5048.0,4889.0,5117.0,4968.0,4404.0,4404.0
12-30 23:00,4926.0,5028.0,4837.0,5103.0,4830.0,4428.0,4428.0
12-31 00:00,4880.0,5015.0,4789.0,4921.0,4854.0,4334.0,4334.0
12-31 01:00,4857.0,5002.0,4766.0,5043.0,4899.0,4339.0,4339.0
12-31 02:00,4877.0,4999.0,4761.0,4901.0,4853.0,4307.0,4307.0
12-31 03:00,4806.0,4978.0,4749.0,4907.0,4857.0,4256.0,4256.0
12-31 04:00,4815.0,4972.0,4749.0,4933.0,4822.0,4352.0,4352.0
12-31 05:00,4898.0,5003.0,4740.0,4970.0,4888.0,4344.0,4344.0
12-31 06:00,4833.0,5014.0,4737.0,4951.0,4999.0,4429.0,4429.0
12-31 07:00,5040.0,5020.0,4765.0,5098.0,5181.0,4559.0,4559.0
12-31 08:00,5039.0,5043.0,4855.0,5136.0,5321.0,4653.0,4653.0
12-31 09:00,5051.0,5051.0,4862.0,5105.0,5245.0,4652.0,4652.0
12-31 10:00,5061.0,5077.0,4865.0,5056.0,5419.0,4653.0,4653.0
12-31 11:00,5035.0,5099.0,4899.0,5066.0,5333.0,4641.0,4641.0
12-31 12:00,5016.0,5111.0,4866.0,5028.0,5295.0,4651.0,4651.0
12-31 13:00,4933.0,5110.0,4857.0,5005.0,5299.0,4618.0,4618.0
12-31 14:00,4981.0,5108.0,4844.0,5019.0,5045.0,4532.0,4532.0
12-31 15:00,4977.0,5128.0,4892.0,5047.0,5320.0,4551.0,4551.0
12-31 16:00,5083.0,5141.0,4909.0,5103.0,5413.0,4654.0,4654.0
12-31 17:00,5038.0,5151.0,4970.0,5020.0,5309.0,4706.0,4706.0
12-31 18:00,4994.0,5155.0,5191.0,5004.0,5162.0,4689.0,4689.0
12-31 19:00,5032.0,5136.0,5157.0,5048.0,5326.0,4761.0,4761.0
12-31 20:00,5026.0,5093.0,5182.0,5012.0,5281.0,4601.0,4601.0
12-31 21:00,4944.0,5059.0,4893.0,5023.0,5045.0,4539.0,4539.0
12-31 22:00,4964.0,5033.0,4882.0,4920.0,5068.0,4460.0,4460.0
12-31 23:00,5014.0,5010.0,5112.0,4892.0,5289.0,4376.0,4376.0
