time,2015,2016,2017,2018,2019,favorable,adverse
01-01 00:00,45274.0,44295.0,47373.0,45952.0,44009.0,39576.24,50369.76
01-01 01:00,44442.0,42786.0,46551.0,44616.0,42383.0,38277.36,48716.64000000001
01-01 02:00,42970.0,40926.0,44950.0,43315.0,40568.0,36610.64,46595.36000000001
01-01 03:00,41384.0,39805.0,43549.0,42649.0,39550.0,35527.36,45216.64000000001
01-01 04:00,40493.0,39196.0,42906.0,42424.0,39141.0,35493.04,45172.96000000001
01-01 05:00,40124.0,38793.0,41812.0,42519.0,38897.0,35104.96,44679.04
01-01 06:00,38245.0,37261.0,40047.0,41190.0,38355.0,34367.52,43740.48
01-01 07:00,38741.0,37602.0,40585.0,42054.0,39099.0,35016.08,44565.920000000006
01-01 08:00,39754.0,38541.0,41852.0,43290.0,40118.0,36344.88,46257.12
01-01 09:00,42971.0,41059.0,44686.0,46042.0,43164.0,38485.92,48982.08
01-01 10:00,45713.0,43960.0,47286.0,48544.0,45755.0,40843.44,51982.560000000005
01-01 11:00,48460.0,46235.0,49477.0,51047.0,48463.0,42841.04,54524.96000000001
01-01 12:00,49063.0,46430.0,49850.0,52118.0,49201.0,43468.48,55323.520000000004
01-01 13:00,48374.0,46053.0,49142.0,51511.0,48993.0,42883.28,54578.72000000001
01-01 14:00,47583.0,45649.0,48022.0,49606.0,48691.0,41913.52,53344.48
01-01 15:00,47479.0,46320.0,48306.0,49820.0,49057.0,42212.72,53725.280000000006
01-01 16:00,51653.0,50389.0,52313.0,53622.0,52131.0,44941.6,57198.40000000001
01-01 17:00,54666.0,52659.0,55197.0,55862.0,54502.0,47268.32,60159.68000000001
01-01 18:00,54871.0,53065.0,55599.0,56431.0,54703.0,47486.56,60437.44
01-01 19:00,54441.0,52443.0,55348.0,55555.0,54426.0,46949.76,59754.240000000005
01-01 20:00,53085.0,50659.0,53705.0,53407.0,52233.0,45298.88,57653.12
01-01 21:00,50756.0,48743.0,51459.0,50888.0,50141.0,43347.04,55168.96000000001
01-01 22:00,51566.0,48637.0,51634.0,50515.0,49667.0,43096.24,54849.76
01-01 23:00,49024.0,45700.0,49206.0,47782.0,47096.0,40941.12,52106.880000000005
01-02 00:00,45621.0,42520.0,46604.0,44495.0,44544.0,38419.04,48896.96000000001
01-02 01:00,43634.0,40132.0,44347.0,42102.0,42769.0,36595.68,46576.32000000001
01-02 02:00,42379.0,38895.0,43022.0,41174.0,41999.0,35365.44,45010.560000000005
01-02 03:00,42186.0,38581.0,43572.0,41799.0,42809.0,35219.36,44824.64000000001
01-02 04:00,43170.0,39484.0,45165.0,43738.0,44609.0,35814.24,45581.76
01-02 05:00,44812.0,40237.0,48988.0,48326.0,48836.0,36311.44,46214.560000000005
01-02 06:00,48224.0,41681.0,55905.0,55344.0,54845.0,37606.8,47863.200000000004
01-02 07:00,52800.0,45386.0,62048.0,60906.0,59650.0,39451.28,50210.72
01-02 08:00,56214.0,48919.0,64698.0,63779.0,62237.0,41493.76,52810.240000000005
01-02 09:00,59180.0,52544.0,66730.0,65556.0,64035.0,44072.16,56091.840000000004
01-02 10:00,60499.0,54351.0,68198.0,67576.0,64760.0,45956.24,58489.76
01-02 11:00,62320.0,56379.0,69037.0,69010.0,66173.0,47611.52,60596.48
01-02 12:00,62348.0,56426.0,69001.0,69051.0,66243.0,48038.32,61139.68000000001
01-02 13:00,61396.0,55974.0,68738.0,68670.0,65818.0,47586.88,60565.12
01-02 14:00,60072.0,55213.0,67005.0,67212.0,64498.0,46550.24,59245.76
01-02 15:00,59309.0,55309.0,66574.0,66543.0,64286.0,46496.56,59177.44
01-02 16:00,61648.0,58353.0,68706.0,68641.0,66645.0,49103.12,62494.880000000005
01-02 17:00,63841.0,60635.0,70763.0,70177.0,68907.0,51252.08,65229.920000000006
01-02 18:00,64028.0,60779.0,70443.0,69949.0,68551.0,51387.6,65402.40000000001
01-02 19:00,62985.0,59718.0,69497.0,69487.0,67712.0,50107.2,63772.8
01-02 20:00,59798.0,56900.0,66767.0,66219.0,64225.0,47537.6,60502.40000000001
01-02 21:00,56085.0,53349.0,62793.0,62487.0,60386.0,44826.32,57051.68000000001
01-02 22:00,55855.0,52950.0,61278.0,60575.0,58952.0,44278.08,56353.920000000006
01-02 23:00,49535.0,50428.0,57906.0,56521.0,55550.0,42436.24,54009.76
01-03 00:00,45900.0,47139.0,54548.0,53360.0,51585.0,40009.2,50920.8
01-03 01:00,43157.0,43965.0,51219.0,51077.0,50257.0,38007.2,48372.8
01-03 02:00,41371.0,42484.0,49667.0,49872.0,49822.0,36573.68,46548.32000000001
01-03 03:00,40761.0,41611.0,49784.0,50906.0,49780.0,36472.48,46419.520000000004
01-03 04:00,41215.0,41529.0,51056.0,52908.0,51051.0,37010.16,47103.840000000004
01-03 05:00,41898.0,41468.0,54338.0,57183.0,54370.0,37451.92,47666.08
01-03 06:00,43273.0,40884.0,60695.0,64045.0,59732.0,37651.68,47920.32000000001
01-03 07:00,46246.0,43149.0,66472.0,68841.0,63605.0,39229.52,49928.48
01-03 08:00,49589.0,45929.0,68573.0,71214.0,65470.0,42020.0,53480.00000000001
01-03 09:00,53126.0,49635.0,70085.0,72543.0,66457.0,45036.64,57319.36000000001
01-03 10:00,55091.0,52245.0,71403.0,73613.0,67082.0,47466.32,60411.68000000001
01-03 11:00,57223.0,54768.0,72482.0,74732.0,68011.0,50123.04,63792.96000000001
01-03 12:00,57098.0,54746.0,72300.0,74329.0,68194.0,50186.4,63873.600000000006
01-03 13:00,56982.0,53430.0,72033.0,73787.0,67551.0,49500.88,63001.12
01-03 14:00,55777.0,51928.0,70937.0,72031.0,66181.0,48348.96,61535.04000000001
01-03 15:00,55510.0,51370.0,70603.0,71104.0,65618.0,48477.44,61698.560000000005
01-03 16:00,59103.0,54881.0,72524.0,73853.0,67974.0,50651.04,64464.96000000001
01-03 17:00,60980.0,57988.0,74565.0,75605.0,69997.0,52659.2,67020.8
01-03 18:00,61298.0,58362.0,74062.0,75207.0,69742.0,52624.0,66976.0
01-03 19:00,60238.0,57563.0,72655.0,74249.0,68509.0,51312.8,65307.200000000004
01-03 20:00,57497.0,55993.0,69930.0,70793.0,65238.0,49585.36,63108.64000000001
01-03 21:00,53744.0,53492.0,65750.0,66471.0,61622.0,47460.16,60403.840000000004
01-03 22:00,53595.0,53871.0,63867.0,64214.0,59680.0,47065.04,59900.96000000001
01-03 23:00,50999.0,50774.0,60060.0,60386.0,56453.0,45129.92,57438.08000000001
01-04 00:00,47737.0,48108.0,56336.0,55745.0,52860.0,42565.6,54174.40000000001
01-04 01:00,43126.0,45557.0,53815.0,53146.0,50246.0,40850.48,51991.520000000004
01-04 02:00,41498.0,44256.0,52477.0,51589.0,49661.0,40339.2,51340.8
01-04 03:00,40695.0,44400.0,52901.0,52106.0,50306.0,40443.92,51474.08
01-04 04:00,40745.0,46207.0,54144.0,53187.0,51597.0,41941.68,53380.32000000001
01-04 05:00,40752.0,50214.0,57262.0,56869.0,54710.0,44886.16,57127.840000000004
01-04 06:00,40365.0,56792.0,64133.0,63464.0,60333.0,50673.92,64494.08000000001
01-04 07:00,43626.0,62842.0,69336.0,68004.0,65139.0,55271.92,70346.08
01-04 08:00,46033.0,65200.0,71204.0,69838.0,67499.0,58111.68,73960.32
01-04 09:00,49463.0,66469.0,72328.0,70289.0,68876.0,59670.16,75943.84000000001
01-04 10:00,52769.0,67736.0,73164.0,71615.0,69674.0,60792.16,77371.84000000001
01-04 11:00,55420.0,68986.0,74225.0,72202.0,70222.0,62342.72,79345.28000000001
01-04 12:00,55351.0,68749.0,73985.0,72001.0,70485.0,62522.24,79573.76000000001
01-04 13:00,54249.0,68598.0,72940.0,71225.0,69824.0,62202.8,79167.20000000001
01-04 14:00,52803.0,67196.0,71632.0,69523.0,67923.0,61239.2,77940.8
01-04 15:00,51828.0,66576.0,70732.0,69021.0,66809.0,61038.56,77685.44
01-04 16:00,55478.0,68772.0,72195.0,71004.0,68756.0,62282.0,79268.00000000001
01-04 17:00,58586.0,71250.0,73863.0,72261.0,70200.0,63445.36,80748.64000000001
01-04 18:00,59190.0,70974.0,73423.0,71696.0,69829.0,63220.96,80463.04000000001
01-04 19:00,58166.0,70136.0,71873.0,70604.0,68391.0,61753.12,78594.88
01-04 20:00,56193.0,66651.0,68961.0,67897.0,64653.0,59254.8,75415.20000000001
01-04 21:00,53620.0,62635.0,65139.0,64667.0,61086.0,56070.96,71363.04000000001
01-04 22:00,54262.0,60596.0,63610.0,62770.0,59457.0,53926.4,68633.6
01-04 23:00,51605.0,56602.0,59682.0,59052.0,55806.0,50607.04,64408.96000000001
01-05 00:00,48010.0,53240.0,55556.0,54537.0,52404.0,47219.92,60098.08000000001
01-05 01:00,45489.0,50509.0,52463.0,52080.0,50122.0,45308.56,57665.44
01-05 02:00,44275.0,49009.0,51170.0,51203.0,48302.0,44143.44,56182.560000000005
01-05 03:00,44239.0,49461.0,51466.0,51618.0,47619.0,44374.0,56476.00000000001
01-05 04:00,46210.0,50243.0,52865.0,52946.0,47623.0,45108.8,57411.200000000004
01-05 05:00,50213.0,53939.0,56152.0,56154.0,47651.0,48243.36,61400.64000000001
01-05 06:00,57127.0,60431.0,62650.0,63274.0,48933.0,53326.24,67869.76000000001
01-05 07:00,62802.0,65744.0,68085.0,68076.0,51768.0,57660.24,73385.76000000001
01-05 08:00,65196.0,67487.0,69405.0,69858.0,55271.0,59539.92,75778.08
01-05 09:00,66150.0,68152.0,70151.0,70713.0,58604.0,60825.6,77414.40000000001
01-05 10:00,67490.0,69212.0,70956.0,71701.0,60320.0,61851.68,78720.32
01-05 11:00,68362.0,70336.0,71659.0,72671.0,61188.0,63220.08,80461.92000000001
01-05 12:00,68172.0,70256.0,71765.0,72304.0,61147.0,63194.56,80429.44
01-05 13:00,67915.0,69845.0,71140.0,71178.0,60236.0,62812.64,79943.36
01-05 14:00,66322.0,68544.0,69758.0,68871.0,58956.0,61666.0,78484.00000000001
01-05 15:00,65656.0,68188.0,69142.0,67410.0,58274.0,61234.8,77935.20000000001
01-05 16:00,67804.0,70513.0,71225.0,68594.0,60256.0,62355.92,79362.08
01-05 17:00,70891.0,72174.0,73484.0,69875.0,62287.0,63451.52,80756.48000000001
01-05 18:00,70628.0,71893.0,73034.0,69325.0,62491.0,63198.96,80435.04000000001
01-05 19:00,69299.0,70805.0,72182.0,68289.0,61088.0,61494.4,78265.6
01-05 20:00,65813.0,67454.0,69435.0,64527.0,57601.0,59275.04,75440.96
01-05 21:00,62013.0,63431.0,65501.0,60144.0,54510.0,56408.88,71793.12000000001
01-05 22:00,60528.0,60997.0,64137.0,58338.0,53766.0,54479.92,69338.08
01-05 23:00,56465.0,56683.0,60770.0,55359.0,50940.0,50980.16,64883.840000000004
01-06 00:00,52914.0,53120.0,57745.0,51708.0,47884.0,47823.6,60866.40000000001
01-06 01:00,49966.0,50616.0,55225.0,48701.0,45092.0,45535.6,57954.40000000001
01-06 02:00,48492.0,49206.0,53858.0,47005.0,43504.0,44122.32,56155.68000000001
01-06 03:00,48330.0,49077.0,53572.0,46796.0,43194.0,44101.2,56128.8
01-06 04:00,49342.0,50209.0,53708.0,46900.0,43101.0,44938.96,57195.04000000001
01-06 05:00,51645.0,51957.0,55271.0,47132.0,43050.0,46366.32,59011.68000000001
01-06 06:00,56813.0,57064.0,59910.0,47789.0,42445.0,50277.04,63988.96000000001
01-06 07:00,61659.0,61788.0,64511.0,50646.0,44144.0,53802.32,68475.68000000001
01-06 08:00,63189.0,63298.0,65955.0,53548.0,47141.0,55941.6,71198.40000000001
01-06 09:00,64820.0,64550.0,66891.0,56422.0,50566.0,57310.0,72940.0
01-06 10:00,66203.0,66363.0,67062.0,57944.0,53422.0,58404.72,74333.28000000001
01-06 11:00,67065.0,67857.0,67376.0,59675.0,55603.0,60203.44,76622.56000000001
01-06 12:00,66874.0,67253.0,67391.0,59446.0,55865.0,60416.4,76893.6
01-06 13:00,66241.0,66415.0,66536.0,58211.0,54618.0,58571.92,74546.08
01-06 14:00,64325.0,64727.0,64618.0,56106.0,53838.0,58237.52,74120.48000000001
01-06 15:00,63690.0,64163.0,63841.0,56012.0,52749.0,57493.92,73174.08
01-06 16:00,66768.0,67602.0,66901.0,59101.0,56049.0,58537.6,74502.40000000001
01-06 17:00,70204.0,69243.0,70389.0,61789.0,58502.0,60362.72,76825.28000000001
01-06 18:00,69841.0,69281.0,70297.0,62284.0,59351.0,60009.840000000004,76376.16
01-06 19:00,68805.0,68053.0,69202.0,61518.0,58246.0,58909.840000000004,74976.16
01-06 20:00,66038.0,65210.0,66755.0,58435.0,56059.0,56304.16,71659.84000000001
01-06 21:00,62704.0,61588.0,63535.0,55325.0,53842.0,53734.56,68389.44
01-06 22:00,60740.0,59949.0,62715.0,54703.0,53380.0,52680.32,67047.68000000001
01-06 23:00,56731.0,56218.0,60547.0,51832.0,51111.0,49859.92,63458.08000000001
01-07 00:00,52899.0,52894.0,58202.0,47850.0,47764.0,47262.16,60151.840000000004
01-07 01:00,50257.0,50200.0,55712.0,45575.0,45757.0,45188.0,57512.00000000001
01-07 02:00,48946.0,48813.0,53842.0,44104.0,44912.0,44749.76,56954.240000000005
01-07 03:00,48959.0,48922.0,52511.0,43565.0,45723.0,44514.8,56655.200000000004
01-07 04:00,50652.0,51029.0,51766.0,43823.0,48348.0,45799.6,58290.40000000001
01-07 05:00,55173.0,55410.0,51277.0,43652.0,53808.0,49028.32,62399.68000000001
01-07 06:00,64096.0,64275.0,51969.0,42604.0,62978.0,54112.08,68869.92000000001
01-07 07:00,70119.0,69068.0,55537.0,45452.0,68149.0,58271.840000000004,74164.16
01-07 08:00,71453.0,70483.0,59163.0,48872.0,69856.0,59936.8,76283.20000000001
01-07 09:00,71911.0,70869.0,61975.0,53025.0,70156.0,61066.72,77721.28000000001
01-07 10:00,73053.0,71009.0,63537.0,55728.0,71474.0,61987.2,78892.8
01-07 11:00,74144.0,72574.0,64654.0,58141.0,72188.0,63448.0,80752.00000000001
01-07 12:00,73496.0,72235.0,64633.0,57968.0,71971.0,63638.08,80993.92000000001
01-07 13:00,73128.0,72254.0,63603.0,57038.0,72061.0,62978.08,80153.92000000001
01-07 14:00,71843.0,71191.0,61724.0,55029.0,71624.0,61585.92,78382.08
01-07 15:00,71057.0,71137.0,61483.0,54379.0,71844.0,61169.68,77852.32
01-07 16:00,72678.0,72761.0,63975.0,58454.0,73519.0,61787.44,78638.56000000001
01-07 17:00,75300.0,74434.0,66286.0,61767.0,74916.0,63194.56,80429.44
01-07 18:00,74897.0,74194.0,66361.0,62508.0,74455.0,63104.8,80315.20000000001
01-07 19:00,73770.0,72755.0,64920.0,61678.0,72860.0,61580.64,78375.36
01-07 20:00,70370.0,69297.0,62022.0,59370.0,69966.0,59036.56,75137.44
01-07 21:00,66427.0,65185.0,58664.0,56711.0,66725.0,56285.68,71636.32
01-07 22:00,64762.0,63054.0,58123.0,57298.0,63872.0,54693.76,69610.24
01-07 23:00,60350.0,58948.0,55683.0,54525.0,59429.0,51266.16,65247.840000000004
01-08 00:00,55962.0,54618.0,52955.0,50504.0,55277.0,48431.68,61640.32000000001
01-08 01:00,53238.0,52066.0,50127.0,48377.0,53131.0,46380.4,59029.600000000006
01-08 02:00,51610.0,50422.0,47998.0,47778.0,51683.0,44889.68,57132.32000000001
01-08 03:00,51595.0,50844.0,47207.0,48555.0,52567.0,45079.76,57374.240000000005
01-08 04:00,53077.0,52461.0,46573.0,50629.0,54736.0,46293.28,58918.72000000001
01-08 05:00,56972.0,56917.0,46260.0,56394.0,59077.0,49063.52,62444.48
01-08 06:00,65971.0,65609.0,45062.0,65904.0,67297.0,54221.2,69008.8
01-08 07:00,71847.0,70703.0,47310.0,71902.0,72318.0,58138.96,73995.04000000001
01-08 08:00,73218.0,71636.0,50727.0,73721.0,73602.0,59715.92,76002.08
01-08 09:00,73334.0,71420.0,54074.0,74002.0,73800.0,61003.36,77640.64000000001
01-08 10:00,74437.0,71557.0,57132.0,74485.0,74309.0,62014.48,78927.52
01-08 11:00,75363.0,72140.0,59500.0,74921.0,74968.0,62660.4,79749.6
01-08 12:00,74579.0,71603.0,59472.0,74524.0,74773.0,62427.2,79452.8
01-08 13:00,74287.0,70605.0,57689.0,74478.0,74626.0,61414.32,78163.68000000001
01-08 14:00,72811.0,68237.0,55716.0,72713.0,73761.0,59683.36,75960.64000000001
01-08 15:00,72685.0,67283.0,55147.0,72748.0,73372.0,59078.8,75191.20000000001
01-08 16:00,73404.0,69420.0,58306.0,74910.0,74795.0,60467.44,76958.56000000001
01-08 17:00,74997.0,72021.0,61544.0,77854.0,76054.0,62015.36,78928.64000000001
01-08 18:00,74293.0,71271.0,61730.0,77398.0,75524.0,61622.88,78429.12000000001
01-08 19:00,73513.0,70290.0,60890.0,76168.0,74402.0,60450.72,76937.28000000001
01-08 20:00,69380.0,66119.0,59297.0,72397.0,71352.0,57273.92,72894.08
01-08 21:00,65290.0,62464.0,56860.0,68496.0,67251.0,54258.16,69055.84000000001
01-08 22:00,63183.0,59592.0,57363.0,65769.0,64368.0,52338.88,66613.12000000001
01-08 23:00,58868.0,56029.0,54891.0,61290.0,60514.0,49657.52,63200.48
01-09 00:00,54069.0,52506.0,52265.0,57435.0,56515.0,46664.64,59391.36000000001
01-09 01:00,51416.0,49997.0,50148.0,54870.0,53919.0,44727.76,56926.240000000005
01-09 02:00,49857.0,48301.0,48836.0,54101.0,52761.0,43361.12,55186.880000000005
01-09 03:00,50021.0,47733.0,49297.0,54646.0,53663.0,43115.6,54874.40000000001
01-09 04:00,52353.0,47751.0,51253.0,56785.0,55349.0,42925.52,54632.48
01-09 05:00,56712.0,47744.0,56409.0,61244.0,59314.0,43155.2,54924.8
01-09 06:00,66131.0,48402.0,66580.0,70147.0,67793.0,43570.56,55453.44
01-09 07:00,71874.0,51776.0,72207.0,75028.0,72954.0,45975.6,58514.40000000001
01-09 08:00,73907.0,55214.0,73806.0,75716.0,74299.0,48738.8,62031.200000000004
01-09 09:00,74364.0,57843.0,74363.0,75310.0,75187.0,51204.56,65169.44000000001
01-09 10:00,75105.0,59243.0,75141.0,75344.0,75946.0,52588.8,66931.20000000001
01-09 11:00,75452.0,60440.0,75397.0,75398.0,76584.0,53898.24,68597.76000000001
01-09 12:00,75053.0,60018.0,75465.0,75115.0,76029.0,53862.16,68551.84000000001
01-09 13:00,73682.0,58048.0,75507.0,74904.0,76058.0,53020.0,67480.0
01-09 14:00,71535.0,56639.0,74086.0,73212.0,75139.0,51782.72,65905.28000000001
01-09 15:00,71098.0,56136.0,73574.0,72713.0,74630.0,51432.48,65459.520000000004
01-09 16:00,72680.0,59368.0,74456.0,74352.0,75555.0,53401.04,67964.96
01-09 17:00,74193.0,62611.0,76544.0,76688.0,77233.0,55828.96,71055.04000000001
01-09 18:00,73579.0,62864.0,76095.0,76234.0,76515.0,55989.12,71258.88
01-09 19:00,71950.0,61589.0,75159.0,74879.0,75301.0,54334.72,69153.28000000001
01-09 20:00,67512.0,58542.0,72021.0,70962.0,71692.0,51859.28,66002.72
01-09 21:00,63800.0,55102.0,68237.0,67169.0,67875.0,48945.6,62294.40000000001
01-09 22:00,61199.0,54601.0,65746.0,64474.0,65068.0,48169.44,61306.560000000005
01-09 23:00,57093.0,52343.0,61737.0,59895.0,60513.0,46110.24,58685.76
01-10 00:00,53027.0,48115.0,58181.0,55804.0,57114.0,43734.24,55661.76
01-10 01:00,49661.0,45728.0,55657.0,52992.0,54576.0,41765.68,53156.32000000001
01-10 02:00,47752.0,44103.0,54471.0,51254.0,53134.0,40420.16,51443.840000000004
01-10 03:00,47429.0,43646.0,54453.0,51438.0,53219.0,39747.840000000004,50588.16
01-10 04:00,47377.0,43818.0,56151.0,53544.0,54459.0,40284.64,51271.36000000001
01-10 05:00,47602.0,43803.0,60336.0,57890.0,58263.0,40116.56,51057.44
01-10 06:00,49270.0,43161.0,69580.0,66941.0,66142.0,39864.0,50736.00000000001
01-10 07:00,53645.0,45738.0,74579.0,71862.0,70932.0,41422.48,52719.520000000004
01-10 08:00,57425.0,49447.0,75657.0,72493.0,72304.0,44617.76,56786.240000000005
01-10 09:00,60122.0,52424.0,75386.0,72198.0,72403.0,47842.08,60889.920000000006
01-10 10:00,61967.0,54719.0,75837.0,72135.0,73358.0,50042.96,63691.04000000001
01-10 11:00,63711.0,56892.0,76446.0,72531.0,73756.0,52348.56,66625.44
01-10 12:00,63565.0,56722.0,76181.0,72036.0,73381.0,52374.08,66657.92000000001
01-10 13:00,61942.0,54843.0,76197.0,71157.0,73267.0,51286.4,65273.600000000006
01-10 14:00,59974.0,53499.0,74703.0,70162.0,71837.0,49509.68,63012.32000000001
01-10 15:00,58662.0,53213.0,73923.0,69928.0,71620.0,49668.08,63213.920000000006
01-10 16:00,61317.0,56054.0,74814.0,72021.0,72541.0,52298.4,66561.6
01-10 17:00,64328.0,59491.0,77323.0,74207.0,74350.0,56026.96,71307.04000000001
01-10 18:00,64276.0,59826.0,76945.0,73745.0,73831.0,56139.6,71450.40000000001
01-10 19:00,62955.0,59060.0,76066.0,72762.0,72724.0,55459.36,70584.64000000001
01-10 20:00,59549.0,57339.0,72572.0,69365.0,69480.0,53508.4,68101.6
01-10 21:00,56005.0,54612.0,68563.0,65066.0,65629.0,51839.92,65978.08
01-10 22:00,55346.0,54930.0,66345.0,62222.0,63354.0,52018.56,66205.44
01-10 23:00,52768.0,51550.0,62031.0,57949.0,59445.0,49531.68,63040.32000000001
01-11 00:00,48881.0,48540.0,57527.0,54002.0,57090.0,47453.12,60394.880000000005
01-11 01:00,45842.0,46081.0,54907.0,51630.0,54586.0,46046.88,58605.12
01-11 02:00,44043.0,44942.0,53271.0,50302.0,53677.0,45590.16,58023.840000000004
01-11 03:00,43536.0,45760.0,53597.0,51138.0,54349.0,45364.0,57736.00000000001
01-11 04:00,43897.0,47965.0,55386.0,52911.0,56035.0,47356.32,60271.68000000001
01-11 05:00,43887.0,53903.0,60016.0,57152.0,60056.0,51400.8,65419.200000000004
01-11 06:00,43166.0,63959.0,68880.0,65885.0,68701.0,58427.6,74362.40000000001
01-11 07:00,45751.0,70183.0,74938.0,71380.0,73825.0,63707.6,81082.40000000001
01-11 08:00,49224.0,71569.0,76315.0,72095.0,75207.0,65553.84,83432.16
01-11 09:00,52957.0,78869.0,77208.0,71805.0,75971.0,66164.56,84209.44
01-11 10:00,56442.0,79670.0,77699.0,72348.0,76370.0,66840.4,85069.6
01-11 11:00,58991.0,80179.0,78400.0,72931.0,76862.0,68198.24,86797.76000000001
01-11 12:00,59136.0,73678.0,77756.0,72260.0,76568.0,67961.52,86496.48000000001
01-11 13:00,57512.0,73645.0,77653.0,72452.0,75563.0,67428.24,85817.76000000001
01-11 14:00,55844.0,72499.0,76584.0,71347.0,73598.0,65997.36,83996.64000000001
01-11 15:00,55005.0,71971.0,75718.0,71302.0,72366.0,66022.0,84028.00000000001
01-11 16:00,57789.0,72887.0,75818.0,72479.0,73148.0,67008.48,85283.52
01-11 17:00,61708.0,74829.0,77522.0,74279.0,74713.0,68816.88,87585.12000000001
01-11 18:00,62144.0,74487.0,77124.0,73618.0,73977.0,68190.32,86787.68000000001
01-11 19:00,61254.0,72719.0,76182.0,72576.0,72380.0,67279.52,85628.48000000001
01-11 20:00,59159.0,69524.0,73162.0,69150.0,68812.0,64364.08,81917.92000000001
01-11 21:00,56656.0,65692.0,68565.0,65227.0,64684.0,61415.2,78164.8
01-11 22:00,57443.0,63209.0,66197.0,63032.0,62217.0,59084.08,75197.92000000001
01-11 23:00,54388.0,58328.0,62473.0,58779.0,58577.0,56094.72,71393.28000000001
01-12 00:00,50774.0,53885.0,58118.0,54421.0,54274.0,53093.04,67572.96
01-12 01:00,48404.0,51028.0,55838.0,52032.0,51420.0,51634.0,65716.0
01-12 02:00,47329.0,50147.0,54160.0,50668.0,49334.0,50146.8,63823.200000000004
01-12 03:00,48031.0,50698.0,54483.0,51180.0,48328.0,50094.88,63757.12
01-12 04:00,50151.0,52211.0,56233.0,52803.0,48649.0,51459.76,65494.240000000005
01-12 05:00,55907.0,56774.0,60317.0,57182.0,49107.0,54970.08,69961.92000000001
01-12 06:00,65978.0,65901.0,68703.0,66299.0,51060.0,60795.68,77376.32
01-12 07:00,72565.0,72039.0,74141.0,71435.0,54846.0,64990.64,82715.36000000002
01-12 08:00,74131.0,73300.0,75173.0,72863.0,58324.0,66092.4,84117.6
01-12 09:00,74305.0,73312.0,75088.0,73262.0,61629.0,66141.68000000001,84180.32
01-12 10:00,75968.0,73587.0,75974.0,73607.0,63775.0,66644.16,84819.84000000001
01-12 11:00,76682.0,74211.0,76246.0,73861.0,64703.0,67528.56,85945.44
01-12 12:00,76345.0,73479.0,75508.0,73265.0,64414.0,67384.24,85761.76000000001
01-12 13:00,76171.0,73472.0,75625.0,72756.0,63285.0,66890.56,85133.44
01-12 14:00,74706.0,72297.0,74269.0,70765.0,61749.0,64913.2,82616.8
01-12 15:00,73984.0,71764.0,73521.0,70391.0,61006.0,64127.36,81616.64000000001
01-12 16:00,74587.0,72749.0,74021.0,71155.0,63256.0,64152.88,81649.12000000001
01-12 17:00,76326.0,75295.0,76001.0,72942.0,64723.0,66705.76,84898.24
01-12 18:00,76074.0,75065.0,75561.0,72333.0,64921.0,66201.52,84256.48000000001
01-12 19:00,74671.0,73901.0,74115.0,70788.0,63229.0,65140.24,82905.76000000001
01-12 20:00,70866.0,70401.0,70560.0,67189.0,60457.0,62684.16,79779.84000000001
01-12 21:00,66583.0,66573.0,66391.0,63334.0,56650.0,59788.08,76093.92000000001
01-12 22:00,64201.0,63478.0,64296.0,61408.0,55763.0,57406.8,73063.20000000001
01-12 23:00,59668.0,58955.0,59845.0,57661.0,53161.0,54531.840000000004,69404.16
01-13 00:00,54694.0,54577.0,56138.0,54184.0,49785.0,52264.96,66519.04000000001
01-13 01:00,52035.0,52223.0,54089.0,51405.0,47052.0,50796.24,64649.76000000001
01-13 02:00,50311.0,51086.0,53817.0,49511.0,45558.0,49478.88,62973.12
01-13 03:00,51265.0,51392.0,54229.0,49225.0,44531.0,49762.24,63333.76000000001
01-13 04:00,53073.0,53484.0,56282.0,49422.0,44381.0,50734.64,64571.36000000001
01-13 05:00,57311.0,57839.0,60347.0,49354.0,44313.0,54068.08,68813.92000000001
01-13 06:00,66612.0,67208.0,69222.0,51150.0,43866.0,59632.32,75895.68000000001
01-13 07:00,72256.0,72764.0,74285.0,55391.0,46618.0,64684.4,82325.6
01-13 08:00,73160.0,73962.0,75485.0,59358.0,50400.0,65888.24,83857.76000000001
01-13 09:00,72861.0,74088.0,75900.0,62780.0,54762.0,66518.32,84659.68000000001
01-13 10:00,73498.0,74511.0,76753.0,64269.0,57688.0,67164.24,85481.76000000001
01-13 11:00,74295.0,75281.0,76755.0,65026.0,60349.0,68633.84,87352.16
01-13 12:00,74098.0,74321.0,76264.0,64765.0,60147.0,68493.92,87174.08
01-13 13:00,73697.0,74382.0,75213.0,63213.0,59259.0,67774.08,86257.92000000001
01-13 14:00,72088.0,72737.0,73205.0,61216.0,58011.0,66093.28,84118.72
01-13 15:00,71065.0,72778.0,72164.0,60263.0,57549.0,65440.32,83287.68000000001
01-13 16:00,71727.0,73821.0,73153.0,62367.0,59250.0,65765.92,83702.08
01-13 17:00,75016.0,75621.0,75393.0,65397.0,62112.0,67727.44,86198.56000000001
01-13 18:00,74533.0,75152.0,75242.0,65643.0,62548.0,67052.48,85339.52
01-13 19:00,72619.0,73621.0,73871.0,64267.0,61400.0,65891.76,83862.24
01-13 20:00,68506.0,69835.0,70229.0,60712.0,59012.0,62546.0,79604.00000000001
01-13 21:00,63994.0,65854.0,65963.0,57371.0,56805.0,59296.16,75467.84000000001
01-13 22:00,62174.0,63210.0,63981.0,57204.0,56840.0,57449.92,73118.08
01-13 23:00,57305.0,58973.0,60699.0,54104.0,54565.0,55070.4,70089.6
01-14 00:00,52881.0,54977.0,57469.0,50693.0,51455.0,52503.44,66822.56000000001
01-14 01:00,49574.0,52350.0,55240.0,48195.0,48892.0,50229.52,63928.48
01-14 02:00,48640.0,51289.0,53264.0,46680.0,48316.0,49115.44,62510.560000000005
01-14 03:00,49361.0,51584.0,52675.0,46001.0,48698.0,49323.12,62774.880000000005
01-14 04:00,51474.0,53447.0,52196.0,46129.0,51199.0,50218.08,63913.920000000006
01-14 05:00,56208.0,57038.0,51535.0,46028.0,56719.0,53150.24,67645.76000000001
01-14 06:00,66102.0,66670.0,52447.0,45350.0,66089.0,59298.8,75471.20000000001
01-14 07:00,72089.0,72265.0,55993.0,48034.0,71549.0,63583.52,80924.48000000001
01-14 08:00,72974.0,73230.0,59348.0,51819.0,73027.0,64716.96,82367.04000000001
01-14 09:00,72575.0,72256.0,62335.0,54869.0,73290.0,65119.12,82878.88
01-14 10:00,73918.0,72657.0,64037.0,56951.0,73363.0,65655.92,83562.08
01-14 11:00,74786.0,73138.0,64716.0,59303.0,74179.0,66682.88,84869.12000000001
01-14 12:00,74031.0,72805.0,64523.0,59044.0,73804.0,66487.52,84620.48000000001
01-14 13:00,73981.0,72746.0,63237.0,57328.0,74028.0,65905.84,83880.16
01-14 14:00,72533.0,71856.0,61371.0,55454.0,73173.0,64235.6,81754.40000000001
01-14 15:00,71522.0,71153.0,60802.0,54955.0,72868.0,63495.52,80812.48000000001
01-14 16:00,71550.0,72611.0,62551.0,58220.0,72720.0,63844.0,81256.00000000001
01-14 17:00,75151.0,75064.0,65301.0,62846.0,75507.0,65523.92,83394.08
01-14 18:00,74584.0,74733.0,65485.0,63536.0,74964.0,65170.16,82943.84000000001
01-14 19:00,72994.0,74320.0,64395.0,63132.0,73485.0,63827.28,81234.72
01-14 20:00,69620.0,70730.0,61282.0,60593.0,70137.0,60772.8,77347.20000000001
01-14 21:00,65351.0,66548.0,57692.0,58126.0,66446.0,58035.12,73862.88
01-14 22:00,63630.0,63807.0,57374.0,58696.0,63591.0,55877.36,71116.64000000001
01-14 23:00,59181.0,59440.0,54313.0,55793.0,59427.0,53188.96,67695.04000000001
01-15 00:00,55061.0,55691.0,51869.0,53093.0,56013.0,50663.36,64480.64000000001
01-15 01:00,52532.0,52958.0,49478.0,50849.0,53701.0,48643.76,61910.240000000005
01-15 02:00,51203.0,51522.0,48006.0,50458.0,52974.0,47292.08,60189.920000000006
01-15 03:00,51541.0,52087.0,47328.0,51064.0,53133.0,47638.8,60631.200000000004
01-15 04:00,53371.0,53844.0,46969.0,53488.0,54852.0,48796.88,62105.12
01-15 05:00,57843.0,58014.0,46558.0,59252.0,59067.0,52150.56,66373.44
01-15 06:00,67017.0,67052.0,45797.0,68965.0,67148.0,57787.840000000004,73548.16
01-15 07:00,72633.0,72586.0,48610.0,74827.0,72785.0,62585.6,79654.40000000001
01-15 08:00,73842.0,73918.0,51512.0,75734.0,73798.0,64223.28,81738.72
01-15 09:00,73891.0,73789.0,55453.0,76270.0,73967.0,64955.44,82670.56000000001
01-15 10:00,74635.0,74431.0,57802.0,76688.0,74691.0,64932.56,82641.44
01-15 11:00,75899.0,74823.0,59842.0,77731.0,75062.0,65640.08,83541.92000000001
01-15 12:00,75149.0,74363.0,59682.0,77527.0,74541.0,65344.4,83165.6
01-15 13:00,74818.0,73809.0,57931.0,77386.0,74424.0,64277.840000000004,81808.16
01-15 14:00,73493.0,72740.0,55847.0,76462.0,73876.0,62520.48,79571.52
01-15 15:00,72857.0,71378.0,55170.0,76493.0,73679.0,61791.840000000004,78644.16
01-15 16:00,72899.0,71839.0,57692.0,77921.0,73821.0,62471.2,79508.8
01-15 17:00,75412.0,73597.0,61996.0,79894.0,75877.0,64782.96,82451.04000000001
01-15 18:00,74888.0,72999.0,62577.0,79429.0,75211.0,64650.96,82283.04000000001
01-15 19:00,73537.0,71610.0,61293.0,78042.0,74115.0,62798.56,79925.44
01-15 20:00,70303.0,67828.0,59854.0,74697.0,70550.0,59599.76,75854.24
01-15 21:00,66098.0,63961.0,57352.0,70178.0,66954.0,56014.64,71291.36
01-15 22:00,63634.0,61784.0,58056.0,67732.0,64085.0,54142.88,68909.12000000001
01-15 23:00,58940.0,58174.0,56081.0,63204.0,60004.0,51695.6,65794.40000000001
01-16 00:00,54447.0,54668.0,53323.0,58789.0,56144.0,48990.48,62351.520000000004
01-16 01:00,51309.0,51755.0,51291.0,55614.0,53404.0,46918.96,59715.04000000001
01-16 02:00,49510.0,50307.0,50428.0,54356.0,51948.0,45320.0,57680.00000000001
01-16 03:00,50534.0,49488.0,51082.0,54727.0,52317.0,44658.24,56837.76
01-16 04:00,52704.0,49187.0,52718.0,56202.0,53820.0,44403.04,56512.96000000001
01-16 05:00,57770.0,49081.0,57738.0,60632.0,58484.0,44504.24,56641.76
01-16 06:00,66727.0,50568.0,67633.0,69879.0,68053.0,45440.56,57833.44
01-16 07:00,72469.0,53908.0,72909.0,75226.0,73157.0,48294.4,61465.600000000006
01-16 08:00,73411.0,57212.0,74191.0,76011.0,74244.0,51276.72,65261.280000000006
01-16 09:00,73160.0,60553.0,74558.0,76550.0,74226.0,53971.28,68690.72
01-16 10:00,73483.0,61804.0,74818.0,77235.0,75189.0,55454.08,70577.92000000001
01-16 11:00,74071.0,62311.0,75166.0,77348.0,75562.0,56823.36,72320.64000000001
01-16 12:00,73322.0,62083.0,74925.0,76889.0,75044.0,56623.6,72066.40000000001
01-16 13:00,72459.0,61313.0,74770.0,76832.0,75329.0,55450.56,70573.44
01-16 14:00,69830.0,59693.0,73189.0,75428.0,73558.0,54208.0,68992.0
01-16 15:00,68859.0,58997.0,72797.0,75343.0,73248.0,53745.12,68402.88
01-16 16:00,69892.0,60875.0,73065.0,75363.0,73518.0,55549.12,70698.88
01-16 17:00,72976.0,64635.0,76168.0,78284.0,76336.0,58328.16,74235.84000000001
01-16 18:00,72461.0,64786.0,75946.0,78032.0,75808.0,58630.0,74620.0
01-16 19:00,70885.0,63522.0,75311.0,77289.0,74632.0,56963.28,72498.72
01-16 20:00,67055.0,60614.0,72335.0,73800.0,70993.0,54313.6,69126.40000000001
01-16 21:00,62806.0,57012.0,68123.0,69076.0,67044.0,50915.04,64800.96000000001
01-16 22:00,60444.0,56505.0,66235.0,66215.0,64069.0,50275.28,63986.72000000001
01-16 23:00,56716.0,53623.0,62588.0,61174.0,60296.0,48251.28,61410.72000000001
01-17 00:00,53082.0,50776.0,58602.0,57831.0,56881.0,45816.32,58311.68000000001
01-17 01:00,50258.0,48217.0,56582.0,55270.0,54777.0,43901.44,55874.560000000005
01-17 02:00,48657.0,46897.0,55255.0,53816.0,53058.0,42442.4,54017.600000000006
01-17 03:00,48067.0,46153.0,55426.0,54390.0,53008.0,41653.04,53012.96000000001
01-17 04:00,48263.0,45912.0,57130.0,56353.0,55449.0,41750.72,53137.280000000006
01-17 05:00,48421.0,45509.0,61247.0,60474.0,59301.0,41470.88,52781.12
01-17 06:00,49851.0,44482.0,69503.0,68857.0,68131.0,41020.32,52207.68000000001
01-17 07:00,54140.0,47040.0,74868.0,74359.0,73987.0,42682.64,54323.36000000001
01-17 08:00,57869.0,50353.0,75603.0,76157.0,74795.0,45784.64,58271.36000000001
01-17 09:00,60647.0,53758.0,75856.0,76736.0,74692.0,49374.16,62839.840000000004
01-17 10:00,62419.0,56527.0,76317.0,77527.0,75425.0,51728.16,65835.84000000001
01-17 11:00,63314.0,58484.0,76328.0,77893.0,76532.0,53593.76,68210.24
01-17 12:00,62513.0,58305.0,75970.0,77347.0,76099.0,53592.0,68208.0
01-17 13:00,60740.0,56561.0,75897.0,77251.0,76153.0,52156.72,66381.28000000001
01-17 14:00,58537.0,54852.0,74311.0,76263.0,74866.0,50318.4,64041.600000000006
01-17 15:00,57510.0,54209.0,73754.0,76272.0,74099.0,49809.76,63394.240000000005
01-17 16:00,59056.0,56456.0,74095.0,76080.0,73913.0,51716.72,65821.28000000001
01-17 17:00,63480.0,61473.0,77458.0,78769.0,76890.0,55192.72,70245.28000000001
01-17 18:00,63813.0,61940.0,76911.0,78849.0,76405.0,55320.32,70407.68000000001
01-17 19:00,62420.0,61286.0,76206.0,78058.0,75155.0,54350.56,69173.44
01-17 20:00,59268.0,59292.0,73490.0,74132.0,72236.0,52383.76,66670.24
01-17 21:00,55635.0,56729.0,69432.0,69693.0,67584.0,50358.88,64093.12
01-17 22:00,55340.0,57685.0,66959.0,66908.0,65005.0,50861.36,64732.64000000001
01-17 23:00,52718.0,55572.0,63562.0,62875.0,60105.0,48823.28,62138.72000000001
01-18 00:00,49433.0,52778.0,59913.0,59316.0,57092.0,46471.92,59146.08000000001
01-18 01:00,47304.0,51193.0,57451.0,56531.0,54669.0,45007.6,57282.40000000001
01-18 02:00,45670.0,50081.0,56241.0,54997.0,53062.0,43946.32,55931.68000000001
01-18 03:00,45040.0,50232.0,56055.0,54876.0,53222.0,43811.68,55760.32000000001
01-18 04:00,44621.0,52607.0,57398.0,56682.0,54721.0,45739.76,58214.240000000005
01-18 05:00,44483.0,58016.0,61383.0,61125.0,58703.0,49480.64,62975.36000000001
01-18 06:00,43695.0,68180.0,70125.0,70343.0,66882.0,56889.36,72404.64000000001
01-18 07:00,46085.0,73306.0,75262.0,76559.0,71828.0,62106.88,79045.12000000001
01-18 08:00,49619.0,74461.0,75854.0,78456.0,72901.0,64395.76,81958.24
01-18 09:00,53067.0,74391.0,75992.0,79197.0,72776.0,64785.6,82454.40000000001
01-18 10:00,56256.0,74757.0,76696.0,80038.0,72430.0,65738.64,83667.36000000002
01-18 11:00,58905.0,75049.0,77095.0,79917.0,72803.0,66718.96,84915.04000000001
01-18 12:00,58833.0,74275.0,76307.0,79398.0,72169.0,67031.36,85312.64000000001
01-18 13:00,56698.0,74074.0,76128.0,78050.0,71175.0,66484.88,84617.12000000001
01-18 14:00,54416.0,72533.0,74741.0,75725.0,69469.0,64940.48,82651.52
01-18 15:00,53254.0,72384.0,74254.0,74952.0,68698.0,64617.52,82240.48000000001
01-18 16:00,55369.0,73290.0,74234.0,74747.0,69487.0,65320.64,83135.36000000002
01-18 17:00,60554.0,77058.0,77753.0,78263.0,72690.0,67009.36,85284.64000000001
01-18 18:00,61158.0,76645.0,77180.0,77851.0,72429.0,66835.12,85062.88
01-18 19:00,60419.0,76067.0,76560.0,76713.0,71069.0,65152.56,82921.44
01-18 20:00,58417.0,73005.0,73664.0,73238.0,67288.0,62607.6,79682.40000000001
01-18 21:00,55770.0,69278.0,69267.0,68785.0,63692.0,58938.0,75012.0
01-18 22:00,56598.0,67048.0,67348.0,65493.0,61667.0,56678.16,72135.84000000001
01-18 23:00,54400.0,63480.0,63912.0,60249.0,58572.0,53475.840000000004,68060.16
01-19 00:00,50917.0,59780.0,61035.0,56172.0,55917.0,50322.8,64047.200000000004
01-19 01:00,48856.0,57112.0,58536.0,52977.0,53568.0,48587.44,61838.560000000005
01-19 02:00,47866.0,55932.0,57101.0,51847.0,51852.0,47554.32,60523.68000000001
01-19 03:00,48139.0,55342.0,56909.0,52384.0,51162.0,47836.8,60883.200000000004
01-19 04:00,50512.0,56782.0,58261.0,53901.0,50723.0,49976.96,63607.04000000001
01-19 05:00,55647.0,61110.0,62350.0,58341.0,50671.0,53132.64,67623.36
01-19 06:00,66217.0,69755.0,70264.0,67404.0,51775.0,59143.04,75272.96
01-19 07:00,72109.0,74740.0,75555.0,72419.0,54978.0,64318.32,81859.68000000001
01-19 08:00,73114.0,75147.0,76445.0,73397.0,58389.0,66073.92,84094.08
01-19 09:00,73570.0,75253.0,76267.0,73645.0,61017.0,66402.16,84511.84000000001
01-19 10:00,74376.0,76063.0,76359.0,73990.0,62046.0,67606.0,86044.00000000001
01-19 11:00,75179.0,75997.0,76333.0,74163.0,62384.0,68736.8,87483.20000000001
01-19 12:00,74904.0,75443.0,75952.0,73648.0,61780.0,68657.6,87382.40000000001
01-19 13:00,74847.0,74950.0,75465.0,72922.0,60082.0,68045.12,86602.88
01-19 14:00,73425.0,73629.0,73798.0,70990.0,58103.0,66287.76,84366.24
01-19 15:00,72800.0,73499.0,73394.0,69960.0,57585.0,65763.28,83698.72
01-19 16:00,73012.0,74101.0,73853.0,70448.0,59774.0,64804.96,82479.04000000001
01-19 17:00,76148.0,77668.0,77611.0,73360.0,63781.0,66466.4,84593.6
01-19 18:00,75697.0,77437.0,77638.0,72923.0,63911.0,66049.28,84062.72
01-19 19:00,74502.0,76285.0,76829.0,72032.0,62640.0,64615.76,82238.24
01-19 20:00,70596.0,72884.0,73642.0,68242.0,59680.0,61812.96,78671.04000000001
01-19 21:00,66267.0,68637.0,69444.0,64629.0,56457.0,59072.64,75183.36
01-19 22:00,64007.0,66724.0,67397.0,62245.0,55961.0,57183.28,72778.72
01-19 23:00,59582.0,62751.0,63999.0,59045.0,53854.0,54096.24,68849.76000000001
01-20 00:00,55562.0,59653.0,60656.0,55601.0,51377.0,50842.88,64709.12
01-20 01:00,53014.0,56700.0,58174.0,53133.0,49174.0,48791.6,62098.40000000001
01-20 02:00,51624.0,55123.0,56726.0,50894.0,48059.0,47817.44,60858.560000000005
01-20 03:00,52258.0,55119.0,56654.0,50878.0,47184.0,48401.76,61602.240000000005
01-20 04:00,53655.0,56466.0,57930.0,50877.0,46743.0,49991.04,63624.96000000001
01-20 05:00,57835.0,60346.0,61818.0,50349.0,46482.0,53230.32,67747.68000000001
01-20 06:00,67035.0,69720.0,70068.0,51778.0,45860.0,59508.24,75737.76000000001
01-20 07:00,72965.0,74617.0,75315.0,55797.0,48140.0,64663.28,82298.72
01-20 08:00,74254.0,75329.0,76137.0,59134.0,51774.0,65616.32,83511.68000000001
01-20 09:00,74660.0,75524.0,76078.0,62398.0,54646.0,65907.6,83882.40000000001
01-20 10:00,75575.0,76077.0,75946.0,63330.0,56376.0,66095.04,84120.96
01-20 11:00,76105.0,76003.0,75720.0,63776.0,57808.0,66840.4,85069.6
01-20 12:00,75465.0,75465.0,75439.0,63373.0,57698.0,66968.88,85233.12000000001
01-20 13:00,75248.0,75102.0,74218.0,61796.0,56219.0,66269.28,84342.72
01-20 14:00,74050.0,73342.0,71958.0,59955.0,54441.0,64423.92,81994.08
01-20 15:00,73618.0,73053.0,70711.0,58722.0,53805.0,63693.52,81064.48000000001
01-20 16:00,73687.0,73610.0,71272.0,60023.0,56179.0,63367.04,80648.96
01-20 17:00,76698.0,76735.0,74408.0,63521.0,61070.0,66406.56,84517.44
01-20 18:00,75953.0,76540.0,74184.0,63575.0,61620.0,66151.36,84192.64000000001
01-20 19:00,74657.0,75525.0,73569.0,62299.0,61052.0,65967.44,83958.56000000001
01-20 20:00,71230.0,72422.0,70351.0,59348.0,58822.0,62867.2,80012.8
01-20 21:00,66888.0,68064.0,66042.0,56077.0,56497.0,59816.24,76129.76000000001
01-20 22:00,64557.0,65938.0,64344.0,55416.0,57384.0,57566.96,73267.04000000001
01-20 23:00,59897.0,61495.0,61224.0,52789.0,55433.0,54625.12,69522.88
01-21 00:00,56204.0,58292.0,58218.0,49599.0,53696.0,51330.4,65329.600000000006
01-21 01:00,53444.0,55666.0,55588.0,47386.0,51674.0,49392.64,62863.36000000001
01-21 02:00,51935.0,54102.0,53994.0,46039.0,50688.0,48272.4,61437.600000000006
01-21 03:00,52314.0,54079.0,53213.0,45565.0,51164.0,48747.6,62042.40000000001
01-21 04:00,53746.0,55612.0,52600.0,45778.0,53472.0,50383.52,64124.48
01-21 05:00,57771.0,59667.0,52298.0,45366.0,58773.0,53947.52,68660.48000000001
01-21 06:00,67176.0,68862.0,53327.0,44699.0,68151.0,60456.88,76945.12000000001
01-21 07:00,72710.0,73893.0,56648.0,47099.0,73558.0,65034.64,82771.36000000002
01-21 08:00,73890.0,74546.0,60266.0,50622.0,74336.0,66360.8,84459.20000000001
01-21 09:00,74249.0,74339.0,62532.0,54038.0,74319.0,66206.8,84263.20000000001
01-21 10:00,75149.0,75241.0,63578.0,56513.0,74305.0,65884.72,83853.28000000001
01-21 11:00,75468.0,75358.0,63826.0,58969.0,74630.0,67041.92,85326.08
01-21 12:00,74888.0,74685.0,63705.0,58818.0,74125.0,66645.92,84822.08
01-21 13:00,74736.0,74708.0,62068.0,56252.0,73948.0,65630.4,83529.6
01-21 14:00,73422.0,73468.0,59976.0,55077.0,72553.0,63883.6,81306.40000000001
01-21 15:00,72933.0,72848.0,59236.0,54293.0,72081.0,63414.56,80709.44
01-21 16:00,72849.0,73027.0,60761.0,56175.0,72749.0,63757.76,81146.24
01-21 17:00,76584.0,77049.0,65547.0,60653.0,76730.0,66563.2,84716.8
01-21 18:00,76306.0,76570.0,65967.0,61153.0,76381.0,66377.52,84480.48000000001
01-21 19:00,75218.0,75957.0,65018.0,60379.0,75246.0,64701.12,82346.88
01-21 20:00,71196.0,72481.0,62129.0,58546.0,72144.0,61883.36,78760.64000000001
01-21 21:00,67285.0,68481.0,58505.0,56300.0,68343.0,58798.08,74833.92000000001
01-21 22:00,64423.0,66462.0,57970.0,57129.0,65683.0,56202.96,71531.04000000001
01-21 23:00,60400.0,62536.0,55913.0,54889.0,61870.0,53297.2,67832.8
01-22 00:00,56691.0,59518.0,53818.0,51555.0,58240.0,50828.8,64691.200000000004
01-22 01:00,53946.0,57327.0,51513.0,49640.0,56654.0,49066.16,62447.840000000004
01-22 02:00,52801.0,55479.0,49537.0,49307.0,55361.0,47806.88,60845.12
01-22 03:00,52790.0,55160.0,48846.0,50171.0,55228.0,48434.32,61643.68000000001
01-22 04:00,54278.0,56448.0,48308.0,52582.0,56958.0,50200.48,63891.520000000004
01-22 05:00,57907.0,60563.0,48143.0,57732.0,61017.0,53358.8,67911.20000000001
01-22 06:00,67150.0,69465.0,46583.0,66568.0,69873.0,58772.56,74801.44
01-22 07:00,73144.0,74621.0,49290.0,71337.0,74962.0,63588.8,80931.20000000001
01-22 08:00,74217.0,75397.0,52855.0,73489.0,76141.0,64713.44,82362.56000000001
01-22 09:00,74559.0,75193.0,55773.0,74498.0,76479.0,64042.88,81509.12000000001
01-22 10:00,75763.0,75108.0,57005.0,75314.0,76461.0,63905.6,81334.40000000001
01-22 11:00,76188.0,75397.0,57977.0,75630.0,76994.0,64966.88,82685.12000000001
01-22 12:00,75699.0,74581.0,57863.0,75180.0,76342.0,64240.0,81760.00000000001
01-22 13:00,75435.0,73313.0,55505.0,75004.0,75982.0,63049.36,80244.64000000001
01-22 14:00,74641.0,71327.0,53742.0,73838.0,75254.0,61572.72,78365.28000000001
01-22 15:00,74024.0,70795.0,53759.0,73220.0,74757.0,60470.96,76963.04000000001
01-22 16:00,74163.0,71572.0,57119.0,72502.0,74877.0,60792.16,77371.84000000001
01-22 17:00,76732.0,75607.0,62553.0,74851.0,77934.0,63598.48,80943.52
01-22 18:00,76383.0,75385.0,63264.0,74645.0,77304.0,63763.92,81154.08
01-22 19:00,75028.0,74202.0,62584.0,73545.0,76462.0,62219.52,79188.48000000001
01-22 20:00,71776.0,70811.0,61115.0,69826.0,73075.0,59458.96,75675.04000000001
01-22 21:00,67549.0,66484.0,58752.0,65785.0,69053.0,56121.12,71426.88
01-22 22:00,65125.0,64907.0,60131.0,62942.0,66066.0,53628.96,68255.04000000001
01-22 23:00,60993.0,61960.0,58535.0,58856.0,62260.0,50614.08,64417.920000000006
01-23 00:00,56621.0,58815.0,55103.0,55200.0,59565.0,47522.64,60483.36000000001
01-23 01:00,54112.0,55660.0,53306.0,52203.0,56931.0,45556.72,57981.280000000006
01-23 02:00,52464.0,53258.0,52104.0,51022.0,55905.0,44374.0,56476.00000000001
01-23 03:00,52883.0,52021.0,52059.0,51363.0,55968.0,43395.44,55230.560000000005
01-23 04:00,54600.0,51109.0,54126.0,53135.0,57316.0,43020.56,54753.44
01-23 05:00,58199.0,50893.0,59206.0,57701.0,61078.0,43298.64,55107.36000000001
01-23 06:00,67149.0,51727.0,68856.0,66477.0,69975.0,44092.4,56117.600000000006
01-23 07:00,72953.0,55779.0,74397.0,71371.0,74883.0,47253.36,60140.64000000001
01-23 08:00,74034.0,59563.0,75730.0,72816.0,75991.0,50526.96,64307.04000000001
01-23 09:00,74215.0,62863.0,76170.0,73217.0,75999.0,53042.88,67509.12000000001
01-23 10:00,75331.0,64487.0,77018.0,74064.0,76153.0,54471.12,69326.88
01-23 11:00,75594.0,65059.0,77099.0,74586.0,76263.0,55501.6,70638.40000000001
01-23 12:00,75018.0,64334.0,76834.0,74465.0,75955.0,55372.24,70473.76000000001
01-23 13:00,74138.0,62664.0,76598.0,74544.0,75706.0,53919.36,68624.64
01-23 14:00,72390.0,60342.0,75276.0,73626.0,74470.0,52097.76,66306.24
01-23 15:00,71568.0,59727.0,74884.0,73250.0,74000.0,51371.76,65382.240000000005
01-23 16:00,72021.0,61070.0,74517.0,73333.0,73998.0,51729.04,65836.96
01-23 17:00,74897.0,65040.0,77657.0,76560.0,76898.0,55396.88,70505.12000000001
01-23 18:00,74419.0,65151.0,77332.0,76214.0,76697.0,55770.88,70981.12000000001
01-23 19:00,72622.0,63521.0,76583.0,75211.0,75550.0,54515.12,69382.88
01-23 20:00,68867.0,60223.0,73590.0,72572.0,72307.0,51612.88,65689.12000000001
01-23 21:00,64881.0,56379.0,69185.0,69036.0,68599.0,48861.12,62186.880000000005
01-23 22:00,62702.0,56087.0,67254.0,66407.0,66152.0,47608.88,60593.12
01-23 23:00,59694.0,53191.0,63582.0,61838.0,62122.0,45210.88,57541.12
01-24 00:00,56592.0,50301.0,59673.0,57311.0,59289.0,42863.04,54552.96000000001
01-24 01:00,53845.0,47728.0,57131.0,54728.0,57135.0,40641.04,51724.96000000001
01-24 02:00,54788.0,46401.0,56064.0,52941.0,55245.0,39690.64,50515.36000000001
01-24 03:00,54382.0,45576.0,55989.0,53654.0,54912.0,39807.68,50664.32000000001
01-24 04:00,54284.0,45597.0,57144.0,55522.0,56024.0,39706.48,50535.520000000004
01-24 05:00,54500.0,45782.0,61022.0,60375.0,60042.0,40011.840000000004,50924.16
01-24 06:00,51842.0,44292.0,69765.0,69442.0,68152.0,39463.6,50226.4
01-24 07:00,55882.0,46789.0,75213.0,74904.0,73174.0,41404.88,52697.12
01-24 08:00,59391.0,50749.0,76356.0,75712.0,74533.0,44249.04,56316.96000000001
01-24 09:00,62796.0,54100.0,76701.0,75894.0,75226.0,47783.12,60814.880000000005
01-24 10:00,64617.0,56610.0,77827.0,76209.0,75914.0,49824.72,63413.280000000006
01-24 11:00,65687.0,58869.0,78375.0,76483.0,76226.0,51817.04,65948.96
01-24 12:00,65238.0,58067.0,78061.0,75847.0,75581.0,51788.0,65912.0
01-24 13:00,63381.0,56605.0,78042.0,75547.0,75606.0,50588.56,64385.44000000001
01-24 14:00,61451.0,54594.0,76546.0,74149.0,74363.0,48769.6,62070.40000000001
01-24 15:00,60484.0,54067.0,76035.0,73820.0,74499.0,48266.24,61429.76000000001
01-24 16:00,61049.0,56374.0,75547.0,74809.0,74051.0,49324.0,62776.00000000001
01-24 17:00,65328.0,60898.0,78264.0,78969.0,76663.0,53643.04,68272.96
01-24 18:00,65584.0,61677.0,77882.0,78663.0,76125.0,54367.28,69194.72
01-24 19:00,64046.0,60551.0,76604.0,77239.0,74917.0,52796.48,67195.52
01-24 20:00,60487.0,58403.0,73285.0,73151.0,71569.0,50556.88,64345.12
01-24 21:00,57073.0,55114.0,69493.0,68862.0,67602.0,48652.56,61921.44
01-24 22:00,57089.0,55984.0,67090.0,65569.0,65139.0,48940.32,62287.68000000001
01-24 23:00,54623.0,53475.0,63488.0,60896.0,61309.0,47440.8,60379.200000000004
01-25 00:00,51211.0,50654.0,60122.0,56904.0,58365.0,45387.76,57766.240000000005
01-25 01:00,48659.0,48244.0,57755.0,54198.0,56538.0,43904.96,55879.04000000001
01-25 02:00,47289.0,47347.0,56277.0,52512.0,55248.0,43301.28,55110.72000000001
01-25 03:00,46282.0,47597.0,56530.0,53018.0,55085.0,43152.56,54921.44
01-25 04:00,45957.0,49658.0,57843.0,54861.0,56672.0,44845.68,57076.32000000001
01-25 05:00,45654.0,55196.0,61466.0,59063.0,60782.0,49108.4,62501.600000000006
01-25 06:00,44443.0,65271.0,69936.0,68034.0,68721.0,56429.12,71818.88
01-25 07:00,46950.0,71012.0,75391.0,72654.0,73832.0,61203.12,77894.88
01-25 08:00,49957.0,71877.0,76119.0,73424.0,75014.0,62971.04,80144.96
01-25 09:00,54221.0,71794.0,76506.0,73387.0,75513.0,63131.2,80348.8
01-25 10:00,56974.0,71887.0,77598.0,73847.0,75908.0,63971.6,81418.40000000001
01-25 11:00,59394.0,72499.0,78009.0,73799.0,75983.0,64761.840000000004,82424.16
01-25 12:00,59214.0,71899.0,77647.0,73209.0,75382.0,64690.56,82333.44
01-25 13:00,57471.0,71448.0,77217.0,73243.0,74345.0,63998.88,81453.12000000001
01-25 14:00,55640.0,70135.0,75866.0,71361.0,72499.0,62500.24,79545.76000000001
01-25 15:00,54804.0,69585.0,75044.0,70694.0,71717.0,62191.36,79152.64000000001
01-25 16:00,56522.0,69329.0,74299.0,70801.0,72201.0,61530.48,78311.52
01-25 17:00,61431.0,74573.0,78071.0,73849.0,75199.0,64819.92,82498.08
01-25 18:00,62115.0,74585.0,77665.0,73813.0,74992.0,64688.8,82331.20000000001
01-25 19:00,61202.0,74113.0,77134.0,72700.0,74102.0,63831.68,81240.32
01-25 20:00,59227.0,70274.0,73635.0,69345.0,70203.0,61217.2,77912.8
01-25 21:00,56678.0,65926.0,69447.0,65240.0,67094.0,58322.0,74228.0
01-25 22:00,57633.0,63805.0,67306.0,61922.0,65266.0,56462.56,71861.44
01-25 23:00,55121.0,59221.0,63651.0,57867.0,61648.0,53568.24,68177.76000000001
01-26 00:00,51821.0,54377.0,60123.0,53337.0,58953.0,51223.04,65192.96000000001
01-26 01:00,49421.0,52029.0,57586.0,50939.0,55966.0,49505.28,63006.72000000001
01-26 02:00,48378.0,51092.0,55973.0,49711.0,54192.0,48021.6,61118.40000000001
01-26 03:00,48997.0,51140.0,56260.0,50196.0,53334.0,48166.8,61303.200000000004
01-26 04:00,51234.0,52631.0,57695.0,52019.0,52722.0,49696.24,63249.76000000001
01-26 05:00,56392.0,57146.0,61567.0,56724.0,52924.0,52563.28,66898.72
01-26 06:00,66764.0,66493.0,69887.0,65430.0,53945.0,58481.28,74430.72
01-26 07:00,72506.0,71987.0,75067.0,70820.0,57083.0,63159.36,80384.64000000001
01-26 08:00,74020.0,72593.0,76285.0,71488.0,60827.0,64702.88,82349.12000000001
01-26 09:00,74442.0,72141.0,76248.0,71546.0,64080.0,64731.92,82386.08
01-26 10:00,75784.0,72593.0,76388.0,71859.0,65213.0,65729.84,83656.16
01-26 11:00,76762.0,72998.0,76335.0,72130.0,65741.0,66513.92,84654.08
01-26 12:00,76472.0,72122.0,76500.0,71874.0,65286.0,66377.52,84480.48000000001
01-26 13:00,76399.0,71534.0,76024.0,71017.0,63681.0,65520.4,83389.6
01-26 14:00,74860.0,69975.0,74045.0,68828.0,61783.0,63804.4,81205.6
01-26 15:00,74204.0,69186.0,73338.0,67972.0,60967.0,63167.28,80394.72
01-26 16:00,73529.0,70201.0,73208.0,68263.0,61681.0,62983.36,80160.64000000001
01-26 17:00,76281.0,74333.0,78057.0,71490.0,64965.0,66406.56,84517.44
01-26 18:00,76066.0,74316.0,77853.0,71178.0,65262.0,66492.8,84627.20000000001
01-26 19:00,74853.0,73359.0,77561.0,69773.0,63767.0,64945.76,82658.24
01-26 20:00,71293.0,70617.0,73949.0,66286.0,60330.0,62375.28,79386.72
01-26 21:00,67500.0,66235.0,69356.0,62336.0,57299.0,59442.24,75653.76000000001
01-26 22:00,65123.0,63794.0,67206.0,60621.0,56911.0,57245.76,72858.24
01-26 23:00,60896.0,59425.0,63751.0,56592.0,53831.0,53767.12,68430.88
01-27 00:00,56761.0,55159.0,61106.0,52103.0,50991.0,51388.48,65403.520000000004
01-27 01:00,54374.0,52252.0,58786.0,49386.0,48706.0,49040.64,62415.36000000001
01-27 02:00,53064.0,50659.0,56938.0,47387.0,46982.0,47851.76,60902.240000000005
01-27 03:00,52949.0,51219.0,57081.0,47432.0,46403.0,48381.52,61576.48
01-27 04:00,54583.0,53482.0,58619.0,47210.0,46399.0,49813.28,63398.72000000001
01-27 05:00,58644.0,57926.0,62585.0,47276.0,46199.0,52792.96,67191.04000000001
01-27 06:00,67698.0,66454.0,71451.0,49294.0,45390.0,59026.88,75125.12000000001
01-27 07:00,72993.0,71949.0,76005.0,53468.0,48556.0,63880.08,81301.92000000001
01-27 08:00,73575.0,73174.0,76384.0,57318.0,51120.0,65158.72,82929.28000000001
01-27 09:00,73796.0,73177.0,76218.0,60275.0,54562.0,66300.08,84381.92000000001
01-27 10:00,74750.0,74104.0,76331.0,61473.0,56921.0,66561.44,84714.56000000001
01-27 11:00,75580.0,74576.0,76187.0,62286.0,59151.0,67460.8,85859.20000000001
01-27 12:00,75082.0,74269.0,75861.0,61938.0,59236.0,67209.12,85538.88
01-27 13:00,75191.0,74112.0,74547.0,60541.0,57168.0,66407.44,84518.56000000001
01-27 14:00,73574.0,71853.0,72212.0,58060.0,54959.0,64518.08,82113.92000000001
01-27 15:00,72901.0,71120.0,70917.0,57650.0,54357.0,63741.92,81126.08
01-27 16:00,71610.0,71129.0,71062.0,58870.0,55687.0,62998.32,80179.68000000001
01-27 17:00,75546.0,74678.0,75478.0,64247.0,60027.0,65712.24,83633.76000000001
01-27 18:00,75309.0,74646.0,75235.0,64450.0,60578.0,65477.28,83334.72
01-27 19:00,74454.0,73518.0,74212.0,63937.0,60440.0,64495.2,82084.8
01-27 20:00,70765.0,69894.0,70540.0,61381.0,58585.0,62007.44,78918.56000000001
01-27 21:00,66643.0,66112.0,66155.0,57672.0,56052.0,58259.52,74148.48000000001
01-27 22:00,64179.0,63879.0,64561.0,56912.0,56758.0,56503.04,71912.96
01-27 23:00,59819.0,58985.0,61749.0,53986.0,54411.0,53575.28,68186.72
01-28 00:00,55832.0,54224.0,58589.0,50728.0,51708.0,50658.08,64473.920000000006
01-28 01:00,53163.0,51367.0,56502.0,48393.0,49721.0,48077.92,61190.08000000001
01-28 02:00,51649.0,49865.0,54521.0,46770.0,48788.0,46829.2,59600.8
01-28 03:00,51735.0,50017.0,53307.0,46574.0,49465.0,47400.32,60327.68000000001
01-28 04:00,53897.0,52191.0,53355.0,46842.0,51728.0,48823.28,62138.72000000001
01-28 05:00,58216.0,56324.0,53164.0,46511.0,56786.0,51805.6,65934.40000000001
01-28 06:00,67318.0,66410.0,54245.0,45743.0,67001.0,58510.32,74467.68000000001
01-28 07:00,72812.0,72393.0,57560.0,48270.0,71820.0,62697.36,79796.64000000001
01-28 08:00,74024.0,72732.0,60972.0,51828.0,73326.0,64470.56,82053.44
01-28 09:00,74558.0,72561.0,63266.0,55218.0,74673.0,65312.72,83125.28000000001
01-28 10:00,75812.0,73014.0,63909.0,57803.0,75137.0,66250.8,84319.20000000001
01-28 11:00,76882.0,73429.0,63856.0,59758.0,75569.0,67290.08,85641.92000000001
01-28 12:00,76644.0,72871.0,63384.0,59924.0,75476.0,66968.0,85232.00000000001
01-28 13:00,77006.0,72117.0,61587.0,58358.0,75331.0,66016.72,84021.28000000001
01-28 14:00,75327.0,70611.0,59678.0,56262.0,74491.0,64279.6,81810.40000000001
01-28 15:00,74900.0,69950.0,59148.0,55626.0,74079.0,63508.72,80829.28000000001
01-28 16:00,75006.0,69231.0,60259.0,57367.0,73557.0,63088.96,80295.04000000001
01-28 17:00,77870.0,74154.0,65928.0,62453.0,76183.0,65887.36,83856.64000000001
01-28 18:00,77740.0,73827.0,66390.0,63372.0,75678.0,65545.04,83420.96
01-28 19:00,76365.0,73005.0,65340.0,62205.0,74266.0,64283.12,81814.88
01-28 20:00,72482.0,69745.0,62323.0,59722.0,70873.0,61301.68,78020.32
01-28 21:00,68759.0,65715.0,58535.0,57304.0,66767.0,57475.44,73150.56000000001
01-28 22:00,66333.0,62748.0,58569.0,57548.0,64536.0,55572.0,70728.0
01-28 23:00,62014.0,58269.0,55829.0,54970.0,60213.0,52391.68,66680.32
01-29 00:00,55742.0,53734.0,53054.0,50883.0,56879.0,49708.56,63265.44000000001
01-29 01:00,52832.0,51366.0,50491.0,48729.0,54237.0,47454.88,60397.12
01-29 02:00,51874.0,50453.0,48818.0,48211.0,53334.0,46199.12,58798.880000000005
01-29 03:00,51904.0,50918.0,48393.0,49226.0,53701.0,46056.56,58617.44
01-29 04:00,53031.0,52640.0,47935.0,51697.0,55651.0,47732.08,60749.920000000006
01-29 05:00,57109.0,56678.0,47670.0,57765.0,60239.0,51424.56,65449.44000000001
01-29 06:00,68359.0,65553.0,46573.0,67729.0,68569.0,57188.56,72785.44
01-29 07:00,73512.0,70921.0,48638.0,73919.0,72918.0,61961.68,78860.32
01-29 08:00,74673.0,72018.0,52248.0,75405.0,73969.0,64011.2,81468.8
01-29 09:00,75735.0,72383.0,55662.0,76299.0,74272.0,64078.08,81553.92000000001
01-29 10:00,77279.0,72930.0,58349.0,76914.0,74431.0,64816.4,82493.6
01-29 11:00,77428.0,73626.0,60563.0,77970.0,74749.0,65915.52,83892.48000000001
01-29 12:00,76470.0,72789.0,60355.0,77563.0,73925.0,65523.04,83392.96
01-29 13:00,75991.0,71828.0,58328.0,76973.0,73480.0,64401.92,81966.08
01-29 14:00,74592.0,69551.0,56067.0,75930.0,72265.0,62179.92,79138.08
01-29 15:00,73401.0,68739.0,55167.0,75278.0,72018.0,61657.2,78472.8
01-29 16:00,72099.0,69420.0,56506.0,74914.0,70848.0,60913.6,77526.40000000001
01-29 17:00,76017.0,73546.0,62139.0,78109.0,74904.0,63437.44,80738.56000000001
01-29 18:00,75848.0,73222.0,62977.0,77798.0,74912.0,63140.88,80361.12000000001
01-29 19:00,74924.0,71711.0,62136.0,76901.0,73879.0,61814.72,78673.28000000001
01-29 20:00,70869.0,67838.0,60469.0,73017.0,70994.0,59504.72,75733.28000000001
01-29 21:00,66750.0,63704.0,58063.0,68211.0,66745.0,55850.96,71083.04000000001
01-29 22:00,64508.0,61003.0,58953.0,65201.0,64538.0,53713.44,68362.56000000001
01-29 23:00,60176.0,57464.0,56520.0,60476.0,60570.0,50959.04,64856.96000000001
01-30 00:00,55982.0,53234.0,53302.0,56146.0,57524.0,48002.24,61093.76000000001
01-30 01:00,53024.0,50685.0,51697.0,53514.0,55749.0,46448.16,59115.840000000004
01-30 02:00,51927.0,48844.0,50206.0,52785.0,54163.0,44947.76,57206.240000000005
01-30 03:00,52292.0,48390.0,50409.0,53490.0,54467.0,43958.64,55947.36000000001
01-30 04:00,54034.0,48721.0,52564.0,55565.0,55868.0,43888.24,55857.76
01-30 05:00,57511.0,49059.0,57984.0,60282.0,60457.0,43923.44,55902.560000000005
01-30 06:00,66333.0,51040.0,67053.0,68515.0,68806.0,44518.32,56659.68000000001
01-30 07:00,71633.0,55121.0,72870.0,73304.0,72516.0,46729.76,59474.240000000005
01-30 08:00,72903.0,58938.0,74639.0,74016.0,73294.0,49625.840000000004,63160.16
01-30 09:00,73804.0,61801.0,75481.0,73775.0,73236.0,52015.92,66202.08
01-30 10:00,74522.0,63012.0,76499.0,74441.0,75583.0,53421.28,67990.72
01-30 11:00,74907.0,63784.0,77137.0,74774.0,76224.0,54545.92,69422.08
01-30 12:00,74245.0,63160.0,76864.0,74290.0,75418.0,54538.88,69413.12000000001
01-30 13:00,73243.0,61288.0,76839.0,73662.0,75599.0,53663.28,68298.72
01-30 14:00,71250.0,59507.0,75201.0,72139.0,74321.0,51834.64,65971.36
01-30 15:00,69765.0,58599.0,74709.0,71718.0,73407.0,51450.08,65481.920000000006
01-30 16:00,69843.0,60135.0,73903.0,70251.0,72497.0,52113.6,66326.40000000001
01-30 17:00,74181.0,63537.0,76624.0,74571.0,75852.0,56327.04,71688.96
01-30 18:00,74131.0,63974.0,76026.0,74517.0,75612.0,56811.04,72304.96
01-30 19:00,72656.0,62101.0,75342.0,73960.0,74555.0,55949.52,71208.48000000001
01-30 20:00,69062.0,59448.0,71806.0,71003.0,71433.0,52688.24,67057.76000000001
01-30 21:00,64714.0,55903.0,67616.0,67056.0,67452.0,50249.76,63954.240000000005
01-30 22:00,62998.0,55326.0,65143.0,64081.0,65055.0,49228.96,62655.04000000001
01-30 23:00,59743.0,52118.0,60778.0,59419.0,61253.0,47652.88,60649.12
01-31 00:00,55539.0,49423.0,56792.0,55535.0,57586.0,45486.32,57891.68000000001
01-31 01:00,52700.0,46572.0,54310.0,52941.0,55645.0,43753.6,55686.40000000001
01-31 02:00,51137.0,45105.0,52914.0,51979.0,54401.0,42369.36,53924.64000000001
01-31 03:00,50223.0,44749.0,53219.0,52571.0,54473.0,41948.72,53389.280000000006
01-31 04:00,50116.0,44787.0,55271.0,54461.0,56158.0,41653.92,53014.08
01-31 05:00,49864.0,44576.0,59105.0,59482.0,59658.0,41396.96,52687.04000000001
01-31 06:00,50813.0,43750.0,67679.0,69602.0,67531.0,41424.24,52721.76
01-31 07:00,54429.0,46470.0,73041.0,74730.0,72162.0,43608.4,55501.600000000006
01-31 08:00,58128.0,49788.0,74659.0,76329.0,72810.0,46816.0,59584.00000000001
01-31 09:00,61040.0,53493.0,75410.0,76960.0,73176.0,49496.48,62995.520000000004
01-31 10:00,62182.0,56065.0,76461.0,77874.0,73791.0,51339.2,65340.8
01-31 11:00,62961.0,57902.0,76916.0,78225.0,73905.0,52924.96,67359.04000000001
01-31 12:00,62766.0,57532.0,76454.0,77779.0,73227.0,52858.08,67273.92000000001
01-31 13:00,61015.0,55751.0,76199.0,77100.0,72913.0,50630.8,64439.200000000004
01-31 14:00,59175.0,54568.0,74494.0,75606.0,71439.0,48689.52,61968.48
01-31 15:00,58077.0,53401.0,73783.0,75249.0,70981.0,48244.24,61401.76000000001
01-31 16:00,58667.0,54224.0,72759.0,74349.0,70458.0,49850.24,63445.76000000001
01-31 17:00,63798.0,58618.0,75926.0,77557.0,74544.0,54499.28,69362.72
01-31 18:00,64155.0,59371.0,75562.0,77313.0,74299.0,55071.28,70090.72
01-31 19:00,62591.0,57974.0,75145.0,75833.0,73346.0,54295.12,69102.88
01-31 20:00,59394.0,56579.0,71578.0,72340.0,70693.0,52323.04,66592.96
01-31 21:00,56255.0,54090.0,67495.0,68180.0,67206.0,49850.24,63445.76000000001
01-31 22:00,56004.0,54210.0,64709.0,65468.0,65032.0,50787.44,64638.560000000005
01-31 23:00,53368.0,50877.0,60557.0,60111.0,61925.0,48684.24,61961.76000000001
02-01 00:00,50630.0,47963.0,57382.0,56275.0,58343.0,46337.28,58974.72000000001
02-01 01:00,48007.0,45799.0,54898.0,53506.0,56489.0,44586.08,56745.920000000006
02-01 02:00,46470.0,44883.0,53888.0,52398.0,55588.0,43504.56,55369.44
02-01 03:00,45739.0,45828.0,54335.0,53266.0,55776.0,44129.36,56164.64000000001
02-01 04:00,45270.0,48203.0,55843.0,55491.0,56895.0,46066.24,58629.76
02-01 05:00,45117.0,54051.0,60158.0,59922.0,61149.0,49966.4,63593.600000000006
02-01 06:00,43909.0,64358.0,68827.0,68355.0,68944.0,57856.48,73635.52
02-01 07:00,46325.0,69501.0,73522.0,73425.0,73395.0,62308.4,79301.6
02-01 08:00,50160.0,71196.0,74445.0,74264.0,74628.0,64168.72,81669.28000000001
02-01 09:00,53369.0,72097.0,74840.0,74551.0,75351.0,64245.28,81766.72
02-01 10:00,55716.0,73489.0,75608.0,75499.0,75805.0,64640.4,82269.6
02-01 11:00,58232.0,74861.0,76133.0,76123.0,75784.0,65611.04,83504.96
02-01 12:00,57956.0,74718.0,75449.0,75709.0,75133.0,65420.96,83263.04000000001
02-01 13:00,56382.0,74989.0,75292.0,75594.0,74027.0,64901.76,82602.24
02-01 14:00,54499.0,73711.0,74105.0,74306.0,71680.0,63142.64,80363.36
02-01 15:00,53940.0,73168.0,73627.0,73885.0,70574.0,62770.4,79889.6
02-01 16:00,54434.0,72147.0,72902.0,72660.0,69975.0,62074.32,79003.68000000001
02-01 17:00,60071.0,75707.0,76366.0,76404.0,73200.0,64742.48,82399.52
02-01 18:00,61371.0,75570.0,76316.0,76397.0,72993.0,64830.48,82511.52
02-01 19:00,60888.0,74323.0,75606.0,75729.0,71758.0,63836.96,81247.04000000001
02-01 20:00,58962.0,70713.0,72652.0,72466.0,68407.0,61032.4,77677.6
02-01 21:00,56889.0,66472.0,68269.0,68213.0,63851.0,57734.16,73479.84000000001
02-01 22:00,57929.0,63734.0,66059.0,65489.0,61837.0,55357.28,70454.72
02-01 23:00,55809.0,58883.0,62006.0,61500.0,58054.0,52338.0,66612.0
02-02 00:00,53117.0,54417.0,58197.0,57599.0,55010.0,48913.04,62252.96000000001
02-02 01:00,51006.0,51413.0,55282.0,55456.0,52772.0,46316.16,58947.840000000004
02-02 02:00,49972.0,49760.0,54174.0,54219.0,50902.0,45670.24,58125.76
02-02 03:00,50309.0,50594.0,54430.0,54015.0,50521.0,45400.08,57781.920000000006
02-02 04:00,52628.0,52879.0,55665.0,55597.0,50404.0,47106.4,59953.600000000006
02-02 05:00,57504.0,57913.0,59851.0,59518.0,50443.0,50695.92,64522.08000000001
02-02 06:00,67490.0,66721.0,68757.0,67901.0,51747.0,57153.36,72740.64000000001
02-02 07:00,72531.0,71836.0,73640.0,72588.0,55567.0,61886.0,78764.00000000001
02-02 08:00,73676.0,73315.0,74194.0,73813.0,59011.0,63557.12,80890.88
02-02 09:00,74552.0,73780.0,74545.0,74264.0,61765.0,64029.68,81492.32
02-02 10:00,75553.0,74529.0,74914.0,74672.0,63108.0,64734.56,82389.44
02-02 11:00,76824.0,75646.0,75528.0,75056.0,63657.0,66462.0,84588.00000000001
02-02 12:00,76272.0,74781.0,74765.0,74347.0,63175.0,66110.88,84141.12000000001
02-02 13:00,75674.0,74196.0,74594.0,72976.0,61269.0,65824.0,83776.00000000001
02-02 14:00,74284.0,72609.0,72991.0,71359.0,59704.0,63864.24,81281.76000000001
02-02 15:00,73543.0,72441.0,72407.0,70352.0,59157.0,63389.04,80676.96
02-02 16:00,72369.0,71089.0,71297.0,69329.0,59777.0,62399.04,79416.96
02-02 17:00,76446.0,74860.0,75875.0,72469.0,63651.0,65106.8,82863.20000000001
02-02 18:00,76552.0,74887.0,75936.0,72506.0,64034.0,65059.28,82802.72
02-02 19:00,75624.0,73874.0,75580.0,70919.0,62728.0,63961.92,81406.08
02-02 20:00,72115.0,70608.0,72482.0,67473.0,59606.0,61299.92,78018.08
02-02 21:00,68290.0,66375.0,68031.0,63907.0,56666.0,57922.48,73719.52
02-02 22:00,66502.0,63453.0,65328.0,61601.0,55928.0,55095.92,70122.08
02-02 23:00,61790.0,59116.0,61226.0,57898.0,53538.0,51866.32,66011.68000000001
02-03 00:00,58399.0,54594.0,57237.0,53732.0,51335.0,48029.52,61128.48
02-03 01:00,55782.0,52214.0,54150.0,51187.0,48907.0,46077.68,58644.32000000001
02-03 02:00,54680.0,51134.0,52693.0,49238.0,47219.0,45152.8,57467.200000000004
02-03 03:00,55004.0,51777.0,53289.0,49209.0,46224.0,45511.840000000004,57924.16
02-03 04:00,56433.0,53631.0,54865.0,49412.0,46563.0,47233.12,60114.880000000005
02-03 05:00,59992.0,58134.0,58752.0,49498.0,46592.0,51290.8,65279.200000000004
02-03 06:00,68776.0,66659.0,67332.0,51306.0,46179.0,57979.68,73792.32
02-03 07:00,73383.0,72028.0,72158.0,54704.0,47804.0,62675.36,79768.64000000001
02-03 08:00,74764.0,73309.0,73920.0,58079.0,52117.0,64677.36,82316.64000000001
02-03 09:00,74834.0,73191.0,74289.0,60848.0,55321.0,65046.08,82785.92000000001
02-03 10:00,75635.0,73709.0,74822.0,61815.0,57636.0,65776.48,83715.52
02-03 11:00,76124.0,74525.0,75565.0,62678.0,59257.0,66953.92,85214.08
02-03 12:00,75767.0,73893.0,74682.0,61930.0,59052.0,66739.2,84940.8
02-03 13:00,75291.0,73476.0,73323.0,60757.0,57737.0,66566.72,84721.28000000001
02-03 14:00,73548.0,71961.0,70807.0,58868.0,55670.0,64621.04,82244.96
02-03 15:00,72755.0,71249.0,70209.0,58049.0,55157.0,64261.12,81786.88
02-03 16:00,71663.0,70280.0,69308.0,58130.0,55800.0,63653.04,81012.96
02-03 17:00,76568.0,74639.0,73332.0,62753.0,60406.0,66696.08,84885.92000000001
02-03 18:00,77090.0,75004.0,73237.0,63320.0,62156.0,66809.6,85030.40000000001
02-03 19:00,76072.0,74242.0,72135.0,62211.0,61466.0,65562.64,83443.36000000002
02-03 20:00,72665.0,70283.0,68520.0,58929.0,59376.0,62875.12,80022.88
02-03 21:00,68381.0,65857.0,63672.0,55789.0,56679.0,59314.64,75491.36
02-03 22:00,66226.0,63557.0,61761.0,54901.0,57377.0,56777.6,72262.40000000001
02-03 23:00,62474.0,59426.0,58165.0,52771.0,55272.0,53309.52,67848.48000000001
02-04 00:00,58569.0,55333.0,55281.0,50264.0,52852.0,49916.24,63529.76000000001
02-04 01:00,56039.0,52701.0,52409.0,48089.0,50933.0,47333.44,60242.560000000005
02-04 02:00,54486.0,51580.0,50081.0,46201.0,50126.0,46216.72,58821.280000000006
02-04 03:00,54522.0,51982.0,50459.0,46335.0,50401.0,46623.28,59338.72000000001
02-04 04:00,56296.0,53731.0,50966.0,46226.0,52732.0,47938.88,61013.12
02-04 05:00,59899.0,57887.0,50881.0,46133.0,58031.0,51502.0,65548.0
02-04 06:00,69407.0,66909.0,51637.0,45177.0,67253.0,57853.840000000004,73632.16
02-04 07:00,73557.0,71508.0,54769.0,47578.0,71943.0,62245.92,79222.08
02-04 08:00,75012.0,72684.0,58118.0,51739.0,72959.0,63577.36,80916.64000000001
02-04 09:00,75212.0,73317.0,61022.0,54974.0,73310.0,63869.52,81288.48000000001
02-04 10:00,75800.0,73915.0,62643.0,57734.0,73467.0,63579.12,80918.88
02-04 11:00,76281.0,74706.0,63285.0,59455.0,73869.0,64320.08,81861.92000000001
02-04 12:00,75760.0,74065.0,62442.0,59357.0,73157.0,63721.68,81100.32
02-04 13:00,75286.0,74159.0,61046.0,57741.0,72853.0,62717.6,79822.40000000001
02-04 14:00,73991.0,72790.0,59030.0,56055.0,71748.0,60496.48,76995.52
02-04 15:00,73204.0,72215.0,58067.0,55244.0,71546.0,59784.56,76089.44
02-04 16:00,72189.0,71023.0,59558.0,55906.0,71604.0,59278.56,75445.44
02-04 17:00,76924.0,74047.0,64345.0,60893.0,75958.0,62921.76,80082.24
02-04 18:00,77222.0,73861.0,64773.0,61980.0,76095.0,63152.32,80375.68000000001
02-04 19:00,76337.0,73129.0,63800.0,61417.0,75583.0,62440.4,79469.6
02-04 20:00,72831.0,69477.0,60469.0,59289.0,72221.0,59817.12,76130.88
02-04 21:00,68549.0,65630.0,56296.0,56917.0,67909.0,56424.72,71813.28000000001
02-04 22:00,66592.0,63307.0,55171.0,57608.0,65452.0,53573.52,68184.48000000001
02-04 23:00,62721.0,59156.0,52608.0,55127.0,61683.0,50636.96,64447.04000000001
02-05 00:00,58628.0,54472.0,49144.0,52928.0,58266.0,47731.2,60748.8
02-05 01:00,56278.0,51939.0,46720.0,50765.0,55686.0,45500.4,57909.600000000006
02-05 02:00,54467.0,50931.0,45336.0,49858.0,54411.0,45022.56,57301.44
02-05 03:00,54218.0,51149.0,45127.0,50140.0,54641.0,45511.840000000004,57924.16
02-05 04:00,55764.0,52971.0,45189.0,52606.0,56264.0,47275.36,60168.64000000001
02-05 05:00,59870.0,56772.0,45263.0,57352.0,60435.0,50182.88,63869.12
02-05 06:00,68903.0,64990.0,44504.0,66509.0,68972.0,56437.04,71828.96
02-05 07:00,73437.0,70370.0,46540.0,70892.0,73089.0,60918.0,77532.00000000001
02-05 08:00,74904.0,72034.0,49891.0,72801.0,74341.0,62289.92,79278.08
02-05 09:00,75365.0,72726.0,53725.0,73451.0,74391.0,63008.88,80193.12000000001
02-05 10:00,75749.0,73376.0,56174.0,73665.0,74756.0,63595.840000000004,80940.16
02-05 11:00,76334.0,73927.0,58260.0,73933.0,75310.0,64401.04,81964.96
02-05 12:00,75492.0,73344.0,57772.0,73644.0,74842.0,64059.6,81530.40000000001
02-05 13:00,75556.0,72589.0,56142.0,73158.0,74466.0,62471.2,79508.8
02-05 14:00,73959.0,70325.0,53775.0,72304.0,72951.0,61222.48,77919.52
02-05 15:00,73743.0,68989.0,53409.0,71426.0,72267.0,60143.6,76546.40000000001
02-05 16:00,72389.0,68069.0,55075.0,70247.0,71151.0,59804.8,76115.20000000001
02-05 17:00,76689.0,71873.0,59765.0,74868.0,75202.0,62881.28,80030.72
02-05 18:00,76697.0,71783.0,60934.0,75248.0,75439.0,63049.36,80244.64000000001
02-05 19:00,76104.0,70655.0,60321.0,74478.0,74833.0,61662.48,78479.52
02-05 20:00,72492.0,66762.0,58411.0,71371.0,71767.0,59104.32,75223.68000000001
02-05 21:00,68534.0,62086.0,55626.0,67121.0,68143.0,55843.04,71072.96
02-05 22:00,66490.0,59541.0,56513.0,64672.0,65040.0,53350.0,67900.0
02-05 23:00,62860.0,56525.0,53754.0,61332.0,61562.0,50721.44,64554.560000000005
02-06 00:00,58340.0,52538.0,50415.0,57258.0,58299.0,47042.16,59871.840000000004
02-06 01:00,56093.0,49833.0,48541.0,54798.0,55606.0,45034.88,57317.12
02-06 02:00,54752.0,48235.0,48263.0,54006.0,54382.0,43600.48,55491.520000000004
02-06 03:00,54790.0,47706.0,48947.0,54193.0,55131.0,43870.64,55835.36000000001
02-06 04:00,56167.0,48223.0,51264.0,56065.0,57181.0,44180.4,56229.600000000006
02-06 05:00,59923.0,48081.0,56087.0,59794.0,61599.0,44327.36,56416.64000000001
02-06 06:00,68962.0,49708.0,66066.0,67972.0,69464.0,45341.12,57706.880000000005
02-06 07:00,73391.0,52989.0,71226.0,71998.0,73351.0,48132.48,61259.520000000004
02-06 08:00,74684.0,56865.0,72607.0,73429.0,74140.0,51648.96,65735.04000000001
02-06 09:00,74948.0,59406.0,73392.0,73448.0,74207.0,53878.88,68573.12000000001
02-06 10:00,75617.0,60571.0,74665.0,74359.0,74535.0,55374.0,70476.0
02-06 11:00,75579.0,61027.0,75153.0,74622.0,74799.0,56801.36,72292.64000000001
02-06 12:00,74690.0,60323.0,75105.0,73972.0,74282.0,56456.4,71853.6
02-06 13:00,73366.0,58286.0,75227.0,73774.0,73887.0,55372.24,70473.76000000001
02-06 14:00,71095.0,56119.0,73652.0,72113.0,72425.0,53881.52,68576.48000000001
02-06 15:00,70371.0,54838.0,72945.0,71497.0,71603.0,53659.76,68294.24
02-06 16:00,69556.0,55665.0,71283.0,70449.0,70634.0,54237.04,69028.96
02-06 17:00,74288.0,61995.0,75139.0,75087.0,75001.0,57801.92,73566.08
02-06 18:00,74939.0,62955.0,75181.0,75488.0,75141.0,58235.76,74118.24
02-06 19:00,73934.0,61658.0,74506.0,75079.0,74752.0,57280.96,72903.04000000001
02-06 20:00,70267.0,58710.0,71102.0,71614.0,71252.0,54511.6,69378.40000000001
02-06 21:00,66199.0,55193.0,67126.0,67410.0,67419.0,51573.28,65638.72
02-06 22:00,64382.0,54471.0,64402.0,64709.0,64480.0,50790.08,64641.920000000006
02-06 23:00,61655.0,51510.0,60279.0,61622.0,61307.0,48428.16,61635.840000000004
02-07 00:00,58209.0,47933.0,56684.0,58020.0,56686.0,46289.76,58914.240000000005
02-07 01:00,55980.0,45522.0,54463.0,55673.0,54228.0,44271.04,56344.96000000001
02-07 02:00,54352.0,44177.0,53226.0,54368.0,52475.0,43231.76,55022.240000000005
02-07 03:00,53056.0,43845.0,53682.0,54634.0,53436.0,42566.48,54175.520000000004
02-07 04:00,52572.0,43830.0,55492.0,56068.0,55362.0,42633.36,54260.64000000001
02-07 05:00,52375.0,43654.0,59976.0,59958.0,60276.0,42666.8,54303.200000000004
02-07 06:00,53288.0,43009.0,68661.0,68574.0,68810.0,42368.48,53923.520000000004
02-07 07:00,56159.0,45062.0,73656.0,72151.0,73355.0,44460.24,56585.76
02-07 08:00,59790.0,48730.0,75121.0,73476.0,75088.0,47651.12,60646.880000000005
02-07 09:00,62680.0,52443.0,75420.0,73811.0,75769.0,50928.24,64817.76000000001
02-07 10:00,64162.0,55152.0,76019.0,74212.0,76213.0,53279.6,67810.40000000001
02-07 11:00,64779.0,56471.0,76845.0,74432.0,76859.0,55843.04,71072.96
02-07 12:00,64360.0,56256.0,76321.0,74167.0,76256.0,56002.32,71275.68000000001
02-07 13:00,62565.0,54007.0,76059.0,73929.0,76042.0,54420.96,69263.04000000001
02-07 14:00,60532.0,51819.0,74401.0,72431.0,74937.0,52950.48,67391.52
02-07 15:00,59925.0,50993.0,74116.0,72027.0,73778.0,52443.6,66746.40000000001
02-07 16:00,60334.0,52305.0,72954.0,70886.0,72346.0,52621.36,66972.64
02-07 17:00,65703.0,57714.0,76395.0,75319.0,75816.0,56663.2,72116.8
02-07 18:00,66581.0,59313.0,76415.0,75818.0,76014.0,57353.12,72994.88
02-07 19:00,65246.0,58932.0,75699.0,75467.0,75218.0,56177.44,71498.56000000001
02-07 20:00,62120.0,56888.0,72531.0,72235.0,72053.0,54338.24,69157.76000000001
02-07 21:00,57816.0,54395.0,68295.0,67788.0,67733.0,52169.04,66396.96
02-07 22:00,57643.0,54933.0,65702.0,65060.0,65509.0,52611.68,66960.32
02-07 23:00,55142.0,52446.0,61563.0,61280.0,61770.0,50560.4,64349.600000000006
02-08 00:00,51786.0,49256.0,57943.0,57624.0,57682.0,48904.24,62241.76000000001
02-08 01:00,49499.0,47074.0,55570.0,55571.0,55289.0,47334.32,60243.68000000001
02-08 02:00,47966.0,46244.0,54192.0,54704.0,54213.0,46751.76,59502.240000000005
02-08 03:00,47066.0,47218.0,54477.0,55157.0,54023.0,47058.0,59892.00000000001
02-08 04:00,46643.0,49838.0,56051.0,56052.0,55526.0,48527.6,61762.40000000001
02-08 05:00,46572.0,53899.0,60255.0,60094.0,60266.0,51423.68,65448.32000000001
02-08 06:00,46193.0,62253.0,69412.0,68566.0,68319.0,57621.52,73336.48000000001
02-08 07:00,48099.0,67139.0,73819.0,72520.0,73005.0,62034.72,78953.28000000001
02-08 08:00,52685.0,69653.0,75495.0,73473.0,73810.0,64112.4,81597.6
02-08 09:00,55875.0,70775.0,75609.0,73883.0,73760.0,65095.36,82848.64000000001
02-08 10:00,57962.0,71582.0,76446.0,73809.0,74031.0,65717.52,83640.48000000001
02-08 11:00,59864.0,72696.0,76558.0,74254.0,74185.0,66773.52,84984.48000000001
02-08 12:00,59447.0,72405.0,75959.0,73919.0,73590.0,66684.64,84871.36000000002
02-08 13:00,57166.0,71608.0,75612.0,73432.0,72274.0,65991.2,83988.8
02-08 14:00,54923.0,69955.0,73990.0,72122.0,70431.0,64230.32,81747.68000000001
02-08 15:00,53804.0,69501.0,73148.0,71600.0,70056.0,63801.76,81202.24
02-08 16:00,54412.0,68514.0,72325.0,70283.0,69810.0,62635.76,79718.24
02-08 17:00,60517.0,72493.0,75914.0,74482.0,73602.0,65100.64,82855.36000000002
02-08 18:00,63117.0,72818.0,76108.0,74791.0,73505.0,65538.0,83412.00000000001
02-08 19:00,62413.0,71978.0,75980.0,74229.0,72382.0,65000.32,82727.68000000001
02-08 20:00,60674.0,68722.0,72237.0,71319.0,69335.0,62196.64,79159.36
02-08 21:00,58498.0,65179.0,67952.0,67363.0,64942.0,58849.12,74898.88
02-08 22:00,59257.0,62838.0,65383.0,64968.0,63029.0,56954.48,72487.52
02-08 23:00,57026.0,58912.0,61804.0,61474.0,59487.0,54344.4,69165.6
02-09 00:00,53821.0,54810.0,57843.0,58721.0,55634.0,52417.2,66712.8
02-09 01:00,51720.0,52302.0,55519.0,56379.0,52727.0,50774.24,64621.76000000001
02-09 02:00,50321.0,51072.0,54131.0,55306.0,50940.0,49690.96,63243.04000000001
02-09 03:00,50567.0,51737.0,54417.0,55654.0,50577.0,49590.64,63115.36000000001
02-09 04:00,52526.0,53482.0,56193.0,56917.0,50669.0,50821.76,64682.240000000005
02-09 05:00,57463.0,57694.0,60555.0,60705.0,50687.0,53089.52,67568.48000000001
02-09 06:00,67315.0,65748.0,69081.0,68377.0,52049.0,58527.92,74490.08
02-09 07:00,72058.0,69778.0,73350.0,72525.0,55716.0,62927.04,80088.96
02-09 08:00,74025.0,71236.0,74763.0,74056.0,59920.0,65007.36,82736.64000000001
02-09 09:00,75198.0,72165.0,75031.0,75059.0,62110.0,65925.2,83904.8
02-09 10:00,76236.0,73417.0,75763.0,75121.0,63248.0,66822.8,85047.20000000001
02-09 11:00,77115.0,73640.0,76187.0,75479.0,64592.0,67416.8,85803.20000000001
02-09 12:00,76601.0,72544.0,75737.0,75177.0,63545.0,67249.6,85590.40000000001
02-09 13:00,76764.0,71779.0,75781.0,74303.0,62091.0,66964.48,85227.52
02-09 14:00,75303.0,70441.0,74531.0,72240.0,59959.0,65569.68000000001,83452.32
02-09 15:00,74534.0,70180.0,74135.0,71441.0,59536.0,64570.88,82181.12000000001
02-09 16:00,72922.0,69497.0,72889.0,70540.0,58971.0,63529.840000000004,80856.16
02-09 17:00,75917.0,72991.0,76873.0,73927.0,63280.0,65944.56,83929.44
02-09 18:00,76230.0,73234.0,77230.0,74183.0,64267.0,66627.44,84798.56000000001
02-09 19:00,75573.0,72243.0,76979.0,73512.0,62761.0,66259.6,84330.40000000001
02-09 20:00,72136.0,69354.0,73488.0,69723.0,59349.0,63567.68,80904.32
02-09 21:00,67769.0,65635.0,69331.0,65338.0,56137.0,60297.6,76742.40000000001
02-09 22:00,65620.0,63038.0,67278.0,62877.0,54900.0,58438.16,74375.84000000001
02-09 23:00,61056.0,59219.0,63128.0,59837.0,52138.0,56092.96,71391.04000000001
02-10 00:00,56726.0,54874.0,59364.0,56228.0,47977.0,53356.16,67907.84000000001
02-10 01:00,54178.0,52708.0,56858.0,53478.0,45132.0,51766.0,65884.0
02-10 02:00,52575.0,51464.0,55417.0,51717.0,44516.0,50249.76,63954.240000000005
02-10 03:00,52883.0,52182.0,55494.0,51221.0,44677.0,50280.56,63993.44000000001
02-10 04:00,54746.0,53340.0,57415.0,51154.0,44874.0,51113.92,65054.08000000001
02-10 05:00,58752.0,57179.0,61036.0,51428.0,44832.0,54054.88,68797.12000000001
02-10 06:00,68614.0,66064.0,70531.0,52400.0,44877.0,59901.6,76238.40000000001
02-10 07:00,72763.0,71013.0,74470.0,55484.0,46839.0,64299.840000000004,81836.16
02-10 08:00,73732.0,72115.0,76021.0,59363.0,50805.0,65977.12,83970.88
02-10 09:00,74377.0,72762.0,76420.0,62281.0,54017.0,66793.76,85010.24
02-10 10:00,75396.0,73738.0,76974.0,63841.0,56333.0,67013.76,85290.24
02-10 11:00,75861.0,74856.0,77023.0,64135.0,58376.0,67520.64,85935.36000000002
02-10 12:00,75478.0,73933.0,76972.0,63941.0,58339.0,67508.32,85919.68000000001
02-10 13:00,75415.0,73560.0,75872.0,62469.0,56136.0,66884.4,85125.6
02-10 14:00,73946.0,72311.0,73862.0,60788.0,54446.0,65567.04,83448.96
02-10 15:00,73371.0,71728.0,72606.0,59814.0,54143.0,64731.04,82384.96
02-10 16:00,71681.0,70427.0,71629.0,60251.0,54916.0,63048.48,80243.52
02-10 17:00,75228.0,74300.0,74674.0,64006.0,59588.0,66232.32,84295.68000000001
02-10 18:00,76012.0,74685.0,75066.0,64744.0,60547.0,66926.64,85179.36000000002
02-10 19:00,74966.0,73700.0,74391.0,64207.0,60241.0,66328.24,84417.76000000001
02-10 20:00,71395.0,70466.0,71060.0,61327.0,58512.0,63670.64,81035.36
02-10 21:00,67345.0,66332.0,66415.0,58391.0,56097.0,60598.56,77125.44
02-10 22:00,65047.0,63723.0,64098.0,57244.0,56076.0,59011.04,75104.96
02-10 23:00,60714.0,59517.0,60909.0,54545.0,53445.0,56552.32,71975.68000000001
02-11 00:00,56055.0,55098.0,56866.0,51722.0,51102.0,54281.92,69086.08
02-11 01:00,53458.0,52268.0,54106.0,49366.0,49137.0,52802.64,67203.36
02-11 02:00,52154.0,50980.0,52433.0,47938.0,48600.0,51007.44,64918.560000000005
02-11 03:00,52669.0,51344.0,51815.0,47811.0,49781.0,51311.04,65304.96000000001
02-11 04:00,54343.0,53359.0,51842.0,47929.0,51997.0,52319.52,66588.48000000001
02-11 05:00,58028.0,57331.0,51719.0,48136.0,57367.0,54195.68,68976.32
02-11 06:00,67857.0,65840.0,52931.0,48336.0,66383.0,60249.2,76680.8
02-11 07:00,71868.0,70437.0,55626.0,50337.0,71078.0,64259.36,81784.64000000001
02-11 08:00,73567.0,71519.0,59830.0,54948.0,73202.0,65699.92,83618.08
02-11 09:00,74234.0,71667.0,62997.0,58440.0,73846.0,66076.56,84097.44
02-11 10:00,75210.0,72429.0,64301.0,60599.0,74534.0,66111.76,84142.24
02-11 11:00,75768.0,73008.0,64913.0,62246.0,75521.0,66413.6,84526.40000000001
02-11 12:00,74959.0,72357.0,64347.0,61686.0,74974.0,66137.28,84174.72
02-11 13:00,74678.0,71922.0,62989.0,59667.0,74177.0,65035.52,82772.48000000001
02-11 14:00,73117.0,70829.0,60454.0,57901.0,72960.0,63220.96,80463.04000000001
02-11 15:00,72343.0,70146.0,59716.0,56683.0,72109.0,63025.6,80214.40000000001
02-11 16:00,70923.0,68517.0,60143.0,56645.0,70500.0,61986.32,78891.68000000001
02-11 17:00,74868.0,72379.0,65231.0,61104.0,73686.0,65321.52,83136.48000000001
02-11 18:00,76690.0,73290.0,65907.0,63166.0,74282.0,66507.76,84646.24
02-11 19:00,75958.0,72556.0,65449.0,62361.0,73832.0,65974.48,83967.52
02-11 20:00,72162.0,69532.0,61857.0,60190.0,70729.0,63680.32,81047.68000000001
02-11 21:00,67988.0,65424.0,57832.0,57953.0,66564.0,60632.88,77169.12000000001
02-11 22:00,66060.0,62840.0,57589.0,58728.0,63786.0,58952.96,75031.04000000001
02-11 23:00,61558.0,58406.0,54576.0,56104.0,59720.0,56901.68,72420.32
02-12 00:00,57141.0,54411.0,51413.0,53855.0,56131.0,53948.4,68661.6
02-12 01:00,54846.0,52013.0,49012.0,51791.0,54108.0,52176.96,66407.04000000001
02-12 02:00,53556.0,50961.0,47595.0,50693.0,52646.0,51164.08,65117.920000000006
02-12 03:00,53770.0,51582.0,46528.0,51050.0,53109.0,50786.56,64637.44000000001
02-12 04:00,55222.0,53392.0,46738.0,53003.0,54633.0,51881.28,66030.72
02-12 05:00,58724.0,57223.0,46561.0,57410.0,58917.0,54833.68,69788.32
02-12 06:00,68292.0,65809.0,45824.0,66029.0,67073.0,59821.52,76136.48000000001
02-12 07:00,72665.0,70070.0,48349.0,70439.0,70999.0,63705.840000000004,81080.16
02-12 08:00,74126.0,71758.0,52092.0,72421.0,72339.0,65520.4,83389.6
02-12 09:00,74831.0,71640.0,55735.0,73462.0,72619.0,65409.52,83248.48000000001
02-12 10:00,75317.0,72047.0,57601.0,74127.0,73633.0,64857.76,82546.24
02-12 11:00,75701.0,72392.0,59705.0,74413.0,74666.0,64700.24,82345.76000000001
02-12 12:00,74930.0,71730.0,59425.0,74085.0,74301.0,64812.0,82488.00000000001
02-12 13:00,74190.0,70728.0,57059.0,73395.0,73709.0,64097.44,81578.56000000001
02-12 14:00,72429.0,68976.0,55198.0,71027.0,72290.0,61761.04,78604.96
02-12 15:00,71299.0,67664.0,54317.0,69900.0,71291.0,61273.52,77984.48000000001
02-12 16:00,69648.0,66696.0,55089.0,69099.0,69659.0,60986.64,77619.36
02-12 17:00,73388.0,70369.0,60341.0,72239.0,73544.0,64285.76,81818.24
02-12 18:00,74924.0,71776.0,62552.0,73732.0,74494.0,65581.12,83466.88
02-12 19:00,74059.0,70826.0,62140.0,73332.0,73771.0,65347.92,83170.08
02-12 20:00,70479.0,67434.0,60407.0,70169.0,70522.0,62225.68,79196.32
02-12 21:00,66600.0,63112.0,58074.0,66409.0,66553.0,59195.840000000004,75340.16
02-12 22:00,64724.0,60958.0,58557.0,64656.0,64620.0,57507.12,73190.88
02-12 23:00,61077.0,57155.0,56053.0,61330.0,60695.0,55206.8,70263.20000000001
02-13 00:00,57382.0,53752.0,53379.0,58434.0,56661.0,52780.64,67175.36
02-13 01:00,54941.0,51010.0,51672.0,56065.0,54838.0,50947.6,64842.40000000001
02-13 02:00,53497.0,49218.0,50959.0,54628.0,53952.0,49322.24,62773.76000000001
02-13 03:00,53660.0,49217.0,51597.0,55142.0,54272.0,48538.16,61775.840000000004
02-13 04:00,55193.0,49372.0,53741.0,56232.0,55919.0,48052.4,61157.600000000006
02-13 05:00,58539.0,49559.0,58855.0,59908.0,60280.0,47850.0,60900.00000000001
02-13 06:00,67247.0,50612.0,68907.0,66835.0,68866.0,48510.0,61740.00000000001
02-13 07:00,71319.0,53778.0,73437.0,69868.0,72599.0,50703.840000000004,64532.16
02-13 08:00,72882.0,57578.0,74833.0,71296.0,73369.0,53649.2,68280.8
02-13 09:00,73474.0,60192.0,75188.0,71519.0,73636.0,55160.16,70203.84000000001
02-13 10:00,73995.0,61397.0,76072.0,71684.0,73834.0,55713.68,70908.32
02-13 11:00,74079.0,62090.0,76560.0,72081.0,74027.0,56084.16,71379.84000000001
02-13 12:00,72861.0,60978.0,76304.0,71503.0,73148.0,55625.68,70796.32
02-13 13:00,71829.0,59751.0,75861.0,71010.0,72781.0,54098.88,68853.12000000001
02-13 14:00,69773.0,58362.0,73552.0,69313.0,71300.0,51986.88,66165.12000000001
02-13 15:00,68727.0,57444.0,72596.0,68129.0,70432.0,51327.76,65326.240000000005
02-13 16:00,67535.0,58210.0,70981.0,66846.0,69738.0,52404.88,66697.12000000001
02-13 17:00,72004.0,62749.0,74580.0,71111.0,73574.0,57288.0,72912.0
02-13 18:00,73750.0,63981.0,76982.0,73010.0,74664.0,59342.8,75527.20000000001
02-13 19:00,72964.0,63265.0,76878.0,72506.0,74182.0,58437.28,74374.72
02-13 20:00,68858.0,60072.0,73407.0,69526.0,70675.0,55994.4,71265.6
02-13 21:00,64802.0,56377.0,69121.0,66021.0,66941.0,53375.52,67932.48000000001
02-13 22:00,63038.0,55361.0,66901.0,64022.0,64233.0,52822.88,67229.12000000001
02-13 23:00,59963.0,52117.0,61849.0,60260.0,60150.0,51488.8,65531.200000000004
02-14 00:00,56050.0,48489.0,58413.0,57099.0,56342.0,49444.56,62929.44000000001
02-14 01:00,53262.0,46150.0,56123.0,54937.0,54287.0,48078.8,61191.200000000004
02-14 02:00,51612.0,44483.0,55141.0,53511.0,52731.0,46652.32,59375.68000000001
02-14 03:00,50974.0,43801.0,55570.0,53935.0,53358.0,45976.48,58515.520000000004
02-14 04:00,50741.0,43812.0,56982.0,55681.0,55549.0,45175.68,57496.32000000001
02-14 05:00,50829.0,44043.0,61235.0,59473.0,60195.0,44819.28,57042.72000000001
02-14 06:00,51778.0,44179.0,69955.0,67323.0,68512.0,44460.24,56585.76
02-14 07:00,54682.0,45922.0,73301.0,71303.0,71834.0,46411.2,59068.8
02-14 08:00,58516.0,50013.0,74729.0,72372.0,72548.0,49476.24,62969.76000000001
02-14 09:00,61459.0,53500.0,74296.0,73365.0,72097.0,51458.0,65492.00000000001
02-14 10:00,62375.0,56073.0,74839.0,73772.0,71922.0,52442.72,66745.28000000001
02-14 11:00,63044.0,58120.0,74943.0,73890.0,72139.0,53631.6,68258.40000000001
02-14 12:00,62267.0,57568.0,74303.0,73604.0,71643.0,52902.96,67331.04000000001
02-14 13:00,60258.0,55625.0,73752.0,72980.0,70866.0,50937.04,64828.96000000001
02-14 14:00,57789.0,54430.0,71607.0,70985.0,69265.0,49539.6,63050.40000000001
02-14 15:00,56817.0,53663.0,70991.0,70394.0,68489.0,48916.56,62257.44
02-14 16:00,56756.0,53739.0,69297.0,69208.0,67394.0,50488.24,64257.76000000001
02-14 17:00,62051.0,58243.0,72937.0,73409.0,71170.0,55379.28,70482.72
02-14 18:00,64302.0,60062.0,75412.0,75297.0,72940.0,57455.2,73124.8
02-14 19:00,63280.0,59573.0,75181.0,74738.0,72430.0,57090.88,72661.12000000001
02-14 20:00,60170.0,57540.0,71857.0,71928.0,69206.0,55364.32,70463.68000000001
02-14 21:00,56992.0,55192.0,67838.0,68298.0,65521.0,53383.44,67942.56000000001
02-14 22:00,56517.0,55848.0,64996.0,66034.0,62852.0,53659.76,68294.24
02-14 23:00,54293.0,52927.0,61207.0,62284.0,59065.0,52368.8,66651.20000000001
02-15 00:00,50939.0,49705.0,57375.0,58741.0,55284.0,49970.8,63599.200000000004
02-15 01:00,48505.0,47735.0,55074.0,56490.0,53479.0,48492.4,61717.600000000006
02-15 02:00,47378.0,46687.0,53583.0,55543.0,52378.0,48000.48,61091.520000000004
02-15 03:00,46929.0,47721.0,54046.0,55632.0,52672.0,47960.88,61041.12
02-15 04:00,46743.0,50373.0,55938.0,57251.0,54677.0,49639.92,63178.08000000001
02-15 05:00,46283.0,55665.0,60159.0,60766.0,59138.0,53411.6,67978.40000000001
02-15 06:00,45486.0,66206.0,68993.0,69119.0,67483.0,59396.48,75595.52
02-15 07:00,47217.0,70647.0,72143.0,73444.0,70926.0,63182.24,80413.76000000001
02-15 08:00,51168.0,73039.0,73001.0,75590.0,71534.0,65649.76,83554.24
02-15 09:00,53986.0,73372.0,72860.0,76556.0,71677.0,66171.6,84218.40000000001
02-15 10:00,56289.0,74615.0,74004.0,77604.0,71519.0,66758.56,84965.44
02-15 11:00,57732.0,74994.0,74023.0,77694.0,71351.0,68098.8,86671.20000000001
02-15 12:00,57166.0,74707.0,73159.0,77074.0,70421.0,68232.56,86841.44
02-15 13:00,54721.0,74367.0,72867.0,76824.0,69003.0,67748.56,86225.44
02-15 14:00,52915.0,73030.0,71021.0,75281.0,66540.0,66532.4,84677.6
02-15 15:00,51466.0,72606.0,69964.0,74624.0,65403.0,65762.4,83697.6
02-15 16:00,51991.0,70799.0,68657.0,73610.0,64944.0,64665.04,82300.96
02-15 17:00,57731.0,73458.0,72701.0,75516.0,68923.0,67615.68000000001,86056.32
02-15 18:00,60416.0,74570.0,75061.0,76065.0,71200.0,68242.24,86853.76000000001
02-15 19:00,59842.0,74187.0,74815.0,75305.0,70805.0,67253.12,85594.88
02-15 20:00,58003.0,70594.0,71557.0,71810.0,67549.0,63969.840000000004,81416.16
02-15 21:00,55880.0,66455.0,67016.0,68219.0,63486.0,60464.8,76955.20000000001
02-15 22:00,56524.0,63647.0,64644.0,65860.0,61051.0,58387.12,74310.88
02-15 23:00,54391.0,59155.0,60192.0,61946.0,57214.0,55031.68,70040.32
02-16 00:00,51832.0,55978.0,56108.0,58227.0,53155.0,51848.72,65989.28000000001
02-16 01:00,49725.0,53442.0,53745.0,55583.0,50862.0,49548.4,63061.600000000006
02-16 02:00,48900.0,52458.0,52711.0,53760.0,49436.0,48366.56,61557.44
02-16 03:00,49472.0,52524.0,53267.0,54087.0,48977.0,48140.4,61269.600000000006
02-16 04:00,51127.0,54274.0,55356.0,55973.0,48831.0,48446.64,61659.36000000001
02-16 05:00,55248.0,58429.0,59474.0,60351.0,49017.0,51757.2,65872.8
02-16 06:00,62813.0,67820.0,68606.0,67964.0,52030.0,57530.0,73220.0
02-16 07:00,67096.0,71221.0,72011.0,71564.0,55047.0,61649.28,78462.72
02-16 08:00,69562.0,72491.0,73440.0,73347.0,58140.0,63196.32,80431.68000000001
02-16 09:00,71071.0,73414.0,73447.0,73379.0,59594.0,63455.04,80760.96
02-16 10:00,72337.0,74195.0,73516.0,73905.0,59582.0,64309.52,81848.48000000001
02-16 11:00,72554.0,74474.0,73708.0,74368.0,60050.0,65250.24,83045.76000000001
02-16 12:00,72095.0,73614.0,73000.0,74139.0,59595.0,64743.36,82400.64000000001
02-16 13:00,71425.0,73148.0,72924.0,72962.0,57904.0,64012.08,81469.92000000001
02-16 14:00,69378.0,71772.0,71347.0,70835.0,55709.0,62230.08,79201.92000000001
02-16 15:00,68118.0,71029.0,70625.0,69995.0,54690.0,61832.32,78695.68000000001
02-16 16:00,66634.0,69498.0,69360.0,68352.0,54901.0,60821.2,77408.8
02-16 17:00,70650.0,72853.0,73409.0,70953.0,59913.0,62889.2,80040.8
02-16 18:00,73144.0,74396.0,75351.0,72896.0,62651.0,64533.04,82132.96
02-16 19:00,72582.0,74178.0,75004.0,72470.0,61928.0,63686.48,81055.52
02-16 20:00,69048.0,71290.0,71466.0,68777.0,59216.0,61259.44,77966.56000000001
02-16 21:00,65313.0,67603.0,67341.0,64780.0,55404.0,58546.4,74513.6
02-16 22:00,64074.0,64653.0,64510.0,62307.0,54049.0,56451.12,71846.88
02-16 23:00,60380.0,60488.0,59782.0,58766.0,51058.0,53422.16,67991.84000000001
02-17 00:00,56860.0,56757.0,56015.0,55675.0,47600.0,50526.08,64305.920000000006
02-17 01:00,54290.0,54573.0,53003.0,53264.0,45534.0,49032.72,62405.280000000006
02-17 02:00,52865.0,53266.0,51907.0,51039.0,44311.0,48214.32,61363.68000000001
02-17 03:00,53046.0,53617.0,52424.0,51209.0,44230.0,47860.56,60913.44
02-17 04:00,54638.0,55312.0,54217.0,51003.0,44553.0,49690.08,63241.920000000006
02-17 05:00,57998.0,59565.0,58831.0,51152.0,44317.0,53078.96,67555.04000000001
02-17 06:00,66011.0,68608.0,68047.0,52666.0,44081.0,58496.24,74449.76000000001
02-17 07:00,70398.0,72875.0,72382.0,55431.0,46151.0,62190.48,79151.52
02-17 08:00,72535.0,73722.0,73913.0,59722.0,49034.0,63863.36,81280.64000000001
02-17 09:00,73672.0,74173.0,73930.0,62191.0,52388.0,64240.0,81760.00000000001
02-17 10:00,74899.0,74815.0,74564.0,63620.0,53608.0,65042.56,82781.44
02-17 11:00,75629.0,75223.0,75299.0,63890.0,54765.0,66370.48,84471.52
02-17 12:00,75193.0,74566.0,74504.0,63761.0,54108.0,66257.84,84328.16
02-17 13:00,74256.0,74188.0,73740.0,61993.0,52331.0,65092.72,82845.28000000001
02-17 14:00,72713.0,72671.0,71650.0,60142.0,50365.0,63290.48,80551.52
02-17 15:00,71641.0,71776.0,70002.0,59054.0,49348.0,62204.56,79169.44
02-17 16:00,70540.0,70641.0,68832.0,58486.0,50189.0,60624.96,77159.04000000001
02-17 17:00,73708.0,73820.0,71224.0,61819.0,55906.0,62969.28,80142.72
02-17 18:00,74931.0,75373.0,72369.0,64018.0,59461.0,64183.68,81688.32
02-17 19:00,74251.0,74915.0,71659.0,63023.0,58938.0,63521.92,80846.08
02-17 20:00,70477.0,71543.0,68005.0,59778.0,56393.0,60593.28,77118.72
02-17 21:00,66412.0,66721.0,64002.0,56305.0,53888.0,57214.08,72817.92000000001
02-17 22:00,64385.0,64055.0,61596.0,55624.0,54357.0,54842.48,69799.52
02-17 23:00,60352.0,59906.0,57487.0,53366.0,51693.0,51695.6,65794.40000000001
02-18 00:00,56381.0,55616.0,53294.0,50430.0,48944.0,48578.64,61827.36000000001
02-18 01:00,53834.0,52929.0,50817.0,47788.0,47106.0,46434.08,59097.920000000006
02-18 02:00,52011.0,51808.0,49133.0,46515.0,46370.0,45740.64,58215.36000000001
02-18 03:00,52621.0,52238.0,48600.0,46465.0,47535.0,46247.52,58860.48
02-18 04:00,54395.0,53706.0,48981.0,46553.0,49916.0,47502.4,60457.600000000006
02-18 05:00,58495.0,58090.0,49114.0,46346.0,55596.0,51169.36,65124.64000000001
02-18 06:00,67179.0,67602.0,51019.0,45538.0,65610.0,57601.28,73310.72
02-18 07:00,71705.0,71517.0,54142.0,47816.0,68533.0,60763.12,77334.88
02-18 08:00,73727.0,72162.0,57990.0,51829.0,69655.0,62276.72,79261.28000000001
02-18 09:00,74261.0,72261.0,60556.0,54608.0,69553.0,62537.2,79592.8
02-18 10:00,75037.0,72776.0,61496.0,56355.0,69649.0,63514.88,80837.12000000001
02-18 11:00,75526.0,73269.0,62185.0,57904.0,70141.0,63846.64,81259.36
02-18 12:00,74744.0,72550.0,61937.0,57392.0,69452.0,63611.68,80960.32
02-18 13:00,74082.0,72197.0,60770.0,55354.0,68373.0,62991.28,80170.72
02-18 14:00,72798.0,70464.0,58758.0,53522.0,66758.0,61482.96,78251.04000000001
02-18 15:00,71879.0,69939.0,57547.0,53201.0,66173.0,60944.4,77565.6
02-18 16:00,70410.0,68793.0,57377.0,53925.0,65121.0,60821.2,77408.8
02-18 17:00,73392.0,72218.0,61086.0,58197.0,69213.0,64336.8,81883.20000000001
02-18 18:00,75748.0,73812.0,63598.0,61213.0,71502.0,65394.56,83229.44
02-18 19:00,75308.0,73198.0,63031.0,60788.0,70898.0,64894.72,82593.28000000001
02-18 20:00,71572.0,70016.0,59756.0,59251.0,67563.0,61830.56,78693.44
02-18 21:00,67912.0,65249.0,55931.0,56903.0,63792.0,58143.36,74000.64000000001
02-18 22:00,65481.0,63138.0,55307.0,57552.0,60990.0,55970.64,71235.36
02-18 23:00,61452.0,58983.0,52479.0,54904.0,56496.0,52774.48,67167.52
02-19 00:00,57348.0,54620.0,49293.0,52636.0,53174.0,49954.96,63579.04000000001
02-19 01:00,54934.0,52354.0,47122.0,50342.0,51133.0,47280.64,60175.36000000001
02-19 02:00,54012.0,51580.0,46022.0,49263.0,50407.0,46506.24,59189.76
02-19 03:00,53941.0,52115.0,45930.0,49862.0,51107.0,47140.72,59997.280000000006
02-19 04:00,55861.0,53792.0,46208.0,52251.0,53099.0,48621.76,61882.240000000005
02-19 05:00,59194.0,57870.0,45867.0,57250.0,57869.0,51773.04,65892.96
02-19 06:00,67727.0,66791.0,45143.0,66181.0,67736.0,57543.2,73236.8
02-19 07:00,71782.0,70963.0,47633.0,70283.0,71656.0,61314.88,78037.12000000001
02-19 08:00,73481.0,72012.0,51354.0,71933.0,72893.0,62811.76,79942.24
02-19 09:00,74208.0,73123.0,54396.0,72360.0,72936.0,63196.32,80431.68000000001
02-19 10:00,74291.0,73745.0,56645.0,72694.0,73131.0,62712.32,79815.68000000001
02-19 11:00,75091.0,74184.0,58127.0,73300.0,73621.0,62797.68,79924.32
02-19 12:00,74063.0,73381.0,57684.0,72719.0,73017.0,62399.04,79416.96
02-19 13:00,73810.0,72411.0,55903.0,72630.0,72300.0,61306.96,78027.04000000001
02-19 14:00,72482.0,70432.0,54299.0,71216.0,70780.0,59057.68,75164.32
02-19 15:00,71471.0,69440.0,53712.0,70927.0,70420.0,57944.48,73747.52
02-19 16:00,69517.0,68429.0,53887.0,69502.0,69272.0,56466.08,71865.92000000001
02-19 17:00,72616.0,71155.0,57923.0,72038.0,72535.0,59099.04,75216.96
02-19 18:00,76016.0,73049.0,60653.0,73683.0,74577.0,60886.32,77491.68000000001
02-19 19:00,75578.0,72377.0,59924.0,73397.0,73942.0,60513.2,77016.8
02-19 20:00,72311.0,68790.0,58246.0,70095.0,70131.0,57896.96,73687.04000000001
02-19 21:00,68309.0,65358.0,55196.0,65804.0,66010.0,54552.08,69429.92000000001
02-19 22:00,66264.0,63423.0,55677.0,63183.0,63125.0,52355.6,66634.40000000001
02-19 23:00,62093.0,59317.0,52872.0,59363.0,58491.0,49140.96,62543.04000000001
02-20 00:00,58202.0,55570.0,49907.0,55650.0,54979.0,45864.72,58373.280000000006
02-20 01:00,55826.0,52648.0,47598.0,53415.0,52743.0,43363.76,55190.240000000005
02-20 02:00,54378.0,51011.0,47331.0,52471.0,51424.0,42043.76,53510.240000000005
02-20 03:00,54044.0,50571.0,48119.0,53075.0,52006.0,42010.32,53467.68000000001
02-20 04:00,55449.0,51175.0,50556.0,55426.0,53932.0,42528.64,54127.36000000001
02-20 05:00,59114.0,51133.0,55846.0,59369.0,58824.0,42848.08,54533.920000000006
02-20 06:00,67169.0,53116.0,66206.0,67432.0,67819.0,44398.64,56507.36000000001
02-20 07:00,70788.0,56178.0,70794.0,70783.0,71348.0,46788.72,59549.280000000006
02-20 08:00,72315.0,59809.0,72832.0,72640.0,71895.0,49880.16,63483.840000000004
02-20 09:00,73267.0,62983.0,73541.0,72727.0,71831.0,51584.72,65653.28000000001
02-20 10:00,74044.0,64684.0,74927.0,72979.0,71556.0,52289.6,66550.40000000001
02-20 11:00,74156.0,65920.0,76286.0,73487.0,71925.0,52178.72,66409.28000000001
02-20 12:00,73575.0,65529.0,75518.0,73013.0,71195.0,51665.68,65756.32
02-20 13:00,72362.0,63534.0,75559.0,73200.0,70881.0,50343.04,64072.96000000001
02-20 14:00,69695.0,61351.0,74175.0,72187.0,68887.0,47977.6,61062.40000000001
02-20 15:00,68039.0,60522.0,73621.0,71717.0,68434.0,46438.48,59103.520000000004
02-20 16:00,67054.0,60716.0,72100.0,70658.0,67108.0,47341.36,60252.64000000001
02-20 17:00,70660.0,64218.0,74638.0,73121.0,70804.0,51646.32,65731.68000000001
02-20 18:00,72685.0,65493.0,75747.0,75541.0,72967.0,54885.6,69854.40000000001
02-20 19:00,72049.0,64113.0,75583.0,75332.0,72539.0,54540.64,69415.36
02-20 20:00,68280.0,60777.0,72546.0,72047.0,68999.0,52185.76,66418.24
02-20 21:00,64089.0,56523.0,67945.0,67857.0,64986.0,49201.68,62620.32000000001
02-20 22:00,62441.0,56220.0,64480.0,65053.0,62130.0,47789.28,60822.72000000001
02-20 23:00,58721.0,53421.0,60065.0,61139.0,57759.0,45503.04,57912.96000000001
02-21 00:00,54055.0,49612.0,55134.0,57497.0,54047.0,42981.840000000004,54704.16
02-21 01:00,51380.0,46715.0,51820.0,55210.0,51934.0,40591.76,51662.240000000005
02-21 02:00,49676.0,44784.0,50850.0,54384.0,51017.0,39565.68,50356.32000000001
02-21 03:00,49032.0,44169.0,51263.0,54655.0,51300.0,39404.64,50151.36000000001
02-21 04:00,48948.0,44520.0,53144.0,56316.0,53573.0,39568.32,50359.68000000001
02-21 05:00,49164.0,44559.0,57983.0,60124.0,58170.0,39749.6,50590.4
02-21 06:00,51469.0,43863.0,67350.0,68629.0,67068.0,39844.64,50711.36000000001
02-21 07:00,54745.0,45941.0,71749.0,71647.0,70330.0,41641.6,52998.4
02-21 08:00,58727.0,49623.0,73524.0,72707.0,71559.0,44096.8,56123.200000000004
02-21 09:00,61564.0,53443.0,74317.0,73057.0,72188.0,46398.88,59053.12
02-21 10:00,63278.0,56044.0,75447.0,73177.0,72490.0,46687.52,59420.48
02-21 11:00,64430.0,57994.0,76420.0,73442.0,72520.0,47480.4,60429.600000000006
02-21 12:00,63434.0,57829.0,75016.0,72701.0,71129.0,46881.12,59666.880000000005
02-21 13:00,61468.0,56249.0,74417.0,72652.0,70569.0,44498.08,56633.920000000006
02-21 14:00,59201.0,54280.0,72806.0,71258.0,69421.0,41825.52,53232.48
02-21 15:00,57959.0,53466.0,71747.0,71048.0,69387.0,41156.72,52381.280000000006
02-21 16:00,56990.0,53478.0,70096.0,69843.0,68349.0,42642.16,54271.840000000004
02-21 17:00,60208.0,58315.0,71820.0,71984.0,70876.0,47096.72,59941.280000000006
02-21 18:00,62903.0,61431.0,73698.0,74989.0,72469.0,50724.96,64559.04000000001
02-21 19:00,62250.0,61265.0,73445.0,74764.0,72225.0,50467.12,64230.880000000005
02-21 20:00,59162.0,59125.0,70211.0,71693.0,68888.0,48566.32,61811.68000000001
02-21 21:00,55508.0,56477.0,65760.0,67887.0,64141.0,46219.36,58824.64000000001
02-21 22:00,55256.0,56708.0,63244.0,64988.0,61721.0,45955.36,58488.64000000001
02-21 23:00,53128.0,53315.0,59049.0,61656.0,57234.0,43750.08,55681.920000000006
02-22 00:00,49989.0,50029.0,54770.0,57427.0,53345.0,41024.72,52213.280000000006
02-22 01:00,47496.0,47504.0,52459.0,55842.0,50812.0,40069.04,50996.96000000001
02-22 02:00,45969.0,46338.0,51286.0,54638.0,49323.0,39629.92,50438.08
02-22 03:00,45577.0,47370.0,52164.0,54572.0,50490.0,40581.2,51648.8
02-22 04:00,45504.0,50102.0,54082.0,56130.0,52563.0,42966.88,54685.12
02-22 05:00,45477.0,55676.0,58656.0,59990.0,57584.0,47346.64,60259.36000000001
02-22 06:00,44641.0,66004.0,67931.0,68394.0,65996.0,54905.840000000004,69880.16
02-22 07:00,46629.0,70758.0,72192.0,71514.0,69631.0,58821.840000000004,74864.16
02-22 08:00,50202.0,72100.0,73891.0,73017.0,71011.0,60520.24,77025.76000000001
02-22 09:00,53504.0,73015.0,74900.0,73567.0,72040.0,60693.6,77246.40000000001
02-22 10:00,55543.0,73859.0,75825.0,73849.0,72075.0,60595.92,77122.08
02-22 11:00,57887.0,74750.0,76493.0,74256.0,72346.0,61374.72,78113.28000000001
02-22 12:00,57241.0,74026.0,75789.0,73198.0,71713.0,60904.8,77515.20000000001
02-22 13:00,55262.0,74103.0,75415.0,73206.0,70359.0,59880.48,76211.52
02-22 14:00,53272.0,72547.0,73797.0,72505.0,68168.0,58284.16,74179.84000000001
02-22 15:00,52242.0,71710.0,72882.0,72063.0,66825.0,57028.4,72581.6
02-22 16:00,52575.0,69673.0,72083.0,71465.0,65693.0,56330.56,71693.44
02-22 17:00,56795.0,72168.0,73710.0,73699.0,67541.0,58926.56,74997.44
02-22 18:00,61132.0,73807.0,75422.0,75746.0,70120.0,61668.64,78487.36
02-22 19:00,61303.0,73171.0,75072.0,75300.0,69476.0,61792.72,78645.28000000001
02-22 20:00,59362.0,69486.0,71587.0,71747.0,66141.0,59019.840000000004,75116.16
02-22 21:00,56742.0,65668.0,66629.0,68133.0,62195.0,55588.72,70749.28000000001
02-22 22:00,57631.0,63280.0,63826.0,65345.0,59796.0,53042.88,67509.12000000001
02-22 23:00,55180.0,58217.0,59345.0,62242.0,56679.0,49607.36,63136.64000000001
02-23 00:00,52156.0,53817.0,54980.0,58535.0,52501.0,46518.56,59205.44
02-23 01:00,50574.0,51529.0,52181.0,56097.0,50250.0,44451.44,56574.560000000005
02-23 02:00,49634.0,50307.0,50795.0,55339.0,48683.0,43584.64,55471.36000000001
02-23 03:00,50105.0,51104.0,51417.0,55619.0,48661.0,43882.08,55849.920000000006
02-23 04:00,52773.0,52914.0,53703.0,57292.0,48754.0,45994.08,58537.920000000006
02-23 05:00,57800.0,57315.0,57645.0,60956.0,49103.0,49760.48,63331.520000000004
02-23 06:00,66517.0,66485.0,66712.0,69138.0,50776.0,56987.04,72528.96
02-23 07:00,70768.0,69839.0,70292.0,71968.0,53853.0,60323.12,76774.88
02-23 08:00,72909.0,71215.0,71974.0,73413.0,57800.0,61970.48,78871.52
02-23 09:00,75067.0,72031.0,72902.0,74115.0,59673.0,61889.52,78768.48000000001
02-23 10:00,75771.0,72900.0,75037.0,74773.0,59968.0,61429.28,78182.72
02-23 11:00,76518.0,73505.0,75344.0,75369.0,60260.0,61680.08,78501.92000000001
02-23 12:00,75632.0,73197.0,74786.0,75361.0,59392.0,61254.16,77959.84000000001
02-23 13:00,75389.0,72869.0,74769.0,74249.0,57416.0,60287.04,76728.96
02-23 14:00,73624.0,71838.0,73290.0,72274.0,55635.0,57813.36,73580.64000000001
02-23 15:00,72181.0,70944.0,71729.0,71246.0,54484.0,57345.2,72984.8
02-23 16:00,71059.0,69178.0,70861.0,69865.0,54437.0,55959.2,71220.8
02-23 17:00,72756.0,71187.0,73657.0,71495.0,57987.0,58602.72,74585.28000000001
02-23 18:00,75155.0,74445.0,75350.0,74547.0,61290.0,61659.840000000004,78476.16
02-23 19:00,74820.0,74207.0,75144.0,74112.0,60934.0,61609.68,78412.32
02-23 20:00,71515.0,70742.0,71499.0,70775.0,57988.0,59560.16,75803.84000000001
02-23 21:00,67197.0,66323.0,66869.0,66670.0,55057.0,56461.68,71860.32
02-23 22:00,64928.0,63876.0,63890.0,64063.0,54183.0,52627.52,66980.48000000001
02-23 23:00,60535.0,59277.0,59997.0,61238.0,51278.0,49053.840000000004,62432.16
02-24 00:00,56680.0,55301.0,55655.0,57831.0,47653.0,45862.96,58371.04000000001
02-24 01:00,53938.0,52892.0,52716.0,56140.0,45120.0,44490.16,56623.840000000004
02-24 02:00,52809.0,51664.0,51983.0,54331.0,44022.0,44263.12,56334.880000000005
02-24 03:00,53280.0,51974.0,52640.0,53899.0,43664.0,44976.8,57243.200000000004
02-24 04:00,55382.0,53699.0,54326.0,53595.0,43983.0,47052.72,59885.280000000006
02-24 05:00,59587.0,58103.0,58291.0,53593.0,43804.0,50269.12,63978.880000000005
02-24 06:00,68303.0,67541.0,66424.0,55234.0,43670.0,57706.88,73445.12000000001
02-24 07:00,71232.0,70635.0,69922.0,58121.0,45784.0,60845.840000000004,77440.16
02-24 08:00,73046.0,71420.0,71876.0,62563.0,49112.0,62321.6,79318.40000000001
02-24 09:00,73228.0,71854.0,72042.0,65218.0,51767.0,62057.6,78982.40000000001
02-24 10:00,74281.0,72318.0,72701.0,66214.0,53147.0,61531.36,78312.64000000001
02-24 11:00,75397.0,73128.0,73170.0,66649.0,54379.0,61963.44,78862.56000000001
02-24 12:00,74780.0,72458.0,72241.0,65508.0,53630.0,61530.48,78311.52
02-24 13:00,74972.0,72060.0,71922.0,63912.0,51623.0,60580.08,77101.92000000001
02-24 14:00,72720.0,69849.0,69640.0,61755.0,49934.0,58256.0,74144.0
02-24 15:00,71948.0,69171.0,68792.0,60358.0,48865.0,57301.2,72928.8
02-24 16:00,70151.0,67421.0,67175.0,60808.0,49500.0,56343.76,71710.24
02-24 17:00,72013.0,69933.0,67734.0,64133.0,53878.0,58748.8,74771.20000000001
02-24 18:00,75081.0,73206.0,71332.0,67013.0,58282.0,61869.28,78742.72
02-24 19:00,74599.0,72943.0,71185.0,66915.0,57940.0,61748.72,78589.28000000001
02-24 20:00,71118.0,70464.0,67564.0,63500.0,55734.0,58989.92,75078.08
02-24 21:00,67065.0,65863.0,63111.0,59835.0,52909.0,55836.0,71064.0
02-24 22:00,64915.0,63098.0,60522.0,59392.0,53199.0,53422.16,67991.84000000001
02-24 23:00,60554.0,58821.0,57464.0,56784.0,50407.0,49385.6,62854.40000000001
02-25 00:00,56373.0,55303.0,53738.0,53973.0,47731.0,46064.48,58627.520000000004
02-25 01:00,53856.0,53016.0,51781.0,52037.0,46532.0,44733.04,56932.96000000001
02-25 02:00,52317.0,51718.0,50209.0,50515.0,45776.0,43755.36,55688.64000000001
02-25 03:00,52572.0,52170.0,49652.0,49642.0,46654.0,44037.840000000004,56048.16
02-25 04:00,54429.0,54116.0,49639.0,49371.0,49257.0,46106.72,58681.280000000006
02-25 05:00,58763.0,58255.0,49593.0,49087.0,54820.0,50158.24,63837.76000000001
02-25 06:00,67623.0,67265.0,50634.0,48192.0,64672.0,56724.8,72195.20000000001
02-25 07:00,70795.0,70100.0,53837.0,50231.0,67686.0,59803.92,76114.08
02-25 08:00,71982.0,70870.0,57531.0,54105.0,68655.0,60948.8,77571.20000000001
02-25 09:00,72011.0,71468.0,59868.0,56492.0,68726.0,60734.08,77297.92000000001
02-25 10:00,73074.0,71659.0,61289.0,58248.0,69029.0,61020.08,77661.92000000001
02-25 11:00,73839.0,72519.0,61864.0,60023.0,69341.0,61283.2,77996.8
02-25 12:00,73124.0,72144.0,60799.0,59925.0,68682.0,60785.12,77362.88
02-25 13:00,72804.0,72120.0,59785.0,57781.0,68334.0,59555.76,75798.24
02-25 14:00,71132.0,70732.0,57622.0,56286.0,67061.0,57991.12,73806.88
02-25 15:00,70366.0,70160.0,56722.0,55839.0,66150.0,57260.72,72877.28000000001
02-25 16:00,68657.0,68562.0,57035.0,56151.0,64781.0,56232.88,71569.12000000001
02-25 17:00,70963.0,70357.0,60838.0,59992.0,67676.0,58310.56,74213.44
02-25 18:00,74533.0,73706.0,63921.0,64514.0,71294.0,61290.24,78005.76000000001
02-25 19:00,74126.0,73256.0,63407.0,64165.0,71047.0,60923.28,77538.72
02-25 20:00,70443.0,70349.0,59946.0,62488.0,67559.0,58503.28,74458.72
02-25 21:00,66367.0,66336.0,55992.0,60361.0,63477.0,55027.28,70034.72
02-25 22:00,63901.0,63660.0,54910.0,60919.0,60815.0,52506.96,66827.04000000001
02-25 23:00,59530.0,59399.0,51340.0,58787.0,56608.0,48829.44,62146.560000000005
02-26 00:00,55642.0,56106.0,48786.0,56162.0,51968.0,45258.4,57601.600000000006
02-26 01:00,53096.0,53353.0,46337.0,54756.0,49961.0,43619.840000000004,55516.16
02-26 02:00,51804.0,51827.0,44848.0,53984.0,49120.0,43069.840000000004,54816.16
02-26 03:00,52100.0,51866.0,44057.0,54316.0,49867.0,43828.4,55781.600000000006
02-26 04:00,53989.0,53617.0,44406.0,56335.0,51424.0,45444.08,57837.920000000006
02-26 05:00,58068.0,57678.0,44637.0,61099.0,56676.0,49073.2,62456.8
02-26 06:00,67467.0,66327.0,44093.0,69990.0,65525.0,55441.76,70562.24
02-26 07:00,70446.0,69820.0,46106.0,72925.0,68181.0,58879.92,74938.08
02-26 08:00,71791.0,71202.0,49766.0,74782.0,68833.0,60613.52,77144.48000000001
02-26 09:00,72121.0,71518.0,52689.0,75012.0,68835.0,61121.28,77790.72
02-26 10:00,72520.0,71397.0,55232.0,75824.0,68841.0,61561.28,78350.72
02-26 11:00,72792.0,71485.0,57028.0,76708.0,69256.0,62297.840000000004,79288.16
02-26 12:00,72735.0,70737.0,56244.0,76400.0,68682.0,62597.92,79670.08
02-26 13:00,72974.0,69553.0,54226.0,76761.0,67849.0,61317.52,78040.48000000001
02-26 14:00,71248.0,67800.0,52031.0,75929.0,66505.0,59431.68,75640.32
02-26 15:00,70542.0,66361.0,50909.0,75178.0,65959.0,58106.4,73953.6
02-26 16:00,69049.0,65520.0,50939.0,74310.0,64576.0,57063.6,72626.40000000001
02-26 17:00,70843.0,67528.0,54935.0,76007.0,67049.0,59075.28,75186.72
02-26 18:00,74597.0,70756.0,58898.0,78915.0,70895.0,60837.92,77430.08
02-26 19:00,74569.0,70211.0,58784.0,78448.0,70562.0,60552.8,77067.20000000001
02-26 20:00,71305.0,66366.0,56378.0,76078.0,67160.0,57640.88,73361.12000000001
02-26 21:00,67269.0,61923.0,54094.0,71816.0,63068.0,54524.8,69395.20000000001
02-26 22:00,64599.0,59802.0,54490.0,69471.0,59864.0,52020.32,66207.68000000001
02-26 23:00,59939.0,55942.0,52175.0,66107.0,55794.0,48957.04,62308.96000000001
02-27 00:00,55659.0,52727.0,49015.0,63067.0,51963.0,45864.72,58373.280000000006
02-27 01:00,53367.0,50335.0,46922.0,60687.0,49958.0,43832.8,55787.200000000004
02-27 02:00,51491.0,49004.0,46002.0,59375.0,49178.0,43082.16,54831.840000000004
02-27 03:00,52115.0,48819.0,47228.0,58913.0,50527.0,42153.76,53650.240000000005
02-27 04:00,54304.0,48712.0,49175.0,60134.0,52767.0,41527.2,52852.8
02-27 05:00,58116.0,48735.0,53655.0,63743.0,57369.0,41668.0,53032.00000000001
02-27 06:00,67211.0,49930.0,61111.0,71894.0,65794.0,43183.36,54960.64000000001
02-27 07:00,71192.0,53080.0,66130.0,74537.0,68727.0,45509.2,57920.8
02-27 08:00,72475.0,56526.0,68475.0,76384.0,69757.0,48300.56,61473.44
02-27 09:00,73162.0,58976.0,69355.0,76303.0,69610.0,50254.16,63959.840000000004
02-27 10:00,73487.0,59756.0,70267.0,76364.0,69945.0,51210.72,65177.280000000006
02-27 11:00,73950.0,60281.0,71060.0,76244.0,69921.0,51756.32,65871.68000000001
02-27 12:00,73298.0,59252.0,70628.0,76169.0,68851.0,51232.72,65205.280000000006
02-27 13:00,72689.0,57399.0,69770.0,76283.0,68022.0,49609.12,63138.880000000005
02-27 14:00,70319.0,55218.0,67134.0,75026.0,67125.0,48098.16,61215.840000000004
02-27 15:00,69705.0,54431.0,66642.0,74700.0,65855.0,47292.96,60191.04000000001
02-27 16:00,68441.0,54714.0,65240.0,73066.0,64521.0,46966.48,59775.520000000004
02-27 17:00,69829.0,57963.0,67938.0,75579.0,67371.0,50050.88,63701.12
02-27 18:00,72781.0,61893.0,70999.0,79325.0,71971.0,52944.32,67383.68000000001
02-27 19:00,72305.0,61498.0,70902.0,79102.0,71713.0,52539.52,66868.48000000001
02-27 20:00,68852.0,58460.0,68162.0,76325.0,68670.0,49767.52,63340.48
02-27 21:00,64241.0,55082.0,63666.0,72460.0,64401.0,47103.76,59950.240000000005
02-27 22:00,62261.0,54619.0,61290.0,69976.0,60896.0,46119.92,58698.08000000001
02-27 23:00,58427.0,51738.0,57060.0,66441.0,57216.0,43880.32,55847.68000000001
02-28 00:00,54546.0,48360.0,53529.0,63380.0,53218.0,41327.44,52598.560000000005
02-28 01:00,52137.0,45962.0,50944.0,61241.0,51038.0,39439.840000000004,50196.16
02-28 02:00,50540.0,44529.0,50069.0,60279.0,49978.0,38252.72,48685.280000000006
02-28 03:00,49995.0,44278.0,51372.0,59635.0,50721.0,38301.12,48746.880000000005
02-28 04:00,49740.0,43948.0,53436.0,61213.0,52317.0,38651.36,49192.64000000001
02-28 05:00,49834.0,44021.0,56798.0,65023.0,56225.0,38494.72,48993.280000000006
02-28 06:00,51218.0,43099.0,64784.0,72993.0,64902.0,38889.840000000004,49496.16
02-28 07:00,54396.0,45476.0,69039.0,76117.0,68027.0,40955.2,52124.8
02-28 08:00,57940.0,49417.0,71097.0,77351.0,69169.0,44099.44,56126.560000000005
02-28 09:00,60925.0,52107.0,71717.0,78220.0,69580.0,46284.48,58907.520000000004
02-28 10:00,61890.0,54233.0,73604.0,78618.0,69186.0,48072.64,61183.36000000001
02-28 11:00,62615.0,55938.0,74190.0,77678.0,69563.0,49497.36,62996.64000000001
02-28 12:00,62161.0,55547.0,73423.0,77299.0,68892.0,48822.4,62137.600000000006
02-28 13:00,59786.0,53665.0,73464.0,77168.0,67717.0,46598.64,59307.36000000001
02-28 14:00,57533.0,52054.0,70852.0,75970.0,66469.0,44566.72,56721.280000000006
02-28 15:00,56282.0,51356.0,70161.0,75544.0,66736.0,43494.0,55356.00000000001
02-28 16:00,55780.0,51442.0,68765.0,75207.0,65960.0,44458.48,56583.520000000004
02-28 17:00,58953.0,55169.0,70269.0,77443.0,68490.0,47998.72,61089.280000000006
02-28 18:00,63769.0,59417.0,72815.0,81260.0,71130.0,51230.08,65201.920000000006
02-28 19:00,63386.0,59349.0,72660.0,81111.0,70778.0,51457.12,65490.880000000005
02-28 20:00,60661.0,57450.0,69049.0,78075.0,67453.0,49045.04,62420.96000000001
02-28 21:00,57067.0,54692.0,64981.0,74597.0,63114.0,46581.04,59284.96000000001
02-28 22:00,56103.0,55086.0,62249.0,72987.0,59855.0,46413.840000000004,59072.16
02-28 23:00,53116.0,52727.0,58778.0,69415.0,55642.0,44610.72,56777.280000000006
03-01 00:00,50253.0,55093.0,54966.0,65607.0,51384.0,48083.0,48083.0
03-01 01:00,46877.0,52639.0,52819.0,62897.0,49436.0,46291.0,46291.0
03-01 02:00,45588.0,51335.0,51736.0,61563.0,48169.0,46110.0,46110.0
03-01 03:00,45087.0,51648.0,52189.0,60827.0,48709.0,46759.0,46759.0
03-01 04:00,45241.0,53742.0,53704.0,62171.0,50825.0,49010.0,49010.0
03-01 05:00,45181.0,57960.0,57598.0,65932.0,55860.0,54074.0,54074.0
03-01 06:00,44309.0,66956.0,65781.0,74023.0,64031.0,62768.0,62768.0
03-01 07:00,46736.0,69623.0,69670.0,77355.0,67965.0,67016.0,67016.0
03-01 08:00,50708.0,70915.0,71957.0,78129.0,70080.0,68977.0,68977.0
03-01 09:00,54883.0,72329.0,72235.0,77521.0,71236.0,69546.0,69546.0
03-01 10:00,57115.0,74366.0,73759.0,77772.0,72246.0,69932.0,69932.0
03-01 11:00,59535.0,76357.0,74570.0,77713.0,72843.0,70248.0,70248.0
03-01 12:00,59380.0,76538.0,74173.0,77339.0,72233.0,70392.0,70392.0
03-01 13:00,57330.0,76413.0,73815.0,76678.0,71060.0,69390.0,69390.0
03-01 14:00,54957.0,75155.0,72593.0,75577.0,68964.0,66828.0,66828.0
03-01 15:00,53432.0,72928.0,71423.0,75175.0,68049.0,66071.0,66071.0
03-01 16:00,52905.0,70905.0,69501.0,73965.0,66671.0,64722.0,64722.0
03-01 17:00,56023.0,71423.0,70339.0,75739.0,67884.0,67409.0,67409.0
03-01 18:00,60213.0,74548.0,73062.0,78909.0,69129.0,70931.0,70931.0
03-01 19:00,59775.0,74327.0,72847.0,78699.0,68577.0,70894.0,70894.0
03-01 20:00,58182.0,71276.0,69733.0,75674.0,64625.0,67675.0,67675.0
03-01 21:00,55005.0,67111.0,65268.0,71820.0,60499.0,63796.0,63796.0
03-01 22:00,55503.0,64609.0,63089.0,69764.0,57960.0,60471.0,60471.0
03-01 23:00,52550.0,59670.0,58511.0,66289.0,54411.0,56720.0,56720.0
03-02 00:00,49025.0,55867.0,53995.0,64322.0,51336.0,53081.0,53081.0
03-02 01:00,47002.0,53271.0,51264.0,62220.0,48596.0,51262.0,51262.0
03-02 02:00,46135.0,51718.0,50327.0,60453.0,47162.0,50152.0,50152.0
03-02 03:00,47377.0,51779.0,50842.0,60354.0,46902.0,50701.0,50701.0
03-02 04:00,50293.0,53425.0,53048.0,61038.0,46778.0,52835.0,52835.0
03-02 05:00,56010.0,57591.0,57675.0,65044.0,47074.0,57178.0,57178.0
03-02 06:00,65401.0,66649.0,66519.0,72754.0,49318.0,64126.0,64126.0
03-02 07:00,69187.0,70792.0,70528.0,76122.0,53001.0,67950.0,67950.0
03-02 08:00,71074.0,72085.0,72241.0,77677.0,56932.0,69225.0,69225.0
03-02 09:00,71846.0,72844.0,73225.0,78222.0,59606.0,69810.0,69810.0
03-02 10:00,73435.0,74101.0,74102.0,79017.0,60555.0,69918.0,69918.0
03-02 11:00,74055.0,74645.0,74887.0,78859.0,61001.0,69833.0,69833.0
03-02 12:00,73325.0,73478.0,74216.0,78065.0,59996.0,69114.0,69114.0
03-02 13:00,72994.0,73787.0,73791.0,76645.0,58102.0,68283.0,68283.0
03-02 14:00,71502.0,72731.0,72299.0,75213.0,56199.0,65903.0,65903.0
03-02 15:00,71010.0,72345.0,71324.0,74576.0,55319.0,65037.0,65037.0
03-02 16:00,69886.0,70332.0,69712.0,73197.0,55437.0,63045.0,63045.0
03-02 17:00,70588.0,70601.0,70817.0,74286.0,58836.0,65698.0,65698.0
03-02 18:00,74457.0,73291.0,73880.0,77074.0,61324.0,69606.0,69606.0
03-02 19:00,74082.0,73189.0,73847.0,76654.0,61206.0,69715.0,69715.0
03-02 20:00,70012.0,69877.0,70682.0,73314.0,58015.0,66601.0,66601.0
03-02 21:00,66238.0,65557.0,66142.0,69638.0,54047.0,62733.0,62733.0
03-02 22:00,64376.0,63045.0,63135.0,67022.0,52590.0,59490.0,59490.0
03-02 23:00,59636.0,58465.0,58904.0,64569.0,49465.0,56010.0,56010.0
03-03 00:00,55886.0,54204.0,55223.0,61363.0,46609.0,52434.0,52434.0
03-03 01:00,53429.0,51606.0,52639.0,58847.0,44258.0,50546.0,50546.0
03-03 02:00,52307.0,50466.0,51488.0,57151.0,42786.0,49334.0,49334.0
03-03 03:00,52772.0,50844.0,52594.0,56341.0,42847.0,50258.0,50258.0
03-03 04:00,54732.0,53377.0,53957.0,56097.0,43423.0,52796.0,52796.0
03-03 05:00,58559.0,57786.0,57398.0,56007.0,43732.0,57222.0,57222.0
03-03 06:00,66996.0,66571.0,65632.0,56560.0,43993.0,64747.0,64747.0
03-03 07:00,70347.0,70612.0,69061.0,59767.0,46226.0,68929.0,68929.0
03-03 08:00,72084.0,71742.0,70514.0,63214.0,49993.0,70483.0,70483.0
03-03 09:00,72250.0,72304.0,70973.0,65944.0,52536.0,70096.0,70096.0
03-03 10:00,73560.0,73169.0,71340.0,67251.0,54688.0,70040.0,70040.0
03-03 11:00,74446.0,73615.0,71771.0,67226.0,56254.0,70289.0,70289.0
03-03 12:00,73943.0,72688.0,71220.0,66103.0,55750.0,69685.0,69685.0
03-03 13:00,73417.0,72503.0,70262.0,64072.0,53482.0,68847.0,68847.0
03-03 14:00,71252.0,71382.0,68136.0,62384.0,51582.0,67093.0,67093.0
03-03 15:00,70111.0,70661.0,67210.0,61796.0,51118.0,66481.0,66481.0
03-03 16:00,68569.0,68527.0,65678.0,61341.0,51722.0,64867.0,64867.0
03-03 17:00,70432.0,69920.0,67235.0,64000.0,54411.0,67396.0,67396.0
03-03 18:00,74071.0,73162.0,70308.0,67131.0,57508.0,70842.0,70842.0
03-03 19:00,74038.0,73001.0,70239.0,67021.0,57863.0,70777.0,70777.0
03-03 20:00,70382.0,69591.0,66933.0,64236.0,55498.0,67841.0,67841.0
03-03 21:00,66257.0,65530.0,62655.0,60959.0,52879.0,64121.0,64121.0
03-03 22:00,63558.0,62621.0,60118.0,60216.0,52928.0,61030.0,61030.0
03-03 23:00,58843.0,58086.0,55637.0,57760.0,50079.0,57011.0,57011.0
03-04 00:00,54738.0,54099.0,51294.0,54854.0,48067.0,53440.0,53440.0
03-04 01:00,52568.0,51628.0,49085.0,52453.0,46405.0,51494.0,51494.0
03-04 02:00,51460.0,50458.0,47116.0,50902.0,45359.0,50504.0,50504.0
03-04 03:00,52371.0,50560.0,47343.0,49980.0,46513.0,50943.0,50943.0
03-04 04:00,54388.0,52783.0,47564.0,49714.0,48925.0,52514.0,52514.0
03-04 05:00,59092.0,56766.0,47934.0,49330.0,53850.0,56623.0,56623.0
03-04 06:00,67318.0,65143.0,49422.0,48261.0,61579.0,63473.0,63473.0
03-04 07:00,70681.0,68956.0,52709.0,50860.0,66077.0,67695.0,67695.0
03-04 08:00,72488.0,70813.0,56580.0,54116.0,68569.0,69391.0,69391.0
03-04 09:00,72931.0,71804.0,59095.0,56893.0,69160.0,69681.0,69681.0
03-04 10:00,74269.0,72457.0,59643.0,59053.0,70093.0,70247.0,70247.0
03-04 11:00,74713.0,72954.0,59764.0,60026.0,71175.0,71308.0,71308.0
03-04 12:00,74409.0,72635.0,59063.0,59328.0,70116.0,70976.0,70976.0
03-04 13:00,74225.0,72475.0,56628.0,57103.0,68799.0,70328.0,70328.0
03-04 14:00,72196.0,70807.0,54284.0,55689.0,67975.0,68985.0,68985.0
03-04 15:00,71438.0,69509.0,53149.0,54973.0,67804.0,68735.0,68735.0
03-04 16:00,69769.0,68468.0,53168.0,56111.0,66159.0,67713.0,67713.0
03-04 17:00,70485.0,69668.0,56194.0,59875.0,68163.0,68545.0,68545.0
03-04 18:00,74865.0,72203.0,60378.0,64719.0,70949.0,70554.0,70554.0
03-04 19:00,74861.0,71851.0,60278.0,64568.0,70822.0,70326.0,70326.0
03-04 20:00,71676.0,67936.0,57746.0,62108.0,66956.0,67488.0,67488.0
03-04 21:00,67258.0,63068.0,53391.0,59783.0,62928.0,63773.0,63773.0
03-04 22:00,64222.0,60877.0,53001.0,60176.0,60012.0,60690.0,60690.0
03-04 23:00,60020.0,56684.0,49944.0,57045.0,56268.0,57110.0,57110.0
03-05 00:00,55845.0,53209.0,46627.0,53569.0,52970.0,53762.0,53762.0
03-05 01:00,53253.0,50254.0,44105.0,51738.0,51103.0,51647.0,51647.0
03-05 02:00,51910.0,48277.0,42895.0,51025.0,49939.0,50278.0,50278.0
03-05 03:00,52576.0,47946.0,42591.0,51592.0,50564.0,50387.0,50387.0
03-05 04:00,54167.0,48003.0,43376.0,53826.0,51997.0,52589.0,52589.0
03-05 05:00,58824.0,48064.0,43433.0,59157.0,56682.0,56707.0,56707.0
03-05 06:00,66847.0,49326.0,43281.0,67508.0,63601.0,63600.0,63600.0
03-05 07:00,70592.0,52805.0,46013.0,70873.0,67843.0,67973.0,67973.0
03-05 08:00,72235.0,57020.0,49637.0,72556.0,69980.0,69876.0,69876.0
03-05 09:00,72754.0,59485.0,52800.0,72701.0,71201.0,70768.0,70768.0
03-05 10:00,73312.0,60513.0,55038.0,72835.0,71742.0,71177.0,71177.0
03-05 11:00,73641.0,61151.0,57367.0,72925.0,72100.0,71850.0,71850.0
03-05 12:00,73031.0,60320.0,56965.0,72193.0,71669.0,71106.0,71106.0
03-05 13:00,73483.0,59411.0,53895.0,71812.0,70686.0,70158.0,70158.0
03-05 14:00,71587.0,57289.0,51671.0,70052.0,69048.0,67998.0,67998.0
03-05 15:00,70257.0,56538.0,50882.0,68964.0,68127.0,66998.0,66998.0
03-05 16:00,68899.0,56151.0,51792.0,66708.0,67166.0,65939.0,65939.0
03-05 17:00,69942.0,58625.0,54949.0,68409.0,68411.0,66883.0,66883.0
03-05 18:00,74276.0,61326.0,59443.0,72850.0,71268.0,70117.0,70117.0
03-05 19:00,74085.0,60665.0,59675.0,72474.0,71293.0,70039.0,70039.0
03-05 20:00,70689.0,57910.0,57914.0,69222.0,68011.0,66481.0,66481.0
03-05 21:00,66152.0,54388.0,54460.0,64853.0,63660.0,62046.0,62046.0
03-05 22:00,63793.0,53457.0,54333.0,63026.0,61029.0,59174.0,59174.0
03-05 23:00,59647.0,50870.0,51417.0,59032.0,57019.0,55721.0,55721.0
03-06 00:00,55415.0,47889.0,48082.0,55804.0,52516.0,52507.0,52507.0
03-06 01:00,52965.0,45101.0,46208.0,53510.0,49947.0,50419.0,50419.0
03-06 02:00,51863.0,43773.0,45544.0,52584.0,49062.0,49058.0,49058.0
03-06 03:00,52295.0,43288.0,46538.0,53211.0,49920.0,48812.0,48812.0
03-06 04:00,54249.0,43613.0,49391.0,55141.0,52400.0,49072.0,49072.0
03-06 05:00,58267.0,43404.0,54353.0,59478.0,56615.0,49208.0,49208.0
03-06 06:00,66274.0,42840.0,64316.0,66530.0,64261.0,50175.0,50175.0
03-06 07:00,70442.0,45490.0,68535.0,69992.0,67593.0,53895.0,53895.0
03-06 08:00,72352.0,49473.0,70445.0,71270.0,69591.0,56577.0,56577.0
03-06 09:00,72768.0,52779.0,71222.0,71487.0,69959.0,58685.0,58685.0
03-06 10:00,73093.0,54836.0,72651.0,71816.0,69770.0,59926.0,59926.0
03-06 11:00,73574.0,56790.0,73570.0,71975.0,70584.0,60482.0,60482.0
03-06 12:00,73139.0,56786.0,72946.0,71470.0,70373.0,60261.0,60261.0
03-06 13:00,71638.0,54689.0,72810.0,70886.0,70215.0,58417.0,58417.0
03-06 14:00,69488.0,52936.0,71620.0,69803.0,68668.0,56420.0,56420.0
03-06 15:00,68573.0,52249.0,70789.0,69713.0,68590.0,55347.0,55347.0
03-06 16:00,66719.0,51353.0,69376.0,68789.0,67555.0,54823.0,54823.0
03-06 17:00,67594.0,53855.0,70623.0,70360.0,69295.0,58314.0,58314.0
03-06 18:00,71184.0,58922.0,73606.0,73688.0,72629.0,61621.0,61621.0
03-06 19:00,70993.0,58999.0,73750.0,73667.0,72813.0,61767.0,61767.0
03-06 20:00,67221.0,57041.0,70570.0,69888.0,69344.0,59198.0,59198.0
03-06 21:00,63063.0,54247.0,66242.0,65887.0,64358.0,56054.0,56054.0
03-06 22:00,60663.0,54941.0,62885.0,62705.0,60781.0,55042.0,55042.0
03-06 23:00,57084.0,52490.0,58521.0,58945.0,56679.0,52700.0,52700.0
03-07 00:00,53422.0,49947.0,53736.0,54985.0,53187.0,50022.0,50022.0
03-07 01:00,50872.0,47989.0,51481.0,52378.0,50739.0,48282.0,48282.0
03-07 02:00,49271.0,46906.0,50189.0,51361.0,48773.0,46515.0,46515.0
03-07 03:00,49101.0,47561.0,51278.0,52120.0,48958.0,46040.0,46040.0
03-07 04:00,49612.0,49966.0,52726.0,54246.0,51182.0,46529.0,46529.0
03-07 05:00,49972.0,54869.0,58111.0,58393.0,55639.0,46813.0,46813.0
03-07 06:00,51021.0,63674.0,66514.0,66249.0,64011.0,46372.0,46372.0
03-07 07:00,54476.0,68152.0,70860.0,69943.0,67759.0,48575.0,48575.0
03-07 08:00,57886.0,70051.0,72452.0,72031.0,69805.0,52688.0,52688.0
03-07 09:00,60603.0,70822.0,72950.0,72339.0,70636.0,55712.0,55712.0
03-07 10:00,61478.0,71613.0,73701.0,72623.0,71922.0,57658.0,57658.0
03-07 11:00,61710.0,71869.0,73925.0,73419.0,72237.0,59165.0,59165.0
03-07 12:00,60878.0,71384.0,73151.0,73173.0,72184.0,59030.0,59030.0
03-07 13:00,59156.0,70912.0,73031.0,72732.0,71418.0,56639.0,56639.0
03-07 14:00,56905.0,69396.0,71611.0,71302.0,69974.0,54762.0,54762.0
03-07 15:00,55215.0,68506.0,70908.0,70899.0,69668.0,51773.0,51773.0
03-07 16:00,53929.0,67005.0,69329.0,69631.0,68205.0,52786.0,52786.0
03-07 17:00,56948.0,67798.0,70486.0,70874.0,69017.0,56479.0,56479.0
03-07 18:00,62227.0,72028.0,74028.0,73577.0,72732.0,59842.0,59842.0
03-07 19:00,62081.0,71864.0,73763.0,73304.0,72652.0,59800.0,59800.0
03-07 20:00,59185.0,68746.0,70204.0,69899.0,69472.0,56801.0,56801.0
03-07 21:00,54886.0,64748.0,65383.0,65481.0,65112.0,54509.0,54509.0
03-07 22:00,54112.0,62221.0,62632.0,63103.0,61754.0,54442.0,54442.0
03-07 23:00,51176.0,57342.0,58579.0,59271.0,57525.0,52428.0,52428.0
03-08 00:00,47687.0,54387.0,54574.0,54882.0,54456.0,49819.0,49819.0
03-08 01:00,44910.0,52328.0,52481.0,52477.0,51577.0,48051.0,48051.0
03-08 02:00,43510.0,51019.0,51092.0,51381.0,50065.0,46967.0,46967.0
03-08 03:00,43304.0,51459.0,51728.0,52173.0,51421.0,47758.0,47758.0
03-08 04:00,43668.0,53167.0,53410.0,54551.0,53258.0,49997.0,49997.0
03-08 05:00,43714.0,57410.0,58021.0,59045.0,57223.0,54371.0,54371.0
03-08 06:00,42753.0,65781.0,66064.0,67041.0,64210.0,62300.0,62300.0
03-08 07:00,45628.0,69468.0,70441.0,70546.0,68139.0,66737.0,66737.0
03-08 08:00,49493.0,70949.0,72517.0,72465.0,69654.0,69055.0,69055.0
03-08 09:00,52129.0,72190.0,72834.0,72941.0,70601.0,70130.0,70130.0
03-08 10:00,54253.0,72824.0,74229.0,73533.0,71279.0,70228.0,70228.0
03-08 11:00,55484.0,73452.0,75404.0,73994.0,71510.0,71033.0,71033.0
03-08 12:00,54660.0,72857.0,75241.0,73457.0,70829.0,70630.0,70630.0
03-08 13:00,52274.0,72425.0,75425.0,73407.0,69806.0,70009.0,70009.0
03-08 14:00,49853.0,71054.0,73945.0,71750.0,67146.0,67800.0,67800.0
03-08 15:00,48191.0,69920.0,73492.0,71506.0,66210.0,67186.0,67186.0
03-08 16:00,48210.0,68032.0,72258.0,70271.0,64589.0,65607.0,65607.0
03-08 17:00,52150.0,68729.0,72835.0,71596.0,65632.0,67464.0,67464.0
03-08 18:00,58409.0,72969.0,74719.0,74897.0,68513.0,71064.0,71064.0
03-08 19:00,58520.0,72980.0,74341.0,75073.0,68536.0,71026.0,71026.0
03-08 20:00,56628.0,69548.0,70514.0,72261.0,65113.0,67618.0,67618.0
03-08 21:00,53632.0,65438.0,66411.0,67675.0,61163.0,63433.0,63433.0
03-08 22:00,54121.0,63111.0,63148.0,65706.0,58258.0,61148.0,61148.0
03-08 23:00,51442.0,58778.0,58600.0,61268.0,54551.0,58074.0,58074.0
03-09 00:00,47841.0,55449.0,54638.0,57052.0,51579.0,54107.0,54107.0
03-09 01:00,45899.0,52544.0,52074.0,54763.0,48781.0,51896.0,51896.0
03-09 02:00,45014.0,51506.0,50846.0,53523.0,47223.0,50933.0,50933.0
03-09 03:00,46172.0,51319.0,51216.0,54558.0,47610.0,51481.0,51481.0
03-09 04:00,49001.0,53451.0,52834.0,56640.0,48186.0,53225.0,53225.0
03-09 05:00,54270.0,58263.0,57964.0,61478.0,48747.0,58005.0,58005.0
03-09 06:00,63768.0,65674.0,65961.0,68536.0,50405.0,64803.0,64803.0
03-09 07:00,67918.0,69591.0,69943.0,72638.0,54131.0,69195.0,69195.0
03-09 08:00,69461.0,70854.0,71906.0,74281.0,57325.0,71127.0,71127.0
03-09 09:00,70099.0,70796.0,71858.0,74292.0,59652.0,72236.0,72236.0
03-09 10:00,71126.0,71723.0,73296.0,75135.0,60771.0,72434.0,72434.0
03-09 11:00,72358.0,72192.0,73899.0,74939.0,61416.0,73660.0,73660.0
03-09 12:00,71301.0,71274.0,73315.0,74180.0,60487.0,73563.0,73563.0
03-09 13:00,70585.0,71143.0,72963.0,72539.0,58947.0,72579.0,72579.0
03-09 14:00,68680.0,69723.0,71521.0,70318.0,57242.0,70491.0,70491.0
03-09 15:00,68034.0,69138.0,70534.0,69011.0,56457.0,69711.0,69711.0
03-09 16:00,66131.0,67463.0,69425.0,67849.0,56653.0,68387.0,68387.0
03-09 17:00,66828.0,67959.0,70889.0,68293.0,58110.0,69885.0,69885.0
03-09 18:00,72649.0,73255.0,73980.0,71209.0,61016.0,72266.0,72266.0
03-09 19:00,72698.0,73341.0,74068.0,70842.0,60736.0,72104.0,72104.0
03-09 20:00,69341.0,70334.0,71280.0,67012.0,58015.0,68837.0,68837.0
03-09 21:00,64829.0,66531.0,66929.0,62443.0,54496.0,64090.0,64090.0
03-09 22:00,61890.0,63823.0,63830.0,60115.0,52306.0,60974.0,60974.0
03-09 23:00,57259.0,58933.0,59089.0,56600.0,49412.0,57074.0,57074.0
03-10 00:00,53031.0,54615.0,54378.0,52921.0,46668.0,53570.0,53570.0
03-10 01:00,50229.0,52237.0,51669.0,50403.0,43842.0,51079.0,51079.0
03-10 02:00,49546.0,50707.0,50603.0,48740.0,42807.0,50277.0,50277.0
03-10 03:00,50337.0,50932.0,51351.0,48297.0,42195.0,50848.0,50848.0
03-10 04:00,52554.0,53094.0,53435.0,48697.0,42048.0,53303.0,53303.0
03-10 05:00,56593.0,57516.0,58092.0,48910.0,41968.0,57871.0,57871.0
03-10 06:00,65005.0,65272.0,65563.0,50522.0,41750.0,64450.0,64450.0
03-10 07:00,68871.0,68916.0,69567.0,54628.0,44079.0,69022.0,69022.0
03-10 08:00,70952.0,70385.0,71181.0,58147.0,48179.0,70845.0,70845.0
03-10 09:00,71580.0,70639.0,71409.0,60801.0,51871.0,71287.0,71287.0
03-10 10:00,72488.0,71597.0,71581.0,61635.0,54413.0,71693.0,71693.0
03-10 11:00,73392.0,71749.0,71879.0,61891.0,56056.0,72335.0,72335.0
03-10 12:00,72368.0,71388.0,71323.0,61581.0,55870.0,71882.0,71882.0
03-10 13:00,72132.0,70908.0,70080.0,59925.0,54340.0,70722.0,70722.0
03-10 14:00,70553.0,69597.0,67920.0,57701.0,53335.0,69260.0,69260.0
03-10 15:00,69684.0,68622.0,66696.0,56896.0,53096.0,68665.0,68665.0
03-10 16:00,68145.0,67154.0,64944.0,56918.0,52260.0,67450.0,67450.0
03-10 17:00,68182.0,68287.0,65569.0,58959.0,54306.0,69453.0,69453.0
03-10 18:00,72768.0,72321.0,69829.0,62253.0,57923.0,72942.0,72942.0
03-10 19:00,72835.0,72465.0,70375.0,62319.0,58003.0,73023.0,73023.0
03-10 20:00,69798.0,69172.0,66962.0,59276.0,56280.0,70433.0,70433.0
03-10 21:00,65394.0,64751.0,62351.0,55411.0,54118.0,66863.0,66863.0
03-10 22:00,62055.0,62060.0,59571.0,54062.0,54012.0,64343.0,64343.0
03-10 23:00,57299.0,57135.0,56007.0,50583.0,51613.0,60499.0,60499.0
03-11 00:00,53141.0,53163.0,52215.0,47249.0,49603.0,56854.0,56854.0
03-11 01:00,50448.0,51085.0,49314.0,44625.0,47405.0,54930.0,54930.0
03-11 02:00,49832.0,49756.0,48070.0,42926.0,47004.0,53565.0,53565.0
03-11 03:00,50401.0,50588.0,47738.0,42522.0,47491.0,53965.0,53965.0
03-11 04:00,52444.0,52575.0,48195.0,42761.0,49807.0,56366.0,56366.0
03-11 05:00,57099.0,56775.0,48227.0,42675.0,54960.0,60873.0,60873.0
03-11 06:00,65158.0,64501.0,49197.0,42362.0,63429.0,67594.0,67594.0
03-11 07:00,69023.0,68781.0,52943.0,45804.0,67937.0,72252.0,72252.0
03-11 08:00,70280.0,70486.0,56403.0,49245.0,69767.0,74353.0,74353.0
03-11 09:00,70978.0,71241.0,58707.0,52261.0,70722.0,74821.0,74821.0
03-11 10:00,72265.0,71615.0,59556.0,53544.0,71390.0,75371.0,75371.0
03-11 11:00,72881.0,71932.0,60296.0,55975.0,72235.0,76697.0,76697.0
03-11 12:00,71911.0,70932.0,59959.0,55940.0,72146.0,76407.0,76407.0
03-11 13:00,71627.0,70486.0,57926.0,53947.0,71786.0,75334.0,75334.0
03-11 14:00,69734.0,68372.0,55581.0,51801.0,69937.0,73381.0,73381.0
03-11 15:00,68924.0,67250.0,54390.0,51270.0,69079.0,72010.0,72010.0
03-11 16:00,67029.0,65969.0,54029.0,51091.0,67655.0,71048.0,71048.0
03-11 17:00,67570.0,66947.0,56826.0,54197.0,68686.0,72748.0,72748.0
03-11 18:00,72625.0,69825.0,61368.0,59016.0,71729.0,75099.0,75099.0
03-11 19:00,72979.0,69928.0,61849.0,59514.0,72133.0,74826.0,74826.0
03-11 20:00,69893.0,66431.0,58911.0,57115.0,68461.0,71169.0,71169.0
03-11 21:00,65345.0,62042.0,54597.0,54649.0,63827.0,66528.0,66528.0
03-11 22:00,62981.0,60403.0,53294.0,54428.0,61085.0,63474.0,63474.0
03-11 23:00,57856.0,56158.0,50223.0,51019.0,57025.0,60027.0,60027.0
03-12 00:00,53878.0,52651.0,46976.0,47821.0,53667.0,56948.0,56948.0
03-12 01:00,51343.0,49681.0,44237.0,45782.0,50934.0,54711.0,54711.0
03-12 02:00,50601.0,47795.0,42564.0,44698.0,49720.0,53056.0,53056.0
03-12 03:00,51312.0,48110.0,42841.0,45900.0,50996.0,54174.0,54174.0
03-12 04:00,53063.0,48468.0,43132.0,48780.0,52954.0,56063.0,56063.0
03-12 05:00,57251.0,48612.0,43078.0,53812.0,57254.0,59911.0,59911.0
03-12 06:00,65107.0,49455.0,42316.0,62639.0,64830.0,66528.0,66528.0
03-12 07:00,68668.0,53273.0,44918.0,67293.0,68637.0,70775.0,70775.0
03-12 08:00,70406.0,57230.0,48448.0,69611.0,70491.0,72308.0,72308.0
03-12 09:00,70620.0,59884.0,51616.0,70723.0,70611.0,73015.0,73015.0
03-12 10:00,71778.0,60670.0,53767.0,71458.0,71066.0,74111.0,74111.0
03-12 11:00,72586.0,61361.0,55292.0,72019.0,71182.0,74473.0,74473.0
03-12 12:00,71447.0,60771.0,54955.0,71351.0,70664.0,73767.0,73767.0
03-12 13:00,70764.0,58729.0,52814.0,70964.0,70626.0,72612.0,72612.0
03-12 14:00,69388.0,56475.0,49869.0,69009.0,69648.0,69855.0,69855.0
03-12 15:00,68634.0,55454.0,48725.0,68832.0,69495.0,69308.0,69308.0
03-12 16:00,66806.0,54915.0,49287.0,67158.0,68223.0,68310.0,68310.0
03-12 17:00,67885.0,57192.0,53160.0,68313.0,69796.0,69279.0,69279.0
03-12 18:00,72467.0,60871.0,58587.0,71982.0,73145.0,71660.0,71660.0
03-12 19:00,72868.0,60952.0,58979.0,71622.0,73151.0,71475.0,71475.0
03-12 20:00,69770.0,57929.0,57479.0,68471.0,69675.0,67766.0,67766.0
03-12 21:00,65301.0,54462.0,54481.0,64006.0,65577.0,64095.0,64095.0
03-12 22:00,62402.0,53821.0,54268.0,61644.0,62093.0,60889.0,60889.0
03-12 23:00,58258.0,51137.0,51372.0,57208.0,57860.0,57414.0,57414.0
03-13 00:00,54478.0,47565.0,47790.0,53693.0,53999.0,53956.0,53956.0
03-13 01:00,51593.0,44702.0,46234.0,51402.0,51653.0,51458.0,51458.0
03-13 02:00,50503.0,43405.0,45556.0,50327.0,50956.0,50428.0,50428.0
03-13 03:00,51095.0,42842.0,46600.0,51183.0,51842.0,50196.0,50196.0
03-13 04:00,52939.0,43233.0,49236.0,53461.0,54291.0,50235.0,50235.0
03-13 05:00,57092.0,43071.0,55726.0,58281.0,58609.0,50529.0,50529.0
03-13 06:00,64987.0,41900.0,63732.0,66197.0,66329.0,51527.0,51527.0
03-13 07:00,69134.0,45175.0,68076.0,70080.0,69873.0,54827.0,54827.0
03-13 08:00,70819.0,48718.0,69338.0,72132.0,71196.0,59243.0,59243.0
03-13 09:00,71438.0,51838.0,69356.0,73085.0,72330.0,62918.0,62918.0
03-13 10:00,72665.0,53908.0,70103.0,74039.0,72885.0,65009.0,65009.0
03-13 11:00,73152.0,55797.0,70670.0,74473.0,73162.0,65913.0,65913.0
03-13 12:00,72460.0,55302.0,70233.0,73933.0,73114.0,65499.0,65499.0
03-13 13:00,70391.0,53479.0,69985.0,73513.0,73027.0,63952.0,63952.0
03-13 14:00,67869.0,51420.0,67888.0,72026.0,71838.0,61756.0,61756.0
03-13 15:00,66997.0,50299.0,67626.0,71567.0,70821.0,61002.0,61002.0
03-13 16:00,66122.0,50449.0,66230.0,70273.0,69756.0,60451.0,60451.0
03-13 17:00,66920.0,53575.0,66639.0,71286.0,70566.0,61552.0,61552.0
03-13 18:00,70825.0,58108.0,70849.0,73732.0,72995.0,64301.0,64301.0
03-13 19:00,71143.0,58327.0,71261.0,73672.0,73200.0,64376.0,64376.0
03-13 20:00,67748.0,56789.0,68058.0,70168.0,69820.0,61830.0,61830.0
03-13 21:00,62917.0,53931.0,63491.0,65734.0,65678.0,58273.0,58273.0
03-13 22:00,60750.0,54341.0,60294.0,62541.0,62361.0,57039.0,57039.0
03-13 23:00,56873.0,51403.0,55805.0,57922.0,58391.0,54813.0,54813.0
03-14 00:00,53138.0,48819.0,51672.0,54235.0,55157.0,51699.0,51699.0
03-14 01:00,50376.0,46682.0,49365.0,51682.0,52357.0,49346.0,49346.0
03-14 02:00,48691.0,45864.0,48069.0,50649.0,51042.0,47994.0,47994.0
03-14 03:00,48472.0,46528.0,49031.0,51132.0,51526.0,47556.0,47556.0
03-14 04:00,48798.0,49011.0,51658.0,53168.0,53470.0,47860.0,47860.0
03-14 05:00,49193.0,54725.0,56567.0,57051.0,57760.0,47508.0,47508.0
03-14 06:00,50119.0,62923.0,65022.0,65004.0,65522.0,46993.0,46993.0
03-14 07:00,54284.0,67473.0,69215.0,68927.0,69762.0,49917.0,49917.0
03-14 08:00,58164.0,69085.0,70157.0,70473.0,71671.0,53353.0,53353.0
03-14 09:00,60607.0,69716.0,70390.0,70415.0,73104.0,55991.0,55991.0
03-14 10:00,61760.0,70111.0,70825.0,71025.0,73825.0,58602.0,58602.0
03-14 11:00,62406.0,70504.0,71661.0,71413.0,74591.0,61031.0,61031.0
03-14 12:00,61543.0,69993.0,70842.0,70656.0,74207.0,61015.0,61015.0
03-14 13:00,60067.0,69554.0,70769.0,70033.0,74074.0,57919.0,57919.0
03-14 14:00,58277.0,67765.0,68963.0,68532.0,72148.0,55899.0,55899.0
03-14 15:00,57881.0,66814.0,68229.0,67924.0,71384.0,54642.0,54642.0
03-14 16:00,57181.0,64961.0,67206.0,66773.0,70347.0,54045.0,54045.0
03-14 17:00,59225.0,65937.0,68275.0,68362.0,70763.0,56649.0,56649.0
03-14 18:00,62481.0,70396.0,72305.0,71906.0,72636.0,59570.0,59570.0
03-14 19:00,62167.0,71041.0,72661.0,72073.0,72636.0,59966.0,59966.0
03-14 20:00,58958.0,68467.0,69914.0,69213.0,68878.0,58579.0,58579.0
03-14 21:00,55181.0,64014.0,64802.0,64982.0,64849.0,56169.0,56169.0
03-14 22:00,54348.0,61562.0,61269.0,62537.0,61832.0,56284.0,56284.0
03-14 23:00,51006.0,56914.0,55988.0,58492.0,57841.0,53045.0,53045.0
03-15 00:00,47682.0,53412.0,51692.0,54891.0,53983.0,50695.0,50695.0
03-15 01:00,45030.0,50679.0,49450.0,52542.0,51491.0,49182.0,49182.0
03-15 02:00,43863.0,49316.0,48063.0,52121.0,50430.0,48342.0,48342.0
03-15 03:00,43702.0,49954.0,49344.0,53189.0,51223.0,49119.0,49119.0
03-15 04:00,44007.0,52245.0,51127.0,55403.0,53014.0,51171.0,51171.0
03-15 05:00,43948.0,56699.0,56048.0,60095.0,57008.0,55988.0,55988.0
03-15 06:00,43165.0,64359.0,64347.0,67755.0,64165.0,63251.0,63251.0
03-15 07:00,46361.0,68340.0,68327.0,71827.0,68654.0,67996.0,67996.0
03-15 08:00,50090.0,70396.0,70031.0,73488.0,70567.0,70916.0,70916.0
03-15 09:00,53137.0,71044.0,69952.0,73337.0,71687.0,71920.0,71920.0
03-15 10:00,55735.0,72213.0,71152.0,73928.0,73002.0,73037.0,73037.0
03-15 11:00,57776.0,73516.0,71427.0,74426.0,73813.0,73861.0,73861.0
03-15 12:00,57515.0,72924.0,70982.0,73566.0,73598.0,73720.0,73720.0
03-15 13:00,55316.0,72605.0,70543.0,73598.0,72745.0,73162.0,73162.0
03-15 14:00,53456.0,71288.0,68159.0,72574.0,70955.0,70902.0,70902.0
03-15 15:00,52229.0,70656.0,67596.0,72402.0,69695.0,70088.0,70088.0
03-15 16:00,51873.0,69411.0,65923.0,71129.0,68704.0,68196.0,68196.0
03-15 17:00,54378.0,69823.0,66204.0,72248.0,68772.0,69204.0,69204.0
03-15 18:00,59649.0,73074.0,70222.0,75804.0,70633.0,71196.0,71196.0
03-15 19:00,59913.0,73277.0,71243.0,75586.0,70876.0,71418.0,71418.0
03-15 20:00,58130.0,69933.0,68471.0,72302.0,66685.0,68469.0,68469.0
03-15 21:00,55139.0,65400.0,63902.0,68067.0,62260.0,64558.0,64558.0
03-15 22:00,55471.0,62283.0,60862.0,65036.0,59388.0,61858.0,61858.0
03-15 23:00,52430.0,57776.0,56428.0,60446.0,55943.0,57838.0,57838.0
03-16 00:00,49161.0,53616.0,51967.0,55997.0,52202.0,55037.0,55037.0
03-16 01:00,47142.0,51227.0,49312.0,53796.0,49636.0,52707.0,52707.0
03-16 02:00,46374.0,50274.0,48631.0,52477.0,47838.0,51839.0,51839.0
03-16 03:00,47597.0,50805.0,49534.0,53173.0,47299.0,52513.0,52513.0
03-16 04:00,49629.0,52897.0,51591.0,55465.0,47845.0,55028.0,55028.0
03-16 05:00,55543.0,57536.0,56297.0,59576.0,47874.0,58825.0,58825.0
03-16 06:00,63705.0,65390.0,63711.0,67079.0,48615.0,65126.0,65126.0
03-16 07:00,68477.0,69822.0,68013.0,71371.0,52177.0,69748.0,69748.0
03-16 08:00,70423.0,71065.0,68790.0,73556.0,55728.0,71932.0,71932.0
03-16 09:00,70827.0,71495.0,68813.0,73978.0,58221.0,72377.0,72377.0
03-16 10:00,71930.0,73175.0,69763.0,74507.0,59761.0,72663.0,72663.0
03-16 11:00,72592.0,73679.0,69930.0,74951.0,60674.0,74239.0,74239.0
03-16 12:00,71763.0,72659.0,69469.0,74452.0,60059.0,73116.0,73116.0
03-16 13:00,71137.0,71856.0,69296.0,73508.0,59093.0,72436.0,72436.0
03-16 14:00,70027.0,69931.0,67354.0,71501.0,57919.0,70609.0,70609.0
03-16 15:00,68926.0,68990.0,66328.0,70799.0,56994.0,69750.0,69750.0
03-16 16:00,66625.0,67017.0,65379.0,69631.0,56227.0,68065.0,68065.0
03-16 17:00,66572.0,67844.0,65391.0,70258.0,57494.0,68031.0,68031.0
03-16 18:00,71416.0,71947.0,69657.0,73370.0,60332.0,70839.0,70839.0
03-16 19:00,72128.0,72784.0,70715.0,73565.0,60698.0,71201.0,71201.0
03-16 20:00,69198.0,69820.0,68023.0,70110.0,57991.0,67840.0,67840.0
03-16 21:00,64625.0,65433.0,63564.0,65539.0,54765.0,63796.0,63796.0
03-16 22:00,61370.0,62499.0,61003.0,63580.0,53083.0,61124.0,61124.0
03-16 23:00,56771.0,58258.0,55876.0,60051.0,49987.0,57161.0,57161.0
03-17 00:00,52726.0,54370.0,51724.0,56856.0,46544.0,53839.0,53839.0
03-17 01:00,50089.0,51472.0,49508.0,54486.0,44368.0,51705.0,51705.0
03-17 02:00,48982.0,50076.0,48041.0,53475.0,43135.0,51027.0,51027.0
03-17 03:00,49605.0,50914.0,48951.0,53193.0,43159.0,51402.0,51402.0
03-17 04:00,52071.0,52792.0,51092.0,53816.0,43533.0,53753.0,53753.0
03-17 05:00,56844.0,57575.0,55543.0,53865.0,43434.0,58166.0,58166.0
03-17 06:00,64083.0,63995.0,62927.0,54727.0,43336.0,64173.0,64173.0
03-17 07:00,67696.0,67685.0,67116.0,58732.0,45995.0,68308.0,68308.0
03-17 08:00,69235.0,69298.0,69014.0,63200.0,49599.0,70137.0,70137.0
03-17 09:00,69038.0,69402.0,69802.0,66010.0,52229.0,70780.0,70780.0
03-17 10:00,69979.0,69841.0,71409.0,66918.0,54217.0,71792.0,71792.0
03-17 11:00,70823.0,70115.0,72665.0,67428.0,56052.0,72061.0,72061.0
03-17 12:00,70019.0,69280.0,72040.0,66898.0,55409.0,71938.0,71938.0
03-17 13:00,69642.0,69131.0,70185.0,65149.0,53976.0,71138.0,71138.0
03-17 14:00,68266.0,67989.0,67607.0,63733.0,52670.0,69489.0,69489.0
03-17 15:00,67349.0,66971.0,66680.0,63012.0,52079.0,68958.0,68958.0
03-17 16:00,65301.0,64577.0,65981.0,62642.0,52862.0,67628.0,67628.0
03-17 17:00,65173.0,65751.0,66403.0,64146.0,54411.0,67588.0,67588.0
03-17 18:00,70221.0,70187.0,68612.0,67100.0,57730.0,70502.0,70502.0
03-17 19:00,71081.0,71517.0,69079.0,66923.0,58162.0,71012.0,71012.0
03-17 20:00,68341.0,69023.0,65553.0,64517.0,56449.0,67748.0,67748.0
03-17 21:00,63661.0,64460.0,60955.0,61029.0,53612.0,63597.0,63597.0
03-17 22:00,60172.0,61920.0,58229.0,60246.0,54005.0,60830.0,60830.0
03-17 23:00,55335.0,57308.0,54541.0,57870.0,51829.0,57133.0,57133.0
03-18 00:00,51602.0,53346.0,50836.0,55246.0,49019.0,54450.0,54450.0
03-18 01:00,49262.0,51069.0,48535.0,53352.0,47530.0,51833.0,51833.0
03-18 02:00,48326.0,49897.0,46963.0,51825.0,46848.0,50951.0,50951.0
03-18 03:00,49165.0,50760.0,46943.0,51393.0,47815.0,51289.0,51289.0
03-18 04:00,51560.0,52743.0,47682.0,50902.0,50052.0,52950.0,52950.0
03-18 05:00,56095.0,57166.0,48291.0,50759.0,54677.0,57361.0,57361.0
03-18 06:00,63524.0,64120.0,49888.0,49452.0,62446.0,63494.0,63494.0
03-18 07:00,67247.0,68163.0,54404.0,52895.0,67685.0,67716.0,67716.0
03-18 08:00,68418.0,70025.0,58846.0,56725.0,69143.0,69541.0,69541.0
03-18 09:00,69102.0,70635.0,61663.0,59901.0,69554.0,69761.0,69761.0
03-18 10:00,69791.0,71087.0,63098.0,62184.0,70103.0,70343.0,70343.0
03-18 11:00,70328.0,71317.0,63623.0,63858.0,71113.0,71299.0,71299.0
03-18 12:00,69765.0,70517.0,62960.0,63172.0,70616.0,71047.0,71047.0
03-18 13:00,69317.0,69943.0,61008.0,60896.0,70092.0,70391.0,70391.0
03-18 14:00,67459.0,67594.0,58836.0,58987.0,68437.0,68867.0,68867.0
03-18 15:00,66465.0,66505.0,57579.0,57958.0,68480.0,68492.0,68492.0
03-18 16:00,64907.0,64986.0,56637.0,58352.0,66434.0,67660.0,67660.0
03-18 17:00,65537.0,65987.0,58188.0,59890.0,66518.0,68083.0,68083.0
03-18 18:00,70436.0,68947.0,61025.0,63473.0,69827.0,71108.0,71108.0
03-18 19:00,71595.0,69406.0,60739.0,64085.0,70749.0,71404.0,71404.0
03-18 20:00,68083.0,66386.0,58132.0,61938.0,67900.0,68182.0,68182.0
03-18 21:00,63352.0,61830.0,53917.0,59245.0,63776.0,64501.0,64501.0
03-18 22:00,59908.0,59180.0,52613.0,59262.0,60576.0,61589.0,61589.0
03-18 23:00,55257.0,55634.0,49253.0,57401.0,56058.0,58087.0,58087.0
03-19 00:00,51594.0,51370.0,45904.0,54357.0,52509.0,54546.0,54546.0
03-19 01:00,49139.0,48638.0,43136.0,52828.0,51103.0,52262.0,52262.0
03-19 02:00,47911.0,47020.0,41385.0,51654.0,49970.0,51252.0,51252.0
03-19 03:00,48840.0,46973.0,40876.0,51916.0,50661.0,51934.0,51934.0
03-19 04:00,51372.0,47407.0,40925.0,54028.0,53368.0,54151.0,54151.0
03-19 05:00,56143.0,47649.0,41110.0,58653.0,57797.0,58423.0,58423.0
03-19 06:00,63079.0,49003.0,40852.0,66162.0,64996.0,64774.0,64774.0
03-19 07:00,67186.0,53033.0,44384.0,70564.0,68322.0,69428.0,69428.0
03-19 08:00,69071.0,56856.0,48554.0,72021.0,69130.0,71185.0,71185.0
03-19 09:00,69597.0,59350.0,52147.0,72629.0,69298.0,71882.0,71882.0
03-19 10:00,70859.0,60292.0,55305.0,73656.0,70230.0,72686.0,72686.0
03-19 11:00,71531.0,61142.0,57413.0,73862.0,70801.0,72860.0,72860.0
03-19 12:00,70784.0,60543.0,57083.0,73147.0,69747.0,72357.0,72357.0
03-19 13:00,70448.0,58830.0,55532.0,72614.0,69423.0,71780.0,71780.0
03-19 14:00,68839.0,56626.0,56258.0,71351.0,68617.0,70018.0,70018.0
03-19 15:00,67407.0,55381.0,55731.0,71013.0,67723.0,68682.0,68682.0
03-19 16:00,65663.0,54885.0,56223.0,69298.0,66337.0,67333.0,67333.0
03-19 17:00,66194.0,56820.0,58634.0,70258.0,66687.0,67474.0,67474.0
03-19 18:00,71024.0,60514.0,62128.0,73433.0,70231.0,70050.0,70050.0
03-19 19:00,71707.0,61057.0,62550.0,73907.0,71188.0,70309.0,70309.0
03-19 20:00,68639.0,58170.0,61072.0,71635.0,68405.0,67046.0,67046.0
03-19 21:00,64199.0,54564.0,57478.0,67384.0,64307.0,62541.0,62541.0
03-19 22:00,60804.0,53565.0,56922.0,65020.0,61108.0,59091.0,59091.0
03-19 23:00,56272.0,50840.0,53834.0,61447.0,57561.0,55859.0,55859.0
03-20 00:00,51985.0,47401.0,47333.0,58082.0,53690.0,52598.0,52598.0
03-20 01:00,49532.0,44485.0,45415.0,55772.0,51677.0,50118.0,50118.0
03-20 02:00,48539.0,42901.0,43903.0,54502.0,50918.0,48826.0,48826.0
03-20 03:00,49343.0,42675.0,44497.0,54705.0,51713.0,49152.0,49152.0
03-20 04:00,51447.0,43169.0,46929.0,56499.0,53412.0,48824.0,48824.0
03-20 05:00,56171.0,43120.0,52739.0,60472.0,58758.0,49286.0,49286.0
03-20 06:00,63554.0,42614.0,62432.0,67518.0,65708.0,49969.0,49969.0
03-20 07:00,67401.0,45646.0,67535.0,71703.0,68903.0,53637.0,53637.0
03-20 08:00,68968.0,49308.0,69824.0,73581.0,70381.0,57067.0,57067.0
03-20 09:00,69746.0,52408.0,70607.0,74305.0,70287.0,59466.0,59466.0
03-20 10:00,71224.0,54456.0,72042.0,74790.0,70102.0,59800.0,59800.0
03-20 11:00,71490.0,56290.0,72550.0,75273.0,70341.0,61009.0,61009.0
03-20 12:00,71179.0,55715.0,72074.0,74820.0,69878.0,61081.0,61081.0
03-20 13:00,69290.0,54159.0,72062.0,74402.0,70226.0,59559.0,59559.0
03-20 14:00,67260.0,52651.0,70453.0,72876.0,68603.0,57601.0,57601.0
03-20 15:00,65617.0,51439.0,69268.0,71772.0,67582.0,56851.0,56851.0
03-20 16:00,63791.0,50818.0,67869.0,70759.0,66016.0,57304.0,57304.0
03-20 17:00,64395.0,52704.0,68659.0,71431.0,66737.0,59515.0,59515.0
03-20 18:00,68377.0,57008.0,71997.0,74105.0,70000.0,61977.0,61977.0
03-20 19:00,69298.0,57768.0,72712.0,74800.0,71215.0,62362.0,62362.0
03-20 20:00,66441.0,56278.0,70165.0,72142.0,68210.0,60016.0,60016.0
03-20 21:00,62243.0,53868.0,64758.0,68093.0,64174.0,56235.0,56235.0
03-20 22:00,59639.0,54628.0,61426.0,64734.0,60882.0,55300.0,55300.0
03-20 23:00,55687.0,51570.0,56554.0,60480.0,56482.0,53001.0,53001.0
03-21 00:00,52080.0,48619.0,52811.0,56910.0,52526.0,50484.0,50484.0
03-21 01:00,49102.0,46357.0,49798.0,54386.0,50018.0,47472.0,47472.0
03-21 02:00,47680.0,45612.0,48634.0,53550.0,49408.0,46300.0,46300.0
03-21 03:00,47429.0,46448.0,49544.0,54139.0,50325.0,45851.0,45851.0
03-21 04:00,47977.0,48700.0,51575.0,55833.0,52009.0,45852.0,45852.0
03-21 05:00,48160.0,53632.0,55864.0,60251.0,57804.0,46121.0,46121.0
03-21 06:00,48927.0,60846.0,63840.0,66737.0,64810.0,46582.0,46582.0
03-21 07:00,52917.0,66350.0,68186.0,70411.0,68838.0,48987.0,48987.0
03-21 08:00,56998.0,68725.0,69917.0,71995.0,70076.0,52304.0,52304.0
03-21 09:00,60017.0,69710.0,70424.0,71970.0,69800.0,55159.0,55159.0
03-21 10:00,60741.0,70941.0,72114.0,72564.0,69934.0,57666.0,57666.0
03-21 11:00,61811.0,72215.0,72607.0,73097.0,70873.0,59512.0,59512.0
03-21 12:00,61304.0,71527.0,72189.0,72463.0,70610.0,59447.0,59447.0
03-21 13:00,59994.0,71436.0,72599.0,72660.0,69941.0,57744.0,57744.0
03-21 14:00,57938.0,70079.0,70700.0,71046.0,68181.0,55954.0,55954.0
03-21 15:00,56974.0,68753.0,69957.0,70472.0,67250.0,55275.0,55275.0
03-21 16:00,56670.0,67552.0,68177.0,68768.0,65141.0,54853.0,54853.0
03-21 17:00,58375.0,68202.0,68070.0,69657.0,66523.0,56510.0,56510.0
03-21 18:00,60761.0,70920.0,70589.0,73256.0,70034.0,59895.0,59895.0
03-21 19:00,61222.0,71461.0,71456.0,74109.0,71032.0,60747.0,60747.0
03-21 20:00,58527.0,68614.0,68638.0,71583.0,68476.0,58180.0,58180.0
03-21 21:00,54914.0,64202.0,63844.0,67679.0,63849.0,55503.0,55503.0
03-21 22:00,54182.0,61600.0,60801.0,65010.0,60255.0,55375.0,55375.0
03-21 23:00,50977.0,56795.0,56443.0,61554.0,56162.0,52699.0,52699.0
03-22 00:00,47682.0,52774.0,53007.0,58379.0,51981.0,49676.0,49676.0
03-22 01:00,44823.0,50233.0,50538.0,56240.0,49553.0,48116.0,48116.0
03-22 02:00,43351.0,49030.0,49853.0,54606.0,48287.0,47366.0,47366.0
03-22 03:00,43193.0,49815.0,50531.0,55431.0,48912.0,48030.0,48030.0
03-22 04:00,43320.0,51918.0,52487.0,57236.0,51070.0,49968.0,49968.0
03-22 05:00,43241.0,55872.0,57710.0,61674.0,56661.0,54717.0,54717.0
03-22 06:00,42166.0,63205.0,64895.0,68535.0,63688.0,62003.0,62003.0
03-22 07:00,45244.0,67884.0,69302.0,72283.0,67434.0,66772.0,66772.0
03-22 08:00,49099.0,70084.0,70498.0,74116.0,68454.0,68953.0,68953.0
03-22 09:00,52156.0,70404.0,70811.0,74690.0,68410.0,69962.0,69962.0
03-22 10:00,54432.0,72106.0,71906.0,75125.0,68524.0,71056.0,71056.0
03-22 11:00,55945.0,72784.0,73226.0,75594.0,68579.0,72180.0,72180.0
03-22 12:00,55620.0,71603.0,72739.0,75182.0,67829.0,71972.0,71972.0
03-22 13:00,53090.0,70955.0,72160.0,75251.0,66830.0,71626.0,71626.0
03-22 14:00,50886.0,69534.0,70372.0,73606.0,64984.0,69759.0,69759.0
03-22 15:00,49636.0,68789.0,69234.0,73063.0,64004.0,69534.0,69534.0
03-22 16:00,49345.0,67227.0,67938.0,71635.0,62387.0,67867.0,67867.0
03-22 17:00,51759.0,67223.0,68508.0,71420.0,63463.0,68020.0,68020.0
03-22 18:00,56940.0,69760.0,71396.0,73282.0,66116.0,70508.0,70508.0
03-22 19:00,58166.0,70693.0,72189.0,73594.0,67265.0,71259.0,71259.0
03-22 20:00,56892.0,67973.0,69525.0,70869.0,64839.0,68312.0,68312.0
03-22 21:00,53978.0,63802.0,64664.0,66116.0,60693.0,64410.0,64410.0
03-22 22:00,54329.0,60802.0,61500.0,63267.0,57403.0,61810.0,61810.0
03-22 23:00,51365.0,56238.0,57173.0,59431.0,53509.0,58099.0,58099.0
03-23 00:00,48861.0,52454.0,52422.0,56082.0,49699.0,54575.0,54575.0
03-23 01:00,47028.0,49554.0,49994.0,53803.0,47107.0,51920.0,51920.0
03-23 02:00,46410.0,48427.0,48661.0,51884.0,45367.0,50824.0,50824.0
03-23 03:00,47416.0,48939.0,49845.0,51918.0,45451.0,51455.0,51455.0
03-23 04:00,49737.0,50867.0,51794.0,53774.0,45888.0,53412.0,53412.0
03-23 05:00,54399.0,55157.0,57036.0,57959.0,46296.0,57223.0,57223.0
03-23 06:00,62901.0,62949.0,64715.0,65414.0,47762.0,63998.0,63998.0
03-23 07:00,67590.0,67607.0,68849.0,69713.0,51819.0,68482.0,68482.0
03-23 08:00,69706.0,69751.0,69920.0,71647.0,55139.0,70015.0,70015.0
03-23 09:00,70326.0,71051.0,69859.0,71971.0,57134.0,70102.0,70102.0
03-23 10:00,70431.0,71776.0,70947.0,73257.0,57551.0,70431.0,70431.0
03-23 11:00,71451.0,71920.0,71781.0,73439.0,57714.0,71418.0,71418.0
03-23 12:00,70611.0,71143.0,71238.0,72871.0,57320.0,71354.0,71354.0
03-23 13:00,70179.0,70810.0,71137.0,71938.0,55664.0,71210.0,71210.0
03-23 14:00,68108.0,69262.0,69131.0,70021.0,53856.0,68754.0,68754.0
03-23 15:00,67316.0,68419.0,68271.0,69007.0,53146.0,68072.0,68072.0
03-23 16:00,65352.0,66896.0,66884.0,67447.0,52087.0,66687.0,66687.0
03-23 17:00,65481.0,66949.0,67374.0,67991.0,54177.0,67081.0,67081.0
03-23 18:00,69506.0,69491.0,69909.0,69925.0,57173.0,69729.0,69729.0
03-23 19:00,71104.0,70415.0,71156.0,70548.0,58231.0,70571.0,70571.0
03-23 20:00,68553.0,68168.0,68914.0,67781.0,56231.0,67548.0,67548.0
03-23 21:00,64057.0,63848.0,64083.0,63200.0,52140.0,64066.0,64066.0
03-23 22:00,60996.0,61525.0,61046.0,60731.0,50880.0,61311.0,61311.0
03-23 23:00,55710.0,56900.0,56466.0,57494.0,47366.0,57447.0,57447.0
03-24 00:00,52191.0,52727.0,52616.0,54175.0,44144.0,53997.0,53997.0
03-24 01:00,50096.0,49881.0,49925.0,51336.0,42102.0,51668.0,51668.0
03-24 02:00,48951.0,48697.0,48653.0,49614.0,40749.0,50699.0,50699.0
03-24 03:00,49704.0,49419.0,48999.0,49252.0,40964.0,51506.0,51506.0
03-24 04:00,51960.0,51217.0,51396.0,49864.0,41749.0,53660.0,53660.0
03-24 05:00,56091.0,55230.0,56280.0,49827.0,41862.0,57807.0,57807.0
03-24 06:00,63727.0,61187.0,63564.0,50376.0,41332.0,64365.0,64365.0
03-24 07:00,67787.0,66278.0,68727.0,53854.0,44543.0,67993.0,67993.0
03-24 08:00,69133.0,68532.0,70818.0,57328.0,47743.0,69452.0,69452.0
03-24 09:00,69353.0,69286.0,71305.0,59274.0,50023.0,69521.0,69521.0
03-24 10:00,70823.0,70336.0,72107.0,59966.0,51609.0,69216.0,69216.0
03-24 11:00,71618.0,71368.0,72485.0,60535.0,52969.0,70340.0,70340.0
03-24 12:00,70940.0,70669.0,71366.0,59932.0,52803.0,69979.0,69979.0
03-24 13:00,70711.0,69550.0,70171.0,57856.0,51104.0,69115.0,69115.0
03-24 14:00,68742.0,68042.0,67966.0,55772.0,49310.0,67475.0,67475.0
03-24 15:00,67975.0,66793.0,66537.0,54739.0,48321.0,66033.0,66033.0
03-24 16:00,66349.0,65473.0,64838.0,53604.0,48967.0,64023.0,64023.0
03-24 17:00,66441.0,65407.0,64590.0,55505.0,51122.0,65215.0,65215.0
03-24 18:00,70243.0,67922.0,67369.0,58716.0,55214.0,68546.0,68546.0
03-24 19:00,71371.0,68404.0,68572.0,59748.0,57106.0,69795.0,69795.0
03-24 20:00,68720.0,66111.0,66250.0,57831.0,55829.0,66958.0,66958.0
03-24 21:00,64390.0,61605.0,61167.0,54304.0,52644.0,63109.0,63109.0
03-24 22:00,61040.0,58374.0,58324.0,53805.0,52726.0,60498.0,60498.0
03-24 23:00,55800.0,54049.0,54486.0,51023.0,50432.0,56852.0,56852.0
03-25 00:00,51842.0,49048.0,50050.0,48192.0,47193.0,53196.0,53196.0
03-25 01:00,49357.0,46414.0,47569.0,45973.0,45421.0,50442.0,50442.0
03-25 02:00,48190.0,44478.0,46055.0,45292.0,45009.0,49347.0,49347.0
03-25 03:00,49188.0,44178.0,45931.0,44611.0,46070.0,50230.0,50230.0
03-25 04:00,51600.0,44470.0,46451.0,44639.0,48948.0,52295.0,52295.0
03-25 05:00,55758.0,44517.0,46615.0,44577.0,53824.0,56493.0,56493.0
03-25 06:00,63335.0,42592.0,47989.0,43662.0,61053.0,62353.0,62353.0
03-25 07:00,67285.0,45578.0,52008.0,44747.0,65863.0,66192.0,66192.0
03-25 08:00,68700.0,49313.0,56055.0,48061.0,68188.0,67988.0,67988.0
03-25 09:00,69539.0,52406.0,57739.0,51252.0,69230.0,68570.0,68570.0
03-25 10:00,70289.0,54265.0,58291.0,52919.0,70160.0,68496.0,68496.0
03-25 11:00,71206.0,56595.0,58839.0,54259.0,71273.0,68546.0,68546.0
03-25 12:00,70156.0,56228.0,58056.0,53931.0,70784.0,67949.0,67949.0
03-25 13:00,70136.0,54166.0,56794.0,52294.0,70456.0,67590.0,67590.0
03-25 14:00,68412.0,52565.0,54005.0,50350.0,69146.0,66000.0,66000.0
03-25 15:00,67358.0,51960.0,52601.0,49687.0,68566.0,65401.0,65401.0
03-25 16:00,65640.0,51373.0,52229.0,48632.0,67563.0,64033.0,64033.0
03-25 17:00,66105.0,52766.0,53873.0,50504.0,66423.0,65309.0,65309.0
03-25 18:00,69712.0,55391.0,56523.0,52918.0,69020.0,67420.0,67420.0
03-25 19:00,70719.0,56198.0,58150.0,55091.0,69880.0,68381.0,68381.0
03-25 20:00,66835.0,54935.0,56160.0,56219.0,68031.0,65536.0,65536.0
03-25 21:00,63404.0,52068.0,52234.0,54580.0,63498.0,61683.0,61683.0
03-25 22:00,60426.0,51387.0,50820.0,54953.0,59875.0,58788.0,58788.0
03-25 23:00,55583.0,48468.0,47928.0,52289.0,55213.0,54774.0,54774.0
03-26 00:00,51692.0,45553.0,44381.0,49002.0,52062.0,51465.0,51465.0
03-26 01:00,49189.0,42914.0,42433.0,46725.0,49858.0,49032.0,49032.0
03-26 02:00,47756.0,41448.0,41632.0,45560.0,49751.0,48542.0,48542.0
03-26 03:00,48563.0,41454.0,40831.0,46540.0,50667.0,49261.0,49261.0
03-26 04:00,50952.0,42543.0,41121.0,48935.0,52518.0,51699.0,51699.0
03-26 05:00,55345.0,42982.0,41189.0,53894.0,56270.0,56276.0,56276.0
03-26 06:00,63644.0,43671.0,41122.0,62309.0,63827.0,62165.0,62165.0
03-26 07:00,68456.0,47185.0,41972.0,66825.0,67808.0,65709.0,65709.0
03-26 08:00,69777.0,51253.0,45593.0,69151.0,69412.0,67695.0,67695.0
03-26 09:00,70870.0,54000.0,49267.0,70539.0,69912.0,67264.0,67264.0
03-26 10:00,71383.0,54684.0,51694.0,70910.0,70764.0,67739.0,67739.0
03-26 11:00,72291.0,55386.0,53941.0,71586.0,71254.0,68861.0,68861.0
03-26 12:00,71255.0,54696.0,53685.0,71217.0,70337.0,67638.0,67638.0
03-26 13:00,70909.0,53110.0,51720.0,70528.0,70079.0,65985.0,65985.0
03-26 14:00,69568.0,51507.0,48788.0,69036.0,69058.0,63528.0,63528.0
03-26 15:00,68976.0,50507.0,47295.0,68330.0,68152.0,63063.0,63063.0
03-26 16:00,67648.0,49582.0,46708.0,66712.0,67192.0,61928.0,61928.0
03-26 17:00,67878.0,51379.0,48809.0,66348.0,66998.0,62598.0,62598.0
03-26 18:00,70512.0,55156.0,51334.0,66432.0,68848.0,65007.0,65007.0
03-26 19:00,71554.0,57161.0,53236.0,67609.0,69727.0,66039.0,66039.0
03-26 20:00,68798.0,55618.0,54500.0,67646.0,67280.0,64382.0,64382.0
03-26 21:00,64434.0,52238.0,52201.0,64474.0,62722.0,60733.0,60733.0
03-26 22:00,61477.0,50943.0,52175.0,61421.0,59586.0,57454.0,57454.0
03-26 23:00,57073.0,47462.0,49290.0,57491.0,55437.0,53778.0,53778.0
03-27 00:00,53376.0,44190.0,46309.0,53002.0,51708.0,50270.0,50270.0
03-27 01:00,50495.0,41606.0,43998.0,50268.0,49354.0,48043.0,48043.0
03-27 02:00,49792.0,40922.5,43952.0,49429.0,48228.0,46799.0,46799.0
03-27 03:00,50402.0,40239.0,45328.0,50299.0,48982.0,46878.0,46878.0
03-27 04:00,51747.0,40447.0,47996.0,52396.0,51226.0,48468.0,48468.0
03-27 05:00,56064.0,41001.0,53018.0,56237.0,56245.0,49070.0,49070.0
03-27 06:00,63012.0,39900.0,63079.0,63710.0,63673.0,50955.0,50955.0
03-27 07:00,67198.0,41207.0,66300.0,67935.0,67638.0,54348.0,54348.0
03-27 08:00,68881.0,45096.0,67998.0,69392.0,69197.0,57798.0,57798.0
03-27 09:00,70384.0,48398.0,68895.0,69925.0,69641.0,61034.0,61034.0
03-27 10:00,72513.0,50033.0,69753.0,70292.0,70505.0,62456.0,62456.0
03-27 11:00,73386.0,51381.0,69920.0,70937.0,71257.0,63822.0,63822.0
03-27 12:00,72007.0,51359.0,69687.0,70315.0,70382.0,62967.0,62967.0
03-27 13:00,70182.0,49105.0,69464.0,70392.0,69824.0,60991.0,60991.0
03-27 14:00,68837.0,47597.0,67151.0,68669.0,68425.0,59010.0,59010.0
03-27 15:00,67895.0,46067.0,65985.0,68011.0,67750.0,58227.0,58227.0
03-27 16:00,66211.0,44674.0,64097.0,66618.0,66509.0,56739.0,56739.0
03-27 17:00,66317.0,45814.0,63306.0,66079.0,66651.0,58465.0,58465.0
03-27 18:00,68444.0,46853.0,63854.0,66791.0,69135.0,59501.0,59501.0
03-27 19:00,69153.0,48581.0,65439.0,68052.0,70109.0,60192.0,60192.0
03-27 20:00,66889.0,50031.0,66179.0,68322.0,67979.0,58412.0,58412.0
03-27 21:00,62329.0,49208.0,63625.0,65266.0,63251.0,54786.0,54786.0
03-27 22:00,59545.0,49319.0,60260.0,62521.0,59674.0,53446.0,53446.0
03-27 23:00,55448.0,46591.0,55490.0,58644.0,54925.0,50684.0,50684.0
03-28 00:00,51308.0,43532.0,50876.0,54627.0,50474.0,47586.0,47586.0
03-28 01:00,48632.0,40981.0,48485.0,51883.0,48740.0,45209.0,45209.0
03-28 02:00,47046.0,39359.0,47055.0,50655.0,47286.0,44934.5,44934.5
03-28 03:00,46906.0,39481.0,47895.0,51095.0,48301.0,44660.0,44660.0
03-28 04:00,47013.0,40472.0,49891.0,52920.0,50305.0,44245.0,44245.0
03-28 05:00,47610.0,40867.0,55496.0,56851.0,54782.0,44468.0,44468.0
03-28 06:00,48218.0,40379.0,64145.0,64842.0,62401.0,44048.0,44048.0
03-28 07:00,52195.0,41940.0,67613.0,69181.0,66206.0,45640.0,45640.0
03-28 08:00,56290.0,45486.0,68961.0,71457.0,67806.0,49308.0,49308.0
03-28 09:00,59125.0,49056.0,69060.0,72732.0,68018.0,51986.0,51986.0
03-28 10:00,59871.0,51392.0,69811.0,74276.0,68696.0,54072.0,54072.0
03-28 11:00,60316.0,53729.0,70235.0,75020.0,69760.0,56154.0,56154.0
03-28 12:00,59500.0,53630.0,69769.0,74419.0,68990.0,56182.0,56182.0
03-28 13:00,58173.0,51470.0,68827.0,74483.0,68309.0,55155.0,55155.0
03-28 14:00,56339.0,49910.0,67013.0,72811.0,67164.0,53041.0,53041.0
03-28 15:00,55656.0,49925.0,66276.0,72288.0,66589.0,51403.0,51403.0
03-28 16:00,55071.0,48890.0,64368.0,70791.0,65206.0,51206.0,51206.0
03-28 17:00,56763.0,49915.0,63875.0,70351.0,65804.0,53323.0,53323.0
03-28 18:00,59925.0,50935.0,64515.0,70867.0,67473.0,54821.0,54821.0
03-28 19:00,60962.0,52381.0,65712.0,71520.0,68328.0,56337.0,56337.0
03-28 20:00,58451.0,53377.0,66139.0,70813.0,66450.0,56324.0,56324.0
03-28 21:00,54858.0,52058.0,63280.0,67298.0,62469.0,54618.0,54618.0
03-28 22:00,53545.0,51780.0,59232.0,64563.0,59272.0,54155.0,54155.0
03-28 23:00,49888.0,49007.0,54950.0,60748.0,54623.0,51928.0,51928.0
03-29 00:00,45888.0,45841.0,50366.0,56521.0,50333.0,49003.0,49003.0
03-29 01:00,43263.0,43145.0,48164.0,53538.0,47892.0,46366.0,46366.0
03-29 02:00,42593.0,42157.0,46738.0,53204.0,46441.0,45428.0,45428.0
03-29 03:00,41923.0,42921.0,47223.0,53439.0,47530.0,46062.0,46062.0
03-29 04:00,41645.0,45457.0,49196.0,55208.0,50075.0,48403.0,48403.0
03-29 05:00,41686.0,51296.0,54920.0,58826.0,54657.0,53553.0,53553.0
03-29 06:00,41657.0,59608.0,64434.0,65649.0,61824.0,61081.0,61081.0
03-29 07:00,42877.0,63876.0,68390.0,69593.0,65829.0,65669.0,65669.0
03-29 08:00,46905.0,67078.0,69795.0,72089.0,67166.0,67405.0,67405.0
03-29 09:00,50315.0,68836.0,69533.0,72728.0,67168.0,68566.0,68566.0
03-29 10:00,53218.0,70414.0,70510.0,73312.0,67502.0,68684.0,68684.0
03-29 11:00,56436.0,70929.0,70672.0,73369.0,67926.0,70199.0,70199.0
03-29 12:00,56543.0,70727.0,70675.0,72157.0,66897.0,69866.0,69866.0
03-29 13:00,55134.0,69789.0,70399.0,71763.0,65920.0,69124.0,69124.0
03-29 14:00,53132.0,68073.0,68486.0,69858.0,63669.0,66578.0,66578.0
03-29 15:00,52539.0,67109.0,66987.0,68812.0,62690.0,65100.0,65100.0
03-29 16:00,51842.0,65323.0,65848.0,66308.0,61571.0,63856.0,63856.0
03-29 17:00,53554.0,64027.0,65383.0,65170.0,61731.0,62833.0,62833.0
03-29 18:00,55168.0,63701.0,65625.0,64265.0,63688.0,63311.0,63311.0
03-29 19:00,56682.0,64219.0,65977.0,64786.0,65380.0,64702.0,64702.0
03-29 20:00,57938.0,64444.0,66007.0,64959.0,63340.0,64865.0,64865.0
03-29 21:00,56345.0,62099.0,62336.0,62186.0,59537.0,62158.0,62158.0
03-29 22:00,56500.0,59347.0,58675.0,58822.0,56078.0,59143.0,59143.0
03-29 23:00,53541.0,55632.0,54008.0,55575.0,51635.0,54990.0,54990.0
03-30 00:00,49856.0,51387.0,50130.0,51790.0,47980.0,51385.0,51385.0
03-30 01:00,47495.0,47743.0,47496.0,49025.0,45691.0,48650.0,48650.0
03-30 02:00,46232.0,46798.0,46243.0,47389.0,44468.0,47452.0,47452.0
03-30 03:00,47383.0,47627.0,47256.0,47069.0,44341.0,48440.0,48440.0
03-30 04:00,49387.0,49747.0,49426.0,47049.0,45147.0,50698.0,50698.0
03-30 05:00,54468.0,53839.0,54627.0,46857.0,45424.0,54621.0,54621.0
03-30 06:00,62704.0,61256.0,63168.0,45083.0,46421.0,61558.0,61558.0
03-30 07:00,67286.0,65596.0,67074.0,46665.0,50185.0,65546.0,65546.0
03-30 08:00,69949.0,68122.0,68688.0,50019.0,54079.0,67761.0,67761.0
03-30 09:00,71418.0,69542.0,68644.0,52536.0,55087.0,67976.0,67976.0
03-30 10:00,72147.0,70904.0,68976.0,54142.0,55107.0,67693.0,67693.0
03-30 11:00,73584.0,72417.0,70311.0,55454.0,55205.0,68332.0,68332.0
03-30 12:00,72698.0,71653.0,69878.0,55687.0,54561.0,67878.0,67878.0
03-30 13:00,72425.0,70796.0,69686.0,53836.0,53246.0,66795.0,66795.0
03-30 14:00,71265.0,69656.0,67469.0,51767.0,51293.0,64573.0,64573.0
03-30 15:00,70016.0,68010.0,66755.0,50839.0,50762.0,63730.0,63730.0
03-30 16:00,67757.0,66150.0,64529.0,50419.0,49742.0,62602.0,62602.0
03-30 17:00,66311.0,64828.0,63723.0,51818.0,51156.0,61817.0,61817.0
03-30 18:00,65932.0,64829.0,64076.0,53139.0,53953.0,62559.0,62559.0
03-30 19:00,67205.0,65653.0,65331.0,54904.0,55465.0,63449.0,63449.0
03-30 20:00,67543.0,65836.0,65841.0,55561.0,54164.0,63516.0,63516.0
03-30 21:00,65733.0,63208.0,63213.0,53470.0,50369.0,61191.0,61191.0
03-30 22:00,62346.0,60327.0,58924.0,52660.0,49038.0,57562.0,57562.0
03-30 23:00,57732.0,55674.0,53968.0,50120.0,45909.0,53501.0,53501.0
03-31 00:00,53568.0,51480.0,49721.0,47063.0,43670.0,50166.0,50166.0
03-31 01:00,50706.0,48340.0,47104.0,44861.0,41741.0,47762.0,47762.0
03-31 02:00,49794.0,46662.0,45787.0,43563.0,41126.5,45617.0,45617.0
03-31 03:00,50311.0,47566.0,46649.0,43485.0,40512.0,46165.0,46165.0
03-31 04:00,52568.0,49246.0,48497.0,44397.0,40906.0,48344.0,48344.0
03-31 05:00,56749.0,53950.0,54090.0,45055.0,41391.0,53144.0,53144.0
03-31 06:00,64867.0,60720.0,63072.0,46496.0,41532.0,59557.0,59557.0
03-31 07:00,69890.0,65341.0,66783.0,49396.0,42780.0,63575.0,63575.0
03-31 08:00,72006.0,67266.0,68219.0,53349.0,45980.0,65901.0,65901.0
03-31 09:00,73248.0,68687.0,68247.0,55891.0,49721.0,66558.0,66558.0
03-31 10:00,74139.0,69703.0,69116.0,56880.0,51988.0,66747.0,66747.0
03-31 11:00,75447.0,70384.0,69297.0,57495.0,53735.0,67348.0,67348.0
03-31 12:00,74685.0,69851.0,68853.0,56986.0,53820.0,66496.0,66496.0
03-31 13:00,73873.0,69647.0,67907.0,55960.0,51686.0,65704.0,65704.0
03-31 14:00,71796.0,68028.0,65160.0,54636.0,49916.0,63376.0,63376.0
03-31 15:00,70559.0,67735.0,64049.0,54006.0,48424.0,62252.0,62252.0
03-31 16:00,68315.0,65255.0,62159.0,53272.0,48082.0,60499.0,60499.0
03-31 17:00,67134.0,64873.0,62105.0,53972.0,49130.0,60164.0,60164.0
03-31 18:00,66762.0,65048.0,61935.0,54638.0,50423.0,60819.0,60819.0
03-31 19:00,67859.0,66040.0,62770.0,54990.0,51862.0,61964.0,61964.0
03-31 20:00,68677.0,66319.0,62907.0,55112.0,53707.0,62557.0,62557.0
03-31 21:00,66741.0,62991.0,60308.0,53174.0,52231.0,60281.0,60281.0
03-31 22:00,63543.0,59896.0,57046.0,52092.0,51703.0,56590.0,56590.0
03-31 23:00,59075.0,55321.0,52864.0,49174.0,48773.0,52625.0,52625.0
04-01 00:00,54415.0,51690.0,47465.0,45949.0,44664.0,48722.0,48722.0
04-01 01:00,51802.0,49116.0,44558.0,43607.0,43055.0,45912.0,45912.0
04-01 02:00,50844.0,47790.0,42811.0,41758.0,42156.0,44695.0,44695.0
04-01 03:00,51195.0,48330.0,42617.0,41552.0,43236.0,45086.0,45086.0
04-01 04:00,53160.0,50429.0,43099.0,41824.0,46431.0,47291.0,47291.0
04-01 05:00,57375.0,54492.0,44346.0,41983.0,51779.0,51705.0,51705.0
04-01 06:00,64212.0,61481.0,46541.0,41882.0,60780.0,57867.0,57867.0
04-01 07:00,68649.0,65986.0,50217.0,44272.0,64678.0,62152.0,62152.0
04-01 08:00,70586.0,68466.0,54446.0,48442.0,66449.0,64483.0,64483.0
04-01 09:00,71689.0,69815.0,56860.0,51146.0,66906.0,65611.0,65611.0
04-01 10:00,72882.0,70709.0,57842.0,52940.0,67147.0,66255.0,66255.0
04-01 11:00,74396.0,71116.0,58237.0,54132.0,67632.0,67354.0,67354.0
04-01 12:00,73578.0,70151.0,57534.0,53378.0,66657.0,66717.0,66717.0
04-01 13:00,72742.0,68394.0,55473.0,51404.0,66582.0,65800.0,65800.0
04-01 14:00,71496.0,65947.0,53283.0,49578.0,64980.0,64179.0,64179.0
04-01 15:00,71286.0,64711.0,52029.0,48925.0,64524.0,62903.0,62903.0
04-01 16:00,69234.0,62879.0,50820.0,47871.0,62492.0,61793.0,61793.0
04-01 17:00,67389.0,62323.0,52058.0,49001.0,61697.0,61408.0,61408.0
04-01 18:00,67417.0,62435.0,52754.0,50087.0,62827.0,61414.0,61414.0
04-01 19:00,68356.0,63020.0,53167.0,50564.0,64043.0,61459.0,61459.0
04-01 20:00,68884.0,63811.0,53405.0,51444.0,64475.0,61055.0,61055.0
04-01 21:00,65700.0,61331.0,51183.0,50644.0,62507.0,58526.0,58526.0
04-01 22:00,63250.0,58567.0,49444.0,50576.0,59314.0,54781.0,54781.0
04-01 23:00,58294.0,54715.0,45990.0,47954.0,54684.0,50566.0,50566.0
04-02 00:00,54139.0,50131.0,42261.0,44958.0,51634.0,46697.0,46697.0
04-02 01:00,51483.0,47253.0,39465.0,43052.0,49406.0,44367.0,44367.0
04-02 02:00,49914.0,45676.0,38276.0,41856.0,48668.0,42541.0,42541.0
04-02 03:00,50339.0,44977.0,37887.0,41835.0,49251.0,42178.0,42178.0
04-02 04:00,52370.0,45680.0,38530.0,42494.0,51287.0,42438.0,42438.0
04-02 05:00,56538.0,46121.0,38592.0,42828.0,55780.0,41998.0,41998.0
04-02 06:00,63472.0,47304.0,39362.0,42387.0,63826.0,42108.0,42108.0
04-02 07:00,68099.0,50615.0,42747.0,43870.0,67186.0,44424.0,44424.0
04-02 08:00,70460.0,54092.0,46294.0,47205.0,68339.0,48340.0,48340.0
04-02 09:00,71733.0,56883.0,48605.0,50238.0,68698.0,51874.0,51874.0
04-02 10:00,72913.0,57915.0,50063.0,51179.0,69023.0,54509.0,54509.0
04-02 11:00,73793.0,58319.0,52698.0,52602.0,69512.0,56081.0,56081.0
04-02 12:00,73003.0,57008.0,52383.0,52058.0,68812.0,55909.0,55909.0
04-02 13:00,72118.0,55691.0,51100.0,49898.0,68916.0,55069.0,55069.0
04-02 14:00,70789.0,53513.0,48525.0,48218.0,67988.0,52319.0,52319.0
04-02 15:00,69151.0,52051.0,46989.0,47154.0,67489.0,51354.0,51354.0
04-02 16:00,66707.0,51174.0,46435.0,46605.0,66124.0,50465.0,50465.0
04-02 17:00,65518.0,51685.0,47931.0,48631.0,65050.0,51340.0,51340.0
04-02 18:00,64584.0,52339.0,49667.0,50433.0,65177.0,52880.0,52880.0
04-02 19:00,64399.0,53000.0,50845.0,51504.0,65367.0,53432.0,53432.0
04-02 20:00,64787.0,53896.0,51958.0,52794.0,65988.0,53451.0,53451.0
04-02 21:00,62656.0,52206.0,50528.0,51839.0,63771.0,51395.0,51395.0
04-02 22:00,59432.0,50748.0,50077.0,51663.0,59744.0,50093.0,50093.0
04-02 23:00,55799.0,47791.0,47080.0,48501.0,54936.0,47298.0,47298.0
04-03 00:00,51432.0,44219.0,44049.0,45320.0,50624.0,44643.0,44643.0
04-03 01:00,48799.0,41247.0,41955.0,42962.0,48276.0,42731.0,42731.0
04-03 02:00,47047.0,39557.0,41325.0,42625.0,47363.0,41389.0,41389.0
04-03 03:00,46430.0,38924.0,42123.0,44328.0,47517.0,41420.0,41420.0
04-03 04:00,46229.0,39524.0,44943.0,47159.0,49653.0,42062.0,42062.0
04-03 05:00,46078.0,39582.0,50838.0,52674.0,54801.0,43076.0,43076.0
04-03 06:00,43751.0,39648.0,60107.0,61310.0,63487.0,44390.0,44390.0
04-03 07:00,45263.0,42313.0,65232.0,65848.0,66558.0,47131.0,47131.0
04-03 08:00,48649.0,45927.0,67110.0,68112.0,67905.0,50567.0,50567.0
04-03 09:00,51555.0,49070.0,67730.0,68643.0,68593.0,52858.0,52858.0
04-03 10:00,53700.0,51493.0,68592.0,69587.0,69725.0,54628.0,54628.0
04-03 11:00,55856.0,52918.0,68811.0,71211.0,70165.0,55634.0,55634.0
04-03 12:00,55214.0,52464.0,68708.0,70534.0,69380.0,55423.0,55423.0
04-03 13:00,53149.0,50475.0,68245.0,70037.0,69469.0,54443.0,54443.0
04-03 14:00,51176.0,48222.0,65498.0,68206.0,68422.0,52182.0,52182.0
04-03 15:00,49917.0,46868.0,64626.0,66900.0,67437.0,51704.0,51704.0
04-03 16:00,48544.0,46033.0,63174.0,64933.0,66045.0,50899.0,50899.0
04-03 17:00,49585.0,48105.0,62507.0,64378.0,65779.0,51794.0,51794.0
04-03 18:00,50333.0,50016.0,62780.0,64420.0,65771.0,52721.0,52721.0
04-03 19:00,51557.0,51976.0,63207.0,65030.0,66170.0,53044.0,53044.0
04-03 20:00,52986.0,53385.0,63593.0,65520.0,66132.0,52877.0,52877.0
04-03 21:00,51744.0,51889.0,61253.0,62954.0,63205.0,51071.0,51071.0
04-03 22:00,51286.0,50988.0,56862.0,59867.0,59416.0,49726.0,49726.0
04-03 23:00,48987.0,47567.0,52406.0,55186.0,54919.0,46428.0,46428.0
04-04 00:00,45276.0,44069.0,48315.0,50468.0,51548.0,43571.0,43571.0
04-04 01:00,42600.0,41688.0,45715.0,48481.0,49017.0,40892.0,40892.0
04-04 02:00,41277.0,40473.0,44688.0,47026.0,47885.0,39497.0,39497.0
04-04 03:00,41246.0,40930.0,45610.0,47980.0,48298.0,39431.0,39431.0
04-04 04:00,41814.0,43782.0,47843.0,50565.0,50450.0,39541.0,39541.0
04-04 05:00,42709.0,50186.0,53059.0,55324.0,54898.0,39921.0,39921.0
04-04 06:00,43630.0,60164.0,60933.0,62544.0,63410.0,40061.0,40061.0
04-04 07:00,46299.0,64687.0,65309.0,67151.0,67175.0,42456.0,42456.0
04-04 08:00,50390.0,66149.0,66875.0,69095.0,68747.0,46209.0,46209.0
04-04 09:00,53441.0,66735.0,67271.0,69750.0,68952.0,49472.0,49472.0
04-04 10:00,55073.0,68350.0,67926.0,70326.0,70092.0,51273.0,51273.0
04-04 11:00,56396.0,69326.0,68461.0,70581.0,70656.0,52659.0,52659.0
04-04 12:00,56399.0,68682.0,68017.0,69847.0,70264.0,52099.0,52099.0
04-04 13:00,55034.0,68400.0,67394.0,69458.0,69874.0,50137.0,50137.0
04-04 14:00,53454.0,67212.0,66071.0,68101.0,68439.0,48168.0,48168.0
04-04 15:00,52374.0,66035.0,65311.0,67104.0,68166.0,47149.0,47149.0
04-04 16:00,51946.0,63674.0,63194.0,64961.0,66308.0,46100.0,46100.0
04-04 17:00,52705.0,62783.0,63077.0,64358.0,65663.0,47648.0,47648.0
04-04 18:00,52993.0,63072.0,62811.0,64826.0,65679.0,49081.0,49081.0
04-04 19:00,52811.0,63145.0,63154.0,65513.0,65853.0,49781.0,49781.0
04-04 20:00,53582.0,63572.0,63217.0,65641.0,65753.0,50988.0,50988.0
04-04 21:00,52272.0,61186.0,61147.0,63996.0,63113.0,50045.0,50045.0
04-04 22:00,51442.0,56902.0,57121.0,59861.0,60254.0,48869.0,48869.0
04-04 23:00,48678.0,52083.0,52878.0,56056.0,55806.0,46496.0,46496.0
04-05 00:00,45463.0,47898.0,48354.0,51134.0,51647.0,44694.0,44694.0
04-05 01:00,43067.0,45415.0,45928.0,48934.0,49433.0,42631.0,42631.0
04-05 02:00,41526.0,44318.0,45329.0,48461.0,47833.0,42074.0,42074.0
04-05 03:00,41217.0,45178.0,46269.0,49005.0,48358.0,42552.0,42552.0
04-05 04:00,41625.0,47297.0,48480.0,51140.0,50529.0,42611.0,42611.0
04-05 05:00,41603.0,52995.0,53678.0,55253.0,55006.0,43456.0,43456.0
04-05 06:00,40118.0,61862.0,61975.0,62606.0,63036.0,43792.0,43792.0
04-05 07:00,42403.0,65833.0,66191.0,67071.0,67310.0,45818.0,45818.0
04-05 08:00,46035.0,67740.0,67450.0,69911.0,69422.0,48961.0,48961.0
04-05 09:00,48892.0,67789.0,67795.0,71206.0,69865.0,52575.0,52575.0
04-05 10:00,50068.0,68832.0,68992.0,72566.0,70243.0,54798.0,54798.0
04-05 11:00,51733.0,69730.0,69877.0,73154.0,70654.0,56879.0,56879.0
04-05 12:00,50800.0,69039.0,69676.0,72408.0,69867.0,57122.0,57122.0
04-05 13:00,48464.0,68552.0,69857.0,72295.0,69260.0,55268.0,55268.0
04-05 14:00,46442.0,66854.0,67946.0,71611.0,66849.0,53972.0,53972.0
04-05 15:00,45131.0,66309.0,67536.0,71026.0,65979.0,53663.0,53663.0
04-05 16:00,43966.0,64896.0,65959.0,70191.0,63944.0,52837.0,52837.0
04-05 17:00,44729.0,64386.0,65951.0,69155.0,63846.0,54877.0,54877.0
04-05 18:00,46483.0,64844.0,65847.0,68304.0,63792.0,56476.0,56476.0
04-05 19:00,47526.0,64914.0,66386.0,68431.0,63783.0,56445.0,56445.0
04-05 20:00,49435.0,65060.0,66348.0,67929.0,63139.0,55953.0,55953.0
04-05 21:00,49163.0,62952.0,63588.0,65475.0,60312.0,54897.0,54897.0
04-05 22:00,49425.0,59363.0,59619.0,61837.0,56463.0,55119.0,55119.0
04-05 23:00,47000.0,54222.0,54847.0,57448.0,52599.0,53050.0,53050.0
04-06 00:00,43955.0,49767.0,50991.0,53412.0,49091.0,50131.0,50131.0
04-06 01:00,41317.0,47289.0,48551.0,50570.0,46212.0,48253.0,48253.0
04-06 02:00,39937.0,46110.0,47205.0,49621.0,44992.0,47425.0,47425.0
04-06 03:00,39690.0,46882.0,47604.0,50022.0,44700.0,47738.0,47738.0
04-06 04:00,40427.0,49067.0,49863.0,51988.0,44968.0,49612.0,49612.0
04-06 05:00,40604.0,54139.0,54810.0,56200.0,45760.0,54661.0,54661.0
04-06 06:00,40025.0,62568.0,62705.0,62699.0,47290.0,60826.0,60826.0
04-06 07:00,42000.0,66927.0,66629.0,67030.0,50508.0,65893.0,65893.0
04-06 08:00,45722.0,68643.0,68131.0,68452.0,54039.0,68820.0,68820.0
04-06 09:00,48881.0,69612.0,69377.0,69532.0,56163.0,71070.0,71070.0
04-06 10:00,50600.0,70510.0,70431.0,69538.0,56495.0,73045.0,73045.0
04-06 11:00,52886.0,71275.0,70877.0,69826.0,56030.0,74568.0,74568.0
04-06 12:00,52483.0,70374.0,69857.0,68677.0,56165.0,74331.0,74331.0
04-06 13:00,50348.0,70226.0,69548.0,67897.0,54947.0,72900.0,72900.0
04-06 14:00,48904.0,68146.0,67970.0,65592.0,53107.0,70969.0,70969.0
04-06 15:00,47569.0,67578.0,66782.0,64594.0,52336.0,70665.0,70665.0
04-06 16:00,46922.0,65935.0,65580.0,63146.0,51468.0,68599.0,68599.0
04-06 17:00,47840.0,65575.0,64985.0,62584.0,50841.0,67754.0,67754.0
04-06 18:00,49456.0,65537.0,65144.0,63024.0,51652.0,68352.0,68352.0
04-06 19:00,50735.0,65413.0,65305.0,63140.0,51761.0,67227.0,67227.0
04-06 20:00,52860.0,65935.0,65341.0,63315.0,52184.0,66385.0,66385.0
04-06 21:00,52322.0,63810.0,63864.0,62123.0,51587.0,64542.0,64542.0
04-06 22:00,52658.0,60138.0,59809.0,59245.0,50436.0,61659.0,61659.0
04-06 23:00,50009.0,55539.0,55174.0,55640.0,46928.0,58212.0,58212.0
04-07 00:00,46725.0,50981.0,50870.0,51816.0,43348.0,55445.0,55445.0
04-07 01:00,44712.0,48073.0,48444.0,49185.0,40960.0,52775.0,52775.0
04-07 02:00,43679.0,46405.0,47956.0,47305.0,39359.0,51594.0,51594.0
04-07 03:00,44513.0,47313.0,48501.0,47343.0,39249.0,51918.0,51918.0
04-07 04:00,47156.0,49289.0,50234.0,48051.0,39687.0,54426.0,54426.0
04-07 05:00,52578.0,53955.0,55060.0,48859.0,40067.0,58377.0,58377.0
04-07 06:00,60436.0,61677.0,63146.0,50126.0,39908.0,64094.0,64094.0
04-07 07:00,65643.0,66276.0,67413.0,53887.0,42965.0,68775.0,68775.0
04-07 08:00,68416.0,68253.0,69587.0,57319.0,46675.0,71812.0,71812.0
04-07 09:00,69605.0,69672.0,69902.0,59275.0,49158.0,73686.0,73686.0
04-07 10:00,70428.0,70558.0,70377.0,59795.0,50553.0,75614.0,75614.0
04-07 11:00,71719.0,71247.0,70651.0,59653.0,51724.0,77357.0,77357.0
04-07 12:00,71409.0,70619.0,69887.0,59130.0,51878.0,76914.0,76914.0
04-07 13:00,71420.0,70560.0,69154.0,57071.0,49605.0,76247.0,76247.0
04-07 14:00,69568.0,69085.0,66890.0,54463.0,47767.0,74152.0,74152.0
04-07 15:00,68785.0,68323.0,65263.0,52956.0,46901.0,72762.0,72762.0
04-07 16:00,66750.0,66727.0,64172.0,51980.0,46574.0,70830.0,70830.0
04-07 17:00,64984.0,65041.0,63631.0,52989.0,47849.0,69657.0,69657.0
04-07 18:00,64536.0,64547.0,63047.0,53106.0,49360.0,69706.0,69706.0
04-07 19:00,64804.0,64522.0,63010.0,53428.0,50254.0,69171.0,69171.0
04-07 20:00,65553.0,64187.0,62349.0,54438.0,51425.0,68348.0,68348.0
04-07 21:00,63882.0,62776.0,60356.0,53730.0,50647.0,65918.0,65918.0
04-07 22:00,60631.0,59638.0,56845.0,51959.0,49738.0,63479.0,63479.0
04-07 23:00,56716.0,54742.0,53196.0,48913.0,46776.0,59902.0,59902.0
04-08 00:00,52046.0,50541.0,49190.0,44724.0,43319.0,56568.0,56568.0
04-08 01:00,49354.0,47778.0,45807.0,42761.0,41653.0,54330.0,54330.0
04-08 02:00,47834.0,46477.0,44323.0,40874.0,41162.0,52820.0,52820.0
04-08 03:00,48596.0,47154.0,43961.0,40462.0,42135.0,52743.0,52743.0
04-08 04:00,50387.0,49376.0,44539.0,40775.0,44593.0,54683.0,54683.0
04-08 05:00,54646.0,54296.0,45247.0,41212.0,51251.0,58210.0,58210.0
04-08 06:00,61512.0,62321.0,47040.0,41475.0,60203.0,63923.0,63923.0
04-08 07:00,66247.0,66388.0,50635.0,43900.0,64965.0,67545.0,67545.0
04-08 08:00,68456.0,67727.0,54553.0,47782.0,66806.0,69999.0,69999.0
04-08 09:00,69599.0,68220.0,56737.0,50375.0,66912.0,71121.0,71121.0
04-08 10:00,70507.0,69067.0,57462.0,51966.0,67680.0,71706.0,71706.0
04-08 11:00,71236.0,69786.0,58051.0,52951.0,68010.0,73329.0,73329.0
04-08 12:00,70489.0,69262.0,57343.0,52541.0,68008.0,72910.0,72910.0
04-08 13:00,69647.0,68083.0,55702.0,50430.0,67463.0,70846.0,70846.0
04-08 14:00,67879.0,65746.0,53963.0,48028.0,66031.0,69217.0,69217.0
04-08 15:00,66503.0,64437.0,52275.0,46944.0,65178.0,67912.0,67912.0
04-08 16:00,64699.0,62758.0,51033.0,46664.0,63775.0,65978.0,65978.0
04-08 17:00,63408.0,62049.0,52048.0,48443.0,63027.0,66103.0,66103.0
04-08 18:00,63279.0,61791.0,52629.0,50204.0,63384.0,66215.0,66215.0
04-08 19:00,63758.0,61711.0,52890.0,51247.0,63308.0,65618.0,65618.0
04-08 20:00,64495.0,61370.0,53269.0,53190.0,63452.0,65478.0,65478.0
04-08 21:00,63343.0,59859.0,52022.0,52260.0,61591.0,64167.0,64167.0
04-08 22:00,60018.0,56571.0,50253.0,51194.0,58057.0,61559.0,61559.0
04-08 23:00,55864.0,52328.0,46598.0,47812.0,52941.0,58460.0,58460.0
04-09 00:00,51472.0,48372.0,43240.0,44333.0,50041.0,55376.0,55376.0
04-09 01:00,48215.0,45289.0,40563.0,42208.0,47659.0,53477.0,53477.0
04-09 02:00,46525.0,43727.0,39575.0,41527.0,46469.0,52246.0,52246.0
04-09 03:00,47495.0,43640.0,39598.0,42036.0,46870.0,53117.0,53117.0
04-09 04:00,49653.0,44304.0,40243.0,44607.0,48931.0,55288.0,55288.0
04-09 05:00,53763.0,45115.0,40365.0,50658.0,53840.0,58851.0,58851.0
04-09 06:00,60498.0,46648.0,40432.0,59486.0,61925.0,64091.0,64091.0
04-09 07:00,65456.0,50354.0,43492.0,63985.0,65596.0,68077.0,68077.0
04-09 08:00,66820.0,53856.0,47379.0,65987.0,67509.0,70046.0,70046.0
04-09 09:00,68479.0,56492.0,50058.0,66443.0,68012.0,70393.0,70393.0
04-09 10:00,69293.0,57363.0,51853.0,67131.0,69130.0,70526.0,70526.0
04-09 11:00,70036.0,57403.0,53383.0,67998.0,69566.0,71995.0,71995.0
04-09 12:00,69189.0,56555.0,53059.0,67605.0,69134.0,71480.0,71480.0
04-09 13:00,68623.0,54885.0,50281.0,66974.0,68602.0,69894.0,69894.0
04-09 14:00,67039.0,52828.0,47683.0,65769.0,66909.0,68004.0,68004.0
04-09 15:00,65971.0,51308.0,46126.0,64946.0,65955.0,65839.0,65839.0
04-09 16:00,63567.0,50792.0,46376.0,63068.0,64574.0,64300.0,64300.0
04-09 17:00,62387.0,51783.0,47339.0,62259.0,64681.0,63601.0,63601.0
04-09 18:00,61723.0,52584.0,48892.0,62970.0,64915.0,63163.0,63163.0
04-09 19:00,62127.0,52699.0,49794.0,63246.0,65061.0,63157.0,63157.0
04-09 20:00,63183.0,52631.0,51965.0,63211.0,64836.0,62452.0,62452.0
04-09 21:00,62067.0,51542.0,51604.0,61706.0,62709.0,60351.0,60351.0
04-09 22:00,58568.0,49860.0,51629.0,57506.0,58813.0,56958.0,56958.0
04-09 23:00,53904.0,47035.0,48704.0,53377.0,54120.0,53706.0,53706.0
04-10 00:00,49756.0,43562.0,45225.0,49679.0,49905.0,49807.0,49807.0
04-10 01:00,46863.0,40702.0,43681.0,47834.0,48194.0,46910.0,46910.0
04-10 02:00,45296.0,38818.0,42810.0,46236.0,47205.0,45419.0,45419.0
04-10 03:00,46003.0,38308.0,43476.0,46757.0,48353.0,45102.0,45102.0
04-10 04:00,48232.0,39115.0,46781.0,49214.0,50395.0,45109.0,45109.0
04-10 05:00,52540.0,39278.0,52349.0,54441.0,55253.0,45679.0,45679.0
04-10 06:00,59713.0,39183.0,59721.0,62739.0,62682.0,46988.0,46988.0
04-10 07:00,64734.0,42200.0,65043.0,65937.0,66349.0,49831.0,49831.0
04-10 08:00,67228.0,45983.0,67323.0,67704.0,67652.0,53210.0,53210.0
04-10 09:00,68485.0,48775.0,68846.0,68535.0,68480.0,56334.0,56334.0
04-10 10:00,69350.0,50851.0,69737.0,69197.0,68767.0,57938.0,57938.0
04-10 11:00,69910.0,52424.0,71407.0,70173.0,68928.0,59074.0,59074.0
04-10 12:00,68713.0,52005.0,70348.0,69887.0,68129.0,58562.0,58562.0
04-10 13:00,67781.0,50021.0,69717.0,69625.0,68138.0,57036.0,57036.0
04-10 14:00,65375.0,48030.0,67996.0,68220.0,66582.0,54799.0,54799.0
04-10 15:00,64006.0,46803.0,67172.0,68216.0,65803.0,54074.0,54074.0
04-10 16:00,61736.0,45718.0,65315.0,66528.0,64250.0,53497.0,53497.0
04-10 17:00,61075.0,47658.0,64628.0,66051.0,63778.0,54211.0,54211.0
04-10 18:00,60767.0,49528.0,64470.0,66181.0,63864.0,54951.0,54951.0
04-10 19:00,60715.0,50263.0,64354.0,66769.0,64006.0,55020.0,55020.0
04-10 20:00,61292.0,51807.0,63977.0,66643.0,63788.0,54715.0,54715.0
04-10 21:00,60107.0,51608.0,62402.0,64487.0,62487.0,53299.0,53299.0
04-10 22:00,56641.0,51521.0,58550.0,60587.0,58422.0,52072.0,52072.0
04-10 23:00,52311.0,48176.0,53820.0,55814.0,54240.0,49619.0,49619.0
04-11 00:00,48181.0,44637.0,49640.0,51593.0,50162.0,46930.0,46930.0
04-11 01:00,45459.0,42723.0,47486.0,48878.0,48357.0,44420.0,44420.0
04-11 02:00,43848.0,41880.0,46109.0,47786.0,47466.0,42965.0,42965.0
04-11 03:00,43063.0,42908.0,47175.0,48303.0,47915.0,43383.0,43383.0
04-11 04:00,44044.0,45777.0,49336.0,50948.0,50021.0,43620.0,43620.0
04-11 05:00,44936.0,51938.0,54012.0,56255.0,54246.0,44334.0,44334.0
04-11 06:00,46145.0,60358.0,60943.0,64263.0,61589.0,44069.0,44069.0
04-11 07:00,49848.0,64952.0,65903.0,68167.0,65410.0,46102.0,46102.0
04-11 08:00,54027.0,66546.0,68600.0,69587.0,66489.0,49465.0,49465.0
04-11 09:00,56771.0,67192.0,69277.0,70087.0,66574.0,52847.0,52847.0
04-11 10:00,57916.0,67983.0,70474.0,71021.0,67144.0,54871.0,54871.0
04-11 11:00,59134.0,68812.0,70683.0,71591.0,67975.0,56681.0,56681.0
04-11 12:00,58493.0,67910.0,69857.0,70983.0,67722.0,56429.0,56429.0
04-11 13:00,57577.0,67597.0,68992.0,70924.0,67363.0,54235.0,54235.0
04-11 14:00,55301.0,65967.0,66618.0,68807.0,65108.0,52224.0,52224.0
04-11 15:00,53859.0,65034.0,66275.0,68209.0,65097.0,50970.0,50970.0
04-11 16:00,53474.0,63015.0,64696.0,66411.0,63553.0,51086.0,51086.0
04-11 17:00,54732.0,62228.0,63941.0,65573.0,63393.0,52674.0,52674.0
04-11 18:00,54932.0,62708.0,64063.0,65725.0,63645.0,54112.0,54112.0
04-11 19:00,54695.0,62699.0,64330.0,66086.0,63702.0,54787.0,54787.0
04-11 20:00,54519.0,62956.0,64376.0,65888.0,63828.0,54731.0,54731.0
04-11 21:00,52824.0,61803.0,62918.0,64051.0,62521.0,53814.0,53814.0
04-11 22:00,51321.0,57750.0,59458.0,60209.0,58947.0,54153.0,54153.0
04-11 23:00,47807.0,52811.0,54703.0,55657.0,54510.0,51785.0,51785.0
04-12 00:00,44324.0,47826.0,50951.0,51029.0,50165.0,48081.0,48081.0
04-12 01:00,41390.0,45546.0,48294.0,48305.0,48722.0,46065.0,46065.0
04-12 02:00,39618.0,44306.0,47062.0,47061.0,47842.0,45973.0,45973.0
04-12 03:00,39271.0,44918.0,47490.0,47837.0,48402.0,46418.0,46418.0
04-12 04:00,39720.0,47118.0,49432.0,49849.0,50339.0,48960.0,48960.0
04-12 05:00,39946.0,52474.0,53877.0,55413.0,54618.0,54262.0,54262.0
04-12 06:00,39637.0,60643.0,61159.0,63430.0,62052.0,61373.0,61373.0
04-12 07:00,42787.0,65242.0,66326.0,67341.0,66396.0,66388.0,66388.0
04-12 08:00,45792.0,67231.0,68303.0,69331.0,68254.0,68419.0,68419.0
04-12 09:00,48778.0,67727.0,69494.0,69504.0,68371.0,69920.0,69920.0
04-12 10:00,51680.0,68748.0,69832.0,70451.0,69127.0,70440.0,70440.0
04-12 11:00,53753.0,69352.0,70704.0,71357.0,69272.0,71157.0,71157.0
04-12 12:00,53349.0,68601.0,70001.0,70750.0,68294.0,71327.0,71327.0
04-12 13:00,50662.0,68362.0,70288.0,70106.0,67076.0,70852.0,70852.0
04-12 14:00,48443.0,67205.0,68821.0,68631.0,65070.0,68981.0,68981.0
04-12 15:00,46925.0,66116.0,68080.0,68181.0,64279.0,68428.0,68428.0
04-12 16:00,46433.0,64028.0,66146.0,66651.0,62954.0,66220.0,66220.0
04-12 17:00,48315.0,63201.0,65667.0,66021.0,62936.0,66668.0,66668.0
04-12 18:00,49752.0,63685.0,65492.0,65692.0,62984.0,66204.0,66204.0
04-12 19:00,50654.0,64070.0,65544.0,65725.0,63081.0,66183.0,66183.0
04-12 20:00,52713.0,63595.0,64929.0,65685.0,62613.0,65053.0,65053.0
04-12 21:00,52403.0,62086.0,62941.0,64277.0,60930.0,64142.0,64142.0
04-12 22:00,51965.0,58495.0,59371.0,60432.0,57879.0,61369.0,61369.0
04-12 23:00,49183.0,53086.0,54950.0,55243.0,54161.0,57776.0,57776.0
04-13 00:00,45270.0,48542.0,50455.0,51071.0,50343.0,54777.0,54777.0
04-13 01:00,43041.0,46306.0,48008.0,48644.0,47678.0,52664.0,52664.0
04-13 02:00,41923.0,45067.0,46164.0,46979.0,45919.0,51762.0,51762.0
04-13 03:00,43067.0,45944.0,46971.0,47758.0,45801.0,52496.0,52496.0
04-13 04:00,45982.0,48688.0,48918.0,49595.0,46216.0,54069.0,54069.0
04-13 05:00,52178.0,53752.0,53508.0,54801.0,46429.0,58580.0,58580.0
04-13 06:00,61307.0,61395.0,60448.0,62620.0,48041.0,64841.0,64841.0
04-13 07:00,65643.0,65564.0,65618.0,66938.0,51931.0,69030.0,69030.0
04-13 08:00,67920.0,67607.0,67838.0,68758.0,55222.0,70110.0,70110.0
04-13 09:00,68707.0,67817.0,68897.0,69592.0,57977.0,70577.0,70577.0
04-13 10:00,69920.0,69456.0,69918.0,70896.0,59045.0,71661.0,71661.0
04-13 11:00,70808.0,70571.0,70682.0,71127.0,59221.0,72424.0,72424.0
04-13 12:00,69837.0,70159.0,69917.0,70519.0,58661.0,71917.0,71917.0
04-13 13:00,70050.0,69529.0,68855.0,69127.0,56671.0,71004.0,71004.0
04-13 14:00,68148.0,67846.0,66620.0,67693.0,55037.0,68908.0,68908.0
04-13 15:00,67213.0,67116.0,65597.0,66459.0,54511.0,67674.0,67674.0
04-13 16:00,65169.0,65169.0,63871.0,64680.0,53912.0,66371.0,66371.0
04-13 17:00,64157.0,64587.0,63498.0,64618.0,54534.0,65840.0,65840.0
04-13 18:00,63554.0,64429.0,62827.0,64659.0,55260.0,66395.0,66395.0
04-13 19:00,63442.0,64527.0,62239.0,64120.0,55134.0,66631.0,66631.0
04-13 20:00,63711.0,63948.0,61603.0,62622.0,54838.0,65888.0,65888.0
04-13 21:00,62522.0,62483.0,59914.0,60551.0,53718.0,64038.0,64038.0
04-13 22:00,59384.0,58929.0,56009.0,57649.0,52348.0,61011.0,61011.0
04-13 23:00,54145.0,53954.0,51953.0,53441.0,49064.0,57193.0,57193.0
04-14 00:00,50154.0,49734.0,47592.0,49143.0,46150.0,53931.0,53931.0
04-14 01:00,47568.0,47210.0,45158.0,46773.0,43918.0,52279.0,52279.0
04-14 02:00,46527.0,45752.0,43534.0,44857.0,42600.0,50970.0,50970.0
04-14 03:00,47494.0,46337.0,43045.0,44320.0,42150.0,51845.0,51845.0
04-14 04:00,49535.0,48274.0,43206.0,45022.0,42523.0,53928.0,53928.0
04-14 05:00,54583.0,53781.0,43236.0,46045.0,42536.0,58319.0,58319.0
04-14 06:00,62471.0,62157.0,41861.0,47837.0,42332.0,64186.0,64186.0
04-14 07:00,66614.0,66315.0,44626.0,52178.0,45077.0,67630.0,67630.0
04-14 08:00,67532.0,67773.0,48093.0,55641.0,48203.0,69034.0,69034.0
04-14 09:00,69045.0,68042.0,50648.0,58765.0,51277.0,69515.0,69515.0
04-14 10:00,70011.0,69370.0,52222.0,59462.0,53035.0,70037.0,70037.0
04-14 11:00,71247.0,70217.0,54496.0,59782.0,54811.0,71268.0,71268.0
04-14 12:00,70507.0,69630.0,54065.0,58844.0,54684.0,70377.0,70377.0
04-14 13:00,70327.0,69246.0,52723.0,57114.0,53079.0,70123.0,70123.0
04-14 14:00,68353.0,67554.0,49887.0,54834.0,51220.0,67687.0,67687.0
04-14 15:00,67244.0,66779.0,48597.0,52819.0,49651.0,67280.0,67280.0
04-14 16:00,65007.0,64848.0,47983.0,52495.0,49438.0,65146.0,65146.0
04-14 17:00,63842.0,63791.0,49757.0,52646.0,50994.0,65275.0,65275.0
04-14 18:00,63384.0,63439.0,50580.0,52943.0,51729.0,65439.0,65439.0
04-14 19:00,63422.0,63406.0,50904.0,52488.0,52129.0,65707.0,65707.0
04-14 20:00,63678.0,63541.0,50984.0,52060.0,52607.0,65622.0,65622.0
04-14 21:00,63128.0,62676.0,50143.0,51068.0,52368.0,64168.0,64168.0
04-14 22:00,59438.0,58961.0,48818.0,48983.0,51826.0,61442.0,61442.0
04-14 23:00,54689.0,53904.0,46116.0,45930.0,48978.0,57420.0,57420.0
04-15 00:00,50188.0,49592.0,43118.0,42028.0,46131.0,54014.0,54014.0
04-15 01:00,47343.0,46822.0,41098.0,40113.0,44846.0,51221.0,51221.0
04-15 02:00,46002.0,45257.0,39910.0,38691.0,43942.0,50771.0,50771.0
04-15 03:00,46224.0,46051.0,39781.0,38355.0,44334.0,51431.0,51431.0
04-15 04:00,48840.0,48182.0,40959.0,38787.0,46861.0,53410.0,53410.0
04-15 05:00,54411.0,53222.0,42292.0,39266.0,52323.0,57252.0,57252.0
04-15 06:00,61863.0,61517.0,43442.0,39613.0,59635.0,63399.0,63399.0
04-15 07:00,66415.0,66131.0,47011.0,42995.0,64274.0,67211.0,67211.0
04-15 08:00,67991.0,68434.0,50487.0,46430.0,66296.0,68649.0,68649.0
04-15 09:00,68617.0,69365.0,53034.0,48861.0,67390.0,69591.0,69591.0
04-15 10:00,70680.0,70438.0,54822.0,50615.0,67394.0,70705.0,70705.0
04-15 11:00,71630.0,70942.0,57043.0,52708.0,67992.0,72012.0,72012.0
04-15 12:00,70287.0,69977.0,56692.0,52333.0,67025.0,71193.0,71193.0
04-15 13:00,69957.0,68509.0,55803.0,50045.0,66277.0,70166.0,70166.0
04-15 14:00,68291.0,66282.0,54458.0,48085.0,64715.0,68592.0,68592.0
04-15 15:00,67246.0,65478.0,53269.0,46757.0,64108.0,68162.0,68162.0
04-15 16:00,65100.0,63667.0,52602.0,46224.0,62542.0,65603.0,65603.0
04-15 17:00,63863.0,62837.0,53451.0,47780.0,62519.0,66112.0,66112.0
04-15 18:00,63551.0,62376.0,54289.0,49448.0,62762.0,66364.0,66364.0
04-15 19:00,63461.0,62103.0,53558.0,50381.0,63013.0,66858.0,66858.0
04-15 20:00,63843.0,60862.0,52582.0,51099.0,62863.0,66400.0,66400.0
04-15 21:00,63348.0,59711.0,51318.0,50371.0,62060.0,64563.0,64563.0
04-15 22:00,59174.0,56324.0,49714.0,49683.0,58658.0,61445.0,61445.0
04-15 23:00,53977.0,52090.0,46689.0,46092.0,54718.0,57912.0,57912.0
04-16 00:00,49475.0,48119.0,43542.0,42935.0,51051.0,54358.0,54358.0
04-16 01:00,47124.0,45486.0,40780.0,41136.0,48891.0,52071.0,52071.0
04-16 02:00,45370.0,44187.0,39474.0,40636.0,48049.0,51436.0,51436.0
04-16 03:00,45519.0,43478.0,38538.0,41217.0,48660.0,51571.0,51571.0
04-16 04:00,48304.0,44175.0,38906.0,43974.0,50943.0,53489.0,53489.0
04-16 05:00,53580.0,44675.0,38979.0,50000.0,55912.0,58061.0,58061.0
04-16 06:00,61213.0,46155.0,38245.0,59271.0,62412.0,63971.0,63971.0
04-16 07:00,65364.0,50477.0,41449.0,63983.0,66445.0,67783.0,67783.0
04-16 08:00,67824.0,54751.0,45487.0,65997.0,67830.0,69728.0,69728.0
04-16 09:00,68150.0,57193.0,48474.0,66434.0,68567.0,70418.0,70418.0
04-16 10:00,69177.0,58714.0,50033.0,67301.0,68445.0,71616.0,71616.0
04-16 11:00,70321.0,59215.0,51920.0,68036.0,68326.0,72257.0,72257.0
04-16 12:00,69531.0,58515.0,50889.0,67190.0,67802.0,71191.0,71191.0
04-16 13:00,69509.0,56622.0,48024.0,66635.0,67157.0,70255.0,70255.0
04-16 14:00,67584.0,54156.0,46253.0,65402.0,65657.0,67495.0,67495.0
04-16 15:00,66481.0,53380.0,45055.0,65138.0,64904.0,65480.0,65480.0
04-16 16:00,65095.0,52682.0,44729.0,63752.0,64145.0,64178.0,64178.0
04-16 17:00,63708.0,53065.0,46170.0,62906.0,63676.0,64270.0,64270.0
04-16 18:00,63480.0,53333.0,47054.0,62783.0,63921.0,64457.0,64457.0
04-16 19:00,63468.0,53415.0,47460.0,62801.0,63487.0,64323.0,64323.0
04-16 20:00,63002.0,52873.0,47923.0,61704.0,63480.0,63403.0,63403.0
04-16 21:00,62354.0,52192.0,47948.0,60877.0,62747.0,61273.0,61273.0
04-16 22:00,58467.0,50356.0,47453.0,56381.0,59164.0,58640.0,58640.0
04-16 23:00,53650.0,47134.0,44553.0,51666.0,54903.0,55284.0,55284.0
04-17 00:00,49450.0,43335.0,41379.0,48032.0,50974.0,51753.0,51753.0
04-17 01:00,46786.0,40323.0,39121.0,45747.0,48299.0,49598.0,49598.0
04-17 02:00,45423.0,38724.0,37654.0,44728.0,47329.0,47928.0,47928.0
04-17 03:00,46188.0,38280.0,37539.0,45159.0,47586.0,47378.0,47378.0
04-17 04:00,48431.0,39108.0,37959.0,47698.0,49799.0,47624.0,47624.0
04-17 05:00,53655.0,39374.0,38341.0,52727.0,54307.0,48002.0,48002.0
04-17 06:00,61204.0,39163.0,38064.0,60400.0,60990.0,48774.0,48774.0
04-17 07:00,65676.0,42320.0,40604.0,64471.0,65326.0,51801.0,51801.0
04-17 08:00,67657.0,45995.0,44369.0,65884.0,67177.0,54788.0,54788.0
04-17 09:00,68479.0,48995.0,47673.0,66598.0,68052.0,57040.0,57040.0
04-17 10:00,70262.0,51743.0,50225.0,67390.0,68999.0,58132.0,58132.0
04-17 11:00,70460.0,53692.0,51998.0,68393.0,69071.0,59188.0,59188.0
04-17 12:00,69605.0,53016.0,51691.0,67774.0,67636.0,59270.0,59270.0
04-17 13:00,68239.0,51102.0,49915.0,67190.0,66855.0,57690.0,57690.0
04-17 14:00,66601.0,48849.0,47884.0,65717.0,65467.0,55463.0,55463.0
04-17 15:00,65330.0,47606.0,47192.0,64802.0,64094.0,54381.0,54381.0
04-17 16:00,63367.0,47314.0,46902.0,63082.0,62418.0,53308.0,53308.0
04-17 17:00,63181.0,48966.0,48607.0,61870.0,61749.0,54688.0,54688.0
04-17 18:00,62224.0,50189.0,50004.0,62015.0,61818.0,55806.0,55806.0
04-17 19:00,61814.0,50491.0,50390.0,62235.0,62236.0,55963.0,55963.0
04-17 20:00,60722.0,50808.0,51104.0,61718.0,62475.0,55313.0,55313.0
04-17 21:00,60008.0,50996.0,51051.0,60960.0,61599.0,53423.0,53423.0
04-17 22:00,57153.0,50811.0,50788.0,56961.0,58247.0,51686.0,51686.0
04-17 23:00,52952.0,47743.0,47985.0,51936.0,54155.0,48629.0,48629.0
04-18 00:00,48506.0,44316.0,45043.0,47665.0,50269.0,45671.0,45671.0
04-18 01:00,45697.0,42296.0,43028.0,45279.0,47788.0,43453.0,43453.0
04-18 02:00,44039.0,41517.0,41994.0,44068.0,46527.0,41854.0,41854.0
04-18 03:00,44285.0,42348.0,43103.0,44569.0,46538.0,41763.0,41763.0
04-18 04:00,44650.0,44906.0,45585.0,46876.0,48893.0,41934.0,41934.0
04-18 05:00,45244.0,51229.0,50751.0,52652.0,53225.0,42138.0,42138.0
04-18 06:00,46564.0,59786.0,58594.0,60186.0,59079.0,41317.0,41317.0
04-18 07:00,50683.0,64496.0,64779.0,64192.0,63499.0,43861.0,43861.0
04-18 08:00,55064.0,66471.0,67204.0,65737.0,65063.0,47284.0,47284.0
04-18 09:00,57372.0,67467.0,68717.0,66584.0,65665.0,50157.0,50157.0
04-18 10:00,58265.0,68518.0,70083.0,67274.0,65804.0,52453.0,52453.0
04-18 11:00,58392.0,69280.0,70725.0,68177.0,65230.0,54618.0,54618.0
04-18 12:00,57499.0,68781.0,70164.0,67373.0,64907.0,54541.0,54541.0
04-18 13:00,55119.0,68912.0,69621.0,66952.0,64653.0,52801.0,52801.0
04-18 14:00,53372.0,66897.0,67821.0,65444.0,62999.0,51119.0,51119.0
04-18 15:00,52260.0,66051.0,67266.0,64832.0,62033.0,49860.0,49860.0
04-18 16:00,51521.0,64249.0,65736.0,63477.0,60645.0,49511.0,49511.0
04-18 17:00,51781.0,63434.0,64912.0,62492.0,60219.0,51971.0,51971.0
04-18 18:00,52369.0,63342.0,64548.0,62271.0,59157.0,52970.0,52970.0
04-18 19:00,52035.0,63416.0,64683.0,62342.0,58919.0,53274.0,53274.0
04-18 20:00,51718.0,62450.0,63941.0,61359.0,58315.0,53113.0,53113.0
04-18 21:00,51579.0,61456.0,62930.0,61236.0,57518.0,51968.0,51968.0
04-18 22:00,50080.0,57785.0,60059.0,56761.0,54249.0,51601.0,51601.0
04-18 23:00,46871.0,52418.0,55764.0,51801.0,49646.0,49203.0,49203.0
04-19 00:00,43613.0,48870.0,52143.0,47780.0,45391.0,46202.0,46202.0
04-19 01:00,41248.0,46368.0,49957.0,45775.0,43002.0,44709.0,44709.0
04-19 02:00,39687.0,45314.0,49093.0,44750.0,41451.0,43669.0,43669.0
04-19 03:00,39742.0,45622.0,49484.0,44928.0,40586.0,45122.0,45122.0
04-19 04:00,40273.0,47747.0,51343.0,46845.0,40358.0,47604.0,47604.0
04-19 05:00,40553.0,52973.0,55445.0,51948.0,40456.0,53008.0,53008.0
04-19 06:00,39864.0,60905.0,61679.0,59703.0,39583.0,60322.0,60322.0
04-19 07:00,42474.0,64958.0,66192.0,64151.0,42763.0,65196.0,65196.0
04-19 08:00,46580.0,66923.0,68364.0,66057.0,46155.0,66769.0,66769.0
04-19 09:00,49617.0,67893.0,68926.0,66886.0,48540.0,68089.0,68089.0
04-19 10:00,51384.0,69153.0,70958.0,67469.0,49696.0,69550.0,69550.0
04-19 11:00,53006.0,70266.0,71341.0,68354.0,51354.0,70546.0,70546.0
04-19 12:00,52533.0,69401.0,70583.0,67489.0,50859.0,70096.0,70096.0
04-19 13:00,50239.0,68817.0,70439.0,67242.0,49063.0,69593.0,69593.0
04-19 14:00,47943.0,67535.0,68171.0,65745.0,47421.0,67614.0,67614.0
04-19 15:00,46824.0,66787.0,67663.0,65266.0,46130.0,66845.0,66845.0
04-19 16:00,45915.0,64944.0,65918.0,63641.0,44632.0,65149.0,65149.0
04-19 17:00,47251.0,63896.0,65095.0,62891.0,45891.0,64421.0,64421.0
04-19 18:00,49037.0,63668.0,64723.0,62567.0,46879.0,64702.0,64702.0
04-19 19:00,49726.0,63911.0,64748.0,62684.0,47244.0,64829.0,64829.0
04-19 20:00,50963.0,62867.0,64090.0,61645.0,47742.0,64528.0,64528.0
04-19 21:00,51313.0,62375.0,63548.0,61747.0,47627.0,63121.0,63121.0
04-19 22:00,50904.0,58462.0,60688.0,57938.0,46054.0,59810.0,59810.0
04-19 23:00,47767.0,53331.0,56814.0,52765.0,42881.0,55687.0,55687.0
04-20 00:00,44534.0,49069.0,53027.0,48614.0,39610.0,52479.0,52479.0
04-20 01:00,42329.0,46660.0,50693.0,46413.0,37800.0,50153.0,50153.0
04-20 02:00,41862.0,45603.0,49829.0,45147.0,36643.0,49165.0,49165.0
04-20 03:00,42620.0,46344.0,50380.0,45466.0,36147.0,49369.0,49369.0
04-20 04:00,45378.0,48436.0,51630.0,46946.0,37446.0,51500.0,51500.0
04-20 05:00,51789.0,53270.0,56214.0,52325.0,39014.0,55930.0,55930.0
04-20 06:00,59717.0,60817.0,61879.0,60279.0,40541.0,61787.0,61787.0
04-20 07:00,64602.0,64965.0,66406.0,64640.0,44107.0,65691.0,65691.0
04-20 08:00,66462.0,67048.0,67918.0,66531.0,47866.0,67318.0,67318.0
04-20 09:00,67549.0,67655.0,68999.0,67518.0,50061.0,67659.0,67659.0
04-20 10:00,68532.0,68327.0,70089.0,68350.0,50589.0,68400.0,68400.0
04-20 11:00,69642.0,68665.0,70632.0,68598.0,50929.0,69509.0,69509.0
04-20 12:00,68983.0,67795.0,69765.0,67872.0,50771.0,69048.0,69048.0
04-20 13:00,68803.0,67515.0,69605.0,66975.0,49556.0,68422.0,68422.0
04-20 14:00,67126.0,65985.0,68083.0,64903.0,48217.0,65904.0,65904.0
04-20 15:00,66590.0,65221.0,67198.0,64128.0,47314.0,64542.0,64542.0
04-20 16:00,64344.0,63198.0,65245.0,62694.0,46219.0,63266.0,63266.0
04-20 17:00,63007.0,62110.0,64542.0,62472.0,47828.0,62780.0,62780.0
04-20 18:00,62556.0,62098.0,64291.0,61293.0,47961.0,62882.0,62882.0
04-20 19:00,62822.0,62090.0,64135.0,60770.0,47984.0,63062.0,63062.0
04-20 20:00,61875.0,61655.0,63711.0,59481.0,47319.0,62776.0,62776.0
04-20 21:00,61901.0,61622.0,63668.0,59157.0,47215.0,61724.0,61724.0
04-20 22:00,58634.0,58192.0,61202.0,55243.0,45413.0,58544.0,58544.0
04-20 23:00,52982.0,53078.0,57218.0,51126.0,42166.0,54600.0,54600.0
04-21 00:00,49080.0,48993.0,52749.0,48042.0,39214.0,50916.0,50916.0
04-21 01:00,46689.0,46348.0,49743.0,45496.0,36246.0,48269.0,48269.0
04-21 02:00,45203.0,45256.0,48766.0,43912.0,34756.0,47646.0,47646.0
04-21 03:00,45874.0,45846.0,49352.0,43112.0,34438.0,48635.0,48635.0
04-21 04:00,47961.0,47718.0,50893.0,43161.0,34944.0,50670.0,50670.0
04-21 05:00,52852.0,52788.0,55091.0,44061.0,35556.0,55075.0,55075.0
04-21 06:00,60784.0,60256.0,61976.0,46775.0,36013.0,61759.0,61759.0
04-21 07:00,65605.0,64472.0,66291.0,50840.0,38860.0,65955.0,65955.0
04-21 08:00,67183.0,66112.0,68687.0,55310.0,42444.0,67148.0,67148.0
04-21 09:00,67842.0,66917.0,69385.0,57399.0,44495.0,67731.0,67731.0
04-21 10:00,69408.0,67881.0,70445.0,57840.0,45118.0,68086.0,68086.0
04-21 11:00,70338.0,68260.0,71822.0,58187.0,45808.0,68854.0,68854.0
04-21 12:00,69494.0,67752.0,71323.0,57722.0,45211.0,68373.0,68373.0
04-21 13:00,69410.0,67718.0,70020.0,55908.0,43494.0,67961.0,67961.0
04-21 14:00,67521.0,66180.0,67563.0,53361.0,41636.0,65785.0,65785.0
04-21 15:00,66032.0,64790.0,66744.0,52397.0,40454.0,65009.0,65009.0
04-21 16:00,63973.0,62734.0,65648.0,51215.0,39898.0,64103.0,64103.0
04-21 17:00,62530.0,61646.0,65035.0,51742.0,41352.0,64030.0,64030.0
04-21 18:00,62192.0,61691.0,65327.0,52465.0,42508.0,64455.0,64455.0
04-21 19:00,61988.0,61439.0,65224.0,52411.0,42997.0,65000.0,65000.0
04-21 20:00,61533.0,61274.0,64005.0,50790.0,44392.0,64656.0,64656.0
04-21 21:00,61384.0,61163.0,62496.0,50751.0,44695.0,63142.0,63142.0
04-21 22:00,57766.0,57831.0,59654.0,48685.0,43539.0,60433.0,60433.0
04-21 23:00,54193.0,53115.0,55534.0,45515.0,40378.0,56109.0,56109.0
04-22 00:00,48347.0,48916.0,51220.0,41826.0,37464.0,52228.0,52228.0
04-22 01:00,45818.0,46348.0,48530.0,39283.0,35243.0,49624.0,49624.0
04-22 02:00,44377.0,45185.0,46216.0,37972.0,34551.0,48426.0,48426.0
04-22 03:00,44857.0,45673.0,45694.0,37035.0,34246.0,49917.0,49917.0
04-22 04:00,46984.0,47978.0,46157.0,37251.0,35038.0,51610.0,51610.0
04-22 05:00,52543.0,52654.0,47230.0,37692.0,35708.0,55707.0,55707.0
04-22 06:00,59687.0,60183.0,48471.0,38319.0,36305.0,61821.0,61821.0
04-22 07:00,63963.0,64181.0,52171.0,41589.0,39563.0,66018.0,66018.0
04-22 08:00,66411.0,65896.0,56215.0,45567.0,42863.0,68249.0,68249.0
04-22 09:00,67185.0,66649.0,58732.0,48018.0,45547.0,68821.0,68821.0
04-22 10:00,68236.0,67624.0,59824.0,49676.0,47289.0,68655.0,68655.0
04-22 11:00,68681.0,68308.0,60702.0,51209.0,48905.0,69466.0,69466.0
04-22 12:00,68208.0,67683.0,60587.0,50976.0,48357.0,69523.0,69523.0
04-22 13:00,67780.0,66770.0,59036.0,48836.0,47079.0,68072.0,68072.0
04-22 14:00,66019.0,64700.0,56558.0,47222.0,45290.0,66477.0,66477.0
04-22 15:00,64431.0,63221.0,55968.0,46099.0,44725.0,66369.0,66369.0
04-22 16:00,62630.0,61659.0,55379.0,46204.0,44388.0,65089.0,65089.0
04-22 17:00,61485.0,61022.0,55967.0,47828.0,46118.0,64735.0,64735.0
04-22 18:00,61152.0,60867.0,56341.0,49867.0,47057.0,64975.0,64975.0
04-22 19:00,61010.0,60259.0,56631.0,50271.0,47409.0,64747.0,64747.0
04-22 20:00,60432.0,59204.0,55075.0,51399.0,47924.0,64266.0,64266.0
04-22 21:00,60403.0,58800.0,54050.0,51724.0,48274.0,62813.0,62813.0
04-22 22:00,56743.0,55526.0,52477.0,50674.0,47205.0,59703.0,59703.0
04-22 23:00,52161.0,51513.0,49274.0,47582.0,44205.0,55666.0,55666.0
04-23 00:00,47827.0,47194.0,46056.0,44541.0,40999.0,52087.0,52087.0
04-23 01:00,45391.0,44533.0,43819.0,42620.0,38984.0,49959.0,49959.0
04-23 02:00,44521.0,42986.0,42345.0,41116.0,37549.0,49246.0,49246.0
04-23 03:00,45385.0,43006.0,42125.0,41764.0,38065.0,49651.0,49651.0
04-23 04:00,47501.0,43508.0,42189.0,43785.0,40932.0,51687.0,51687.0
04-23 05:00,51940.0,43672.0,42142.0,50474.0,47118.0,55331.0,55331.0
04-23 06:00,59541.0,45159.0,41067.0,58505.0,55468.0,60822.0,60822.0
04-23 07:00,63612.0,49449.0,43804.0,63228.0,61398.0,64829.0,64829.0
04-23 08:00,65682.0,53490.0,47450.0,65583.0,63927.0,66927.0,66927.0
04-23 09:00,66395.0,56308.0,50807.0,66790.0,65291.0,67271.0,67271.0
04-23 10:00,67384.0,57479.0,53666.0,68470.0,65748.0,67384.0,67384.0
04-23 11:00,68055.0,58731.0,56033.0,69379.0,66878.0,68120.0,68120.0
04-23 12:00,67139.0,58393.0,55390.0,68635.0,66388.0,67200.0,67200.0
04-23 13:00,66867.0,56804.0,53602.0,68387.0,66291.0,65883.0,65883.0
04-23 14:00,65255.0,54409.0,51275.0,67462.0,64529.0,63543.0,63543.0
04-23 15:00,64233.0,53468.0,50197.0,66456.0,63868.0,62263.0,62263.0
04-23 16:00,62218.0,52466.0,49997.0,65209.0,62637.0,61281.0,61281.0
04-23 17:00,60898.0,53396.0,51538.0,63997.0,61866.0,60469.0,60469.0
04-23 18:00,60789.0,54139.0,52999.0,64494.0,62142.0,60552.0,60552.0
04-23 19:00,60667.0,53581.0,53318.0,64096.0,61585.0,60217.0,60217.0
04-23 20:00,60220.0,52309.0,52931.0,62089.0,60173.0,59669.0,59669.0
04-23 21:00,60645.0,51695.0,53412.0,60973.0,59204.0,57792.0,57792.0
04-23 22:00,57073.0,50523.0,53559.0,56548.0,54742.0,55242.0,55242.0
04-23 23:00,51954.0,47570.0,50906.0,51542.0,50190.0,51710.0,51710.0
04-24 00:00,47763.0,43447.0,47836.0,47649.0,46717.0,48598.0,48598.0
04-24 01:00,45580.0,40750.0,45524.0,45509.0,44578.0,46479.0,46479.0
04-24 02:00,44122.0,39881.0,44797.0,44205.0,43746.0,45189.0,45189.0
04-24 03:00,44835.0,39822.0,46208.0,44606.0,44418.0,44808.0,44808.0
04-24 04:00,47131.0,40088.0,49090.0,47020.0,46058.0,45175.0,45175.0
04-24 05:00,51644.0,39976.0,54869.0,52526.0,50618.0,45599.0,45599.0
04-24 06:00,59276.0,38990.0,62611.0,60315.0,57767.0,46246.0,46246.0
04-24 07:00,63812.0,42291.0,66454.0,64894.0,62604.0,49151.0,49151.0
04-24 08:00,65864.0,46045.0,69226.0,68124.0,64626.0,52684.0,52684.0
04-24 09:00,66715.0,49341.0,69872.0,68847.0,65874.0,54840.0,54840.0
04-24 10:00,67826.0,51413.0,70273.0,70285.0,67276.0,55502.0,55502.0
04-24 11:00,68011.0,53652.0,71361.0,70836.0,67539.0,56118.0,56118.0
04-24 12:00,67362.0,53255.0,70759.0,69807.0,66867.0,55637.0,55637.0
04-24 13:00,66785.0,51053.0,70718.0,69578.0,66667.0,53819.0,53819.0
04-24 14:00,64940.0,49155.0,69020.0,68064.0,65088.0,51794.0,51794.0
04-24 15:00,63646.0,48169.0,68234.0,67051.0,64260.0,51037.0,51037.0
04-24 16:00,61300.0,47909.0,66308.0,65412.0,62713.0,50368.0,50368.0
04-24 17:00,60727.0,49352.0,64930.0,64847.0,61680.0,52003.0,52003.0
04-24 18:00,60024.0,50650.0,64817.0,64904.0,61992.0,53030.0,53030.0
04-24 19:00,59684.0,50444.0,64532.0,64815.0,62083.0,53472.0,53472.0
04-24 20:00,58592.0,50953.0,63758.0,63400.0,61061.0,52974.0,52974.0
04-24 21:00,58222.0,51403.0,63098.0,62345.0,60365.0,51987.0,51987.0
04-24 22:00,55140.0,51482.0,59974.0,58118.0,56962.0,50143.0,50143.0
04-24 23:00,50754.0,48623.0,55259.0,52995.0,52091.0,47161.0,47161.0
04-25 00:00,46786.0,45497.0,50878.0,49135.0,47956.0,43838.0,43838.0
04-25 01:00,44631.0,43475.0,48320.0,47031.0,45492.0,41819.0,41819.0
04-25 02:00,42835.0,42818.0,47181.0,45757.0,43417.0,40508.0,40508.0
04-25 03:00,42242.0,43970.0,48065.0,46032.0,43905.0,40149.0,40149.0
04-25 04:00,42704.0,46228.0,50148.0,48198.0,46552.0,40408.0,40408.0
04-25 05:00,43128.0,51495.0,54960.0,53626.0,51152.0,40124.0,40124.0
04-25 06:00,45145.0,60409.0,62597.0,62606.0,57984.0,40090.0,40090.0
04-25 07:00,49348.0,65345.0,67232.0,67628.0,62468.0,42408.0,42408.0
04-25 08:00,53344.0,67324.0,68259.0,69708.0,64867.0,46660.0,46660.0
04-25 09:00,55973.0,68735.0,68707.0,70630.0,66147.0,49659.0,49659.0
04-25 10:00,57031.0,70116.0,70974.0,71999.0,66734.0,51404.0,51404.0
04-25 11:00,58037.0,70984.0,71898.0,72882.0,68030.0,52845.0,52845.0
04-25 12:00,57711.0,70518.0,70737.0,72122.0,67532.0,52476.0,52476.0
04-25 13:00,55911.0,70550.0,71015.0,70882.0,66258.0,50209.0,50209.0
04-25 14:00,53776.0,68615.0,69776.0,68959.0,64848.0,48417.0,48417.0
04-25 15:00,52977.0,67909.0,69251.0,68242.0,64374.0,47511.0,47511.0
04-25 16:00,51857.0,66240.0,67891.0,66306.0,63415.0,47046.0,47046.0
04-25 17:00,52999.0,65471.0,66617.0,66411.0,62202.0,49521.0,49521.0
04-25 18:00,53249.0,65158.0,66273.0,66081.0,61867.0,51210.0,51210.0
04-25 19:00,52835.0,65007.0,66544.0,65978.0,61024.0,51196.0,51196.0
04-25 20:00,51756.0,63779.0,64704.0,64621.0,59778.0,51156.0,51156.0
04-25 21:00,51092.0,62496.0,63518.0,62705.0,59475.0,50989.0,50989.0
04-25 22:00,49161.0,59592.0,60649.0,58492.0,56075.0,51558.0,51558.0
04-25 23:00,45748.0,54744.0,56111.0,53924.0,51682.0,48984.0,48984.0
04-26 00:00,42100.0,50405.0,51999.0,49441.0,48497.0,45573.0,45573.0
04-26 01:00,39049.0,48193.0,49662.0,47662.0,45587.0,43476.0,43476.0
04-26 02:00,37547.0,47391.0,48835.0,46589.0,43491.0,42755.0,42755.0
04-26 03:00,37016.0,48037.0,49461.0,47240.0,43751.0,43618.0,43618.0
04-26 04:00,37567.0,49685.0,51377.0,49363.0,46024.0,46493.0,46493.0
04-26 05:00,37877.0,54640.0,55949.0,54288.0,50734.0,51117.0,51117.0
04-26 06:00,38014.0,62249.0,63428.0,62476.0,57685.0,58111.0,58111.0
04-26 07:00,41112.0,66677.0,67658.0,66999.0,62926.0,62974.0,62974.0
04-26 08:00,45055.0,68889.0,69729.0,68740.0,65578.0,65166.0,65166.0
04-26 09:00,48092.0,69708.0,69836.0,69371.0,67116.0,65743.0,65743.0
04-26 10:00,50236.0,71158.0,70836.0,70622.0,67786.0,65672.0,65672.0
04-26 11:00,52195.0,71936.0,71446.0,72239.0,68715.0,66688.0,66688.0
04-26 12:00,51958.0,71085.0,70625.0,71798.0,67985.0,66410.0,66410.0
04-26 13:00,50096.0,70851.0,70423.0,71314.0,66411.0,65479.0,65479.0
04-26 14:00,47982.0,69037.0,68751.0,69221.0,64483.0,63285.0,63285.0
04-26 15:00,47116.0,69014.0,68369.0,68673.0,62701.0,62506.0,62506.0
04-26 16:00,46423.0,66619.0,66824.0,67156.0,61539.0,61067.0,61067.0
04-26 17:00,48214.0,66090.0,66344.0,66617.0,61189.0,61054.0,61054.0
04-26 18:00,49544.0,65659.0,65914.0,65414.0,60997.0,61423.0,61423.0
04-26 19:00,49643.0,65098.0,65697.0,65613.0,60458.0,62066.0,62066.0
04-26 20:00,49972.0,63729.0,64470.0,63932.0,58755.0,61535.0,61535.0
04-26 21:00,50543.0,62988.0,63342.0,63152.0,57652.0,60666.0,60666.0
04-26 22:00,50362.0,59861.0,60864.0,59021.0,54639.0,58425.0,58425.0
04-26 23:00,47035.0,54447.0,56761.0,53990.0,50711.0,54418.0,54418.0
04-27 00:00,43896.0,51492.0,52078.0,50300.0,46176.0,50618.0,50618.0
04-27 01:00,42070.0,49156.0,49654.0,48102.0,43476.0,48292.0,48292.0
04-27 02:00,40981.0,48339.0,48425.0,46678.0,42315.0,47449.0,47449.0
04-27 03:00,41917.0,49151.0,49170.0,47521.0,42501.0,48472.0,48472.0
04-27 04:00,44350.0,50720.0,51350.0,49259.0,43137.0,49920.0,49920.0
04-27 05:00,50439.0,55196.0,55569.0,54090.0,43388.0,53820.0,53820.0
04-27 06:00,59570.0,62832.0,62839.0,61684.0,44792.0,60048.0,60048.0
04-27 07:00,64769.0,67527.0,67180.0,65205.0,48703.0,64048.0,64048.0
04-27 08:00,67324.0,70244.0,68661.0,66688.0,52426.0,65667.0,65667.0
04-27 09:00,68430.0,70526.0,69328.0,67423.0,55044.0,66547.0,66547.0
04-27 10:00,69683.0,71111.0,70697.0,68179.0,56642.0,66621.0,66621.0
04-27 11:00,71317.0,72340.0,71386.0,68466.0,56849.0,67214.0,67214.0
04-27 12:00,70748.0,72204.0,70585.0,67886.0,56187.0,66613.0,66613.0
04-27 13:00,70470.0,71449.0,70302.0,66451.0,55057.0,65620.0,65620.0
04-27 14:00,68872.0,70005.0,68763.0,64246.0,52758.0,63518.0,63518.0
04-27 15:00,68259.0,69521.0,68418.0,63142.0,51623.0,62669.0,62669.0
04-27 16:00,66162.0,67371.0,66949.0,61594.0,51595.0,60861.0,60861.0
04-27 17:00,64717.0,67198.0,66255.0,61723.0,52239.0,60625.0,60625.0
04-27 18:00,64605.0,66488.0,65848.0,61254.0,52744.0,60914.0,60914.0
04-27 19:00,64472.0,66275.0,65562.0,60739.0,52449.0,61130.0,61130.0
04-27 20:00,63189.0,64681.0,64200.0,60126.0,51346.0,60852.0,60852.0
04-27 21:00,61442.0,63756.0,63425.0,59284.0,50458.0,60271.0,60271.0
04-27 22:00,58004.0,60740.0,60537.0,55693.0,48545.0,58259.0,58259.0
04-27 23:00,52746.0,56028.0,56208.0,51613.0,45049.0,54194.0,54194.0
04-28 00:00,48735.0,51926.0,52327.0,47553.0,41988.0,50461.0,50461.0
04-28 01:00,46304.0,49247.0,49835.0,45037.0,39803.0,47752.0,47752.0
04-28 02:00,45247.0,48013.0,48557.0,43721.0,38718.0,46312.0,46312.0
04-28 03:00,45985.0,48749.0,49182.0,43376.0,38249.0,47462.0,47462.0
04-28 04:00,48291.0,50955.0,51243.0,43399.0,38541.0,49458.0,49458.0
04-28 05:00,53299.0,54850.0,55780.0,44352.0,38784.0,53531.0,53531.0
04-28 06:00,61177.0,62199.0,62921.0,46706.0,39150.0,59419.0,59419.0
04-28 07:00,65341.0,66215.0,67166.0,50933.0,41680.0,63367.0,63367.0
04-28 08:00,67380.0,68275.0,68615.0,54859.0,45016.0,64954.0,64954.0
04-28 09:00,67660.0,68924.0,69161.0,56969.0,47965.0,65266.0,65266.0
04-28 10:00,68776.0,69920.0,70492.0,57798.0,49924.0,65723.0,65723.0
04-28 11:00,70090.0,70757.0,70689.0,58360.0,51705.0,66689.0,66689.0
04-28 12:00,69520.0,69910.0,70007.0,57844.0,51570.0,66896.0,66896.0
04-28 13:00,69120.0,69503.0,69122.0,56488.0,50439.0,65710.0,65710.0
04-28 14:00,67437.0,67938.0,66698.0,53790.0,49164.0,63877.0,63877.0
04-28 15:00,66464.0,67360.0,65855.0,52602.0,48079.0,62508.0,62508.0
04-28 16:00,65082.0,65411.0,64357.0,51899.0,46961.0,61728.0,61728.0
04-28 17:00,64042.0,64525.0,63957.0,52698.0,48353.0,62398.0,62398.0
04-28 18:00,63500.0,64337.0,63532.0,53350.0,49518.0,62436.0,62436.0
04-28 19:00,63309.0,64214.0,63096.0,53037.0,50332.0,62774.0,62774.0
04-28 20:00,62177.0,63052.0,61518.0,51763.0,50333.0,62427.0,62427.0
04-28 21:00,62002.0,62602.0,60388.0,51147.0,50684.0,61345.0,61345.0
04-28 22:00,59456.0,59899.0,58347.0,48627.0,50412.0,58798.0,58798.0
04-28 23:00,55053.0,54702.0,54498.0,45517.0,47246.0,54403.0,54403.0
04-29 00:00,50555.0,50094.0,50825.0,41663.0,44498.0,50482.0,50482.0
04-29 01:00,47763.0,47737.0,47870.0,39539.0,42423.0,47516.0,47516.0
04-29 02:00,46760.0,46915.0,46399.0,38371.0,42054.0,46790.0,46790.0
04-29 03:00,47533.0,48215.0,46418.0,37796.0,43028.0,46192.0,46192.0
04-29 04:00,49666.0,50090.0,46779.0,37928.0,45673.0,48293.0,48293.0
04-29 05:00,53522.0,54207.0,47111.0,38423.0,50989.0,52547.0,52547.0
04-29 06:00,61338.0,61699.0,48369.0,38790.0,58821.0,59284.0,59284.0
04-29 07:00,65597.0,66032.0,51441.0,41999.0,63161.0,64130.0,64130.0
04-29 08:00,67368.0,67764.0,53746.0,45906.0,64929.0,66132.0,66132.0
04-29 09:00,67986.0,68541.0,54665.0,48665.0,65663.0,66644.0,66644.0
04-29 10:00,68942.0,69504.0,54848.0,50190.0,66670.0,67502.0,67502.0
04-29 11:00,69752.0,70271.0,55023.0,52060.0,67843.0,69234.0,69234.0
04-29 12:00,68904.0,69694.0,54347.0,52148.0,67491.0,68635.0,68635.0
04-29 13:00,68634.0,68947.0,52810.0,50488.0,67084.0,67823.0,67823.0
04-29 14:00,67008.0,65904.0,50345.0,47664.0,65837.0,67235.0,67235.0
04-29 15:00,66180.0,64736.0,48826.0,47018.0,65813.0,66003.0,66003.0
04-29 16:00,64068.0,63399.0,48529.0,46668.0,64553.0,65329.0,65329.0
04-29 17:00,62493.0,62542.0,50399.0,48425.0,63955.0,65344.0,65344.0
04-29 18:00,62439.0,61639.0,51953.0,49298.0,63766.0,65602.0,65602.0
04-29 19:00,62273.0,60847.0,52719.0,49174.0,63475.0,64394.0,64394.0
04-29 20:00,61408.0,59109.0,51883.0,49951.0,62302.0,63044.0,63044.0
04-29 21:00,61591.0,58531.0,51956.0,50815.0,60100.0,62261.0,62261.0
04-29 22:00,58371.0,56120.0,51270.0,49618.0,56917.0,59619.0,59619.0
04-29 23:00,53381.0,52494.0,48172.0,46117.0,52058.0,55013.0,55013.0
04-30 00:00,49274.0,48054.0,45057.0,43760.0,48024.0,51291.0,51291.0
04-30 01:00,46468.0,45373.0,42188.0,41375.0,46187.0,49501.0,49501.0
04-30 02:00,45365.0,43644.0,40730.0,41069.0,44992.0,48628.0,48628.0
04-30 03:00,45557.0,43478.0,41060.0,41674.0,45777.0,49394.0,49394.0
04-30 04:00,47819.0,43675.0,41404.0,43930.0,47888.0,50940.0,50940.0
04-30 05:00,52294.0,44048.0,41775.0,47778.0,52136.0,54231.0,54231.0
04-30 06:00,60621.0,45420.0,40620.0,53826.0,60069.0,61153.0,61153.0
04-30 07:00,65262.0,49549.0,43808.0,58244.0,63957.0,65268.0,65268.0
04-30 08:00,67128.0,53471.0,47366.0,61122.0,65778.0,66845.0,66845.0
04-30 09:00,67855.0,55594.0,49784.0,63188.0,66250.0,67527.0,67527.0
04-30 10:00,68677.0,56683.0,51364.0,64385.0,66223.0,67696.0,67696.0
04-30 11:00,69771.0,57803.0,52488.0,65644.0,66456.0,68394.0,68394.0
04-30 12:00,69066.0,57333.0,52438.0,65131.0,65803.0,67396.0,67396.0
04-30 13:00,68612.0,55613.0,50313.0,63763.0,65449.0,65915.0,65915.0
04-30 14:00,67030.0,53689.0,48257.0,62539.0,63776.0,63487.0,63487.0
04-30 15:00,65836.0,51986.0,47288.0,61790.0,63033.0,62884.0,62884.0
04-30 16:00,64440.0,50737.0,46799.0,60181.0,61083.0,61508.0,61508.0
04-30 17:00,63026.0,51433.0,48269.0,58919.0,59924.0,60798.0,60798.0
04-30 18:00,62059.0,51775.0,48154.0,58136.0,59966.0,60712.0,60712.0
04-30 19:00,62109.0,51413.0,48992.0,58020.0,59672.0,60673.0,60673.0
04-30 20:00,60735.0,50530.0,49265.0,56653.0,58122.0,59160.0,59160.0
04-30 21:00,58933.0,50270.0,49879.0,55195.0,57385.0,57039.0,57039.0
04-30 22:00,55800.0,49597.0,49831.0,52237.0,53681.0,53985.0,53985.0
04-30 23:00,51430.0,46057.0,46757.0,47806.0,49215.0,50007.0,50007.0
05-01 00:00,46811.0,42745.0,44118.0,45399.0,45379.0,46016.0,46016.0
05-01 01:00,43745.0,39988.0,41288.0,43467.0,43055.0,43565.0,43565.0
05-01 02:00,41746.0,38581.0,39536.0,41953.0,41135.0,41842.0,41842.0
05-01 03:00,41009.0,38055.0,39073.0,41479.0,40730.0,41492.0,41492.0
05-01 04:00,41122.0,38848.0,39621.0,42020.0,40431.0,41329.0,41329.0
05-01 05:00,41125.0,39011.0,39901.0,42283.0,40562.0,41445.0,41445.0
05-01 06:00,38279.0,38046.0,38838.0,42190.0,39230.0,40482.0,40482.0
05-01 07:00,41392.0,40942.0,41538.0,45292.0,42190.0,42744.0,42744.0
05-01 08:00,44974.0,44362.0,45089.0,48812.0,45773.0,46338.0,46338.0
05-01 09:00,48159.0,47240.0,48759.0,51740.0,48297.0,49667.0,49667.0
05-01 10:00,49867.0,49542.0,51283.0,53280.0,50322.0,51829.0,51829.0
05-01 11:00,51424.0,51236.0,53666.0,55060.0,51276.0,53019.0,53019.0
05-01 12:00,51088.0,50801.0,53324.0,54889.0,50472.0,52572.0,52572.0
05-01 13:00,49094.0,48925.0,51534.0,52816.0,48747.0,50449.0,50449.0
05-01 14:00,47789.0,46878.0,49842.0,51231.0,46601.0,48568.0,48568.0
05-01 15:00,46350.0,45282.0,48960.0,50036.0,46125.0,47769.0,47769.0
05-01 16:00,45551.0,44839.0,48918.0,49093.0,45814.0,47061.0,47061.0
05-01 17:00,46697.0,46523.0,50876.0,49945.0,46219.0,49054.0,49054.0
05-01 18:00,47400.0,47844.0,51639.0,51171.0,47505.0,50274.0,50274.0
05-01 19:00,47387.0,48451.0,51677.0,50615.0,48282.0,50495.0,50495.0
05-01 20:00,47055.0,48637.0,51584.0,49975.0,48176.0,49740.0,49740.0
05-01 21:00,47837.0,49149.0,51408.0,50148.0,48415.0,49075.0,49075.0
05-01 22:00,47483.0,49468.0,51161.0,49664.0,48409.0,48442.0,48442.0
05-01 23:00,44346.0,46454.0,47909.0,46385.0,44818.0,45241.0,45241.0
05-02 00:00,40724.0,43077.0,44739.0,43460.0,41658.0,42277.0,42277.0
05-02 01:00,38640.0,40645.0,42226.0,41388.0,40082.0,40174.0,40174.0
05-02 02:00,37243.0,39780.0,41481.0,40206.0,39865.0,38822.0,38822.0
05-02 03:00,37469.0,40912.0,42267.0,40894.0,40873.0,38643.0,38643.0
05-02 04:00,38512.0,43689.0,44931.0,43538.0,43395.0,39550.0,39550.0
05-02 05:00,39282.0,49207.0,51288.0,48782.0,48894.0,39752.0,39752.0
05-02 06:00,41484.0,58319.0,61038.0,58512.0,57923.0,40069.0,40069.0
05-02 07:00,45828.0,63119.0,66438.0,63190.0,62653.0,42463.0,42463.0
05-02 08:00,49891.0,65375.0,69102.0,65482.0,64445.0,46353.0,46353.0
05-02 09:00,52494.0,66320.0,70178.0,65910.0,65109.0,49632.0,49632.0
05-02 10:00,53653.0,67441.0,71383.0,66722.0,66022.0,51853.0,51853.0
05-02 11:00,54260.0,68064.0,71948.0,68459.0,66698.0,54078.0,54078.0
05-02 12:00,54028.0,67656.0,71342.0,67447.0,66090.0,53948.0,53948.0
05-02 13:00,52630.0,67488.0,71535.0,67157.0,65455.0,52564.0,52564.0
05-02 14:00,50880.0,65999.0,70013.0,66313.0,64590.0,50540.0,50540.0
05-02 15:00,50472.0,65180.0,69320.0,65790.0,64656.0,49768.0,49768.0
05-02 16:00,49747.0,63086.0,67609.0,64310.0,63760.0,49287.0,49287.0
05-02 17:00,50267.0,62016.0,66783.0,63200.0,63211.0,50481.0,50481.0
05-02 18:00,50686.0,62054.0,66436.0,63380.0,63138.0,51866.0,51866.0
05-02 19:00,50555.0,62237.0,66016.0,63432.0,63125.0,52079.0,52079.0
05-02 20:00,49503.0,61264.0,64838.0,62544.0,61450.0,51568.0,51568.0
05-02 21:00,49622.0,60743.0,63662.0,61634.0,59950.0,51711.0,51711.0
05-02 22:00,48562.0,58135.0,60865.0,57972.0,57104.0,51307.0,51307.0
05-02 23:00,45790.0,52442.0,55924.0,53039.0,52823.0,48993.0,48993.0
05-03 00:00,42068.0,48882.0,51588.0,48957.0,48428.0,46465.0,46465.0
05-03 01:00,39711.0,46785.0,48911.0,46293.0,46426.0,44898.0,44898.0
05-03 02:00,38103.0,45489.0,47563.0,45043.0,45179.0,44588.0,44588.0
05-03 03:00,37712.0,46098.0,48081.0,45780.0,45469.0,45464.0,45464.0
05-03 04:00,38010.0,48200.0,50491.0,47739.0,47691.0,47627.0,47627.0
05-03 05:00,38522.0,52763.0,55007.0,52188.0,52162.0,52005.0,52005.0
05-03 06:00,38379.0,60807.0,62323.0,60027.0,59485.0,59020.0,59020.0
05-03 07:00,41290.0,65450.0,66591.0,65154.0,63271.0,63577.0,63577.0
05-03 08:00,44929.0,67184.0,68789.0,66623.0,65573.0,66569.0,66569.0
05-03 09:00,47964.0,67749.0,68981.0,66952.0,66711.0,67274.0,67274.0
05-03 10:00,50481.0,69117.0,69845.0,68072.0,67243.0,67592.0,67592.0
05-03 11:00,53289.0,70546.0,71158.0,69106.0,67449.0,68251.0,68251.0
05-03 12:00,52709.0,70012.0,70875.0,68697.0,66505.0,68730.0,68730.0
05-03 13:00,51266.0,70249.0,70854.0,68637.0,65721.0,68689.0,68689.0
05-03 14:00,49556.0,68358.0,69223.0,66952.0,64308.0,67058.0,67058.0
05-03 15:00,48640.0,67822.0,68340.0,66499.0,63499.0,65924.0,65924.0
05-03 16:00,48719.0,65616.0,66810.0,64680.0,62229.0,63910.0,63910.0
05-03 17:00,50457.0,64936.0,66257.0,63532.0,61654.0,62977.0,62977.0
05-03 18:00,51198.0,64390.0,66266.0,63698.0,61211.0,63287.0,63287.0
05-03 19:00,51010.0,64582.0,66212.0,63624.0,61099.0,63274.0,63274.0
05-03 20:00,51107.0,62634.0,64934.0,62382.0,59809.0,61932.0,61932.0
05-03 21:00,50682.0,61342.0,63682.0,60612.0,58765.0,60877.0,60877.0
05-03 22:00,50725.0,58961.0,61101.0,58215.0,55906.0,58908.0,58908.0
05-03 23:00,47513.0,54497.0,55965.0,53104.0,52095.0,54944.0,54944.0
05-04 00:00,43840.0,50120.0,51901.0,48624.0,47801.0,51202.0,51202.0
05-04 01:00,41486.0,47402.0,49167.0,46962.0,45199.0,49260.0,49260.0
05-04 02:00,40649.0,46361.0,48011.0,45535.0,43861.0,49118.0,49118.0
05-04 03:00,41171.0,47471.0,49030.0,45985.0,43288.0,50075.0,50075.0
05-04 04:00,43509.0,49451.0,50844.0,48134.0,44365.0,52468.0,52468.0
05-04 05:00,49376.0,53450.0,55413.0,51832.0,44542.0,56930.0,56930.0
05-04 06:00,58843.0,61354.0,63392.0,59777.0,46143.0,63339.0,63339.0
05-04 07:00,63970.0,65453.0,67594.0,64391.0,49787.0,68027.0,68027.0
05-04 08:00,66959.0,67248.0,69924.0,66209.0,53870.0,69981.0,69981.0
05-04 09:00,67876.0,67808.0,69922.0,67207.0,56722.0,70934.0,70934.0
05-04 10:00,69124.0,68570.0,71118.0,67856.0,57872.0,71728.0,71728.0
05-04 11:00,70113.0,68787.0,72111.0,67991.0,58327.0,73168.0,73168.0
05-04 12:00,68987.0,67709.0,71900.0,68094.0,57733.0,73014.0,73014.0
05-04 13:00,68858.0,67453.0,72047.0,66886.0,56752.0,73032.0,73032.0
05-04 14:00,67416.0,65885.0,70136.0,64828.0,55361.0,70625.0,70625.0
05-04 15:00,65779.0,65218.0,69646.0,64100.0,53793.0,70157.0,70157.0
05-04 16:00,63569.0,63166.0,68185.0,62772.0,53194.0,68463.0,68463.0
05-04 17:00,62838.0,62039.0,67332.0,62112.0,53720.0,67897.0,67897.0
05-04 18:00,62611.0,61418.0,66955.0,61732.0,54315.0,67784.0,67784.0
05-04 19:00,62413.0,61200.0,66794.0,61598.0,53423.0,67224.0,67224.0
05-04 20:00,61094.0,59910.0,65174.0,60329.0,51698.0,65470.0,65470.0
05-04 21:00,60732.0,59334.0,63356.0,58945.0,50838.0,63375.0,63375.0
05-04 22:00,57274.0,56902.0,60671.0,56349.0,50038.0,61318.0,61318.0
05-04 23:00,52192.0,51882.0,56478.0,52153.0,47112.0,57021.0,57021.0
05-05 00:00,48182.0,47821.0,52259.0,48125.0,43884.0,53381.0,53381.0
05-05 01:00,45711.0,45242.0,49566.0,45546.0,41414.0,51802.0,51802.0
05-05 02:00,44149.0,43361.0,47939.0,43509.0,40155.0,50208.0,50208.0
05-05 03:00,44382.0,43195.0,48583.0,43287.0,40059.0,50961.0,50961.0
05-05 04:00,46404.0,43441.0,50521.0,43558.0,40125.0,52465.0,52465.0
05-05 05:00,51837.0,43676.0,54680.0,44095.0,39996.0,56236.0,56236.0
05-05 06:00,60996.0,41523.0,62436.0,46955.0,39556.0,63045.0,63045.0
05-05 07:00,66796.0,44510.0,67149.0,51413.0,42343.0,67624.0,67624.0
05-05 08:00,67954.0,48382.0,69002.0,55684.0,45820.0,70142.0,70142.0
05-05 09:00,69422.0,50387.0,69498.0,56965.0,48648.0,71444.0,71444.0
05-05 10:00,71051.0,51241.0,70447.0,57984.0,50768.0,71808.0,71808.0
05-05 11:00,71714.0,52086.0,71005.0,58206.0,52755.0,73130.0,73130.0
05-05 12:00,71428.0,51833.0,70024.0,57375.0,52660.0,72233.0,72233.0
05-05 13:00,71513.0,50064.0,68963.0,55561.0,51259.0,71394.0,71394.0
05-05 14:00,68401.0,47875.0,66924.0,53193.0,48956.0,69781.0,69781.0
05-05 15:00,68017.0,46393.0,65788.0,51730.0,48470.0,68794.0,68794.0
05-05 16:00,65514.0,46121.0,64174.0,51430.0,48428.0,67465.0,67465.0
05-05 17:00,65475.0,46907.0,63072.0,52091.0,49925.0,66841.0,66841.0
05-05 18:00,65016.0,48012.0,62423.0,52663.0,51064.0,67355.0,67355.0
05-05 19:00,64605.0,49071.0,62120.0,52583.0,51554.0,67070.0,67070.0
05-05 20:00,62578.0,49063.0,60326.0,51617.0,51077.0,65468.0,65468.0
05-05 21:00,61182.0,50943.0,59172.0,50677.0,51709.0,63765.0,63765.0
05-05 22:00,58453.0,50577.0,57070.0,49782.0,51783.0,61191.0,61191.0
05-05 23:00,53117.0,46978.0,53013.0,46247.0,48698.0,56791.0,56791.0
05-06 00:00,48395.0,43560.0,49202.0,42263.0,45480.0,53986.0,53986.0
05-06 01:00,45759.0,40932.0,46124.0,39878.0,43690.0,52007.0,52007.0
05-06 02:00,44291.0,39746.0,44607.0,38302.0,43352.0,50704.0,50704.0
05-06 03:00,44247.0,39753.0,44328.0,37856.0,44673.0,51436.0,51436.0
05-06 04:00,46599.0,41938.0,45194.0,37899.0,47147.0,53119.0,53119.0
05-06 05:00,51415.0,44909.0,45488.0,37889.0,51911.0,56864.0,56864.0
05-06 06:00,59753.0,50488.0,46717.0,38803.0,60196.0,63327.0,63327.0
05-06 07:00,64758.0,55230.0,50905.0,42522.0,64729.0,68130.0,68130.0
05-06 08:00,66950.0,58208.0,54633.0,46682.0,66403.0,69210.0,69210.0
05-06 09:00,67311.0,60298.0,57102.0,48857.0,66904.0,69612.0,69612.0
05-06 10:00,68751.0,61698.0,58472.0,50321.0,68416.0,70647.0,70647.0
05-06 11:00,70685.0,62401.0,59066.0,51811.0,69358.0,71663.0,71663.0
05-06 12:00,70290.0,61734.0,58223.0,51424.0,68925.0,71682.0,71682.0
05-06 13:00,69505.0,60799.0,56795.0,49517.0,68175.0,71508.0,71508.0
05-06 14:00,67618.0,58841.0,54306.0,47252.0,66584.0,69357.0,69357.0
05-06 15:00,66405.0,57973.0,53233.0,46176.0,66386.0,67842.0,67842.0
05-06 16:00,64745.0,56606.0,51942.0,46176.0,65191.0,66409.0,66409.0
05-06 17:00,64543.0,56378.0,52548.0,48016.0,64749.0,65452.0,65452.0
05-06 18:00,64275.0,56311.0,53060.0,49389.0,64681.0,65123.0,65123.0
05-06 19:00,64055.0,55620.0,52904.0,50114.0,65009.0,64398.0,64398.0
05-06 20:00,62302.0,54457.0,51860.0,50338.0,63184.0,62975.0,62975.0
05-06 21:00,61174.0,54401.0,50736.0,50928.0,61216.0,60975.0,60975.0
05-06 22:00,58907.0,52903.0,50148.0,50976.0,58460.0,58493.0,58493.0
05-06 23:00,53453.0,48719.0,47697.0,47651.0,54214.0,54228.0,54228.0
05-07 00:00,48378.0,44816.0,43879.0,44529.0,50592.0,50339.0,50339.0
05-07 01:00,45920.0,42552.0,41165.0,42847.0,48494.0,47498.0,47498.0
05-07 02:00,44949.0,40822.0,39462.0,41744.0,47362.0,46807.0,46807.0
05-07 03:00,45507.0,40355.0,38935.0,41802.0,48373.0,47862.0,47862.0
05-07 04:00,47869.0,40964.0,39353.0,44081.0,50400.0,49857.0,49857.0
05-07 05:00,51808.0,41282.0,39428.0,49373.0,54332.0,53457.0,53457.0
05-07 06:00,60578.0,43744.0,39541.0,58575.0,61520.0,59813.0,59813.0
05-07 07:00,65175.0,48217.0,42597.0,63638.0,65483.0,64809.0,64809.0
05-07 08:00,67568.0,52457.0,46635.0,66388.0,67060.0,66864.0,66864.0
05-07 09:00,68936.0,55100.0,49402.0,67065.0,67474.0,67212.0,67212.0
05-07 10:00,69841.0,55857.0,51941.0,68345.0,68409.0,68791.0,68791.0
05-07 11:00,70073.0,56430.0,54364.0,68782.0,69079.0,69532.0,69532.0
05-07 12:00,69570.0,56023.0,54283.0,68377.0,68773.0,69322.0,69322.0
05-07 13:00,69338.0,54766.0,52195.0,67808.0,68080.0,68142.0,68142.0
05-07 14:00,67805.0,52785.0,50263.0,66440.0,66620.0,65417.0,65417.0
05-07 15:00,66635.0,51505.0,49428.0,65836.0,66045.0,64597.0,64597.0
05-07 16:00,65187.0,50842.0,49134.0,64526.0,64078.0,63181.0,63181.0
05-07 17:00,63902.0,51335.0,50630.0,63913.0,63184.0,63029.0,63029.0
05-07 18:00,63122.0,51417.0,51711.0,63680.0,63083.0,62746.0,62746.0
05-07 19:00,62801.0,51179.0,52307.0,63379.0,63086.0,62179.0,62179.0
05-07 20:00,61135.0,50383.0,51478.0,62430.0,62182.0,60886.0,60886.0
05-07 21:00,60186.0,49971.0,51452.0,60753.0,60896.0,58692.0,58692.0
05-07 22:00,57968.0,49622.0,51516.0,58511.0,57933.0,56976.0,56976.0
05-07 23:00,52622.0,45866.0,48360.0,53156.0,53580.0,53187.0,53187.0
05-08 00:00,48481.0,42004.0,44592.0,49327.0,49603.0,49629.0,49629.0
05-08 01:00,46117.0,39213.0,42611.0,46857.0,47381.0,47596.0,47596.0
05-08 02:00,44552.0,37835.0,41674.0,45457.0,46356.0,46342.0,46342.0
05-08 03:00,44619.0,37361.0,42495.0,45565.0,47342.0,46095.0,46095.0
05-08 04:00,46750.0,37264.0,45082.0,47290.0,49714.0,46254.0,46254.0
05-08 05:00,51291.0,37564.0,50741.0,51893.0,53659.0,46458.0,46458.0
05-08 06:00,59447.0,38059.0,60202.0,60232.0,61027.0,46920.0,46920.0
05-08 07:00,64637.0,41718.0,65315.0,64823.0,65429.0,49708.0,49708.0
05-08 08:00,65958.0,45646.0,68117.0,67181.0,66942.0,53512.0,53512.0
05-08 09:00,67116.0,48376.0,68742.0,67653.0,67463.0,55931.0,55931.0
05-08 10:00,67693.0,50271.0,70142.0,68874.0,68179.0,56136.0,56136.0
05-08 11:00,68277.0,51362.0,71148.0,69841.0,69034.0,55758.0,55758.0
05-08 12:00,67164.0,51099.0,70798.0,69151.0,68494.0,55589.0,55589.0
05-08 13:00,66322.0,49579.0,70867.0,68898.0,68165.0,54580.0,54580.0
05-08 14:00,64541.0,47713.0,69289.0,67370.0,67706.0,53210.0,53210.0
05-08 15:00,63753.0,46938.0,68169.0,66682.0,67858.0,52090.0,52090.0
05-08 16:00,62087.0,46520.0,66793.0,65386.0,66976.0,50963.0,50963.0
05-08 17:00,61721.0,47742.0,66106.0,64682.0,66346.0,51859.0,51859.0
05-08 18:00,61238.0,48631.0,65745.0,64353.0,65925.0,53388.0,53388.0
05-08 19:00,60422.0,48950.0,65213.0,64241.0,65764.0,53475.0,53475.0
05-08 20:00,58793.0,49500.0,63012.0,62930.0,63553.0,52440.0,52440.0
05-08 21:00,57909.0,50321.0,61068.0,61553.0,61173.0,51686.0,51686.0
05-08 22:00,55544.0,50855.0,58744.0,59056.0,59055.0,51057.0,51057.0
05-08 23:00,51332.0,47461.0,54211.0,54178.0,54054.0,48151.0,48151.0
05-09 00:00,47005.0,43728.0,50076.0,49851.0,49907.0,44925.0,44925.0
05-09 01:00,44068.0,41881.0,47739.0,47753.0,47250.0,42446.0,42446.0
05-09 02:00,41793.0,40797.0,46406.0,46782.0,45991.0,41327.0,41327.0
05-09 03:00,41253.0,40866.0,47443.0,46285.0,46413.0,41194.0,41194.0
05-09 04:00,41747.0,43298.0,48794.0,47744.0,48642.0,41945.0,41945.0
05-09 05:00,42287.0,48932.0,52718.0,51247.0,53066.0,42050.0,42050.0
05-09 06:00,45424.0,58406.0,60437.0,59596.0,60680.0,41768.0,41768.0
05-09 07:00,49936.0,63856.0,64905.0,64365.0,64561.0,45117.0,45117.0
05-09 08:00,54271.0,65847.0,66645.0,66495.0,66742.0,48656.0,48656.0
05-09 09:00,57222.0,67183.0,67159.0,67244.0,66892.0,50555.0,50555.0
05-09 10:00,58714.0,68937.0,68461.0,68405.0,68056.0,51253.0,51253.0
05-09 11:00,59258.0,70291.0,68982.0,69229.0,68638.0,52523.0,52523.0
05-09 12:00,58555.0,69455.0,68265.0,68713.0,67668.0,51994.0,51994.0
05-09 13:00,56281.0,69526.0,67968.0,68428.0,67297.0,50452.0,50452.0
05-09 14:00,53748.0,67920.0,66382.0,67622.0,66137.0,47644.0,47644.0
05-09 15:00,52905.0,67185.0,65232.0,66388.0,65911.0,46508.0,46508.0
05-09 16:00,52025.0,65360.0,63548.0,64555.0,64376.0,46329.0,46329.0
05-09 17:00,52741.0,63958.0,63210.0,63795.0,63663.0,47918.0,47918.0
05-09 18:00,52803.0,63525.0,63080.0,62850.0,63899.0,48854.0,48854.0
05-09 19:00,52711.0,63127.0,63053.0,62384.0,63669.0,49915.0,49915.0
05-09 20:00,50683.0,61572.0,61728.0,60602.0,62924.0,50606.0,50606.0
05-09 21:00,50144.0,60288.0,60218.0,58848.0,60894.0,51991.0,51991.0
05-09 22:00,49272.0,57854.0,58493.0,56485.0,58105.0,52332.0,52332.0
05-09 23:00,46091.0,52367.0,53611.0,52151.0,53703.0,49755.0,49755.0
05-10 00:00,42531.0,48545.0,49519.0,47829.0,48998.0,46696.0,46696.0
05-10 01:00,39535.0,46411.0,46966.0,44875.0,47054.0,44785.0,44785.0
05-10 02:00,37971.0,45517.0,46151.0,42993.0,46118.0,43483.0,43483.0
05-10 03:00,37399.0,45646.0,47063.0,42855.0,46650.0,43285.0,43285.0
05-10 04:00,37733.0,47637.0,49357.0,42247.0,48877.0,45251.0,45251.0
05-10 05:00,38059.0,51626.0,53256.0,42037.0,52885.0,49812.0,49812.0
05-10 06:00,38538.0,60269.0,60663.0,41298.0,60607.0,58465.0,58465.0
05-10 07:00,42136.0,64861.0,64765.0,45068.0,65422.0,64028.0,64028.0
05-10 08:00,46034.0,66618.0,66831.0,48905.0,67199.0,65390.0,65390.0
05-10 09:00,48877.0,68128.0,66967.0,50714.0,67451.0,66579.0,66579.0
05-10 10:00,50716.0,69091.0,67788.0,52282.0,68168.0,67202.0,67202.0
05-10 11:00,52544.0,70245.0,68732.0,54482.0,68887.0,68916.0,68916.0
05-10 12:00,52011.0,69478.0,67884.0,54133.0,67910.0,68476.0,68476.0
05-10 13:00,50047.0,68892.0,67933.0,52457.0,66770.0,66784.0,66784.0
05-10 14:00,47589.0,66786.0,66199.0,50540.0,64953.0,65294.0,65294.0
05-10 15:00,46463.0,65950.0,65003.0,49654.0,63655.0,64819.0,64819.0
05-10 16:00,45021.0,64499.0,63843.0,49545.0,62345.0,63314.0,63314.0
05-10 17:00,46716.0,63946.0,62240.0,50860.0,61676.0,62395.0,62395.0
05-10 18:00,47757.0,63677.0,62016.0,51236.0,61542.0,62051.0,62051.0
05-10 19:00,48425.0,63606.0,62158.0,51268.0,61676.0,61762.0,61762.0
05-10 20:00,48797.0,61479.0,61046.0,50764.0,60069.0,60320.0,60320.0
05-10 21:00,50627.0,60151.0,59944.0,50256.0,58222.0,58698.0,58698.0
05-10 22:00,50963.0,57936.0,58372.0,48997.0,56000.0,56593.0,56593.0
05-10 23:00,47452.0,52343.0,53536.0,45424.0,52168.0,51864.0,51864.0
05-11 00:00,44008.0,48189.0,49310.0,42419.0,48330.0,48264.0,48264.0
05-11 01:00,42022.0,46061.0,46520.0,40379.0,45050.0,45657.0,45657.0
05-11 02:00,41109.0,44425.0,44795.0,39558.0,43190.0,44855.0,44855.0
05-11 03:00,41673.0,44726.0,45159.0,39540.0,42485.0,45308.0,45308.0
05-11 04:00,44391.0,46606.0,47566.0,41393.0,43000.0,47235.0,47235.0
05-11 05:00,49105.0,51012.0,51789.0,44824.0,43196.0,50954.0,50954.0
05-11 06:00,58207.0,59609.0,59665.0,51222.0,45349.0,58402.0,58402.0
05-11 07:00,64109.0,64525.0,64261.0,55676.0,49370.0,63490.0,63490.0
05-11 08:00,66283.0,66490.0,66611.0,58922.0,52700.0,65741.0,65741.0
05-11 09:00,67084.0,67669.0,66739.0,59910.0,54952.0,65704.0,65704.0
05-11 10:00,68757.0,69204.0,67161.0,60655.0,56773.0,66508.0,66508.0
05-11 11:00,70211.0,70312.0,67616.0,61546.0,57368.0,68016.0,68016.0
05-11 12:00,69476.0,69868.0,67151.0,61189.0,56863.0,67924.0,67924.0
05-11 13:00,69303.0,69688.0,67579.0,60333.0,55680.0,66859.0,66859.0
05-11 14:00,67459.0,68001.0,66280.0,58569.0,53093.0,64559.0,64559.0
05-11 15:00,66843.0,67625.0,65220.0,57853.0,52593.0,64032.0,64032.0
05-11 16:00,64569.0,65627.0,63408.0,56673.0,51960.0,62885.0,62885.0
05-11 17:00,63249.0,64633.0,62741.0,56329.0,52942.0,62941.0,62941.0
05-11 18:00,62737.0,64030.0,62883.0,56432.0,53395.0,63161.0,63161.0
05-11 19:00,62820.0,63815.0,62951.0,56631.0,53497.0,63072.0,63072.0
05-11 20:00,61347.0,62096.0,62244.0,55175.0,52447.0,61975.0,61975.0
05-11 21:00,59851.0,60612.0,60581.0,53587.0,50917.0,60024.0,60024.0
05-11 22:00,57902.0,58831.0,58021.0,51910.0,50039.0,56578.0,56578.0
05-11 23:00,52475.0,53825.0,53441.0,48335.0,47151.0,51955.0,51955.0
05-12 00:00,48199.0,49572.0,49468.0,45279.0,42685.0,49663.0,49663.0
05-12 01:00,45697.0,47209.0,46426.0,43024.0,40814.0,47416.0,47416.0
05-12 02:00,43968.0,45890.0,44835.0,40957.0,39749.0,45597.0,45597.0
05-12 03:00,44057.0,46085.0,45131.0,40485.0,39355.0,45376.0,45376.0
05-12 04:00,46173.0,47778.0,47233.0,40828.0,39595.0,47813.0,47813.0
05-12 05:00,50362.0,51796.0,51495.0,41290.0,39639.0,51289.0,51289.0
05-12 06:00,58906.0,60626.0,60096.0,43613.0,39925.0,58730.0,58730.0
05-12 07:00,64045.0,65265.0,65223.0,48154.0,42211.0,63478.0,63478.0
05-12 08:00,66112.0,67396.0,67134.0,52086.0,45869.0,65798.0,65798.0
05-12 09:00,67280.0,68874.0,67563.0,54604.0,48680.0,66340.0,66340.0
05-12 10:00,68296.0,70443.0,68572.0,55510.0,49950.0,66841.0,66841.0
05-12 11:00,69467.0,71684.0,69054.0,56306.0,51486.0,68009.0,68009.0
05-12 12:00,69114.0,70619.0,68246.0,55914.0,51453.0,67695.0,67695.0
05-12 13:00,69390.0,70230.0,67365.0,53930.0,49112.0,66738.0,66738.0
05-12 14:00,67963.0,68959.0,65390.0,51931.0,47369.0,64617.0,64617.0
05-12 15:00,66699.0,68061.0,64725.0,50949.0,46752.0,63618.0,63618.0
05-12 16:00,65074.0,66434.0,63094.0,50524.0,46054.0,61971.0,61971.0
05-12 17:00,64467.0,65601.0,62575.0,51357.0,47922.0,61368.0,61368.0
05-12 18:00,64311.0,64890.0,61861.0,51839.0,48722.0,61553.0,61553.0
05-12 19:00,64378.0,64853.0,61727.0,51956.0,49252.0,61280.0,61280.0
05-12 20:00,62449.0,62493.0,59873.0,50622.0,49273.0,59970.0,59970.0
05-12 21:00,60489.0,60960.0,57858.0,49310.0,49232.0,58297.0,58297.0
05-12 22:00,58365.0,58900.0,55710.0,48631.0,49742.0,55470.0,55470.0
05-12 23:00,53378.0,53554.0,51654.0,45539.0,46329.0,51378.0,51378.0
05-13 00:00,48797.0,49267.0,47224.0,41911.0,43819.0,47390.0,47390.0
05-13 01:00,46426.0,46453.0,44964.0,40173.0,42236.0,44584.0,44584.0
05-13 02:00,44471.0,44908.0,43355.0,38528.0,41120.0,43087.0,43087.0
05-13 03:00,44873.0,44786.0,42579.0,37228.0,42297.0,42288.0,42288.0
05-13 04:00,46727.0,46685.0,43186.0,37199.0,45303.0,42258.0,42258.0
05-13 05:00,50725.0,50836.0,43441.0,37471.0,50520.0,42526.0,42526.0
05-13 06:00,59528.0,59686.0,45465.0,38747.0,58436.0,41624.0,41624.0
05-13 07:00,64235.0,64583.0,49829.0,41820.0,63245.0,44669.0,44669.0
05-13 08:00,66016.0,66578.0,54224.0,45150.0,65582.0,48011.0,48011.0
05-13 09:00,66934.0,67494.0,56433.0,48445.0,65468.0,50196.0,50196.0
05-13 10:00,68020.0,68960.0,57209.0,50569.0,66339.0,51635.0,51635.0
05-13 11:00,68737.0,69744.0,57368.0,52393.0,67022.0,53961.0,53961.0
05-13 12:00,68163.0,68513.0,56883.0,52278.0,66137.0,53547.0,53547.0
05-13 13:00,67875.0,67770.0,55639.0,50746.0,65810.0,51010.0,51010.0
05-13 14:00,66302.0,65093.0,52986.0,48918.0,64648.0,49029.0,49029.0
05-13 15:00,65506.0,64364.0,51741.0,48613.0,64442.0,48066.0,48066.0
05-13 16:00,62723.0,63098.0,51289.0,48174.0,63287.0,47984.0,47984.0
05-13 17:00,62070.0,63102.0,51993.0,50029.0,62440.0,49527.0,49527.0
05-13 18:00,61765.0,62403.0,52398.0,50935.0,61886.0,50120.0,50120.0
05-13 19:00,61063.0,62151.0,52019.0,51055.0,61644.0,49949.0,49949.0
05-13 20:00,59688.0,60080.0,50949.0,50324.0,61017.0,48563.0,48563.0
05-13 21:00,57625.0,57560.0,49613.0,50374.0,59361.0,48779.0,48779.0
05-13 22:00,55340.0,55730.0,48984.0,50365.0,57100.0,48332.0,48332.0
05-13 23:00,50540.0,51667.0,45526.0,47169.0,52248.0,45499.0,45499.0
05-14 00:00,46303.0,47080.0,41861.0,45025.0,48679.0,42848.0,42848.0
05-14 01:00,43438.0,44984.0,39339.0,43089.0,46229.0,41187.0,41187.0
05-14 02:00,41648.0,43229.0,37744.0,41718.0,45317.0,40205.0,40205.0
05-14 03:00,41132.0,42513.0,36905.0,42067.0,46142.0,39989.0,39989.0
05-14 04:00,40964.0,42632.0,37408.0,44531.0,48562.0,42023.0,42023.0
05-14 05:00,40862.0,42874.0,37515.0,49629.0,52378.0,44394.0,44394.0
05-14 06:00,39951.0,44935.0,37976.0,59113.0,59818.0,48971.0,48971.0
05-14 07:00,43707.0,48859.0,41775.0,63826.0,64215.0,52961.0,52961.0
05-14 08:00,46940.0,52888.0,45670.0,66204.0,65748.0,56200.0,56200.0
05-14 09:00,49385.0,55580.0,48371.0,67154.0,65695.0,57221.0,57221.0
05-14 10:00,50209.0,56887.0,50315.0,69112.0,67049.0,57741.0,57741.0
05-14 11:00,51707.0,57666.0,52072.0,70754.0,67683.0,59591.0,59591.0
05-14 12:00,51239.0,57117.0,51669.0,70253.0,66292.0,59394.0,59394.0
05-14 13:00,49076.0,55161.0,49483.0,70141.0,65944.0,57649.0,57649.0
05-14 14:00,47663.0,53621.0,47786.0,69034.0,64793.0,56581.0,56581.0
05-14 15:00,46267.0,52573.0,46508.0,68191.0,64463.0,55294.0,55294.0
05-14 16:00,45645.0,51420.0,46033.0,66536.0,62813.0,54531.0,54531.0
05-14 17:00,46651.0,52173.0,48235.0,65894.0,62351.0,54049.0,54049.0
05-14 18:00,47686.0,52542.0,48877.0,65455.0,62389.0,54494.0,54494.0
05-14 19:00,47933.0,52384.0,49279.0,65044.0,62510.0,54793.0,54793.0
05-14 20:00,47959.0,51376.0,49323.0,62726.0,61572.0,53196.0,53196.0
05-14 21:00,48735.0,49570.0,49415.0,60378.0,59835.0,51632.0,51632.0
05-14 22:00,48511.0,49229.0,49616.0,58256.0,57675.0,50850.0,50850.0
05-14 23:00,45093.0,45863.0,46840.0,53385.0,53171.0,47743.0,47743.0
05-15 00:00,41650.0,42505.0,43615.0,49382.0,49374.0,44307.0,44307.0
05-15 01:00,39757.0,39797.0,41555.0,46957.0,46690.0,42356.0,42356.0
05-15 02:00,38377.0,37998.0,40354.0,45579.0,45929.0,41172.0,41172.0
05-15 03:00,38435.0,37220.0,40844.0,45464.0,46796.0,40567.0,40567.0
05-15 04:00,40541.0,37410.0,43839.0,47244.0,48800.0,41257.0,41257.0
05-15 05:00,43637.0,37175.0,49030.0,51294.0,53055.0,41809.0,41809.0
05-15 06:00,49858.0,37504.0,57689.0,60136.0,60795.0,44114.0,44114.0
05-15 07:00,54790.0,40641.0,63180.0,64547.0,65047.0,47671.0,47671.0
05-15 08:00,57898.0,43958.0,65523.0,66321.0,66756.0,50891.0,50891.0
05-15 09:00,59608.0,47417.0,66777.0,66930.0,67046.0,53284.0,53284.0
05-15 10:00,60983.0,49930.0,67958.0,67969.0,67444.0,54282.0,54282.0
05-15 11:00,61888.0,51804.0,68857.0,68768.0,69057.0,55247.0,55247.0
05-15 12:00,61471.0,51272.0,67989.0,68580.0,68106.0,55301.0,55301.0
05-15 13:00,60630.0,49633.0,68130.0,68857.0,67588.0,53792.0,53792.0
05-15 14:00,58756.0,47637.0,66347.0,67380.0,66685.0,52069.0,52069.0
05-15 15:00,57598.0,46173.0,65421.0,66560.0,66213.0,51011.0,51011.0
05-15 16:00,56211.0,46055.0,63806.0,65293.0,64557.0,50679.0,50679.0
05-15 17:00,55860.0,46669.0,62701.0,64814.0,64435.0,51273.0,51273.0
05-15 18:00,55341.0,47652.0,63137.0,64397.0,64390.0,51960.0,51960.0
05-15 19:00,54774.0,47748.0,63200.0,64053.0,64453.0,51937.0,51937.0
05-15 20:00,53573.0,46840.0,61049.0,62510.0,62877.0,50121.0,50121.0
05-15 21:00,52451.0,46785.0,59076.0,60020.0,61081.0,48918.0,48918.0
05-15 22:00,51498.0,46786.0,57409.0,57160.0,58577.0,48254.0,48254.0
05-15 23:00,47877.0,43695.0,52499.0,52616.0,53689.0,45390.0,45390.0
05-16 00:00,43736.0,40439.0,49128.0,48756.0,50144.0,42839.0,42839.0
05-16 01:00,41110.0,38193.0,46510.0,45948.0,47638.0,40309.0,40309.0
05-16 02:00,39333.0,36583.0,45272.0,44457.0,46971.0,39245.0,39245.0
05-16 03:00,39004.0,36535.0,45632.0,44760.0,47466.0,39263.0,39263.0
05-16 04:00,39672.0,37215.0,47505.0,46744.0,49612.0,39221.0,39221.0
05-16 05:00,39641.0,37178.0,51663.0,51205.0,53663.0,39054.0,39054.0
05-16 06:00,42634.0,38134.0,60358.0,59580.0,61558.0,39313.0,39313.0
05-16 07:00,46662.0,41056.0,64539.0,63992.0,65742.0,41613.0,41613.0
05-16 08:00,50822.0,45262.0,67228.0,65914.0,67667.0,45149.0,45149.0
05-16 09:00,53390.0,48225.0,67750.0,66923.0,68301.0,48737.0,48737.0
05-16 10:00,55137.0,50452.0,69123.0,68109.0,69323.0,50446.0,50446.0
05-16 11:00,56288.0,52344.0,70245.0,69391.0,70104.0,52205.0,52205.0
05-16 12:00,55482.0,52064.0,69558.0,69018.0,69335.0,52060.0,52060.0
05-16 13:00,54409.0,50285.0,69642.0,68484.0,69013.0,50105.0,50105.0
05-16 14:00,52684.0,48853.0,67977.0,67755.0,67357.0,48801.0,48801.0
05-16 15:00,51863.0,47830.0,66968.0,67002.0,66726.0,47626.0,47626.0
05-16 16:00,51520.0,47549.0,65218.0,65330.0,65794.0,46972.0,46972.0
05-16 17:00,52315.0,48877.0,64238.0,65564.0,65934.0,48467.0,48467.0
05-16 18:00,52251.0,49788.0,63957.0,65675.0,65653.0,49633.0,49633.0
05-16 19:00,51911.0,49696.0,63693.0,65118.0,65390.0,50244.0,50244.0
05-16 20:00,50391.0,48958.0,62223.0,62697.0,63894.0,49618.0,49618.0
05-16 21:00,48588.0,48886.0,59812.0,61052.0,61964.0,48943.0,48943.0
05-16 22:00,48339.0,48850.0,57849.0,58526.0,59023.0,49434.0,49434.0
05-16 23:00,45300.0,46551.0,53116.0,53560.0,54204.0,46743.0,46743.0
05-17 00:00,41979.0,43008.0,49197.0,49762.0,49767.0,43636.0,43636.0
05-17 01:00,39300.0,41304.0,46846.0,47629.0,47876.0,41960.0,41960.0
05-17 02:00,37533.0,40327.0,45152.0,46188.0,46610.0,41290.0,41290.0
05-17 03:00,37157.0,40741.0,45112.0,46267.0,47235.0,42067.0,42067.0
05-17 04:00,37354.0,43738.0,47055.0,48355.0,49234.0,44875.0,44875.0
05-17 05:00,37304.0,48075.0,51174.0,52498.0,52880.0,48836.0,48836.0
05-17 06:00,37527.0,56962.0,59725.0,60951.0,60803.0,56797.0,56797.0
05-17 07:00,40518.0,62787.0,65104.0,65971.0,64987.0,61567.0,61567.0
05-17 08:00,44345.0,65303.0,67236.0,67761.0,66839.0,64396.0,64396.0
05-17 09:00,47075.0,66653.0,67982.0,68748.0,67041.0,65644.0,65644.0
05-17 10:00,49971.0,67716.0,69101.0,69935.0,68018.0,66350.0,66350.0
05-17 11:00,51727.0,69301.0,70193.0,70735.0,68386.0,67310.0,67310.0
05-17 12:00,51565.0,68337.0,69582.0,69541.0,67909.0,66569.0,66569.0
05-17 13:00,49744.0,67735.0,69278.0,69210.0,66720.0,65937.0,65937.0
05-17 14:00,47989.0,65884.0,67624.0,67628.0,64708.0,64208.0,64208.0
05-17 15:00,46716.0,64910.0,66542.0,67117.0,63893.0,63736.0,63736.0
05-17 16:00,46020.0,63529.0,65602.0,65505.0,62414.0,62398.0,62398.0
05-17 17:00,47699.0,62861.0,64518.0,65306.0,61548.0,61957.0,61957.0
05-17 18:00,49205.0,63215.0,64252.0,65274.0,61125.0,61823.0,61823.0
05-17 19:00,49010.0,62746.0,63896.0,64978.0,60644.0,61839.0,61839.0
05-17 20:00,48309.0,61402.0,62447.0,63878.0,59117.0,59803.0,59803.0
05-17 21:00,48772.0,59198.0,60533.0,61955.0,56672.0,57625.0,57625.0
05-17 22:00,49295.0,57876.0,59523.0,59195.0,55090.0,56097.0,56097.0
05-17 23:00,45982.0,52524.0,55166.0,54852.0,50583.0,51943.0,51943.0
05-18 00:00,42578.0,48799.0,50302.0,49875.0,45832.0,48270.0,48270.0
05-18 01:00,40984.0,46382.0,47898.0,47383.0,43848.0,46021.0,46021.0
05-18 02:00,39670.0,45125.0,46574.0,45894.0,42251.0,45027.0,45027.0
05-18 03:00,40358.0,45405.0,46418.0,45689.0,42024.0,45767.0,45767.0
05-18 04:00,42986.0,47574.0,47493.0,47398.0,42411.0,47784.0,47784.0
05-18 05:00,47808.0,51578.0,51705.0,51640.0,42432.0,51534.0,51534.0
05-18 06:00,57383.0,59655.0,60046.0,60594.0,44604.0,58775.0,58775.0
05-18 07:00,63012.0,64970.0,65197.0,65650.0,48440.0,63743.0,63743.0
05-18 08:00,65414.0,66712.0,67621.0,67661.0,51941.0,65945.0,65945.0
05-18 09:00,66331.0,67620.0,68673.0,68067.0,54262.0,66741.0,66741.0
05-18 10:00,67775.0,68590.0,69826.0,68585.0,55245.0,67658.0,67658.0
05-18 11:00,68540.0,69224.0,70817.0,68916.0,55332.0,69029.0,69029.0
05-18 12:00,68311.0,68528.0,70343.0,68191.0,54918.0,68734.0,68734.0
05-18 13:00,67986.0,67965.0,69767.0,67241.0,53355.0,67261.0,67261.0
05-18 14:00,66180.0,66587.0,68091.0,64920.0,51681.0,65762.0,65762.0
05-18 15:00,65505.0,65581.0,66563.0,63668.0,50713.0,64682.0,64682.0
05-18 16:00,63495.0,63879.0,65205.0,62636.0,49700.0,63365.0,63365.0
05-18 17:00,62472.0,63802.0,64289.0,62312.0,50328.0,62745.0,62745.0
05-18 18:00,62912.0,63908.0,63773.0,61808.0,51009.0,62475.0,62475.0
05-18 19:00,62793.0,63529.0,63145.0,61296.0,50774.0,62041.0,62041.0
05-18 20:00,61390.0,61924.0,61535.0,59849.0,49535.0,60038.0,60038.0
05-18 21:00,59321.0,60116.0,58940.0,57648.0,48522.0,57877.0,57877.0
05-18 22:00,57722.0,58483.0,56829.0,55723.0,48150.0,56864.0,56864.0
05-18 23:00,52459.0,53059.0,52193.0,51044.0,44947.0,52418.0,52418.0
05-19 00:00,48354.0,49294.0,48098.0,47192.0,41575.0,48088.0,48088.0
05-19 01:00,46027.0,46765.0,46332.0,44826.0,39152.0,46439.0,46439.0
05-19 02:00,44483.0,45268.0,45164.0,43157.0,37870.0,45805.0,45805.0
05-19 03:00,44581.0,45326.0,45310.0,43336.0,37299.0,46397.0,46397.0
05-19 04:00,46767.0,47311.0,47383.0,43363.0,37148.0,47689.0,47689.0
05-19 05:00,50944.0,51321.0,51037.0,43502.0,37456.0,51523.0,51523.0
05-19 06:00,60075.0,59913.0,59703.0,45698.0,37874.0,58450.0,58450.0
05-19 07:00,65119.0,64973.0,64825.0,49847.0,40948.0,62813.0,62813.0
05-19 08:00,67080.0,67014.0,66967.0,53528.0,44619.0,64920.0,64920.0
05-19 09:00,68529.0,68454.0,67790.0,56115.0,47371.0,65331.0,65331.0
05-19 10:00,69791.0,69499.0,68594.0,56884.0,48989.0,65974.0,65974.0
05-19 11:00,71455.0,70517.0,69542.0,57138.0,50756.0,67172.0,67172.0
05-19 12:00,70733.0,69744.0,68853.0,56678.0,50849.0,67188.0,67188.0
05-19 13:00,70096.0,68893.0,68600.0,53763.0,49014.0,66165.0,66165.0
05-19 14:00,68770.0,67318.0,66527.0,51619.0,47353.0,64487.0,64487.0
05-19 15:00,67753.0,66504.0,64951.0,51086.0,46529.0,63777.0,63777.0
05-19 16:00,65969.0,64488.0,63631.0,50380.0,46851.0,62844.0,62844.0
05-19 17:00,65038.0,64113.0,63878.0,51457.0,48831.0,62345.0,62345.0
05-19 18:00,64633.0,64085.0,63343.0,52006.0,49919.0,62341.0,62341.0
05-19 19:00,63844.0,63887.0,62882.0,51831.0,49958.0,62415.0,62415.0
05-19 20:00,62212.0,62363.0,61036.0,50542.0,50292.0,60365.0,60365.0
05-19 21:00,59991.0,60432.0,58345.0,49354.0,49359.0,58189.0,58189.0
05-19 22:00,58130.0,58841.0,55781.0,48191.0,49768.0,56791.0,56791.0
05-19 23:00,53072.0,53753.0,51427.0,45317.0,46249.0,52260.0,52260.0
05-20 00:00,48838.0,49989.0,48038.0,41449.0,42816.0,49034.0,49034.0
05-20 01:00,46263.0,46789.0,45197.0,39206.0,41195.0,46577.0,46577.0
05-20 02:00,44492.0,45556.0,43132.0,37558.0,40423.0,45524.0,45524.0
05-20 03:00,44338.0,46510.0,43111.0,36766.0,41158.0,46292.0,46292.0
05-20 04:00,46904.0,48686.0,43292.0,36549.0,43529.0,47838.0,47838.0
05-20 05:00,50656.0,52127.0,43412.0,36440.0,48763.0,51491.0,51491.0
05-20 06:00,59378.0,60273.0,45833.0,37030.0,58237.0,58549.0,58549.0
05-20 07:00,64188.0,65082.0,50093.0,40188.0,63011.0,63548.0,63548.0
05-20 08:00,66294.0,67586.0,54221.0,43659.0,65496.0,65366.0,65366.0
05-20 09:00,67479.0,68512.0,56455.0,46109.0,66574.0,66283.0,66283.0
05-20 10:00,68911.0,69803.0,57507.0,48000.0,67666.0,66814.0,66814.0
05-20 11:00,69906.0,70840.0,58130.0,49805.0,68700.0,67803.0,67803.0
05-20 12:00,69115.0,69530.0,57132.0,49450.0,68378.0,67035.0,67035.0
05-20 13:00,67774.0,68495.0,55865.0,47748.0,68339.0,66310.0,66310.0
05-20 14:00,66220.0,65960.0,53349.0,45688.0,67052.0,64770.0,64770.0
05-20 15:00,65689.0,64838.0,51981.0,44169.0,66663.0,64504.0,64504.0
05-20 16:00,64024.0,63576.0,51145.0,43884.0,65289.0,62576.0,62576.0
05-20 17:00,62947.0,63303.0,51225.0,45290.0,65115.0,61911.0,61911.0
05-20 18:00,62612.0,62983.0,51615.0,46155.0,64998.0,61722.0,61722.0
05-20 19:00,62368.0,62275.0,51445.0,46185.0,64776.0,61950.0,61950.0
05-20 20:00,60767.0,60144.0,50110.0,46263.0,63173.0,60078.0,60078.0
05-20 21:00,58998.0,57557.0,47870.0,46799.0,60560.0,58161.0,58161.0
05-20 22:00,57598.0,55548.0,48053.0,46839.0,57404.0,56390.0,56390.0
05-20 23:00,52678.0,51528.0,45218.0,44363.0,53117.0,52968.0,52968.0
05-21 00:00,48250.0,47536.0,41846.0,40824.0,49167.0,49029.0,49029.0
05-21 01:00,45895.0,44760.0,39308.0,38830.0,47079.0,47316.0,47316.0
05-21 02:00,44933.0,43027.0,37780.0,37265.0,45788.0,46085.0,46085.0
05-21 03:00,45092.0,42652.0,37082.0,36807.0,46348.0,46732.0,46732.0
05-21 04:00,47009.0,42830.0,37327.0,36798.0,48494.0,49132.0,49132.0
05-21 05:00,50282.0,42867.0,37389.0,36749.0,52827.0,52470.0,52470.0
05-21 06:00,58978.0,46167.0,38101.0,37614.0,60931.0,59549.0,59549.0
05-21 07:00,63890.0,50370.0,41615.0,40956.0,65641.0,63617.0,63617.0
05-21 08:00,66064.0,54325.0,45424.0,44677.0,68138.0,66610.0,66610.0
05-21 09:00,67419.0,56694.0,48192.0,47134.0,68847.0,67493.0,67493.0
05-21 10:00,68343.0,57271.0,50320.0,49769.0,69616.0,68544.0,68544.0
05-21 11:00,69056.0,58219.0,52181.0,51001.0,71271.0,69577.0,69577.0
05-21 12:00,67933.0,57301.0,51703.0,51058.0,70609.0,69055.0,69055.0
05-21 13:00,67748.0,55726.0,49652.0,49769.0,70088.0,67790.0,67790.0
05-21 14:00,66110.0,53285.0,47494.0,48207.0,68454.0,66367.0,66367.0
05-21 15:00,65425.0,51730.0,46314.0,47584.0,67872.0,65593.0,65593.0
05-21 16:00,63813.0,51082.0,46137.0,47370.0,66535.0,63741.0,63741.0
05-21 17:00,63408.0,51054.0,48014.0,48881.0,66029.0,62854.0,62854.0
05-21 18:00,62821.0,51137.0,49036.0,50123.0,65739.0,62624.0,62624.0
05-21 19:00,62589.0,50975.0,49325.0,50078.0,65090.0,62233.0,62233.0
05-21 20:00,61243.0,49739.0,49146.0,49987.0,63575.0,59389.0,59389.0
05-21 21:00,58976.0,48548.0,49500.0,49720.0,61126.0,56758.0,56758.0
05-21 22:00,57855.0,48464.0,49732.0,49867.0,58433.0,55557.0,55557.0
05-21 23:00,52751.0,45702.0,46792.0,46449.0,53691.0,51255.0,51255.0
05-22 00:00,48948.0,42259.0,43725.0,43516.0,49560.0,48106.0,48106.0
05-22 01:00,46543.0,39625.0,41643.0,41265.0,46956.0,46627.0,46627.0
05-22 02:00,44944.0,38080.0,41222.0,40582.0,45722.0,44675.0,44675.0
05-22 03:00,45515.0,37343.0,41367.0,40373.0,45845.0,44857.0,44857.0
05-22 04:00,47188.0,37211.0,43771.0,42086.0,47904.0,45367.0,45367.0
05-22 05:00,50930.0,37012.0,48013.0,47065.0,52069.0,45418.0,45418.0
05-22 06:00,59403.0,38216.0,57265.0,56271.0,61005.0,47219.0,47219.0
05-22 07:00,64451.0,41616.0,62428.0,62148.0,65707.0,50431.0,50431.0
05-22 08:00,66535.0,45693.0,65074.0,64979.0,67771.0,54861.0,54861.0
05-22 09:00,66777.0,48628.0,66031.0,66537.0,68245.0,57589.0,57589.0
05-22 10:00,67407.0,50605.0,66936.0,67653.0,68982.0,58940.0,58940.0
05-22 11:00,68406.0,53204.0,68228.0,68884.0,69276.0,59369.0,59369.0
05-22 12:00,67698.0,52962.0,67647.0,68276.0,68358.0,59192.0,59192.0
05-22 13:00,66492.0,51041.0,66946.0,68062.0,67624.0,56835.0,56835.0
05-22 14:00,64097.0,49127.0,65480.0,66515.0,66360.0,55394.0,55394.0
05-22 15:00,62948.0,47914.0,64837.0,66277.0,65573.0,54107.0,54107.0
05-22 16:00,61720.0,47401.0,63264.0,64828.0,63297.0,53326.0,53326.0
05-22 17:00,60920.0,49732.0,62228.0,64313.0,63475.0,53815.0,53815.0
05-22 18:00,60389.0,50460.0,61832.0,63883.0,63339.0,53949.0,53949.0
05-22 19:00,59599.0,50482.0,61601.0,63898.0,63252.0,53003.0,53003.0
05-22 20:00,58184.0,49913.0,60395.0,62012.0,62009.0,52085.0,52085.0
05-22 21:00,55958.0,49883.0,58434.0,59726.0,59924.0,50286.0,50286.0
05-22 22:00,54851.0,50353.0,57174.0,57585.0,57752.0,50139.0,50139.0
05-22 23:00,50882.0,47651.0,52357.0,52746.0,52832.0,47088.0,47088.0
05-23 00:00,46497.0,44285.0,48570.0,48902.0,48818.0,44196.0,44196.0
05-23 01:00,44120.0,42429.0,45570.0,46592.0,46843.0,41119.0,41119.0
05-23 02:00,42046.0,41103.0,43898.0,45026.0,45947.0,39733.0,39733.0
05-23 03:00,41665.0,41200.0,44386.0,45216.0,46125.0,39471.0,39471.0
05-23 04:00,41871.0,43518.0,46273.0,46842.0,48480.0,39724.0,39724.0
05-23 05:00,42196.0,48219.0,50511.0,51296.0,52205.0,39593.0,39593.0
05-23 06:00,44976.0,57312.0,59233.0,59665.0,60248.0,39386.0,39386.0
05-23 07:00,48936.0,62880.0,63531.0,64189.0,64544.0,42298.0,42298.0
05-23 08:00,52551.0,65812.0,65873.0,66605.0,66450.0,46047.0,46047.0
05-23 09:00,55294.0,67192.0,66740.0,67739.0,66594.0,48959.0,48959.0
05-23 10:00,56264.0,69126.0,67963.0,69385.0,66895.0,51000.0,51000.0
05-23 11:00,56853.0,70267.0,68799.0,70806.0,67378.0,53328.0,53328.0
05-23 12:00,56145.0,69509.0,68422.0,70099.0,66695.0,53025.0,53025.0
05-23 13:00,54023.0,68849.0,68872.0,69542.0,66587.0,50632.0,50632.0
05-23 14:00,52080.0,67811.0,67202.0,67558.0,65073.0,48506.0,48506.0
05-23 15:00,50830.0,66916.0,66874.0,67113.0,64402.0,47086.0,47086.0
05-23 16:00,49832.0,65367.0,65431.0,65367.0,63373.0,46765.0,46765.0
05-23 17:00,50677.0,64645.0,64883.0,65519.0,63091.0,46849.0,46849.0
05-23 18:00,51029.0,64339.0,64559.0,65499.0,63118.0,47298.0,47298.0
05-23 19:00,51087.0,64001.0,64135.0,65192.0,62887.0,47430.0,47430.0
05-23 20:00,50223.0,62332.0,62466.0,62874.0,61449.0,46535.0,46535.0
05-23 21:00,48294.0,60253.0,59942.0,60911.0,59688.0,46112.0,46112.0
05-23 22:00,48024.0,58336.0,57934.0,58939.0,57450.0,46361.0,46361.0
05-23 23:00,44661.0,53102.0,52974.0,54563.0,52589.0,43911.0,43911.0
05-24 00:00,41002.0,48975.0,49536.0,50689.0,49016.0,41143.0,41143.0
05-24 01:00,38621.0,46697.0,47409.0,48036.0,46132.0,38973.0,38973.0
05-24 02:00,36620.0,45237.0,45717.0,46392.0,44786.0,38126.0,38126.0
05-24 03:00,35932.0,45538.0,45969.0,46660.0,45277.0,37927.0,37927.0
05-24 04:00,35992.0,47727.0,47334.0,47825.0,47210.0,38879.0,38879.0
05-24 05:00,35862.0,51742.0,51172.0,51381.0,51322.0,39032.0,39032.0
05-24 06:00,36185.0,60299.0,59409.0,59658.0,59251.0,39383.0,39383.0
05-24 07:00,39554.0,65619.0,64328.0,64370.0,63524.0,41703.0,41703.0
05-24 08:00,43053.0,67573.0,66810.0,67015.0,65838.0,44733.0,44733.0
05-24 09:00,45397.0,68885.0,67369.0,68193.0,66586.0,48138.0,48138.0
05-24 10:00,47083.0,70594.0,68176.0,70128.0,67194.0,51867.0,51867.0
05-24 11:00,48941.0,71583.0,69102.0,71142.0,67513.0,52996.0,52996.0
05-24 12:00,48684.0,70677.0,68589.0,70781.0,66997.0,52785.0,52785.0
05-24 13:00,46669.0,70330.0,68321.0,70909.0,66149.0,50894.0,50894.0
05-24 14:00,44821.0,68769.0,67019.0,68826.0,63894.0,48962.0,48962.0
05-24 15:00,43578.0,67323.0,65633.0,67895.0,63162.0,48542.0,48542.0
05-24 16:00,42801.0,65857.0,64051.0,66892.0,61579.0,48002.0,48002.0
05-24 17:00,43949.0,65276.0,62702.0,66350.0,61202.0,49887.0,49887.0
05-24 18:00,45013.0,64747.0,62308.0,66181.0,60950.0,50472.0,50472.0
05-24 19:00,44977.0,64376.0,61799.0,66066.0,60708.0,50917.0,50917.0
05-24 20:00,44668.0,62223.0,59615.0,63534.0,59077.0,50041.0,50041.0
05-24 21:00,44631.0,59710.0,56752.0,60997.0,56462.0,49597.0,49597.0
05-24 22:00,45139.0,57450.0,54305.0,58829.0,54484.0,50107.0,50107.0
05-24 23:00,42276.0,52101.0,50179.0,54215.0,49686.0,46705.0,46705.0
05-25 00:00,38802.0,48708.0,46269.0,50372.0,46309.0,43744.0,43744.0
05-25 01:00,36603.0,46502.0,43988.0,47833.0,43587.0,42319.0,42319.0
05-25 02:00,35138.0,45106.0,42335.0,46247.0,41887.0,41729.0,41729.0
05-25 03:00,34700.0,45335.0,41652.0,46619.0,41249.0,42167.0,42167.0
05-25 04:00,35067.0,47282.0,41427.0,47442.0,41328.0,44188.0,44188.0
05-25 05:00,35289.0,51263.0,41094.0,51699.0,41428.0,48341.0,48341.0
05-25 06:00,36247.0,59880.0,40784.0,59788.0,44060.0,56326.0,56326.0
05-25 07:00,39353.0,64906.0,44589.0,64730.0,48209.0,61296.0,61296.0
05-25 08:00,43091.0,66589.0,47947.0,67351.0,52056.0,64527.0,64527.0
05-25 09:00,46102.0,67527.0,50108.0,68449.0,54135.0,65862.0,65862.0
05-25 10:00,48347.0,68923.0,51623.0,69950.0,55239.0,66465.0,66465.0
05-25 11:00,50412.0,69918.0,52536.0,70556.0,55534.0,68172.0,68172.0
05-25 12:00,50342.0,69113.0,51885.0,69759.0,55044.0,67752.0,67752.0
05-25 13:00,48768.0,68637.0,50024.0,68409.0,53268.0,67701.0,67701.0
05-25 14:00,46682.0,66867.0,47720.0,65731.0,50889.0,67056.0,67056.0
05-25 15:00,46465.0,65917.0,46892.0,64945.0,50431.0,65125.0,65125.0
05-25 16:00,45596.0,64353.0,46320.0,63841.0,49876.0,64088.0,64088.0
05-25 17:00,47355.0,62986.0,47509.0,63482.0,50945.0,63895.0,63895.0
05-25 18:00,48567.0,63180.0,47879.0,63177.0,51037.0,63715.0,63715.0
05-25 19:00,48804.0,62505.0,48152.0,62298.0,51019.0,62818.0,62818.0
05-25 20:00,48196.0,60650.0,48219.0,60365.0,50028.0,61570.0,61570.0
05-25 21:00,47797.0,58004.0,47809.0,58117.0,48533.0,58684.0,58684.0
05-25 22:00,47942.0,56600.0,48116.0,55932.0,47932.0,57020.0,57020.0
05-25 23:00,45037.0,51785.0,44763.0,51838.0,44960.0,53590.0,53590.0
05-26 00:00,41820.0,47744.0,41765.0,48182.0,41551.0,50144.0,50144.0
05-26 01:00,39653.0,45348.0,39697.0,45450.0,39298.0,47947.0,47947.0
05-26 02:00,38491.0,43849.0,38598.0,43882.0,37887.0,47344.0,47344.0
05-26 03:00,39141.0,43496.0,38334.0,43797.0,37776.0,47756.0,47756.0
05-26 04:00,41579.0,44033.0,39806.0,43116.0,38062.0,49383.0,49383.0
05-26 05:00,46449.0,44181.0,42580.0,42972.0,37911.0,53074.0,53074.0
05-26 06:00,56019.0,47029.0,49056.0,46128.0,38813.0,59986.0,59986.0
05-26 07:00,61782.0,50554.0,54460.0,50393.0,41868.0,64352.0,64352.0
05-26 08:00,64436.0,53170.0,57531.0,54346.0,44848.0,67128.0,67128.0
05-26 09:00,66191.0,55568.0,58912.0,56827.0,47799.0,68409.0,68409.0
05-26 10:00,67802.0,57485.0,60510.0,57951.0,49300.0,68706.0,68706.0
05-26 11:00,68922.0,58513.0,61476.0,58577.0,51261.0,69963.0,69963.0
05-26 12:00,68214.0,58128.0,61220.0,57965.0,51423.0,69574.0,69574.0
05-26 13:00,67638.0,56925.0,60305.0,56016.0,49785.0,69378.0,69378.0
05-26 14:00,66093.0,55326.0,58523.0,53972.0,48008.0,68146.0,68146.0
05-26 15:00,65780.0,54242.0,57376.0,53019.0,46963.0,65596.0,65596.0
05-26 16:00,63749.0,53156.0,56219.0,52271.0,47240.0,64880.0,64880.0
05-26 17:00,63131.0,53670.0,56131.0,52782.0,48640.0,63801.0,63801.0
05-26 18:00,62702.0,53840.0,56093.0,52744.0,49478.0,63556.0,63556.0
05-26 19:00,62420.0,53890.0,55656.0,52508.0,49966.0,63615.0,63615.0
05-26 20:00,60452.0,52754.0,54047.0,51594.0,48940.0,61840.0,61840.0
05-26 21:00,57896.0,51789.0,51365.0,49498.0,48896.0,59450.0,59450.0
05-26 22:00,56570.0,51968.0,51175.0,48601.0,49065.0,57851.0,57851.0
05-26 23:00,51609.0,47955.0,47886.0,45923.0,46172.0,54122.0,54122.0
05-27 00:00,47706.0,44354.0,43876.0,42737.0,43419.0,51013.0,51013.0
05-27 01:00,45109.0,42400.0,41807.0,40439.0,42113.0,49010.0,49010.0
05-27 02:00,43615.0,41191.0,40639.0,38801.0,41210.0,47556.0,47556.0
05-27 03:00,44106.0,41175.0,39922.0,38309.0,40957.0,47786.0,47786.0
05-27 04:00,45984.0,42837.0,40035.0,37828.0,43114.0,49392.0,49392.0
05-27 05:00,49763.0,46280.0,40591.0,37462.0,48148.0,53243.0,53243.0
05-27 06:00,58570.0,53519.0,43616.0,39142.0,57524.0,59482.0,59482.0
05-27 07:00,63743.0,58468.0,47812.0,42360.0,62199.0,63721.0,63721.0
05-27 08:00,66089.0,61307.0,51960.0,45798.0,64751.0,66398.0,66398.0
05-27 09:00,67291.0,62595.0,54522.0,48537.0,65875.0,67343.0,67343.0
05-27 10:00,68698.0,63761.0,55543.0,49871.0,67107.0,68314.0,68314.0
05-27 11:00,69376.0,64998.0,56376.0,51506.0,67848.0,69209.0,69209.0
05-27 12:00,68693.0,64812.0,56320.0,51448.0,67270.0,68723.0,68723.0
05-27 13:00,67979.0,63740.0,54107.0,50173.0,67196.0,68096.0,68096.0
05-27 14:00,66408.0,62374.0,52379.0,49132.0,65780.0,66620.0,66620.0
05-27 15:00,65910.0,61143.0,51531.0,48589.0,65046.0,65908.0,65908.0
05-27 16:00,63787.0,59606.0,51196.0,48075.0,63690.0,64043.0,64043.0
05-27 17:00,62766.0,59407.0,51764.0,49649.0,63684.0,63702.0,63702.0
05-27 18:00,62580.0,58996.0,52257.0,50734.0,62550.0,63310.0,63310.0
05-27 19:00,62205.0,58517.0,52338.0,50977.0,62250.0,62619.0,62619.0
05-27 20:00,60308.0,56623.0,50854.0,51260.0,60758.0,60095.0,60095.0
05-27 21:00,57812.0,54373.0,48708.0,51207.0,58601.0,57606.0,57606.0
05-27 22:00,57152.0,53710.0,48698.0,51294.0,56350.0,56308.0,56308.0
05-27 23:00,51957.0,49663.0,46249.0,48370.0,51587.0,52380.0,52380.0
05-28 00:00,48121.0,46019.0,43158.0,45425.0,47779.0,48514.0,48514.0
05-28 01:00,45608.0,43246.0,40323.0,43531.0,45542.0,46490.0,46490.0
05-28 02:00,43975.0,41795.0,38414.0,42592.0,43884.0,45238.0,45238.0
05-28 03:00,44202.0,41446.0,37545.0,43144.0,44401.0,45723.0,45723.0
05-28 04:00,46313.0,41450.0,36548.0,44811.0,46934.0,47548.0,47548.0
05-28 05:00,50304.0,41872.0,36453.0,48993.0,50651.0,50938.0,50938.0
05-28 06:00,58854.0,44837.0,37968.0,58185.0,58847.0,57377.0,57377.0
05-28 07:00,63720.0,48654.0,41261.0,63476.0,63364.0,62062.0,62062.0
05-28 08:00,65777.0,52424.0,44754.0,66358.0,65364.0,64135.0,64135.0
05-28 09:00,67433.0,55229.0,47579.0,67970.0,65635.0,64900.0,64900.0
05-28 10:00,68155.0,56621.0,50109.0,69522.0,66739.0,65136.0,65136.0
05-28 11:00,69604.0,57210.0,51825.0,70249.0,67697.0,66089.0,66089.0
05-28 12:00,68877.0,56987.0,51758.0,69616.0,66944.0,65968.0,65968.0
05-28 13:00,68820.0,55480.0,49879.0,69290.0,66749.0,64503.0,64503.0
05-28 14:00,67417.0,54130.0,48461.0,68163.0,64779.0,62068.0,62068.0
05-28 15:00,66416.0,52833.0,47625.0,67703.0,64078.0,61159.0,61159.0
05-28 16:00,64821.0,51855.0,47957.0,66300.0,63061.0,59815.0,59815.0
05-28 17:00,63994.0,52621.0,49209.0,65592.0,62996.0,59313.0,59313.0
05-28 18:00,63515.0,52480.0,50033.0,65182.0,62793.0,59171.0,59171.0
05-28 19:00,63306.0,52301.0,49926.0,65005.0,62465.0,59229.0,59229.0
05-28 20:00,60668.0,50905.0,49898.0,63438.0,60625.0,57653.0,57653.0
05-28 21:00,57996.0,49388.0,49197.0,61005.0,58146.0,55098.0,55098.0
05-28 22:00,56661.0,49617.0,49816.0,59107.0,56023.0,53932.0,53932.0
05-28 23:00,51882.0,46262.0,46831.0,54364.0,51255.0,50406.0,50406.0
05-29 00:00,47797.0,42437.0,43391.0,50232.0,47622.0,47178.0,47178.0
05-29 01:00,45222.0,39509.0,41662.0,47892.0,45667.0,44869.0,44869.0
05-29 02:00,43821.0,37619.0,40673.0,46491.0,44722.0,43599.0,43599.0
05-29 03:00,44214.0,37332.0,41261.0,46360.0,45382.0,43303.0,43303.0
05-29 04:00,46108.0,37064.0,42560.0,47892.0,47116.0,43326.0,43326.0
05-29 05:00,50034.0,36758.0,47796.0,51467.0,50925.0,43494.0,43494.0
05-29 06:00,58153.0,38230.0,56877.0,59884.0,58149.0,45452.0,45452.0
05-29 07:00,63392.0,41697.0,62602.0,65179.0,62381.0,49265.0,49265.0
05-29 08:00,65651.0,45435.0,65911.0,67584.0,64378.0,52808.0,52808.0
05-29 09:00,66786.0,48663.0,66517.0,68769.0,65142.0,54740.0,54740.0
05-29 10:00,68148.0,50982.0,67846.0,70065.0,65686.0,55308.0,55308.0
05-29 11:00,68378.0,53236.0,69554.0,71402.0,65980.0,55677.0,55677.0
05-29 12:00,68333.0,53255.0,69317.0,70937.0,65442.0,55145.0,55145.0
05-29 13:00,67607.0,51408.0,69334.0,70633.0,64581.0,53347.0,53347.0
05-29 14:00,65074.0,49650.0,67765.0,69706.0,63206.0,50971.0,50971.0
05-29 15:00,63719.0,48408.0,66927.0,69238.0,62351.0,49834.0,49834.0
05-29 16:00,62367.0,48093.0,65371.0,67966.0,60675.0,49483.0,49483.0
05-29 17:00,61433.0,50264.0,64771.0,67159.0,59925.0,49771.0,49771.0
05-29 18:00,60654.0,51239.0,64414.0,66548.0,59224.0,50299.0,50299.0
05-29 19:00,60450.0,51314.0,64024.0,66064.0,59098.0,50548.0,50548.0
05-29 20:00,58388.0,50902.0,62941.0,64355.0,57387.0,49431.0,49431.0
05-29 21:00,56512.0,50105.0,60417.0,61758.0,55130.0,47800.0,47800.0
05-29 22:00,55504.0,50346.0,58284.0,59376.0,53132.0,47957.0,47957.0
05-29 23:00,51927.0,47320.0,53069.0,55017.0,49194.0,45140.0,45140.0
05-30 00:00,47565.0,43639.0,49057.0,50983.0,45939.0,42184.0,42184.0
05-30 01:00,44488.0,41514.0,46934.0,48218.0,43666.0,39635.0,39635.0
05-30 02:00,43115.0,40388.0,45265.0,46571.0,41684.0,38406.0,38406.0
05-30 03:00,42657.0,40510.0,45428.0,46333.0,41456.0,38341.0,38341.0
05-30 04:00,42872.0,42982.0,46857.0,47299.0,41521.0,38418.0,38418.0
05-30 05:00,42911.0,48502.0,50828.0,51187.0,41631.0,38188.0,38188.0
05-30 06:00,45360.0,58601.0,59986.0,59734.0,41044.0,39200.0,39200.0
05-30 07:00,49441.0,64340.0,65107.0,64714.0,43833.0,41991.0,41991.0
05-30 08:00,53696.0,67170.0,67563.0,66508.0,47129.0,45751.0,45751.0
05-30 09:00,56523.0,68288.0,68726.0,67343.0,49017.0,48090.0,48090.0
05-30 10:00,57632.0,70148.0,69891.0,68727.0,50097.0,49662.0,49662.0
05-30 11:00,58421.0,71382.0,70548.0,69574.0,51529.0,50845.0,50845.0
05-30 12:00,57548.0,70186.0,70043.0,69088.0,51487.0,50610.0,50610.0
05-30 13:00,56124.0,70073.0,69791.0,69056.0,50239.0,48792.0,48792.0
05-30 14:00,54088.0,68188.0,68278.0,67492.0,48556.0,46524.0,46524.0
05-30 15:00,52334.0,67156.0,67770.0,66857.0,47383.0,45212.0,45212.0
05-30 16:00,51937.0,65662.0,66346.0,65664.0,46761.0,45216.0,45216.0
05-30 17:00,52239.0,64937.0,64973.0,65096.0,47670.0,46799.0,46799.0
05-30 18:00,52256.0,64554.0,64387.0,64385.0,48311.0,47722.0,47722.0
05-30 19:00,51821.0,64247.0,63934.0,64117.0,48609.0,47864.0,47864.0
05-30 20:00,49837.0,62053.0,62064.0,62366.0,47915.0,47802.0,47802.0
05-30 21:00,47756.0,58885.0,59443.0,59633.0,47415.0,48128.0,48128.0
05-30 22:00,48161.0,57103.0,57455.0,57115.0,47627.0,48718.0,48718.0
05-30 23:00,44883.0,52531.0,53177.0,53067.0,44492.0,46018.0,46018.0
05-31 00:00,41655.0,48812.0,49471.0,48707.0,41119.0,43301.0,43301.0
05-31 01:00,39329.0,46304.0,47531.0,46486.0,39591.0,41219.0,41219.0
05-31 02:00,37955.0,45127.0,45779.0,44419.0,38874.0,40072.0,40072.0
05-31 03:00,37374.0,45130.0,45767.0,44290.0,39158.0,40551.0,40551.0
05-31 04:00,37441.0,46968.0,47236.0,44128.0,39604.0,42417.0,42417.0
05-31 05:00,36919.0,50997.0,51057.0,44700.0,42237.0,47323.0,47323.0
05-31 06:00,37182.0,59968.0,59751.0,48186.0,48652.0,54862.0,54862.0
05-31 07:00,40333.0,65116.0,64934.0,52104.0,53346.0,59774.0,59774.0
05-31 08:00,44310.0,67364.0,67030.0,54594.0,55992.0,62690.0,62690.0
05-31 09:00,47703.0,68740.0,68343.0,56176.0,57025.0,63208.0,63208.0
05-31 10:00,50087.0,70222.0,69602.0,57989.0,57536.0,63725.0,63725.0
05-31 11:00,52057.0,70954.0,70237.0,59169.0,58796.0,64767.0,64767.0
05-31 12:00,51493.0,69815.0,69604.0,58971.0,58769.0,64092.0,64092.0
05-31 13:00,50098.0,69518.0,69695.0,57749.0,57752.0,63582.0,63582.0
05-31 14:00,48661.0,68051.0,67997.0,56817.0,56041.0,61721.0,61721.0
05-31 15:00,47247.0,67344.0,67476.0,55562.0,55339.0,60847.0,60847.0
05-31 16:00,46645.0,65757.0,65572.0,54954.0,54216.0,59324.0,59324.0
05-31 17:00,48054.0,64897.0,64461.0,55392.0,54379.0,58955.0,58955.0
05-31 18:00,49394.0,64443.0,63749.0,56059.0,54322.0,59388.0,59388.0
05-31 19:00,49350.0,64340.0,63371.0,56027.0,53725.0,59502.0,59502.0
05-31 20:00,48769.0,62341.0,61341.0,55305.0,52519.0,58182.0,58182.0
05-31 21:00,49130.0,59628.0,58684.0,53996.0,50593.0,56391.0,56391.0
05-31 22:00,49739.0,58039.0,56621.0,53285.0,49949.0,54790.0,54790.0
05-31 23:00,46509.0,53049.0,52657.0,49773.0,46520.0,51037.0,51037.0
06-01 00:00,43124.0,47737.0,48596.0,46228.0,43493.0,48151.0,48151.0
06-01 01:00,41309.0,45704.0,46265.0,44219.0,40853.0,45604.0,45604.0
06-01 02:00,39963.0,44168.0,44721.0,42370.0,39204.0,44083.0,44083.0
06-01 03:00,40862.0,44309.0,44933.0,42201.0,38669.0,44040.0,44040.0
06-01 04:00,42533.0,46057.0,45980.0,43648.0,38885.0,45748.0,45748.0
06-01 05:00,47572.0,49919.0,49729.0,46740.0,39351.0,49664.0,49664.0
06-01 06:00,56450.0,58855.0,58638.0,54170.0,42114.0,56545.0,56545.0
06-01 07:00,61670.0,64088.0,63403.0,58471.0,46054.0,61394.0,61394.0
06-01 08:00,64465.0,66570.0,65737.0,61657.0,50120.0,63480.0,63480.0
06-01 09:00,65915.0,67959.0,66167.0,63603.0,52650.0,63804.0,63804.0
06-01 10:00,67030.0,69131.0,67612.0,64155.0,53827.0,64441.0,64441.0
06-01 11:00,68366.0,70315.0,68669.0,64560.0,54382.0,65140.0,65140.0
06-01 12:00,67821.0,69591.0,68208.0,64222.0,53940.0,65006.0,65006.0
06-01 13:00,66885.0,69091.0,67855.0,63558.0,52883.0,63843.0,63843.0
06-01 14:00,66189.0,67614.0,66266.0,61683.0,51404.0,62102.0,62102.0
06-01 15:00,65435.0,67477.0,65542.0,61491.0,50491.0,61561.0,61561.0
06-01 16:00,63329.0,65894.0,64191.0,59845.0,49977.0,60599.0,60599.0
06-01 17:00,62465.0,65252.0,63183.0,59961.0,50167.0,60269.0,60269.0
06-01 18:00,62099.0,64820.0,62494.0,59749.0,50418.0,60205.0,60205.0
06-01 19:00,61923.0,64353.0,62301.0,59053.0,50078.0,59753.0,59753.0
06-01 20:00,59622.0,62048.0,60628.0,56980.0,48863.0,58643.0,58643.0
06-01 21:00,57200.0,59387.0,57919.0,54699.0,47252.0,56729.0,56729.0
06-01 22:00,56181.0,57213.0,56431.0,52898.0,47166.0,54953.0,54953.0
06-01 23:00,51001.0,51986.0,52317.0,49328.0,44021.0,50979.0,50979.0
06-02 00:00,47318.0,47925.0,48446.0,46307.0,41037.0,47484.0,47484.0
06-02 01:00,44647.0,46045.0,45967.0,43690.0,38881.0,45134.0,45134.0
06-02 02:00,44001.0,44577.0,44458.0,42104.0,37402.0,44519.0,44519.0
06-02 03:00,44226.0,44302.0,44650.0,41823.0,36602.0,44512.0,44512.0
06-02 04:00,45983.0,45954.0,45726.0,41656.0,36355.0,45725.0,45725.0
06-02 05:00,50360.0,50376.0,49995.0,42344.0,35922.0,49497.0,49497.0
06-02 06:00,58495.0,59030.0,58277.0,45214.0,37480.0,56758.0,56758.0
06-02 07:00,63420.0,64323.0,63379.0,48828.0,40940.0,61683.0,61683.0
06-02 08:00,67183.0,66346.0,65879.0,52120.0,44657.0,63743.0,63743.0
06-02 09:00,69006.0,67767.0,66728.0,54674.0,47098.0,64513.0,64513.0
06-02 10:00,70388.0,69023.0,68038.0,55938.0,48651.0,65121.0,65121.0
06-02 11:00,71056.0,69759.0,68803.0,56919.0,49722.0,65925.0,65925.0
06-02 12:00,70077.0,68845.0,68218.0,56447.0,49605.0,65727.0,65727.0
06-02 13:00,69637.0,68644.0,67445.0,54908.0,48531.0,65079.0,65079.0
06-02 14:00,68504.0,67424.0,64960.0,53156.0,46908.0,63616.0,63616.0
06-02 15:00,67811.0,66825.0,64382.0,52255.0,46099.0,62824.0,62824.0
06-02 16:00,66549.0,65131.0,62997.0,51240.0,46203.0,61821.0,61821.0
06-02 17:00,65454.0,64395.0,62265.0,51485.0,47373.0,62391.0,62391.0
06-02 18:00,64894.0,63660.0,61566.0,51828.0,48434.0,61972.0,61972.0
06-02 19:00,64508.0,63226.0,60385.0,50869.0,49053.0,61427.0,61427.0
06-02 20:00,62455.0,61339.0,58597.0,49985.0,48843.0,59379.0,59379.0
06-02 21:00,59643.0,58358.0,55558.0,47713.0,48155.0,57107.0,57107.0
06-02 22:00,58566.0,56896.0,54608.0,47251.0,48606.0,56000.0,56000.0
06-02 23:00,53706.0,51737.0,51227.0,44229.0,46305.0,52564.0,52564.0
06-03 00:00,49122.0,47901.0,47376.0,41830.0,44090.0,49248.0,49248.0
06-03 01:00,46649.0,45722.0,44818.0,39746.0,41620.0,46645.0,46645.0
06-03 02:00,44952.0,43993.0,43392.0,38204.0,40813.0,45401.0,45401.0
06-03 03:00,44661.0,44252.0,42390.0,37435.0,40783.0,44816.0,44816.0
06-03 04:00,45860.0,45923.0,42058.0,37000.0,40954.0,44438.0,44438.0
06-03 05:00,49816.0,50330.0,42066.0,36768.0,46486.0,44600.0,44600.0
06-03 06:00,58935.0,58810.0,45444.0,38008.0,56239.0,46863.0,46863.0
06-03 07:00,63700.0,64383.0,48920.0,40975.0,61880.0,50126.0,50126.0
06-03 08:00,66312.0,66557.0,52551.0,44647.0,64482.0,53002.0,53002.0
06-03 09:00,67659.0,67140.0,54692.0,47281.0,65476.0,55410.0,55410.0
06-03 10:00,68950.0,68309.0,55651.0,49499.0,66878.0,57466.0,57466.0
06-03 11:00,70107.0,68926.0,56969.0,51410.0,68242.0,58623.0,58623.0
06-03 12:00,69317.0,68371.0,56582.0,51102.0,67669.0,58025.0,58025.0
06-03 13:00,69160.0,67594.0,54898.0,49395.0,67341.0,56507.0,56507.0
06-03 14:00,67490.0,65498.0,52858.0,47869.0,65730.0,55365.0,55365.0
06-03 15:00,66678.0,64750.0,51673.0,47535.0,65470.0,54478.0,54478.0
06-03 16:00,64707.0,62849.0,51150.0,46813.0,64936.0,53867.0,53867.0
06-03 17:00,63714.0,62516.0,51515.0,47806.0,63924.0,55141.0,55141.0
06-03 18:00,62818.0,61862.0,51876.0,48939.0,63620.0,55740.0,55740.0
06-03 19:00,62123.0,60838.0,51391.0,49293.0,63134.0,55437.0,55437.0
06-03 20:00,59620.0,58500.0,49988.0,49303.0,61506.0,53779.0,53779.0
06-03 21:00,56678.0,55551.0,48167.0,48570.0,58892.0,52239.0,52239.0
06-03 22:00,55321.0,53860.0,47493.0,49404.0,56122.0,51802.0,51802.0
06-03 23:00,50985.0,49651.0,43672.0,46730.0,51781.0,48991.0,48991.0
06-04 00:00,46716.0,47020.0,40501.0,43916.0,48236.0,45673.0,45673.0
06-04 01:00,44524.0,44170.0,39284.0,41949.0,46344.0,43691.0,43691.0
06-04 02:00,42684.0,42535.0,37993.0,40704.0,44818.0,42689.0,42689.0
06-04 03:00,42294.0,41539.0,36916.0,41196.0,45034.0,42052.0,42052.0
06-04 04:00,42547.0,41170.0,36562.0,43057.0,46523.0,43140.0,43140.0
06-04 05:00,42533.0,41140.0,36165.0,47870.0,50729.0,46019.0,46019.0
06-04 06:00,46071.0,44499.0,38046.0,57030.0,59052.0,52134.0,52134.0
06-04 07:00,50051.0,49062.0,41116.0,62346.0,64233.0,56492.0,56492.0
06-04 08:00,53231.0,52841.0,43792.0,65110.0,66186.0,58419.0,58419.0
06-04 09:00,54926.0,55270.0,46502.0,66333.0,67275.0,60076.0,60076.0
06-04 10:00,56567.0,56718.0,48574.0,67765.0,68124.0,61404.0,61404.0
06-04 11:00,57680.0,57693.0,50532.0,69001.0,68751.0,62488.0,62488.0
06-04 12:00,57140.0,56980.0,50058.0,68484.0,68172.0,62020.0,62020.0
06-04 13:00,55322.0,55341.0,48563.0,68189.0,67999.0,61248.0,61248.0
06-04 14:00,53690.0,53336.0,46670.0,67152.0,66894.0,60284.0,60284.0
06-04 15:00,52992.0,52294.0,45443.0,66782.0,66282.0,58300.0,58300.0
06-04 16:00,51645.0,51298.0,45075.0,65243.0,64741.0,57685.0,57685.0
06-04 17:00,52178.0,51512.0,45651.0,64683.0,64164.0,57844.0,57844.0
06-04 18:00,52898.0,51429.0,46360.0,64310.0,63599.0,57916.0,57916.0
06-04 19:00,52833.0,51271.0,45821.0,64011.0,63176.0,57284.0,57284.0
06-04 20:00,52024.0,49336.0,45083.0,62390.0,61940.0,54850.0,54850.0
06-04 21:00,50910.0,47197.0,44336.0,59809.0,59458.0,52393.0,52393.0
06-04 22:00,51186.0,47535.0,44758.0,57615.0,57388.0,51201.0,51201.0
06-04 23:00,47969.0,44679.0,42621.0,53359.0,53386.0,48015.0,48015.0
06-05 00:00,44423.0,41949.0,39513.0,49292.0,49858.0,44538.0,44538.0
06-05 01:00,42385.0,39276.0,37091.0,46901.0,47587.0,42655.0,42655.0
06-05 02:00,40922.0,37564.0,35736.0,45544.0,45925.0,40868.0,40868.0
06-05 03:00,40656.0,37164.0,35356.0,45729.0,45565.0,39957.0,39957.0
06-05 04:00,42166.0,36663.0,35296.0,47039.0,47220.0,39962.0,39962.0
06-05 05:00,46148.0,36205.0,35145.0,51020.0,50560.0,40484.0,40484.0
06-05 06:00,53244.0,37803.0,36798.0,59504.0,59426.0,43067.0,43067.0
06-05 07:00,58925.0,40877.0,39659.0,65135.0,64197.0,46927.0,46927.0
06-05 08:00,61798.0,44886.0,43405.0,67307.0,65980.0,50920.0,50920.0
06-05 09:00,63399.0,47627.0,46123.0,68385.0,66944.0,53510.0,53510.0
06-05 10:00,64581.0,49837.0,48030.0,69413.0,68310.0,55028.0,55028.0
06-05 11:00,65445.0,51806.0,49842.0,70495.0,69069.0,55684.0,55684.0
06-05 12:00,64979.0,51254.0,50081.0,69773.0,68257.0,55301.0,55301.0
06-05 13:00,63934.0,49668.0,48515.0,69368.0,68377.0,53729.0,53729.0
06-05 14:00,61859.0,48230.0,46990.0,67779.0,66925.0,52477.0,52477.0
06-05 15:00,61188.0,47248.0,46088.0,67345.0,66060.0,51532.0,51532.0
06-05 16:00,59793.0,46950.0,45762.0,65739.0,64925.0,50868.0,50868.0
06-05 17:00,59268.0,48056.0,46816.0,64972.0,64371.0,51420.0,51420.0
06-05 18:00,58983.0,48943.0,47861.0,64321.0,63887.0,51865.0,51865.0
06-05 19:00,58457.0,49113.0,47780.0,63963.0,63213.0,51050.0,51050.0
06-05 20:00,56429.0,48722.0,47326.0,62139.0,61515.0,49588.0,49588.0
06-05 21:00,53497.0,47844.0,46651.0,59846.0,58139.0,47684.0,47684.0
06-05 22:00,53506.0,48678.0,47431.0,57797.0,56241.0,47237.0,47237.0
06-05 23:00,50530.0,46357.0,44428.0,53299.0,52660.0,44137.0,44137.0
06-06 00:00,46767.0,42902.0,41684.0,49707.0,49402.0,41178.0,41178.0
06-06 01:00,43750.0,40862.0,39826.0,47805.0,47916.0,38716.0,38716.0
06-06 02:00,42175.0,39675.0,39128.0,46683.0,46462.0,37612.0,37612.0
06-06 03:00,41130.0,39863.0,39521.0,46312.0,46845.0,37121.0,37121.0
06-06 04:00,41026.0,41912.0,41440.0,47515.0,47483.0,36788.0,36788.0
06-06 05:00,41485.0,46794.0,46477.0,51755.0,50988.0,36768.0,36768.0
06-06 06:00,44402.0,56565.0,56242.0,60108.0,58643.0,38028.0,38028.0
06-06 07:00,48434.0,62346.0,62020.0,65159.0,64509.0,40886.0,40886.0
06-06 08:00,52351.0,64391.0,64541.0,67392.0,66008.0,44305.0,44305.0
06-06 09:00,55391.0,66009.0,66516.0,68536.0,67018.0,47659.0,47659.0
06-06 10:00,57110.0,67436.0,68333.0,69920.0,68488.0,49884.0,49884.0
06-06 11:00,58088.0,68818.0,70166.0,70810.0,69226.0,51881.0,51881.0
06-06 12:00,57236.0,68547.0,69084.0,70117.0,68460.0,51855.0,51855.0
06-06 13:00,55827.0,68371.0,69052.0,70701.0,68167.0,50396.0,50396.0
06-06 14:00,53535.0,67330.0,68272.0,69254.0,65977.0,48603.0,48603.0
06-06 15:00,52375.0,66429.0,66507.0,68127.0,64599.0,47727.0,47727.0
06-06 16:00,51730.0,64708.0,64742.0,66397.0,62881.0,47426.0,47426.0
06-06 17:00,52054.0,63305.0,64054.0,65978.0,62274.0,49113.0,49113.0
06-06 18:00,51987.0,62609.0,63892.0,65397.0,61787.0,50020.0,50020.0
06-06 19:00,51408.0,62297.0,63789.0,64772.0,60895.0,49809.0,49809.0
06-06 20:00,49942.0,60413.0,61550.0,63380.0,58682.0,48838.0,48838.0
06-06 21:00,47551.0,57774.0,59236.0,61003.0,56034.0,47994.0,47994.0
06-06 22:00,47637.0,56207.0,56555.0,59027.0,54235.0,48405.0,48405.0
06-06 23:00,45021.0,51494.0,52602.0,55082.0,50256.0,45944.0,45944.0
06-07 00:00,41645.0,47345.0,48422.0,50942.0,47059.0,42690.0,42690.0
06-07 01:00,38811.0,45454.0,45761.0,48384.0,44978.0,41067.0,41067.0
06-07 02:00,37588.0,43938.0,45099.0,46807.0,43430.0,40119.0,40119.0
06-07 03:00,37000.0,44462.0,45323.0,46453.0,43787.0,40274.0,40274.0
06-07 04:00,36784.0,45445.0,46956.0,47233.0,45168.0,42437.0,42437.0
06-07 05:00,36130.0,49339.0,51329.0,51467.0,48935.0,47513.0,47513.0
06-07 06:00,36928.0,57994.0,59884.0,59942.0,56466.0,56121.0,56121.0
06-07 07:00,39964.0,63512.0,64865.0,65207.0,61104.0,60828.0,60828.0
06-07 08:00,43589.0,65921.0,67286.0,67408.0,63243.0,63642.0,63642.0
06-07 09:00,46628.0,67071.0,68690.0,68722.0,64223.0,64942.0,64942.0
06-07 10:00,48677.0,68183.0,69781.0,69773.0,65436.0,66473.0,66473.0
06-07 11:00,50616.0,69234.0,70493.0,70692.0,66134.0,67497.0,67497.0
06-07 12:00,50500.0,68417.0,69840.0,70366.0,65683.0,67111.0,67111.0
06-07 13:00,48712.0,68303.0,69516.0,69981.0,64946.0,66635.0,66635.0
06-07 14:00,46508.0,67315.0,68291.0,68476.0,63824.0,64604.0,64604.0
06-07 15:00,45692.0,66232.0,67130.0,67930.0,62913.0,63803.0,63803.0
06-07 16:00,45440.0,64612.0,65890.0,66792.0,61742.0,61892.0,61892.0
06-07 17:00,47308.0,63575.0,64995.0,66321.0,61094.0,61844.0,61844.0
06-07 18:00,48523.0,63124.0,64440.0,65775.0,59807.0,61775.0,61775.0
06-07 19:00,48886.0,62786.0,64159.0,65548.0,58832.0,61382.0,61382.0
06-07 20:00,48630.0,60839.0,62211.0,63566.0,57629.0,59388.0,59388.0
06-07 21:00,47989.0,58032.0,59504.0,60989.0,54635.0,56473.0,56473.0
06-07 22:00,48899.0,55303.0,57355.0,58525.0,52786.0,54785.0,54785.0
06-07 23:00,46273.0,50704.0,52703.0,54571.0,48632.0,50837.0,50837.0
06-08 00:00,42967.0,47276.0,48826.0,50743.0,45493.0,47448.0,47448.0
06-08 01:00,41085.0,45646.0,46544.0,48310.0,43457.0,45274.0,45274.0
06-08 02:00,40094.0,44198.0,45211.0,46282.0,42446.0,43861.0,43861.0
06-08 03:00,40211.0,44313.0,45514.0,46638.0,41701.0,44315.0,44315.0
06-08 04:00,41840.0,45255.0,46388.0,47417.0,41667.0,45660.0,45660.0
06-08 05:00,47400.0,49479.0,50502.0,51512.0,41720.0,49321.0,49321.0
06-08 06:00,57312.0,58661.0,58933.0,59916.0,44295.0,57190.0,57190.0
06-08 07:00,62957.0,63889.0,63305.0,64942.0,48050.0,61909.0,61909.0
06-08 08:00,65444.0,66023.0,65614.0,67085.0,51329.0,64309.0,64309.0
06-08 09:00,66540.0,66877.0,66749.0,68243.0,54093.0,65100.0,65100.0
06-08 10:00,68049.0,68512.0,67802.0,70163.0,55075.0,66433.0,66433.0
06-08 11:00,69476.0,69351.0,68372.0,71074.0,55925.0,67587.0,67587.0
06-08 12:00,68708.0,68633.0,67966.0,70262.0,55055.0,67173.0,67173.0
06-08 13:00,68157.0,68240.0,68093.0,68836.0,52777.0,66683.0,66683.0
06-08 14:00,66372.0,66691.0,66073.0,67345.0,50988.0,64915.0,64915.0
06-08 15:00,65533.0,66209.0,65325.0,65604.0,49927.0,64309.0,64309.0
06-08 16:00,64366.0,64641.0,63858.0,63960.0,49673.0,63135.0,63135.0
06-08 17:00,63472.0,63916.0,62767.0,64270.0,50444.0,62690.0,62690.0
06-08 18:00,63239.0,63343.0,62282.0,63666.0,50091.0,62273.0,62273.0
06-08 19:00,63049.0,63022.0,61617.0,63077.0,49309.0,61852.0,61852.0
06-08 20:00,61196.0,61103.0,60623.0,60822.0,47379.0,60128.0,60128.0
06-08 21:00,58018.0,58316.0,58346.0,58044.0,45279.0,57580.0,57580.0
06-08 22:00,56539.0,56073.0,56564.0,56313.0,45240.0,55733.0,55733.0
06-08 23:00,52084.0,51662.0,52489.0,52716.0,42523.0,51611.0,51611.0
06-09 00:00,48047.0,47857.0,48658.0,49437.0,40154.0,48126.0,48126.0
06-09 01:00,45932.0,45728.0,46772.0,46683.0,37929.0,46043.0,46043.0
06-09 02:00,44601.0,44707.0,44830.0,44584.0,36425.0,44764.0,44764.0
06-09 03:00,44678.0,44602.0,44766.0,43682.0,35936.0,44569.0,44569.0
06-09 04:00,46325.0,45762.0,46135.0,43519.0,35978.0,45946.0,45946.0
06-09 05:00,50585.0,49720.0,50206.0,43595.0,35267.0,49489.0,49489.0
06-09 06:00,59467.0,58421.0,58249.0,46581.0,36274.0,57068.0,57068.0
06-09 07:00,64688.0,63714.0,63037.0,51474.0,39152.0,62194.0,62194.0
06-09 08:00,66559.0,65514.0,65528.0,55334.0,42349.0,64471.0,64471.0
06-09 09:00,67572.0,66127.0,66643.0,57569.0,44605.0,65689.0,65689.0
06-09 10:00,68844.0,67720.0,68418.0,58566.0,46406.0,67194.0,67194.0
06-09 11:00,69752.0,68617.0,69411.0,59306.0,47430.0,68133.0,68133.0
06-09 12:00,68687.0,67908.0,68825.0,58461.0,47098.0,67974.0,67974.0
06-09 13:00,68565.0,67407.0,68229.0,56859.0,45042.0,67159.0,67159.0
06-09 14:00,67295.0,65759.0,65735.0,55004.0,43620.0,65550.0,65550.0
06-09 15:00,66519.0,64962.0,65062.0,53926.0,42806.0,64676.0,64676.0
06-09 16:00,64918.0,63593.0,63947.0,53038.0,42102.0,63203.0,63203.0
06-09 17:00,64265.0,62611.0,63834.0,54097.0,43172.0,62805.0,62805.0
06-09 18:00,63812.0,62051.0,63107.0,54319.0,43850.0,62589.0,62589.0
06-09 19:00,63495.0,61860.0,62178.0,54084.0,44169.0,62167.0,62167.0
06-09 20:00,61440.0,60171.0,60027.0,52283.0,43990.0,60081.0,60081.0
06-09 21:00,58771.0,57388.0,57114.0,50150.0,42867.0,57358.0,57358.0
06-09 22:00,56775.0,55897.0,54634.0,49071.0,43016.0,55564.0,55564.0
06-09 23:00,52510.0,52320.0,51306.0,46725.0,40500.0,51913.0,51913.0
06-10 00:00,48416.0,47780.0,47637.0,43403.0,37984.0,48267.0,48267.0
06-10 01:00,45950.0,45537.0,45179.0,40652.0,35931.0,46004.0,46004.0
06-10 02:00,44427.0,44053.0,43270.0,39266.0,35246.0,44725.0,44725.0
06-10 03:00,44902.0,43943.0,42485.0,38475.0,34655.0,44927.0,44927.0
06-10 04:00,45964.0,45331.0,42402.0,38086.0,34760.0,45997.0,45997.0
06-10 05:00,50520.0,49335.0,42382.0,37577.0,35409.0,49871.0,49871.0
06-10 06:00,59856.0,57828.0,45864.0,39132.0,36448.0,57357.0,57357.0
06-10 07:00,64571.0,63291.0,49803.0,42572.0,39618.0,62195.0,62195.0
06-10 08:00,66579.0,65502.0,53983.0,45727.0,42413.0,64602.0,64602.0
06-10 09:00,67500.0,66432.0,55744.0,48202.0,45026.0,65503.0,65503.0
06-10 10:00,69049.0,67517.0,56898.0,50380.0,47101.0,67020.0,67020.0
06-10 11:00,70088.0,67932.0,57537.0,52484.0,49391.0,67796.0,67796.0
06-10 12:00,69057.0,67368.0,56802.0,52078.0,49488.0,67490.0,67490.0
06-10 13:00,68810.0,66406.0,54826.0,50266.0,48042.0,66701.0,66701.0
06-10 14:00,67326.0,64487.0,52470.0,49160.0,46459.0,65239.0,65239.0
06-10 15:00,66606.0,63666.0,51383.0,48627.0,46469.0,64610.0,64610.0
06-10 16:00,64935.0,62084.0,50734.0,48706.0,46326.0,63516.0,63516.0
06-10 17:00,64231.0,60871.0,51107.0,50198.0,47913.0,63151.0,63151.0
06-10 18:00,63831.0,60004.0,51559.0,50859.0,48377.0,62495.0,62495.0
06-10 19:00,63286.0,59575.0,51453.0,51238.0,48444.0,62095.0,62095.0
06-10 20:00,61623.0,57414.0,50197.0,50991.0,47439.0,59986.0,59986.0
06-10 21:00,58986.0,54660.0,48082.0,50168.0,46702.0,57285.0,57285.0
06-10 22:00,57191.0,53481.0,47690.0,50509.0,46635.0,55374.0,55374.0
06-10 23:00,52902.0,49837.0,45081.0,48311.0,43597.0,51297.0,51297.0
06-11 00:00,48472.0,45880.0,41984.0,45038.0,40837.0,48451.0,48451.0
06-11 01:00,46292.0,43469.0,39575.0,43654.0,39904.0,46132.0,46132.0
06-11 02:00,44899.0,42045.0,38229.0,42792.0,38893.0,45209.0,45209.0
06-11 03:00,44775.0,41358.0,37583.0,42714.0,39118.0,44958.0,44958.0
06-11 04:00,45727.0,41047.0,37391.0,44356.0,41093.0,45968.0,45968.0
06-11 05:00,49854.0,41283.0,36643.0,49196.0,46367.0,49836.0,49836.0
06-11 06:00,58536.0,44502.0,38253.0,58680.0,55375.0,57099.0,57099.0
06-11 07:00,63721.0,48289.0,41940.0,64304.0,60509.0,62223.0,62223.0
06-11 08:00,65920.0,51940.0,45447.0,67358.0,62417.0,64770.0,64770.0
06-11 09:00,67203.0,54507.0,47915.0,68350.0,64320.0,66066.0,66066.0
06-11 10:00,68264.0,55388.0,49412.0,69596.0,65600.0,66916.0,66916.0
06-11 11:00,69279.0,56097.0,51178.0,71132.0,66998.0,67490.0,67490.0
06-11 12:00,68336.0,55767.0,51041.0,70790.0,66553.0,66812.0,66812.0
06-11 13:00,68047.0,54176.0,49481.0,70700.0,66248.0,65681.0,65681.0
06-11 14:00,66379.0,52543.0,47853.0,69670.0,64645.0,64055.0,64055.0
06-11 15:00,65650.0,51554.0,47152.0,69259.0,64659.0,63170.0,63170.0
06-11 16:00,64335.0,50280.0,47600.0,67885.0,63314.0,62114.0,62114.0
06-11 17:00,63080.0,50995.0,48967.0,67454.0,62363.0,62117.0,62117.0
06-11 18:00,63021.0,51425.0,49937.0,67068.0,62147.0,61590.0,61590.0
06-11 19:00,62793.0,50891.0,50221.0,66401.0,61949.0,60989.0,60989.0
06-11 20:00,60780.0,49461.0,50055.0,64157.0,59952.0,58623.0,58623.0
06-11 21:00,57987.0,47416.0,49276.0,61311.0,57353.0,55769.0,55769.0
06-11 22:00,56886.0,46987.0,49787.0,58514.0,55434.0,54113.0,54113.0
06-11 23:00,52734.0,44313.0,47465.0,54359.0,51944.0,50914.0,50914.0
06-12 00:00,48566.0,41328.0,44419.0,50919.0,47989.0,47161.0,47161.0
06-12 01:00,45575.0,38754.0,42834.0,48799.0,45931.0,44732.0,44732.0
06-12 02:00,44320.0,37548.0,41536.0,47079.0,44972.0,43126.0,43126.0
06-12 03:00,44312.0,37127.0,42206.0,46476.0,44908.0,42215.0,42215.0
06-12 04:00,45495.0,36971.0,43714.0,48041.0,45578.0,41933.0,41933.0
06-12 05:00,49597.0,36433.0,48813.0,52361.0,50912.0,42256.0,42256.0
06-12 06:00,58311.0,37714.0,58816.0,60930.0,58920.0,44795.0,44795.0
06-12 07:00,64132.0,40895.0,63645.0,65562.0,63480.0,48796.0,48796.0
06-12 08:00,66690.0,44430.0,66714.0,67529.0,65767.0,52569.0,52569.0
06-12 09:00,68012.0,47241.0,68314.0,68041.0,67321.0,55509.0,55509.0
06-12 10:00,69408.0,49564.0,69231.0,69191.0,68940.0,56617.0,56617.0
06-12 11:00,70003.0,51982.0,70004.0,70352.0,70092.0,57373.0,57373.0
06-12 12:00,69296.0,52269.0,70140.0,69581.0,68924.0,56985.0,56985.0
06-12 13:00,68372.0,50133.0,70328.0,69428.0,68012.0,55994.0,55994.0
06-12 14:00,66264.0,48489.0,68612.0,68582.0,66551.0,54391.0,54391.0
06-12 15:00,65219.0,47699.0,67763.0,67822.0,65717.0,54115.0,54115.0
06-12 16:00,63670.0,47607.0,66073.0,66593.0,64281.0,53638.0,53638.0
06-12 17:00,63010.0,49184.0,65500.0,65689.0,63527.0,54709.0,54709.0
06-12 18:00,62204.0,50093.0,65323.0,65376.0,63207.0,54795.0,54795.0
06-12 19:00,61537.0,50114.0,64897.0,65131.0,62064.0,54057.0,54057.0
06-12 20:00,58738.0,49364.0,62408.0,62984.0,60118.0,52193.0,52193.0
06-12 21:00,55968.0,48456.0,59447.0,60499.0,57446.0,50150.0,50150.0
06-12 22:00,54892.0,48776.0,57574.0,57787.0,55887.0,49759.0,49759.0
06-12 23:00,51157.0,47109.0,53426.0,53131.0,52075.0,46712.0,46712.0
06-13 00:00,47509.0,43430.0,49333.0,49244.0,48172.0,43665.0,43665.0
06-13 01:00,44619.0,41361.0,47503.0,46950.0,45181.0,41184.0,41184.0
06-13 02:00,42780.0,40270.0,45883.0,45618.0,43961.0,39809.0,39809.0
06-13 03:00,42135.0,40381.0,45867.0,45802.0,44289.0,39366.0,39366.0
06-13 04:00,42033.0,42051.0,46660.0,47226.0,45604.0,38957.0,38957.0
06-13 05:00,41996.0,47314.0,50726.0,51812.0,49506.0,38654.0,38654.0
06-13 06:00,45370.0,57190.0,59304.0,60812.0,57608.0,39823.0,39823.0
06-13 07:00,49728.0,62963.0,64301.0,64930.0,62333.0,43220.0,43220.0
06-13 08:00,53282.0,65710.0,66502.0,67196.0,64655.0,46355.0,46355.0
06-13 09:00,56239.0,66849.0,67899.0,68335.0,65435.0,48892.0,48892.0
06-13 10:00,58032.0,68204.0,69328.0,70047.0,66894.0,50772.0,50772.0
06-13 11:00,58398.0,68640.0,70083.0,70308.0,68025.0,52333.0,52333.0
06-13 12:00,57900.0,67989.0,68917.0,69479.0,67447.0,51863.0,51863.0
06-13 13:00,56171.0,67834.0,69045.0,68939.0,66984.0,49895.0,49895.0
06-13 14:00,53871.0,66515.0,67586.0,68014.0,65809.0,48007.0,48007.0
06-13 15:00,52625.0,66263.0,67146.0,67683.0,64692.0,47376.0,47376.0
06-13 16:00,51955.0,64399.0,64849.0,66203.0,63066.0,46675.0,46675.0
06-13 17:00,51872.0,63314.0,64481.0,65545.0,62119.0,47926.0,47926.0
06-13 18:00,51718.0,62859.0,63881.0,65042.0,61775.0,49241.0,49241.0
06-13 19:00,51379.0,62394.0,63590.0,64716.0,60986.0,49791.0,49791.0
06-13 20:00,49573.0,60429.0,61221.0,62646.0,59387.0,49480.0,49480.0
06-13 21:00,47274.0,57765.0,58293.0,59735.0,56867.0,48478.0,48478.0
06-13 22:00,47645.0,55928.0,56221.0,57098.0,55058.0,49067.0,49067.0
06-13 23:00,45274.0,51677.0,52576.0,53311.0,51932.0,46618.0,46618.0
06-14 00:00,41504.0,47415.0,48750.0,49359.0,48198.0,43334.0,43334.0
06-14 01:00,38710.0,45589.0,46347.0,47240.0,45988.0,41226.0,41226.0
06-14 02:00,37421.0,43955.0,44756.0,45671.0,45079.0,40303.0,40303.0
06-14 03:00,36473.0,43961.0,44622.0,45524.0,44627.0,40155.0,40155.0
06-14 04:00,36489.0,45518.0,45721.0,46628.0,45156.0,42019.0,42019.0
06-14 05:00,35794.0,50102.0,49012.0,51044.0,49271.0,46858.0,46858.0
06-14 06:00,37138.0,58770.0,57322.0,59831.0,57044.0,54889.0,54889.0
06-14 07:00,40558.0,63474.0,62219.0,64514.0,61841.0,60433.0,60433.0
06-14 08:00,44197.0,65744.0,64406.0,66976.0,64591.0,63660.0,63660.0
06-14 09:00,46867.0,66792.0,65177.0,67831.0,65531.0,64356.0,64356.0
06-14 10:00,49122.0,68446.0,66630.0,69284.0,66787.0,65612.0,65612.0
06-14 11:00,51199.0,69560.0,67385.0,69629.0,67148.0,66435.0,66435.0
06-14 12:00,50643.0,68850.0,66935.0,69407.0,66538.0,65882.0,65882.0
06-14 13:00,49132.0,68108.0,66306.0,68999.0,65213.0,65866.0,65866.0
06-14 14:00,47267.0,66901.0,64944.0,67535.0,63813.0,64064.0,64064.0
06-14 15:00,45568.0,66165.0,64252.0,67610.0,63426.0,63666.0,63666.0
06-14 16:00,45847.0,64117.0,62659.0,66018.0,62217.0,62445.0,62445.0
06-14 17:00,47320.0,63678.0,62174.0,66057.0,61862.0,62196.0,62196.0
06-14 18:00,48475.0,63425.0,61494.0,65835.0,61142.0,62431.0,62431.0
06-14 19:00,48721.0,62622.0,60876.0,65253.0,60464.0,61789.0,61789.0
06-14 20:00,48523.0,60605.0,59038.0,62847.0,58623.0,60207.0,60207.0
06-14 21:00,47818.0,58177.0,55792.0,60376.0,55566.0,57883.0,57883.0
06-14 22:00,48710.0,55953.0,54203.0,57991.0,54093.0,56180.0,56180.0
06-14 23:00,46300.0,51345.0,50942.0,54070.0,50814.0,52441.0,52441.0
06-15 00:00,42989.0,46813.0,47505.0,49994.0,47105.0,48505.0,48505.0
06-15 01:00,40625.0,44435.0,45310.0,47729.0,44444.0,46447.0,46447.0
06-15 02:00,39683.0,43516.0,43851.0,46120.0,42702.0,45144.0,45144.0
06-15 03:00,39819.0,43467.0,43422.0,45886.0,42002.0,45482.0,45482.0
06-15 04:00,41716.0,44905.0,43114.0,47173.0,41571.0,46394.0,46394.0
06-15 05:00,46994.0,48933.0,42848.0,51494.0,40808.0,50694.0,50694.0
06-15 06:00,56728.0,57455.0,46580.0,59916.0,44889.0,57913.0,57913.0
06-15 07:00,62291.0,63227.0,50450.0,64626.0,48905.0,63132.0,63132.0
06-15 08:00,64658.0,65429.0,53252.0,67299.0,51981.0,65570.0,65570.0
06-15 09:00,65816.0,66448.0,54662.0,68053.0,55334.0,66264.0,66264.0
06-15 10:00,67326.0,67948.0,56426.0,69478.0,57051.0,66595.0,66595.0
06-15 11:00,68683.0,69223.0,57768.0,69956.0,56773.0,68079.0,68079.0
06-15 12:00,67729.0,68722.0,57613.0,69258.0,55832.0,67794.0,67794.0
06-15 13:00,67627.0,67901.0,56471.0,68179.0,54055.0,67084.0,67084.0
06-15 14:00,65920.0,66293.0,54905.0,66168.0,52168.0,65507.0,65507.0
06-15 15:00,65277.0,65765.0,54643.0,65214.0,51392.0,64696.0,64696.0
06-15 16:00,63484.0,64499.0,54297.0,63544.0,51578.0,63822.0,63822.0
06-15 17:00,62413.0,63806.0,54667.0,62899.0,52143.0,63521.0,63521.0
06-15 18:00,61984.0,63524.0,54394.0,62326.0,51635.0,63269.0,63269.0
06-15 19:00,61533.0,62898.0,54545.0,61777.0,51638.0,62744.0,62744.0
06-15 20:00,59540.0,61045.0,54096.0,59239.0,49485.0,60743.0,60743.0
06-15 21:00,56448.0,58151.0,52148.0,56994.0,47010.0,58056.0,58056.0
06-15 22:00,55336.0,56211.0,51366.0,55214.0,46502.0,56079.0,56079.0
06-15 23:00,51667.0,51867.0,48211.0,51568.0,43624.0,53107.0,53107.0
06-16 00:00,47346.0,47877.0,45438.0,47273.0,40411.0,49326.0,49326.0
06-16 01:00,45002.0,45554.0,42991.0,44570.0,38327.0,46990.0,46990.0
06-16 02:00,43659.0,44349.0,41773.0,43190.0,37380.0,45587.0,45587.0
06-16 03:00,43627.0,44608.0,41659.0,42817.0,37178.0,45579.0,45579.0
06-16 04:00,44866.0,45694.0,43289.0,42172.0,37369.0,46461.0,46461.0
06-16 05:00,48743.0,49771.0,46546.0,42635.0,37413.0,50523.0,50523.0
06-16 06:00,58044.0,58072.0,54539.0,45373.0,38565.0,58307.0,58307.0
06-16 07:00,63158.0,63360.0,59668.0,50067.0,41460.0,62772.0,62772.0
06-16 08:00,65677.0,65655.0,62121.0,54047.0,44588.0,64982.0,64982.0
06-16 09:00,66350.0,66484.0,63187.0,56143.0,46912.0,66096.0,66096.0
06-16 10:00,67263.0,68262.0,65073.0,57332.0,48986.0,66974.0,66974.0
06-16 11:00,68408.0,69449.0,65795.0,58045.0,50861.0,68382.0,68382.0
06-16 12:00,67824.0,68914.0,65306.0,57403.0,50986.0,67761.0,67761.0
06-16 13:00,67491.0,68556.0,64201.0,56440.0,49258.0,67398.0,67398.0
06-16 14:00,65603.0,66934.0,61987.0,53965.0,47579.0,66017.0,66017.0
06-16 15:00,64652.0,66156.0,61624.0,52633.0,46887.0,65662.0,65662.0
06-16 16:00,62842.0,64622.0,60645.0,52208.0,46645.0,64538.0,64538.0
06-16 17:00,62438.0,63840.0,60164.0,52717.0,47545.0,63988.0,63988.0
06-16 18:00,61990.0,63514.0,59640.0,53132.0,48555.0,63813.0,63813.0
06-16 19:00,61691.0,63169.0,59233.0,52453.0,48698.0,63530.0,63530.0
06-16 20:00,59527.0,60939.0,57631.0,50639.0,48078.0,62088.0,62088.0
06-16 21:00,56599.0,57241.0,54626.0,48471.0,47187.0,59672.0,59672.0
06-16 22:00,55181.0,55441.0,52815.0,48224.0,47781.0,58065.0,58065.0
06-16 23:00,50957.0,52292.0,49921.0,45789.0,45576.0,54869.0,54869.0
06-17 00:00,46895.0,48463.0,46470.0,42858.0,42859.0,50838.0,50838.0
06-17 01:00,44565.0,45756.0,43688.0,40549.0,41259.0,49227.0,49227.0
06-17 02:00,43471.0,44512.0,42146.0,39094.0,40349.0,47572.0,47572.0
06-17 03:00,43249.0,44367.0,41773.0,37790.0,40706.0,47216.0,47216.0
06-17 04:00,44937.0,46019.0,41478.0,37652.0,42568.0,48303.0,48303.0
06-17 05:00,49071.0,50003.0,41774.0,37114.0,47376.0,51981.0,51981.0
06-17 06:00,57651.0,58447.0,44928.0,38748.0,56048.0,59423.0,59423.0
06-17 07:00,62860.0,63863.0,48778.0,41955.0,61055.0,64465.0,64465.0
06-17 08:00,64661.0,66314.0,52580.0,45701.0,64072.0,67034.0,67034.0
06-17 09:00,65689.0,67439.0,55072.0,48606.0,64850.0,68477.0,68477.0
06-17 10:00,66959.0,69219.0,55900.0,51057.0,65970.0,69824.0,69824.0
06-17 11:00,68451.0,69471.0,56994.0,52417.0,66915.0,70895.0,70895.0
06-17 12:00,67823.0,68705.0,56359.0,52250.0,66372.0,70933.0,70933.0
06-17 13:00,67800.0,67946.0,54773.0,50628.0,66231.0,70652.0,70652.0
06-17 14:00,66434.0,65990.0,53061.0,48913.0,65109.0,69725.0,69725.0
06-17 15:00,66089.0,65355.0,52026.0,48456.0,64097.0,68685.0,68685.0
06-17 16:00,63875.0,64133.0,51616.0,48514.0,62991.0,67858.0,67858.0
06-17 17:00,63029.0,63042.0,51604.0,49132.0,62469.0,67446.0,67446.0
06-17 18:00,62259.0,61880.0,51841.0,49014.0,62081.0,66390.0,66390.0
06-17 19:00,61802.0,61605.0,51205.0,49443.0,61988.0,65273.0,65273.0
06-17 20:00,59794.0,59086.0,49727.0,48738.0,60176.0,63322.0,63322.0
06-17 21:00,57376.0,56117.0,47636.0,48375.0,57278.0,60970.0,60970.0
06-17 22:00,55836.0,54458.0,46760.0,49121.0,55294.0,59257.0,59257.0
06-17 23:00,51691.0,50737.0,44638.0,46384.0,51816.0,55764.0,55764.0
06-18 00:00,47363.0,46621.0,41789.0,43930.0,47651.0,51698.0,51698.0
06-18 01:00,45024.0,44249.0,39347.0,42331.0,45655.0,49504.0,49504.0
06-18 02:00,43873.0,42492.0,38086.0,41471.0,44687.0,47674.0,47674.0
06-18 03:00,44011.0,41971.0,37451.0,41848.0,44802.0,47830.0,47830.0
06-18 04:00,45570.0,41822.0,37231.0,43404.0,45664.0,48390.0,48390.0
06-18 05:00,49731.0,41809.0,36771.0,48210.0,49864.0,51896.0,51896.0
06-18 06:00,58458.0,44981.0,38513.0,58406.0,58034.0,59226.0,59226.0
06-18 07:00,63747.0,49032.0,41474.0,63582.0,63250.0,64975.0,64975.0
06-18 08:00,66264.0,52910.0,44848.0,66645.0,65822.0,67509.0,67509.0
06-18 09:00,67354.0,55984.0,47372.0,67627.0,67013.0,69074.0,69074.0
06-18 10:00,68772.0,57508.0,49437.0,69179.0,68088.0,70753.0,70753.0
06-18 11:00,69759.0,57788.0,51319.0,70762.0,69585.0,70817.0,70817.0
06-18 12:00,68946.0,57049.0,51218.0,70436.0,68733.0,70028.0,70028.0
06-18 13:00,68451.0,55273.0,49492.0,70114.0,67977.0,69236.0,69236.0
06-18 14:00,66940.0,53399.0,47582.0,68989.0,66769.0,67376.0,67376.0
06-18 15:00,65823.0,52520.0,46621.0,68326.0,66334.0,66401.0,66401.0
06-18 16:00,64313.0,51468.0,46661.0,66660.0,65079.0,65375.0,65375.0
06-18 17:00,63587.0,51733.0,47753.0,66236.0,64397.0,64270.0,64270.0
06-18 18:00,62996.0,51976.0,48769.0,65565.0,64062.0,63966.0,63966.0
06-18 19:00,62707.0,51781.0,49156.0,65116.0,63504.0,63297.0,63297.0
06-18 20:00,60850.0,50187.0,49186.0,62524.0,62050.0,61624.0,61624.0
06-18 21:00,57852.0,47821.0,48503.0,59590.0,58844.0,58647.0,58647.0
06-18 22:00,55947.0,47591.0,49075.0,57687.0,56758.0,56854.0,56854.0
06-18 23:00,51743.0,44709.0,46938.0,53567.0,52738.0,54709.0,54709.0
06-19 00:00,47803.0,41559.0,43861.0,49685.0,48931.0,51439.0,51439.0
06-19 01:00,45178.0,39057.0,42108.0,47158.0,46823.0,48283.0,48283.0
06-19 02:00,43632.0,37475.0,41169.0,45795.0,45299.0,45663.0,45663.0
06-19 03:00,44094.0,36808.0,41196.0,46199.0,45276.0,45144.0,45144.0
06-19 04:00,45287.0,36593.0,42196.0,47996.0,46120.0,45103.0,45103.0
06-19 05:00,49405.0,36428.0,47636.0,52649.0,49461.0,44746.0,44746.0
06-19 06:00,58314.0,37873.0,56844.0,62080.0,58140.0,47711.0,47711.0
06-19 07:00,63690.0,41063.0,62619.0,66564.0,62804.0,51492.0,51492.0
06-19 08:00,65985.0,44283.0,65535.0,68823.0,65275.0,55218.0,55218.0
06-19 09:00,67400.0,47349.0,66803.0,69827.0,66687.0,58209.0,58209.0
06-19 10:00,68227.0,49972.0,68021.0,71011.0,68499.0,59184.0,59184.0
06-19 11:00,69059.0,52154.0,68968.0,72342.0,69363.0,59693.0,59693.0
06-19 12:00,68485.0,51727.0,68535.0,71464.0,69081.0,58506.0,58506.0
06-19 13:00,67626.0,50520.0,68426.0,70914.0,68926.0,57344.0,57344.0
06-19 14:00,65567.0,48865.0,67154.0,69893.0,67363.0,55478.0,55478.0
06-19 15:00,64443.0,47594.0,66667.0,69230.0,66433.0,54604.0,54604.0
06-19 16:00,62842.0,47503.0,64954.0,67741.0,64906.0,54181.0,54181.0
06-19 17:00,62411.0,48203.0,64248.0,67379.0,64508.0,54693.0,54693.0
06-19 18:00,61898.0,49164.0,63610.0,66744.0,64126.0,54527.0,54527.0
06-19 19:00,61319.0,49193.0,63061.0,66132.0,62828.0,53560.0,53560.0
06-19 20:00,58816.0,48780.0,62153.0,63601.0,60684.0,52167.0,52167.0
06-19 21:00,56228.0,48085.0,58898.0,60524.0,56988.0,49990.0,49990.0
06-19 22:00,54356.0,48681.0,56807.0,58272.0,54638.0,49341.0,49341.0
06-19 23:00,50793.0,46327.0,52930.0,54569.0,50393.0,46947.0,46947.0
06-20 00:00,47061.0,42697.0,49184.0,50499.0,46439.0,44909.0,44909.0
06-20 01:00,43152.0,40982.0,46547.0,48115.0,44613.0,42472.0,42472.0
06-20 02:00,41576.0,40021.0,45307.0,46833.0,43522.0,41501.0,41501.0
06-20 03:00,41041.0,40445.0,45439.0,46553.0,43203.0,41243.0,41243.0
06-20 04:00,40838.0,42362.0,46319.0,47988.0,43166.0,40224.0,40224.0
06-20 05:00,40835.0,47618.0,50759.0,51846.0,42931.0,40305.0,40305.0
06-20 06:00,43601.0,56089.0,59390.0,60955.0,45767.0,42781.0,42781.0
06-20 07:00,47988.0,61691.0,64503.0,65776.0,49270.0,45263.0,45263.0
06-20 08:00,51694.0,65137.0,66748.0,68051.0,51637.0,47704.0,47704.0
06-20 09:00,54836.0,65674.0,67925.0,69688.0,53545.0,50052.0,50052.0
06-20 10:00,56108.0,67549.0,69303.0,70958.0,55166.0,52439.0,52439.0
06-20 11:00,56628.0,68286.0,70365.0,71720.0,56585.0,54746.0,54746.0
06-20 12:00,56146.0,67678.0,69972.0,70810.0,56417.0,54277.0,54277.0
06-20 13:00,54486.0,67717.0,69920.0,70830.0,55412.0,52909.0,52909.0
06-20 14:00,52046.0,66015.0,68697.0,69651.0,53966.0,50522.0,50522.0
06-20 15:00,51057.0,65320.0,68316.0,69253.0,53308.0,49319.0,49319.0
06-20 16:00,51331.0,63601.0,66766.0,67698.0,52321.0,49539.0,49539.0
06-20 17:00,51612.0,63306.0,65822.0,67164.0,52621.0,50901.0,50901.0
06-20 18:00,51787.0,63073.0,65003.0,66830.0,53271.0,51360.0,51360.0
06-20 19:00,51728.0,62799.0,64509.0,65978.0,52479.0,51447.0,51447.0
06-20 20:00,50024.0,60577.0,62722.0,64096.0,51303.0,50641.0,50641.0
06-20 21:00,47923.0,57901.0,59641.0,61110.0,49702.0,49635.0,49635.0
06-20 22:00,47492.0,56025.0,57649.0,58718.0,49686.0,49754.0,49754.0
06-20 23:00,44791.0,51670.0,54132.0,54828.0,46832.0,47877.0,47877.0
06-21 00:00,41704.0,46978.0,49832.0,50931.0,43564.0,46338.0,46338.0
06-21 01:00,39072.0,45040.0,47403.0,48450.0,41266.0,43446.0,43446.0
06-21 02:00,37512.0,43729.0,45782.0,46445.0,40712.0,42347.0,42347.0
06-21 03:00,36750.0,43595.0,45775.0,46321.0,40470.0,43711.0,43711.0
06-21 04:00,36530.0,44946.0,46682.0,47372.0,41561.0,45329.0,45329.0
06-21 05:00,36234.0,49032.0,50419.0,51614.0,44558.0,49021.0,49021.0
06-21 06:00,37865.0,57875.0,59427.0,60665.0,51020.0,57700.0,57700.0
06-21 07:00,40978.0,62929.0,64523.0,66131.0,55671.0,62962.0,62962.0
06-21 08:00,44186.0,65311.0,66432.0,69217.0,58436.0,66722.0,66722.0
06-21 09:00,47204.0,66654.0,67523.0,70680.0,59761.0,68607.0,68607.0
06-21 10:00,49981.0,68115.0,68652.0,72472.0,60835.0,69670.0,69670.0
06-21 11:00,52143.0,69169.0,70136.0,73172.0,61719.0,70531.0,70531.0
06-21 12:00,51940.0,68080.0,69313.0,72653.0,61505.0,69998.0,69998.0
06-21 13:00,49696.0,67589.0,69203.0,72278.0,60678.0,69212.0,69212.0
06-21 14:00,47845.0,66041.0,67796.0,70980.0,59333.0,67775.0,67775.0
06-21 15:00,47119.0,65275.0,67042.0,70217.0,58984.0,66822.0,66822.0
06-21 16:00,46550.0,63467.0,65310.0,68926.0,57776.0,65261.0,65261.0
06-21 17:00,48458.0,63486.0,64645.0,68580.0,56805.0,64987.0,64987.0
06-21 18:00,49606.0,62660.0,63700.0,67778.0,56686.0,65098.0,65098.0
06-21 19:00,49509.0,61408.0,63312.0,67068.0,55912.0,64071.0,64071.0
06-21 20:00,49326.0,58708.0,61391.0,64377.0,54106.0,62567.0,62567.0
06-21 21:00,48165.0,56173.0,58800.0,61035.0,50977.0,60299.0,60299.0
06-21 22:00,48871.0,54534.0,56718.0,59038.0,49689.0,57980.0,57980.0
06-21 23:00,46823.0,50087.0,53450.0,55212.0,46819.0,53962.0,53962.0
06-22 00:00,43581.0,45987.0,49678.0,50919.0,43702.0,50329.0,50329.0
06-22 01:00,41651.0,44351.0,47471.0,48246.0,41563.0,48304.0,48304.0
06-22 02:00,40455.0,43070.0,46063.0,46888.0,39505.0,47238.0,47238.0
06-22 03:00,40901.0,43411.0,46353.0,47050.0,38883.0,47268.0,47268.0
06-22 04:00,42810.0,44777.0,47404.0,48410.0,39223.0,48086.0,48086.0
06-22 05:00,47802.0,49153.0,51439.0,52284.0,39589.0,51422.0,51422.0
06-22 06:00,57230.0,57885.0,59413.0,60531.0,42705.0,59018.0,59018.0
06-22 07:00,62716.0,63522.0,64297.0,65219.0,46442.0,63735.0,63735.0
06-22 08:00,64771.0,65713.0,67241.0,68244.0,49848.0,66188.0,66188.0
06-22 09:00,65913.0,66972.0,68613.0,69239.0,52436.0,67717.0,67717.0
06-22 10:00,67001.0,68558.0,70169.0,69799.0,53775.0,68204.0,68204.0
06-22 11:00,68377.0,69611.0,71819.0,70584.0,54579.0,69364.0,69364.0
06-22 12:00,67789.0,68965.0,71230.0,69612.0,54383.0,69058.0,69058.0
06-22 13:00,67966.0,68229.0,70776.0,68888.0,52708.0,68247.0,68247.0
06-22 14:00,66067.0,66586.0,69972.0,66901.0,51390.0,66760.0,66760.0
06-22 15:00,65393.0,66025.0,69203.0,66760.0,50828.0,65642.0,65642.0
06-22 16:00,63810.0,64203.0,66950.0,64794.0,50244.0,64229.0,64229.0
06-22 17:00,63490.0,63465.0,66160.0,64733.0,50165.0,64188.0,64188.0
06-22 18:00,63088.0,62655.0,65774.0,64236.0,50550.0,63306.0,63306.0
06-22 19:00,62357.0,62355.0,65324.0,63186.0,49975.0,62971.0,62971.0
06-22 20:00,60395.0,60029.0,63020.0,61226.0,48349.0,60999.0,60999.0
06-22 21:00,57784.0,57585.0,59875.0,57635.0,46280.0,58455.0,58455.0
06-22 22:00,55640.0,55928.0,57676.0,55885.0,45520.0,56384.0,56384.0
06-22 23:00,50388.0,51913.0,53872.0,52080.0,43683.0,52448.0,52448.0
06-23 00:00,46654.0,47159.0,51028.0,48223.0,40319.0,49302.0,49302.0
06-23 01:00,44536.0,45030.0,48785.0,45889.0,38195.0,47072.0,47072.0
06-23 02:00,43319.0,43623.0,47550.0,44195.0,37056.0,45645.0,45645.0
06-23 03:00,43585.0,43971.0,47859.0,43828.0,37043.0,45670.0,45670.0
06-23 04:00,45403.0,44897.0,49132.0,43712.0,36264.0,46838.0,46838.0
06-23 05:00,49019.0,49005.0,52934.0,43561.0,35562.0,50593.0,50593.0
06-23 06:00,57996.0,57333.0,60940.0,46526.0,37514.0,57699.0,57699.0
06-23 07:00,63529.0,63241.0,65001.0,50193.0,40109.0,62026.0,62026.0
06-23 08:00,65104.0,65926.0,67551.0,53987.0,43469.0,64510.0,64510.0
06-23 09:00,67772.0,67416.0,68798.0,56097.0,46173.0,65823.0,65823.0
06-23 10:00,68883.0,69456.0,70465.0,57629.0,47930.0,66950.0,66950.0
06-23 11:00,70272.0,70959.0,70978.0,58664.0,49356.0,67813.0,67813.0
06-23 12:00,69051.0,70302.0,70361.0,58165.0,49601.0,67123.0,67123.0
06-23 13:00,68515.0,70368.0,69522.0,56162.0,48189.0,65946.0,65946.0
06-23 14:00,67111.0,68756.0,68229.0,54121.0,46756.0,64744.0,64744.0
06-23 15:00,66431.0,67915.0,66741.0,52931.0,46189.0,63773.0,63773.0
06-23 16:00,65451.0,65943.0,65396.0,52252.0,46272.0,61983.0,61983.0
06-23 17:00,64604.0,64692.0,64823.0,53065.0,47226.0,61486.0,61486.0
06-23 18:00,63829.0,64047.0,63656.0,53145.0,48365.0,61172.0,61172.0
06-23 19:00,63660.0,63577.0,62076.0,52346.0,48792.0,60856.0,60856.0
06-23 20:00,61214.0,61300.0,59954.0,49653.0,48212.0,58556.0,58556.0
06-23 21:00,58704.0,58694.0,57109.0,47428.0,47460.0,56116.0,56116.0
06-23 22:00,57029.0,56860.0,55010.0,46673.0,48106.0,54514.0,54514.0
06-23 23:00,52936.0,52862.0,51953.0,45167.0,45891.0,51761.0,51761.0
06-24 00:00,49287.0,48742.0,48327.0,41887.0,43063.0,48144.0,48144.0
06-24 01:00,46915.0,46346.0,46081.0,40077.0,41491.0,46542.0,46542.0
06-24 02:00,45589.0,45213.0,44719.0,38382.0,40424.0,45030.0,45030.0
06-24 03:00,45755.0,44886.0,44051.0,37863.0,40577.0,44538.0,44538.0
06-24 04:00,47575.0,45772.0,43698.0,37678.0,42676.0,46078.0,46078.0
06-24 05:00,51589.0,49317.0,43941.0,36996.0,47290.0,49369.0,49369.0
06-24 06:00,60253.0,58557.0,47055.0,37780.0,56679.0,56747.0,56747.0
06-24 07:00,65431.0,64162.0,51258.0,40727.0,62173.0,61286.0,61286.0
06-24 08:00,67211.0,66865.0,54419.0,43774.0,64813.0,63500.0,63500.0
06-24 09:00,68467.0,68709.0,56833.0,46695.0,66176.0,64989.0,64989.0
06-24 10:00,70036.0,70288.0,58379.0,48851.0,67465.0,66252.0,66252.0
06-24 11:00,70512.0,70770.0,58925.0,51147.0,68428.0,67247.0,67247.0
06-24 12:00,69623.0,69847.0,58554.0,50781.0,68170.0,66726.0,66726.0
06-24 13:00,68279.0,68633.0,57204.0,49341.0,68054.0,65707.0,65707.0
06-24 14:00,66519.0,66619.0,55069.0,47733.0,66845.0,64679.0,64679.0
06-24 15:00,65740.0,66149.0,54373.0,47471.0,66126.0,63877.0,63877.0
06-24 16:00,63830.0,64878.0,53450.0,46738.0,65572.0,62418.0,62418.0
06-24 17:00,62949.0,64064.0,54168.0,48786.0,64870.0,62324.0,62324.0
06-24 18:00,62462.0,63327.0,54032.0,49703.0,64668.0,61840.0,61840.0
06-24 19:00,62178.0,62447.0,53479.0,49996.0,64076.0,61493.0,61493.0
06-24 20:00,60745.0,60008.0,51512.0,49245.0,62268.0,59389.0,59389.0
06-24 21:00,58078.0,56411.0,49512.0,48189.0,59432.0,56507.0,56507.0
06-24 22:00,56416.0,54873.0,48538.0,48834.0,57575.0,54550.0,54550.0
06-24 23:00,52520.0,51205.0,46409.0,46109.0,53597.0,51273.0,51273.0
06-25 00:00,48433.0,47266.0,43281.0,43546.0,49643.0,47867.0,47867.0
06-25 01:00,46054.0,45027.0,40979.0,41936.0,47643.0,46078.0,46078.0
06-25 02:00,44856.0,43329.0,39789.0,41043.0,46424.0,44718.0,44718.0
06-25 03:00,44617.0,42457.0,38596.0,41829.0,46085.0,45056.0,45056.0
06-25 04:00,46168.0,41938.0,38481.0,43614.0,46902.0,46442.0,46442.0
06-25 05:00,49890.0,42237.0,37911.0,48618.0,51198.0,49690.0,49690.0
06-25 06:00,58937.0,45225.0,39316.0,58171.0,59232.0,56861.0,56861.0
06-25 07:00,63741.0,49552.0,42458.0,63589.0,64426.0,62097.0,62097.0
06-25 08:00,65976.0,53280.0,45952.0,66388.0,66776.0,63950.0,63950.0
06-25 09:00,66827.0,56356.0,48931.0,67296.0,68175.0,65132.0,65132.0
06-25 10:00,68029.0,58099.0,50746.0,68031.0,69391.0,66012.0,66012.0
06-25 11:00,69196.0,59299.0,52715.0,69082.0,70191.0,66752.0,66752.0
06-25 12:00,68483.0,58711.0,52463.0,68828.0,69917.0,66074.0,66074.0
06-25 13:00,68119.0,57231.0,51158.0,68461.0,69855.0,65286.0,65286.0
06-25 14:00,66510.0,55481.0,49606.0,67266.0,68421.0,62784.0,62784.0
06-25 15:00,65801.0,54230.0,48902.0,66028.0,67861.0,61781.0,61781.0
06-25 16:00,63631.0,53345.0,48555.0,64822.0,66778.0,60164.0,60164.0
06-25 17:00,63133.0,53408.0,49749.0,64309.0,65777.0,60116.0,60116.0
06-25 18:00,62321.0,53398.0,50178.0,64316.0,64767.0,59793.0,59793.0
06-25 19:00,62137.0,52536.0,50059.0,63934.0,64665.0,59012.0,59012.0
06-25 20:00,60305.0,50641.0,49875.0,62140.0,62979.0,56772.0,56772.0
06-25 21:00,57613.0,48538.0,48714.0,59346.0,60187.0,53851.0,53851.0
06-25 22:00,55922.0,47845.0,49594.0,57210.0,58360.0,52309.0,52309.0
06-25 23:00,51720.0,45614.0,47066.0,52904.0,54485.0,48938.0,48938.0
06-26 00:00,47822.0,42797.0,44607.0,48797.0,50680.0,45871.0,45871.0
06-26 01:00,45256.0,39905.0,42979.0,46578.0,48226.0,43645.0,43645.0
06-26 02:00,43771.0,38501.0,41853.0,44894.0,46433.0,42089.0,42089.0
06-26 03:00,43876.0,37951.0,41771.0,45101.0,46264.0,41313.0,41313.0
06-26 04:00,45498.0,37371.0,43621.0,46136.0,47780.0,41001.0,41001.0
06-26 05:00,49563.0,36859.0,48521.0,50156.0,51317.0,41171.0,41171.0
06-26 06:00,58136.0,38107.0,57827.0,59131.0,60009.0,43922.0,43922.0
06-26 07:00,63301.0,41183.0,63736.0,64256.0,65405.0,47782.0,47782.0
06-26 08:00,65667.0,44851.0,66405.0,66357.0,68026.0,51673.0,51673.0
06-26 09:00,66347.0,47730.0,67525.0,67393.0,69027.0,53618.0,53618.0
06-26 10:00,67928.0,49677.0,68980.0,68412.0,70304.0,54561.0,54561.0
06-26 11:00,69036.0,51626.0,70205.0,69199.0,71080.0,55494.0,55494.0
06-26 12:00,68202.0,51432.0,69440.0,68442.0,70418.0,55282.0,55282.0
06-26 13:00,67126.0,50088.0,69485.0,68407.0,70101.0,53918.0,53918.0
06-26 14:00,64775.0,48421.0,67370.0,66671.0,68834.0,52530.0,52530.0
06-26 15:00,64021.0,47834.0,66435.0,65850.0,68651.0,51575.0,51575.0
06-26 16:00,62244.0,47662.0,64771.0,65073.0,67318.0,50767.0,50767.0
06-26 17:00,61491.0,48769.0,63677.0,64561.0,66606.0,51233.0,51233.0
06-26 18:00,60687.0,48595.0,62995.0,64182.0,65611.0,51371.0,51371.0
06-26 19:00,60166.0,47979.0,62105.0,64022.0,65213.0,50833.0,50833.0
06-26 20:00,58117.0,48012.0,59888.0,61792.0,62818.0,49425.0,49425.0
06-26 21:00,55667.0,47958.0,57356.0,58969.0,60029.0,47315.0,47315.0
06-26 22:00,54149.0,48463.0,55773.0,56880.0,58267.0,47167.0,47167.0
06-26 23:00,50950.0,46285.0,52566.0,52654.0,54644.0,44552.0,44552.0
06-27 00:00,47097.0,43207.0,48525.0,49215.0,51026.0,42176.0,42176.0
06-27 01:00,44151.0,41408.0,46348.0,46613.0,48899.0,39771.0,39771.0
06-27 02:00,42528.0,40022.0,44977.0,45450.0,47705.0,38596.0,38596.0
06-27 03:00,41727.0,40549.0,45022.0,45389.0,47199.0,38124.0,38124.0
06-27 04:00,42110.0,42077.0,45910.0,46963.0,48029.0,37831.0,37831.0
06-27 05:00,41922.0,47584.0,49874.0,51217.0,51416.0,37265.0,37265.0
06-27 06:00,45175.0,56897.0,58543.0,59392.0,58935.0,38482.0,38482.0
06-27 07:00,49132.0,62889.0,63380.0,64115.0,64161.0,41954.0,41954.0
06-27 08:00,53224.0,65592.0,65249.0,66823.0,66270.0,45349.0,45349.0
06-27 09:00,56059.0,66869.0,66853.0,67640.0,67600.0,47578.0,47578.0
06-27 10:00,57653.0,68663.0,68443.0,69022.0,69402.0,49203.0,49203.0
06-27 11:00,58214.0,70213.0,69150.0,69966.0,69732.0,50581.0,50581.0
06-27 12:00,57702.0,69896.0,68449.0,69426.0,69255.0,50212.0,50212.0
06-27 13:00,55736.0,69851.0,68147.0,69082.0,68849.0,49378.0,49378.0
06-27 14:00,53912.0,68193.0,66869.0,67820.0,67353.0,47369.0,47369.0
06-27 15:00,51928.0,67425.0,66245.0,66488.0,66530.0,46888.0,46888.0
06-27 16:00,52080.0,65077.0,65079.0,64747.0,65161.0,47254.0,47254.0
06-27 17:00,52572.0,64782.0,64005.0,63642.0,64380.0,48368.0,48368.0
06-27 18:00,52421.0,63869.0,63642.0,63161.0,63717.0,49864.0,49864.0
06-27 19:00,51972.0,63640.0,63265.0,63087.0,63272.0,49718.0,49718.0
06-27 20:00,49736.0,61545.0,60768.0,61271.0,61196.0,48879.0,48879.0
06-27 21:00,47537.0,58605.0,58182.0,58405.0,58233.0,48111.0,48111.0
06-27 22:00,46797.0,56517.0,56753.0,56504.0,56581.0,48922.0,48922.0
06-27 23:00,44644.0,52489.0,52966.0,52767.0,53038.0,47145.0,47145.0
06-28 00:00,41105.0,48185.0,49376.0,49022.0,49033.0,44022.0,44022.0
06-28 01:00,38843.0,46338.0,46923.0,47095.0,46813.0,42077.0,42077.0
06-28 02:00,37204.0,44896.0,45243.0,45697.0,45632.0,41410.0,41410.0
06-28 03:00,36408.0,44833.0,45471.0,45273.0,45364.0,42293.0,42293.0
06-28 04:00,36157.0,46045.0,46697.0,46677.0,46217.0,44141.0,44141.0
06-28 05:00,35623.0,49779.0,50502.0,51032.0,49459.0,48721.0,48721.0
06-28 06:00,37192.0,58669.0,58840.0,58634.0,57538.0,57064.0,57064.0
06-28 07:00,40348.0,63822.0,63940.0,63996.0,62530.0,62469.0,62469.0
06-28 08:00,43849.0,66025.0,66025.0,66780.0,64520.0,65491.0,65491.0
06-28 09:00,46493.0,67107.0,67655.0,67719.0,65360.0,67207.0,67207.0
06-28 10:00,48655.0,68740.0,68808.0,69415.0,66514.0,68976.0,68976.0
06-28 11:00,50441.0,69738.0,69974.0,70352.0,66782.0,69813.0,69813.0
06-28 12:00,50051.0,68892.0,69122.0,69625.0,66103.0,69319.0,69319.0
06-28 13:00,48552.0,68637.0,68984.0,69538.0,65301.0,68711.0,68711.0
06-28 14:00,46518.0,67163.0,67695.0,68718.0,63539.0,67968.0,67968.0
06-28 15:00,45602.0,66448.0,67211.0,67999.0,62319.0,67250.0,67250.0
06-28 16:00,45549.0,64726.0,65896.0,66939.0,61683.0,65938.0,65938.0
06-28 17:00,47114.0,63803.0,64538.0,66555.0,61192.0,65310.0,65310.0
06-28 18:00,48314.0,63054.0,63908.0,65930.0,60851.0,65208.0,65208.0
06-28 19:00,48558.0,62421.0,63201.0,65377.0,59870.0,64847.0,64847.0
06-28 20:00,48307.0,60561.0,60871.0,63107.0,57863.0,62556.0,62556.0
06-28 21:00,47950.0,58022.0,58750.0,60016.0,55073.0,60155.0,60155.0
06-28 22:00,48615.0,56125.0,56535.0,57529.0,53216.0,58283.0,58283.0
06-28 23:00,46093.0,52233.0,52692.0,53860.0,50213.0,54674.0,54674.0
06-29 00:00,42811.0,48422.0,48582.0,49853.0,45996.0,50677.0,50677.0
06-29 01:00,41142.0,46700.0,46269.0,47622.0,43712.0,48452.0,48452.0
06-29 02:00,40179.0,45175.0,44728.0,45610.0,42261.0,47574.0,47574.0
06-29 03:00,40583.0,45486.0,44713.0,45669.0,41383.0,47474.0,47474.0
06-29 04:00,42514.0,46878.0,45781.0,46660.0,41235.0,48623.0,48623.0
06-29 05:00,47441.0,50806.0,50183.0,51285.0,41088.0,52136.0,52136.0
06-29 06:00,57022.0,59280.0,58597.0,59419.0,44147.0,59051.0,59051.0
06-29 07:00,63059.0,64749.0,63790.0,64577.0,48573.0,63786.0,63786.0
06-29 08:00,64583.0,67289.0,65634.0,66990.0,52355.0,65871.0,65871.0
06-29 09:00,65601.0,68772.0,66319.0,67937.0,54620.0,67155.0,67155.0
06-29 10:00,67198.0,70109.0,68077.0,69741.0,55334.0,68608.0,68608.0
06-29 11:00,68562.0,71097.0,69226.0,70498.0,55774.0,69718.0,69718.0
06-29 12:00,68099.0,70586.0,68583.0,69839.0,55325.0,68960.0,68960.0
06-29 13:00,67558.0,70382.0,68350.0,68857.0,54508.0,68613.0,68613.0
06-29 14:00,66435.0,68843.0,67146.0,67357.0,53058.0,67209.0,67209.0
06-29 15:00,65818.0,67813.0,66937.0,65989.0,52506.0,66640.0,66640.0
06-29 16:00,63790.0,66145.0,65224.0,64506.0,52092.0,65251.0,65251.0
06-29 17:00,62551.0,64688.0,64321.0,63852.0,51807.0,65225.0,65225.0
06-29 18:00,62149.0,63490.0,64372.0,63306.0,52058.0,63876.0,63876.0
06-29 19:00,61271.0,63221.0,63904.0,62627.0,51625.0,62334.0,62334.0
06-29 20:00,59250.0,60959.0,61636.0,60079.0,49867.0,59065.0,59065.0
06-29 21:00,56626.0,58605.0,59188.0,57197.0,47502.0,56633.0,56633.0
06-29 22:00,55056.0,56945.0,56960.0,55212.0,47140.0,55073.0,55073.0
06-29 23:00,50805.0,52831.0,53065.0,51985.0,44945.0,51852.0,51852.0
06-30 00:00,46974.0,48326.0,49130.0,48095.0,41745.0,48877.0,48877.0
06-30 01:00,44749.0,46427.0,47109.0,45279.0,39447.0,47218.0,47218.0
06-30 02:00,43126.0,44577.0,45304.0,43450.0,38256.0,45576.0,45576.0
06-30 03:00,43060.0,45060.0,45212.0,42862.0,37488.0,45837.0,45837.0
06-30 04:00,44005.0,46207.0,47475.0,42385.0,37169.0,47288.0,47288.0
06-30 05:00,48309.0,50771.0,51214.0,42098.0,37014.0,50498.0,50498.0
06-30 06:00,56963.0,59280.0,59728.0,45263.0,38760.0,57933.0,57933.0
06-30 07:00,62790.0,64303.0,64859.0,49794.0,42126.0,62090.0,62090.0
06-30 08:00,65114.0,66701.0,66908.0,53916.0,45658.0,65096.0,65096.0
06-30 09:00,66386.0,67376.0,68996.0,56426.0,48296.0,66302.0,66302.0
06-30 10:00,67903.0,69566.0,70105.0,57366.0,50181.0,67620.0,67620.0
06-30 11:00,68980.0,70231.0,70892.0,57633.0,51482.0,68817.0,68817.0
06-30 12:00,68089.0,69367.0,70831.0,57024.0,51047.0,68563.0,68563.0
06-30 13:00,67982.0,69185.0,69399.0,55323.0,49855.0,67556.0,67556.0
06-30 14:00,66279.0,67955.0,66737.0,53490.0,48843.0,66882.0,66882.0
06-30 15:00,65704.0,66696.0,65414.0,52668.0,48189.0,66712.0,66712.0
06-30 16:00,64027.0,65367.0,64494.0,52334.0,48619.0,65256.0,65256.0
06-30 17:00,62751.0,64312.0,63255.0,52698.0,49324.0,64356.0,64356.0
06-30 18:00,62031.0,63551.0,62479.0,52745.0,49974.0,64095.0,64095.0
06-30 19:00,61758.0,62908.0,61444.0,52181.0,50619.0,63477.0,63477.0
06-30 20:00,59772.0,60866.0,58575.0,50849.0,50337.0,61448.0,61448.0
06-30 21:00,57351.0,58252.0,55304.0,48734.0,49739.0,58282.0,58282.0
06-30 22:00,55331.0,56581.0,53790.0,48490.0,50552.0,56384.0,56384.0
06-30 23:00,51582.0,52839.0,50757.0,46100.0,48221.0,52393.0,52393.0
07-01 00:00,47477.0,48484.0,47279.0,42989.0,46893.0,49669.0,49669.0
07-01 01:00,45168.0,46073.0,44973.0,40473.0,44740.0,48101.0,48101.0
07-01 02:00,43899.0,44725.0,43138.0,38981.0,43454.0,46823.0,46823.0
07-01 03:00,43488.0,44744.0,42727.0,37716.0,43396.0,47256.0,47256.0
07-01 04:00,44515.0,46162.0,42482.0,37216.0,44584.0,48891.0,48891.0
07-01 05:00,48750.0,50171.0,42510.0,36856.0,49549.0,52927.0,52927.0
07-01 06:00,56526.0,58737.0,45459.0,38093.0,59241.0,59999.0,59999.0
07-01 07:00,63284.0,64143.0,49168.0,41819.0,63833.0,65076.0,65076.0
07-01 08:00,65807.0,66941.0,53322.0,45332.0,66507.0,67540.0,67540.0
07-01 09:00,68020.0,68483.0,55870.0,47700.0,68500.0,68452.0,68452.0
07-01 10:00,70089.0,69242.0,57430.0,49945.0,70605.0,70141.0,70141.0
07-01 11:00,71421.0,70112.0,58440.0,51389.0,71941.0,71383.0,71383.0
07-01 12:00,70714.0,69292.0,57546.0,51018.0,71418.0,71193.0,71193.0
07-01 13:00,70434.0,67955.0,56169.0,49585.0,71277.0,70341.0,70341.0
07-01 14:00,69072.0,66212.0,54131.0,47858.0,70265.0,68116.0,68116.0
07-01 15:00,68135.0,64623.0,53308.0,47306.0,70208.0,67367.0,67367.0
07-01 16:00,66121.0,63155.0,52358.0,47088.0,67725.0,65931.0,65931.0
07-01 17:00,64969.0,62522.0,53365.0,48333.0,67321.0,65374.0,65374.0
07-01 18:00,64451.0,61255.0,53272.0,49616.0,66582.0,64920.0,64920.0
07-01 19:00,63930.0,60307.0,52636.0,49768.0,66363.0,63600.0,63600.0
07-01 20:00,62282.0,57824.0,50690.0,49610.0,64291.0,60627.0,60627.0
07-01 21:00,59733.0,55574.0,48496.0,48566.0,60674.0,57720.0,57720.0
07-01 22:00,58061.0,53916.0,47717.0,49437.0,58109.0,55872.0,55872.0
07-01 23:00,54880.0,50928.0,45075.0,47647.0,53820.0,51919.0,51919.0
07-02 00:00,50853.0,47590.0,42165.0,44192.0,50405.0,48703.0,48703.0
07-02 01:00,48085.0,45349.0,39843.0,41937.0,48216.0,46940.0,46940.0
07-02 02:00,46707.0,43637.0,38322.0,40361.0,47086.0,45941.0,45941.0
07-02 03:00,46246.0,42546.0,37707.0,40966.0,47226.0,46256.0,46256.0
07-02 04:00,47374.0,42055.0,37660.0,42942.0,48435.0,47517.0,47517.0
07-02 05:00,51199.0,42306.0,37551.0,47461.0,52077.0,50314.0,50314.0
07-02 06:00,60005.0,45590.0,38309.0,56263.0,59673.0,57492.0,57492.0
07-02 07:00,65901.0,49727.0,41466.0,62072.0,64746.0,62128.0,62128.0
07-02 08:00,68472.0,53890.0,44873.0,65195.0,67460.0,64754.0,64754.0
07-02 09:00,70011.0,56716.0,47793.0,66865.0,68162.0,65438.0,65438.0
07-02 10:00,71485.0,57680.0,50112.0,67913.0,69072.0,66976.0,66976.0
07-02 11:00,72481.0,58596.0,52293.0,69249.0,69864.0,67501.0,67501.0
07-02 12:00,71717.0,58394.0,52196.0,69189.0,69550.0,66919.0,66919.0
07-02 13:00,71026.0,56486.0,50701.0,68858.0,69304.0,65836.0,65836.0
07-02 14:00,69392.0,53852.0,49039.0,68009.0,68361.0,63943.0,63943.0
07-02 15:00,68737.0,52693.0,48107.0,67582.0,66935.0,62893.0,62893.0
07-02 16:00,66749.0,52438.0,48010.0,65933.0,65610.0,61879.0,61879.0
07-02 17:00,65753.0,52687.0,49283.0,65390.0,64956.0,61615.0,61615.0
07-02 18:00,64699.0,52581.0,50130.0,64508.0,64406.0,60882.0,60882.0
07-02 19:00,64023.0,51896.0,50541.0,63920.0,63845.0,59622.0,59622.0
07-02 20:00,62699.0,50406.0,49588.0,61834.0,61568.0,57109.0,57109.0
07-02 21:00,60312.0,47468.0,48298.0,58999.0,58621.0,54356.0,54356.0
07-02 22:00,58953.0,47182.0,49144.0,56962.0,56015.0,52899.0,52899.0
07-02 23:00,55156.0,44913.0,46986.0,53046.0,52414.0,49596.0,49596.0
07-03 00:00,50926.0,43245.0,43693.0,49404.0,48967.0,46484.0,46484.0
07-03 01:00,48410.0,39746.0,41662.0,47194.0,47069.0,44340.0,44340.0
07-03 02:00,46615.0,37878.0,40581.0,45833.0,46015.0,42576.0,42576.0
07-03 03:00,46207.0,36798.0,41064.0,46134.0,46054.0,41628.0,41628.0
07-03 04:00,47388.0,36671.0,42757.0,47144.0,47294.0,41401.0,41401.0
07-03 05:00,50840.0,36036.0,47585.0,50826.0,51064.0,41501.0,41501.0
07-03 06:00,60134.0,37418.0,56515.0,59091.0,58564.0,43890.0,43890.0
07-03 07:00,65441.0,40103.0,61785.0,64411.0,63489.0,47750.0,47750.0
07-03 08:00,68310.0,43742.0,64410.0,66693.0,66501.0,51518.0,51518.0
07-03 09:00,69113.0,47057.0,65915.0,68060.0,67594.0,54009.0,54009.0
07-03 10:00,70077.0,49261.0,67340.0,69822.0,68815.0,55016.0,55016.0
07-03 11:00,70967.0,51266.0,68491.0,71012.0,69620.0,55724.0,55724.0
07-03 12:00,70063.0,51067.0,67931.0,70474.0,68841.0,55260.0,55260.0
07-03 13:00,69302.0,49938.0,67514.0,69803.0,68532.0,54100.0,54100.0
07-03 14:00,67304.0,47789.0,66057.0,68281.0,66337.0,52488.0,52488.0
07-03 15:00,66118.0,46872.0,65447.0,67981.0,66197.0,51157.0,51157.0
07-03 16:00,64564.0,46812.0,63999.0,66743.0,64786.0,50681.0,50681.0
07-03 17:00,64685.0,48639.0,63184.0,65943.0,64540.0,51667.0,51667.0
07-03 18:00,62852.0,49479.0,62295.0,65742.0,64042.0,51642.0,51642.0
07-03 19:00,62216.0,49715.0,61686.0,64996.0,62999.0,51075.0,51075.0
07-03 20:00,59944.0,49085.0,59861.0,62919.0,61089.0,49311.0,49311.0
07-03 21:00,57291.0,48245.0,56907.0,59959.0,58534.0,47409.0,47409.0
07-03 22:00,56611.0,48971.0,55101.0,58013.0,57246.0,46784.0,46784.0
07-03 23:00,53688.0,46409.0,51391.0,54338.0,53299.0,44458.0,44458.0
07-04 00:00,49814.0,43021.0,48226.0,50099.0,49251.0,41817.0,41817.0
07-04 01:00,46770.0,40948.0,45674.0,47552.0,47120.0,39305.0,39305.0
07-04 02:00,44634.0,40045.0,44335.0,45928.0,45573.0,37799.0,37799.0
07-04 03:00,43588.0,40341.0,44914.0,45968.0,45935.0,37085.0,37085.0
07-04 04:00,43124.0,42332.0,46141.0,47057.0,46991.0,37171.0,37171.0
07-04 05:00,42972.0,47668.0,49685.0,50982.0,50951.0,37123.0,37123.0
07-04 06:00,46519.0,56738.0,57814.0,59120.0,58370.0,38411.0,38411.0
07-04 07:00,50806.0,62030.0,63507.0,64686.0,63627.0,41260.0,41260.0
07-04 08:00,54547.0,64790.0,65894.0,66893.0,66286.0,45049.0,45049.0
07-04 09:00,57149.0,66246.0,66860.0,68268.0,67115.0,47867.0,47867.0
07-04 10:00,58273.0,67631.0,68272.0,70277.0,68769.0,50013.0,50013.0
07-04 11:00,58756.0,69053.0,69357.0,71689.0,69817.0,51940.0,51940.0
07-04 12:00,58556.0,68562.0,68939.0,70973.0,69090.0,51166.0,51166.0
07-04 13:00,56647.0,68304.0,68380.0,70892.0,68767.0,49533.0,49533.0
07-04 14:00,55082.0,66785.0,67027.0,70032.0,67634.0,48656.0,48656.0
07-04 15:00,53825.0,65820.0,66424.0,68768.0,67043.0,47713.0,47713.0
07-04 16:00,53254.0,64008.0,64471.0,66925.0,65968.0,47908.0,47908.0
07-04 17:00,53205.0,63213.0,63643.0,66174.0,65235.0,49665.0,49665.0
07-04 18:00,53086.0,62622.0,62933.0,65809.0,64354.0,50551.0,50551.0
07-04 19:00,52987.0,62303.0,62588.0,65166.0,64146.0,50301.0,50301.0
07-04 20:00,51738.0,60508.0,60260.0,62589.0,62044.0,49448.0,49448.0
07-04 21:00,49432.0,57814.0,57625.0,59588.0,59001.0,48161.0,48161.0
07-04 22:00,49304.0,56377.0,56220.0,58262.0,57484.0,48746.0,48746.0
07-04 23:00,46952.0,52398.0,52021.0,54444.0,53868.0,46178.0,46178.0
07-05 00:00,44147.0,47991.0,48626.0,50503.0,49955.0,43695.0,43695.0
07-05 01:00,41245.0,45900.0,46776.0,48037.0,48030.0,42006.0,42006.0
07-05 02:00,39351.0,44624.0,44812.0,46250.0,47063.0,41011.0,41011.0
07-05 03:00,39078.0,44723.0,44767.0,46140.0,47102.0,41294.0,41294.0
07-05 04:00,38608.0,46297.0,46331.0,47329.0,48146.0,43065.0,43065.0
07-05 05:00,37937.0,50647.0,50057.0,51037.0,51210.0,47412.0,47412.0
07-05 06:00,39651.0,58602.0,58232.0,59517.0,59494.0,56057.0,56057.0
07-05 07:00,42683.0,64115.0,63982.0,64789.0,64287.0,61174.0,61174.0
07-05 08:00,45928.0,66698.0,66237.0,67685.0,66671.0,63620.0,63620.0
07-05 09:00,48606.0,68571.0,67312.0,69247.0,68007.0,65490.0,65490.0
07-05 10:00,50682.0,70300.0,68725.0,70504.0,68325.0,66288.0,66288.0
07-05 11:00,52215.0,71245.0,69591.0,71071.0,69227.0,67182.0,67182.0
07-05 12:00,52324.0,70622.0,68932.0,70430.0,68298.0,67858.0,67858.0
07-05 13:00,50449.0,70158.0,68471.0,70271.0,67634.0,67681.0,67681.0
07-05 14:00,49129.0,69045.0,67284.0,69347.0,66212.0,67247.0,67247.0
07-05 15:00,48426.0,68721.0,66469.0,68649.0,65083.0,65178.0,65178.0
07-05 16:00,48088.0,67333.0,65339.0,67252.0,63441.0,63701.0,63701.0
07-05 17:00,49424.0,66531.0,64265.0,66764.0,62820.0,62730.0,62730.0
07-05 18:00,50632.0,65492.0,63657.0,66564.0,62181.0,62279.0,62279.0
07-05 19:00,50678.0,64347.0,63056.0,65618.0,61256.0,62048.0,62048.0
07-05 20:00,50225.0,62168.0,60617.0,63386.0,57857.0,59903.0,59903.0
07-05 21:00,49700.0,59382.0,57857.0,60781.0,55246.0,57257.0,57257.0
07-05 22:00,50811.0,57806.0,56619.0,58181.0,53663.0,55854.0,55854.0
07-05 23:00,48641.0,53560.0,52618.0,54728.0,50439.0,52563.0,52563.0
07-06 00:00,45290.0,49377.0,48853.0,50736.0,47320.0,48412.0,48412.0
07-06 01:00,43667.0,46899.0,46711.0,48244.0,44854.0,46397.0,46397.0
07-06 02:00,42473.0,45272.0,45138.0,46861.0,42759.0,45492.0,45492.0
07-06 03:00,42738.0,45071.0,45190.0,47052.0,42046.0,45886.0,45886.0
07-06 04:00,44191.0,46692.0,46566.0,48463.0,41815.0,47390.0,47390.0
07-06 05:00,48627.0,50601.0,50153.0,52310.0,41767.0,51431.0,51431.0
07-06 06:00,58180.0,59097.0,58040.0,60458.0,44331.0,59053.0,59053.0
07-06 07:00,63823.0,64342.0,63608.0,65669.0,48321.0,64278.0,64278.0
07-06 08:00,66660.0,66752.0,66147.0,68340.0,52081.0,67231.0,67231.0
07-06 09:00,68077.0,68388.0,67231.0,69455.0,55123.0,68810.0,68810.0
07-06 10:00,69514.0,70092.0,68792.0,70499.0,56259.0,69415.0,69415.0
07-06 11:00,70265.0,71474.0,69701.0,71622.0,56980.0,70185.0,70185.0
07-06 12:00,69648.0,70560.0,69054.0,71277.0,56634.0,69540.0,69540.0
07-06 13:00,69597.0,69879.0,69098.0,70973.0,55717.0,68629.0,68629.0
07-06 14:00,68224.0,68291.0,67619.0,68531.0,54763.0,67470.0,67470.0
07-06 15:00,67255.0,67440.0,67466.0,67177.0,53815.0,67273.0,67273.0
07-06 16:00,65214.0,65819.0,66426.0,65200.0,53473.0,66081.0,66081.0
07-06 17:00,64212.0,64824.0,65218.0,64921.0,53382.0,65446.0,65446.0
07-06 18:00,63580.0,63989.0,64236.0,63594.0,53601.0,64787.0,64787.0
07-06 19:00,63160.0,63588.0,63753.0,63440.0,53395.0,64288.0,64288.0
07-06 20:00,61343.0,61303.0,61457.0,60981.0,51262.0,61438.0,61438.0
07-06 21:00,58600.0,58391.0,58145.0,57719.0,49339.0,59064.0,59064.0
07-06 22:00,57127.0,56678.0,57187.0,55901.0,48960.0,57045.0,57045.0
07-06 23:00,53181.0,52632.0,52738.0,53046.0,46137.0,53607.0,53607.0
07-07 00:00,49573.0,48485.0,49178.0,48875.0,43364.0,49924.0,49924.0
07-07 01:00,46486.0,46134.0,46652.0,46368.0,41490.0,47891.0,47891.0
07-07 02:00,45012.0,44664.0,46267.0,44436.0,39801.0,46925.0,46925.0
07-07 03:00,45205.0,44822.0,46299.0,43784.0,39310.0,46684.0,46684.0
07-07 04:00,46343.0,46042.0,47332.0,43371.0,39151.0,47713.0,47713.0
07-07 05:00,50446.0,49958.0,51001.0,43036.0,38904.0,50480.0,50480.0
07-07 06:00,59200.0,58289.0,59245.0,45938.0,40210.0,58693.0,58693.0
07-07 07:00,64832.0,63825.0,64270.0,50301.0,42781.0,63204.0,63204.0
07-07 08:00,67078.0,66380.0,66889.0,54211.0,45480.0,65669.0,65669.0
07-07 09:00,68589.0,67353.0,68417.0,56738.0,48577.0,65610.0,65610.0
07-07 10:00,69968.0,68550.0,69664.0,57818.0,50452.0,67797.0,67797.0
07-07 11:00,71001.0,69367.0,70821.0,58517.0,51918.0,68780.0,68780.0
07-07 12:00,70364.0,68622.0,69652.0,57789.0,51971.0,68788.0,68788.0
07-07 13:00,70479.0,68261.0,68499.0,55983.0,51304.0,68303.0,68303.0
07-07 14:00,69385.0,66865.0,66386.0,53965.0,49926.0,66404.0,66404.0
07-07 15:00,68196.0,66284.0,66131.0,53121.0,49034.0,66028.0,66028.0
07-07 16:00,66766.0,64594.0,64597.0,52778.0,49103.0,63463.0,63463.0
07-07 17:00,65597.0,63499.0,63669.0,53049.0,49804.0,62916.0,62916.0
07-07 18:00,64228.0,62978.0,63045.0,53246.0,49749.0,62391.0,62391.0
07-07 19:00,63742.0,62388.0,61625.0,52951.0,49688.0,61803.0,61803.0
07-07 20:00,61990.0,59359.0,59050.0,51181.0,48760.0,59571.0,59571.0
07-07 21:00,59875.0,54955.0,56127.0,48755.0,47857.0,57184.0,57184.0
07-07 22:00,58211.0,54547.0,54788.0,48202.0,48204.0,55645.0,55645.0
07-07 23:00,54065.0,52116.0,51383.0,46221.0,45765.0,52341.0,52341.0
07-08 00:00,49804.0,48978.0,48239.0,43069.0,43802.0,49012.0,49012.0
07-08 01:00,47769.0,46699.0,45906.0,40728.0,42071.0,47037.0,47037.0
07-08 02:00,46062.0,45222.0,44156.0,39055.0,40415.0,45833.0,45833.0
07-08 03:00,46193.0,45077.0,43190.0,37950.0,40879.0,45966.0,45966.0
07-08 04:00,47978.0,46388.0,43467.0,37588.0,42698.0,47105.0,47105.0
07-08 05:00,51845.0,50001.0,43074.0,37402.0,47492.0,50257.0,50257.0
07-08 06:00,60118.0,58202.0,45808.0,38593.0,56082.0,57127.0,57127.0
07-08 07:00,65082.0,63902.0,50181.0,42035.0,61129.0,62239.0,62239.0
07-08 08:00,67223.0,66472.0,54199.0,45494.0,63603.0,64342.0,64342.0
07-08 09:00,68474.0,68009.0,56617.0,48055.0,65500.0,65503.0,65503.0
07-08 10:00,69514.0,69314.0,57863.0,49730.0,66914.0,66868.0,66868.0
07-08 11:00,70851.0,70128.0,58692.0,51031.0,67772.0,67874.0,67874.0
07-08 12:00,70152.0,69345.0,58224.0,50756.0,67853.0,67683.0,67683.0
07-08 13:00,70031.0,68481.0,56669.0,49772.0,67672.0,67162.0,67162.0
07-08 14:00,69073.0,66857.0,55001.0,47818.0,66048.0,65770.0,65770.0
07-08 15:00,67859.0,65963.0,54044.0,47295.0,65494.0,65145.0,65145.0
07-08 16:00,66189.0,64779.0,52905.0,47311.0,64081.0,63249.0,63249.0
07-08 17:00,64981.0,63656.0,53224.0,48380.0,63089.0,63620.0,63620.0
07-08 18:00,63816.0,63092.0,53304.0,48984.0,62380.0,63135.0,63135.0
07-08 19:00,63178.0,62085.0,52625.0,49129.0,61821.0,61884.0,61884.0
07-08 20:00,60906.0,59796.0,50793.0,48748.0,59459.0,59824.0,59824.0
07-08 21:00,58013.0,56594.0,48540.0,48534.0,56915.0,57170.0,57170.0
07-08 22:00,56493.0,55153.0,48231.0,49292.0,55371.0,54837.0,54837.0
07-08 23:00,52454.0,51523.0,45894.0,46973.0,51130.0,50924.0,50924.0
07-09 00:00,48511.0,47908.0,42947.0,43866.0,47797.0,47913.0,47913.0
07-09 01:00,46470.0,45411.0,40410.0,42135.0,46115.0,45967.0,45967.0
07-09 02:00,45312.0,43870.0,38831.0,40565.0,45243.0,45453.0,45453.0
07-09 03:00,45317.0,42941.0,38214.0,41103.0,45201.0,45100.0,45100.0
07-09 04:00,46766.0,42862.0,37880.0,42891.0,46692.0,46485.0,46485.0
07-09 05:00,49939.0,42519.0,37674.0,47709.0,49881.0,49993.0,49993.0
07-09 06:00,58290.0,45425.0,38799.0,55992.0,57896.0,57550.0,57550.0
07-09 07:00,63675.0,49415.0,42048.0,62072.0,62370.0,61809.0,61809.0
07-09 08:00,66148.0,53475.0,45056.0,65335.0,63867.0,65102.0,65102.0
07-09 09:00,67574.0,56299.0,47683.0,66223.0,64843.0,65969.0,65969.0
07-09 10:00,69018.0,57133.0,50002.0,67734.0,66295.0,67123.0,67123.0
07-09 11:00,69882.0,57782.0,51352.0,69160.0,67767.0,68142.0,68142.0
07-09 12:00,69245.0,57587.0,51003.0,69176.0,67021.0,67632.0,67632.0
07-09 13:00,68662.0,55921.0,49856.0,69099.0,66908.0,66506.0,66506.0
07-09 14:00,67122.0,53857.0,48783.0,67748.0,65821.0,64502.0,64502.0
07-09 15:00,66494.0,52271.0,48000.0,67300.0,65107.0,64233.0,64233.0
07-09 16:00,64560.0,51837.0,47892.0,65687.0,63867.0,62997.0,62997.0
07-09 17:00,63801.0,52273.0,49434.0,64579.0,63039.0,62933.0,62933.0
07-09 18:00,62877.0,52234.0,49937.0,64131.0,62460.0,62767.0,62767.0
07-09 19:00,62432.0,51834.0,49709.0,63861.0,62102.0,61006.0,61006.0
07-09 20:00,60146.0,50062.0,49291.0,60669.0,60062.0,58238.0,58238.0
07-09 21:00,57702.0,47712.0,48607.0,57722.0,57099.0,55658.0,55658.0
07-09 22:00,56121.0,48078.0,49416.0,55868.0,55552.0,54033.0,54033.0
07-09 23:00,52330.0,45686.0,47389.0,51215.0,51685.0,50938.0,50938.0
07-10 00:00,48565.0,42415.0,44318.0,47704.0,47973.0,47414.0,47414.0
07-10 01:00,46453.0,40074.0,42835.0,45438.0,46019.0,45176.0,45176.0
07-10 02:00,45037.0,38789.0,41890.0,44176.0,44397.0,42913.0,42913.0
07-10 03:00,45314.0,37963.0,42336.0,44316.0,44727.0,42198.0,42198.0
07-10 04:00,46403.0,37483.0,44115.0,45475.0,46213.0,42446.0,42446.0
07-10 05:00,50031.0,37318.0,48967.0,49087.0,49521.0,42732.0,42732.0
07-10 06:00,58034.0,38237.0,57566.0,57056.0,57324.0,44900.0,44900.0
07-10 07:00,63374.0,41890.0,63239.0,62227.0,62121.0,48511.0,48511.0
07-10 08:00,65991.0,45726.0,65938.0,64971.0,63210.0,52332.0,52332.0
07-10 09:00,66646.0,48758.0,67501.0,66156.0,64546.0,55116.0,55116.0
07-10 10:00,67519.0,50826.0,69129.0,67927.0,65776.0,56647.0,56647.0
07-10 11:00,68333.0,52495.0,69790.0,68788.0,67441.0,57753.0,57753.0
07-10 12:00,67743.0,52271.0,69084.0,68169.0,67059.0,57594.0,57594.0
07-10 13:00,66827.0,50549.0,69218.0,68016.0,66819.0,55509.0,55509.0
07-10 14:00,64735.0,48763.0,67748.0,65893.0,66108.0,53364.0,53364.0
07-10 15:00,63671.0,47569.0,67650.0,65441.0,65403.0,52312.0,52312.0
07-10 16:00,62260.0,47828.0,65566.0,63825.0,63715.0,51525.0,51525.0
07-10 17:00,61248.0,49387.0,64348.0,63242.0,62665.0,51608.0,51608.0
07-10 18:00,60417.0,50096.0,64037.0,62771.0,62684.0,51644.0,51644.0
07-10 19:00,59488.0,50245.0,63615.0,62145.0,62462.0,50501.0,50501.0
07-10 20:00,57035.0,49453.0,61320.0,59771.0,59890.0,48592.0,48592.0
07-10 21:00,54414.0,49586.0,58472.0,56911.0,57165.0,46732.0,46732.0
07-10 22:00,53197.0,50180.0,57023.0,55361.0,55329.0,46459.0,46459.0
07-10 23:00,49903.0,47809.0,52536.0,51100.0,51018.0,44072.0,44072.0
07-11 00:00,46263.0,45268.0,48732.0,47250.0,47721.0,41709.0,41709.0
07-11 01:00,43980.0,42915.0,46503.0,45292.0,46042.0,39350.0,39350.0
07-11 02:00,42334.0,41629.0,45155.0,43750.0,44384.0,38362.0,38362.0
07-11 03:00,41905.0,41544.0,45142.0,44021.0,44535.0,37644.0,37644.0
07-11 04:00,41637.0,43474.0,46723.0,45607.0,45861.0,37272.0,37272.0
07-11 05:00,41226.0,47699.0,50355.0,49244.0,49510.0,37422.0,37422.0
07-11 06:00,44606.0,57114.0,58327.0,57203.0,57160.0,38556.0,38556.0
07-11 07:00,48919.0,62756.0,63813.0,62314.0,61883.0,41137.0,41137.0
07-11 08:00,52697.0,65657.0,66088.0,64619.0,64183.0,44509.0,44509.0
07-11 09:00,55392.0,67727.0,67234.0,66149.0,65795.0,47495.0,47495.0
07-11 10:00,56725.0,69876.0,68628.0,67498.0,66991.0,50052.0,50052.0
07-11 11:00,57256.0,72009.0,69666.0,68248.0,67951.0,51599.0,51599.0
07-11 12:00,56602.0,71349.0,69127.0,67555.0,67321.0,51284.0,51284.0
07-11 13:00,54914.0,70359.0,69432.0,67136.0,67176.0,49749.0,49749.0
07-11 14:00,52717.0,68314.0,68625.0,65262.0,65480.0,48306.0,48306.0
07-11 15:00,51939.0,68055.0,66943.0,65210.0,64368.0,47458.0,47458.0
07-11 16:00,51149.0,66295.0,65785.0,63761.0,63359.0,47776.0,47776.0
07-11 17:00,51595.0,65171.0,64628.0,63104.0,62802.0,48703.0,48703.0
07-11 18:00,51148.0,64469.0,64084.0,62777.0,62318.0,49679.0,49679.0
07-11 19:00,50798.0,63480.0,63615.0,61986.0,61902.0,49835.0,49835.0
07-11 20:00,49512.0,61386.0,60880.0,59685.0,59660.0,49260.0,49260.0
07-11 21:00,47466.0,58183.0,58038.0,56874.0,56981.0,49119.0,49119.0
07-11 22:00,47645.0,56652.0,56457.0,54913.0,54758.0,49689.0,49689.0
07-11 23:00,45388.0,52411.0,52258.0,51315.0,50865.0,47785.0,47785.0
07-12 00:00,42531.0,49016.0,48802.0,47173.0,47341.0,45738.0,45738.0
07-12 01:00,39845.0,46975.0,46349.0,44968.0,45632.0,42936.0,42936.0
07-12 02:00,38582.0,45792.0,45163.0,43548.0,44438.0,41641.0,41641.0
07-12 03:00,37694.0,45675.0,45240.0,43864.0,44538.0,41801.0,41801.0
07-12 04:00,37251.0,46683.0,46556.0,45305.0,46113.0,43458.0,43458.0
07-12 05:00,36801.0,49901.0,50650.0,48959.0,49716.0,47558.0,47558.0
07-12 06:00,37961.0,58508.0,58778.0,57246.0,57546.0,55464.0,55464.0
07-12 07:00,41304.0,64151.0,64041.0,62447.0,62254.0,61200.0,61200.0
07-12 08:00,44783.0,66436.0,66657.0,65257.0,65202.0,64068.0,64068.0
07-12 09:00,47434.0,67647.0,67632.0,66473.0,66170.0,65527.0,65527.0
07-12 10:00,49588.0,69655.0,69557.0,67991.0,67432.0,67350.0,67350.0
07-12 11:00,51211.0,70217.0,71034.0,69098.0,68046.0,68805.0,68805.0
07-12 12:00,51408.0,69981.0,70310.0,68556.0,67377.0,68274.0,68274.0
07-12 13:00,50172.0,69831.0,69485.0,67972.0,65869.0,68167.0,68167.0
07-12 14:00,48733.0,67695.0,68448.0,66528.0,64052.0,66825.0,66825.0
07-12 15:00,48089.0,67045.0,67792.0,66031.0,63175.0,66029.0,66029.0
07-12 16:00,47636.0,65264.0,66010.0,64344.0,62376.0,64493.0,64493.0
07-12 17:00,49117.0,64177.0,65782.0,63665.0,61520.0,64617.0,64617.0
07-12 18:00,49813.0,63644.0,65096.0,63026.0,61082.0,64279.0,64279.0
07-12 19:00,49936.0,62857.0,64428.0,62493.0,60014.0,63674.0,63674.0
07-12 20:00,49588.0,60338.0,62638.0,60409.0,57402.0,61712.0,61712.0
07-12 21:00,48803.0,57462.0,59776.0,57531.0,54399.0,59370.0,59370.0
07-12 22:00,49473.0,55762.0,57812.0,55930.0,52360.0,57351.0,57351.0
07-12 23:00,46656.0,51290.0,53119.0,51650.0,49193.0,53552.0,53552.0
07-13 00:00,43756.0,47546.0,49697.0,47714.0,46074.0,49331.0,49331.0
07-13 01:00,41821.0,45491.0,47157.0,45324.0,43975.0,47202.0,47202.0
07-13 02:00,40984.0,44241.0,45367.0,44020.0,42045.0,46067.0,46067.0
07-13 03:00,41346.0,44243.0,45247.0,44058.0,41890.0,46216.0,46216.0
07-13 04:00,43450.0,45772.0,46519.0,45585.0,41615.0,47121.0,47121.0
07-13 05:00,47939.0,49128.0,50655.0,49177.0,41847.0,51009.0,51009.0
07-13 06:00,57267.0,57314.0,58228.0,57140.0,44511.0,58339.0,58339.0
07-13 07:00,63064.0,62528.0,63119.0,62342.0,47826.0,63301.0,63301.0
07-13 08:00,65797.0,65246.0,65239.0,64984.0,51094.0,66345.0,66345.0
07-13 09:00,67372.0,66490.0,66543.0,66164.0,53738.0,67517.0,67517.0
07-13 10:00,68510.0,68402.0,67971.0,67544.0,55337.0,68803.0,68803.0
07-13 11:00,70057.0,69400.0,68401.0,68460.0,56296.0,70055.0,70055.0
07-13 12:00,69299.0,68447.0,67803.0,68007.0,55666.0,69659.0,69659.0
07-13 13:00,69119.0,67959.0,67726.0,66992.0,53756.0,68744.0,68744.0
07-13 14:00,67655.0,66329.0,66042.0,65171.0,52537.0,67063.0,67063.0
07-13 15:00,66677.0,65806.0,65435.0,64303.0,51838.0,66528.0,66528.0
07-13 16:00,64916.0,64579.0,64042.0,62909.0,51638.0,65733.0,65733.0
07-13 17:00,64652.0,63501.0,62814.0,62177.0,52022.0,65095.0,65095.0
07-13 18:00,63646.0,62956.0,62163.0,61400.0,51795.0,63825.0,63825.0
07-13 19:00,63040.0,62467.0,61591.0,60216.0,51123.0,63406.0,63406.0
07-13 20:00,61070.0,60203.0,59612.0,57749.0,49466.0,60993.0,60993.0
07-13 21:00,58297.0,57364.0,57001.0,54735.0,47184.0,58676.0,58676.0
07-13 22:00,56150.0,55629.0,55731.0,53539.0,46768.0,56583.0,56583.0
07-13 23:00,51631.0,51652.0,51644.0,49929.0,44064.0,52576.0,52576.0
07-14 00:00,48451.0,47616.0,47965.0,46719.0,41416.0,49378.0,49378.0
07-14 01:00,46014.0,45432.0,45966.0,44357.0,39161.0,47540.0,47540.0
07-14 02:00,44449.0,44275.0,44351.0,42473.0,37590.0,46588.0,46588.0
07-14 03:00,44465.0,44368.0,44485.0,41787.0,37226.0,46264.0,46264.0
07-14 04:00,46165.0,46108.0,46001.0,41771.0,37148.0,47260.0,47260.0
07-14 05:00,50009.0,49824.0,49977.0,41685.0,36856.0,50874.0,50874.0
07-14 06:00,59000.0,57800.0,57800.0,44603.0,38157.0,58404.0,58404.0
07-14 07:00,64420.0,63252.0,62965.0,48633.0,39917.0,62721.0,62721.0
07-14 08:00,67067.0,65820.0,65250.0,52160.0,43358.0,65538.0,65538.0
07-14 09:00,68189.0,67146.0,66324.0,55140.0,46139.0,67070.0,67070.0
07-14 10:00,69532.0,68820.0,67722.0,56443.0,48525.0,67931.0,67931.0
07-14 11:00,70975.0,70137.0,68254.0,57070.0,50064.0,69403.0,69403.0
07-14 12:00,70246.0,69480.0,68265.0,56280.0,49785.0,69115.0,69115.0
07-14 13:00,69790.0,68889.0,67590.0,54743.0,48504.0,69898.0,69898.0
07-14 14:00,68362.0,67545.0,65278.0,53342.0,47193.0,67534.0,67534.0
07-14 15:00,67644.0,66469.0,64010.0,52269.0,46901.0,66836.0,66836.0
07-14 16:00,65642.0,64313.0,62458.0,51702.0,46652.0,64983.0,64983.0
07-14 17:00,64921.0,64358.0,62400.0,51627.0,47424.0,64812.0,64812.0
07-14 18:00,63931.0,64054.0,61621.0,51322.0,48455.0,64797.0,64797.0
07-14 19:00,63643.0,63542.0,60434.0,50285.0,48276.0,63570.0,63570.0
07-14 20:00,61004.0,61214.0,58445.0,48803.0,47570.0,61055.0,61055.0
07-14 21:00,58483.0,58646.0,54933.0,46425.0,47256.0,57955.0,57955.0
07-14 22:00,56915.0,57113.0,53645.0,46002.0,47296.0,55938.0,55938.0
07-14 23:00,52356.0,52534.0,50274.0,43313.0,44575.0,52005.0,52005.0
07-15 00:00,48230.0,48178.0,46293.0,41113.0,41798.0,48073.0,48073.0
07-15 01:00,46066.0,46073.0,44060.0,38821.0,39966.0,45944.0,45944.0
07-15 02:00,44688.0,44683.0,42453.0,37391.0,38821.0,44857.0,44857.0
07-15 03:00,44839.0,44653.0,41923.0,36815.0,39426.0,44646.0,44646.0
07-15 04:00,46426.0,46259.0,42178.0,36684.0,41946.0,46225.0,46225.0
07-15 05:00,50261.0,50144.0,42235.0,36379.0,46139.0,50189.0,50189.0
07-15 06:00,58701.0,57833.0,44938.0,38041.0,55243.0,57053.0,57053.0
07-15 07:00,64048.0,63469.0,48831.0,41161.0,60286.0,61489.0,61489.0
07-15 08:00,66216.0,66082.0,52201.0,44958.0,62901.0,64355.0,64355.0
07-15 09:00,67658.0,67662.0,55047.0,47554.0,64095.0,65530.0,65530.0
07-15 10:00,69117.0,69253.0,56052.0,49300.0,65815.0,66537.0,66537.0
07-15 11:00,70169.0,69529.0,56409.0,50695.0,67195.0,68131.0,68131.0
07-15 12:00,69126.0,68493.0,55691.0,50249.0,66552.0,67332.0,67332.0
07-15 13:00,69155.0,67229.0,54228.0,48538.0,66562.0,66558.0,66558.0
07-15 14:00,67807.0,65047.0,52291.0,47594.0,64988.0,64655.0,64655.0
07-15 15:00,67055.0,64575.0,51223.0,46777.0,64352.0,64328.0,64328.0
07-15 16:00,65143.0,62923.0,50875.0,46942.0,62978.0,62885.0,62885.0
07-15 17:00,64207.0,62280.0,50751.0,47421.0,62585.0,62946.0,62946.0
07-15 18:00,63610.0,60792.0,50708.0,47844.0,62226.0,63485.0,63485.0
07-15 19:00,63439.0,59883.0,50215.0,48265.0,61538.0,62502.0,62502.0
07-15 20:00,61327.0,57757.0,48771.0,47943.0,59577.0,60448.0,60448.0
07-15 21:00,58853.0,54535.0,46560.0,47502.0,56854.0,57769.0,57769.0
07-15 22:00,57160.0,53439.0,46630.0,48312.0,55259.0,56093.0,56093.0
07-15 23:00,53057.0,49975.0,44144.0,45472.0,51155.0,52060.0,52060.0
07-16 00:00,48799.0,46644.0,41152.0,42471.0,47074.0,48827.0,48827.0
07-16 01:00,46268.0,43913.0,39342.0,40606.0,45087.0,46627.0,46627.0
07-16 02:00,44725.0,42364.0,38088.0,39659.0,43912.0,45049.0,45049.0
07-16 03:00,44648.0,41717.0,37190.0,39375.0,43803.0,44933.0,44933.0
07-16 04:00,46139.0,41819.0,37196.0,41199.0,45456.0,46531.0,46531.0
07-16 05:00,50146.0,41488.0,36719.0,45745.0,49395.0,49907.0,49907.0
07-16 06:00,58632.0,44046.0,37814.0,54471.0,56448.0,56522.0,56522.0
07-16 07:00,64287.0,48312.0,41006.0,60031.0,62156.0,61371.0,61371.0
07-16 08:00,66765.0,52220.0,44478.0,63080.0,64794.0,64067.0,64067.0
07-16 09:00,67963.0,55119.0,47420.0,64661.0,66473.0,65467.0,65467.0
07-16 10:00,69579.0,56773.0,49696.0,66208.0,67485.0,66426.0,66426.0
07-16 11:00,70365.0,57260.0,51893.0,67340.0,67701.0,67477.0,67477.0
07-16 12:00,69633.0,56481.0,51673.0,66745.0,67239.0,67102.0,67102.0
07-16 13:00,69491.0,54903.0,49534.0,66229.0,66651.0,66177.0,66177.0
07-16 14:00,67991.0,53145.0,47744.0,65143.0,65603.0,64053.0,64053.0
07-16 15:00,67294.0,51988.0,46840.0,64705.0,64782.0,63286.0,63286.0
07-16 16:00,65355.0,51319.0,46748.0,62812.0,63229.0,61932.0,61932.0
07-16 17:00,64281.0,51616.0,48405.0,62869.0,63092.0,62343.0,62343.0
07-16 18:00,63345.0,51742.0,49018.0,62118.0,62488.0,62375.0,62375.0
07-16 19:00,62711.0,51088.0,48879.0,61565.0,62047.0,60993.0,60993.0
07-16 20:00,61255.0,49359.0,48756.0,59401.0,59599.0,58535.0,58535.0
07-16 21:00,58676.0,47386.0,48258.0,56805.0,56983.0,55251.0,55251.0
07-16 22:00,57317.0,47492.0,48717.0,55334.0,55456.0,53663.0,53663.0
07-16 23:00,53401.0,44681.0,45846.0,51056.0,51824.0,50444.0,50444.0
07-17 00:00,49411.0,41367.0,43387.0,47358.0,47822.0,46634.0,46634.0
07-17 01:00,46768.0,39327.0,41574.0,45268.0,45731.0,43727.0,43727.0
07-17 02:00,45235.0,37801.0,40596.0,43579.0,44071.0,42367.0,42367.0
07-17 03:00,45159.0,37078.0,40419.0,43552.0,43721.0,41538.0,41538.0
07-17 04:00,46333.0,37088.0,42545.0,44709.0,45114.0,41577.0,41577.0
07-17 05:00,50679.0,37214.0,47317.0,48329.0,48465.0,41868.0,41868.0
07-17 06:00,59639.0,37930.0,56028.0,56047.0,56128.0,44058.0,44058.0
07-17 07:00,65057.0,41348.0,61737.0,61628.0,60907.0,47870.0,47870.0
07-17 08:00,67426.0,44702.0,64254.0,64391.0,63537.0,51940.0,51940.0
07-17 09:00,68639.0,47589.0,65869.0,65995.0,64639.0,54564.0,54564.0
07-17 10:00,70464.0,49921.0,67523.0,67564.0,65653.0,55786.0,55786.0
07-17 11:00,71002.0,52110.0,68554.0,68730.0,66503.0,56587.0,56587.0
07-17 12:00,69861.0,52014.0,68013.0,68190.0,65812.0,55931.0,55931.0
07-17 13:00,68513.0,50235.0,67766.0,68203.0,65711.0,55106.0,55106.0
07-17 14:00,66512.0,48520.0,66264.0,66583.0,64357.0,53501.0,53501.0
07-17 15:00,65083.0,47486.0,65677.0,65668.0,63721.0,52895.0,52895.0
07-17 16:00,64188.0,46931.0,64051.0,64709.0,62316.0,52772.0,52772.0
07-17 17:00,63526.0,47925.0,63029.0,64106.0,61346.0,53021.0,53021.0
07-17 18:00,62706.0,48850.0,62309.0,63688.0,61151.0,53344.0,53344.0
07-17 19:00,61389.0,48845.0,61809.0,62647.0,60135.0,52653.0,52653.0
07-17 20:00,58605.0,48488.0,59866.0,60578.0,58366.0,50847.0,50847.0
07-17 21:00,55950.0,48573.0,56923.0,57715.0,55642.0,48874.0,48874.0
07-17 22:00,54770.0,49226.0,55843.0,56326.0,54501.0,48285.0,48285.0
07-17 23:00,51372.0,46453.0,51705.0,52294.0,50239.0,45766.0,45766.0
07-18 00:00,47435.0,43496.0,47923.0,48033.0,46496.0,43176.0,43176.0
07-18 01:00,44739.0,41655.0,45778.0,46188.0,44425.0,40887.0,40887.0
07-18 02:00,42531.0,40551.0,43976.0,44924.0,43090.0,39405.0,39405.0
07-18 03:00,42064.0,40826.0,44110.0,45267.0,43576.0,39101.0,39101.0
07-18 04:00,41944.0,42789.0,45511.0,46653.0,44729.0,39141.0,39141.0
07-18 05:00,41909.0,47003.0,49509.0,50265.0,48406.0,38871.0,38871.0
07-18 06:00,44983.0,56013.0,57361.0,57307.0,55982.0,39173.0,39173.0
07-18 07:00,49346.0,61645.0,62707.0,62719.0,60858.0,42544.0,42544.0
07-18 08:00,53184.0,64500.0,65536.0,65296.0,63418.0,45546.0,45546.0
07-18 09:00,56151.0,66116.0,66708.0,66567.0,64689.0,47912.0,47912.0
07-18 10:00,57258.0,67770.0,67909.0,67587.0,66139.0,50164.0,50164.0
07-18 11:00,58313.0,68710.0,69054.0,68922.0,67116.0,51648.0,51648.0
07-18 12:00,57738.0,68131.0,68738.0,68416.0,66373.0,51373.0,51373.0
07-18 13:00,54955.0,67696.0,68365.0,68419.0,65794.0,49955.0,49955.0
07-18 14:00,52672.0,66395.0,67164.0,66898.0,64811.0,48229.0,48229.0
07-18 15:00,51903.0,65854.0,66431.0,66334.0,64596.0,47572.0,47572.0
07-18 16:00,51535.0,64093.0,64862.0,64655.0,62694.0,48278.0,48278.0
07-18 17:00,51526.0,62718.0,63816.0,63811.0,62380.0,49971.0,49971.0
07-18 18:00,51148.0,62291.0,63116.0,63130.0,61936.0,50079.0,50079.0
07-18 19:00,50519.0,61749.0,62724.0,62559.0,61394.0,50084.0,50084.0
07-18 20:00,48586.0,59722.0,60683.0,60261.0,59275.0,49917.0,49917.0
07-18 21:00,46563.0,56808.0,57985.0,57475.0,56719.0,49083.0,49083.0
07-18 22:00,46800.0,55655.0,56681.0,56333.0,55071.0,49625.0,49625.0
07-18 23:00,44230.0,51368.0,52570.0,52316.0,50939.0,47023.0,47023.0
07-19 00:00,41525.0,47495.0,49045.0,48472.0,47672.0,44729.0,44729.0
07-19 01:00,39477.0,45187.0,47224.0,46255.0,45748.0,42692.0,42692.0
07-19 02:00,38233.0,43948.0,45641.0,45014.0,44497.0,41760.0,41760.0
07-19 03:00,37594.0,44165.0,45064.0,44605.0,44464.0,41834.0,41834.0
07-19 04:00,37316.0,45203.0,46566.0,46212.0,45752.0,43383.0,43383.0
07-19 05:00,37496.0,49418.0,50623.0,49335.0,49165.0,47683.0,47683.0
07-19 06:00,38550.0,57000.0,58569.0,56254.0,56752.0,55463.0,55463.0
07-19 07:00,41784.0,62838.0,63647.0,61595.0,61473.0,60336.0,60336.0
07-19 08:00,44685.0,65440.0,66282.0,64646.0,63745.0,63555.0,63555.0
07-19 09:00,46599.0,67005.0,68075.0,66242.0,65298.0,65250.0,65250.0
07-19 10:00,49390.0,68586.0,69521.0,67177.0,66462.0,66041.0,66041.0
07-19 11:00,51961.0,69792.0,70683.0,68213.0,67411.0,66847.0,66847.0
07-19 12:00,52005.0,68896.0,70124.0,67815.0,66717.0,66266.0,66266.0
07-19 13:00,51216.0,68503.0,69086.0,67518.0,65569.0,65670.0,65670.0
07-19 14:00,49193.0,67138.0,68075.0,66173.0,63632.0,64251.0,64251.0
07-19 15:00,47738.0,66341.0,67172.0,65526.0,62539.0,63646.0,63646.0
07-19 16:00,47264.0,64841.0,65425.0,63919.0,61460.0,62602.0,62602.0
07-19 17:00,47832.0,63625.0,64712.0,63043.0,60476.0,62141.0,62141.0
07-19 18:00,48383.0,63047.0,63431.0,62633.0,59802.0,62097.0,62097.0
07-19 19:00,48081.0,62300.0,63062.0,61991.0,58679.0,61486.0,61486.0
07-19 20:00,47891.0,60173.0,61716.0,59872.0,56103.0,59257.0,59257.0
07-19 21:00,48237.0,57855.0,58807.0,57577.0,53405.0,56849.0,56849.0
07-19 22:00,49120.0,56950.0,57578.0,56038.0,52164.0,55113.0,55113.0
07-19 23:00,46405.0,52478.0,53012.0,51837.0,48830.0,51737.0,51737.0
07-20 00:00,43501.0,48561.0,49437.0,47854.0,45510.0,48723.0,48723.0
07-20 01:00,41800.0,46216.0,47072.0,45404.0,43424.0,46626.0,46626.0
07-20 02:00,40531.0,45050.0,45561.0,43747.0,41504.0,45335.0,45335.0
07-20 03:00,40678.0,45038.0,45053.0,44091.0,40470.0,44861.0,44861.0
07-20 04:00,42795.0,46465.0,45796.0,45413.0,40217.0,46866.0,46866.0
07-20 05:00,47359.0,49894.0,49909.0,48613.0,40759.0,49926.0,49926.0
07-20 06:00,56238.0,57703.0,57550.0,55923.0,43789.0,56862.0,56862.0
07-20 07:00,62189.0,63357.0,63009.0,61328.0,47605.0,61813.0,61813.0
07-20 08:00,64841.0,66442.0,65818.0,64007.0,51892.0,64417.0,64417.0
07-20 09:00,66542.0,68251.0,67249.0,65663.0,54434.0,65481.0,65481.0
07-20 10:00,68259.0,69502.0,68840.0,67228.0,56063.0,66576.0,66576.0
07-20 11:00,69232.0,70396.0,69958.0,67914.0,57005.0,67300.0,67300.0
07-20 12:00,68239.0,69711.0,69575.0,66831.0,56848.0,66537.0,66537.0
07-20 13:00,68545.0,69530.0,68815.0,65752.0,55915.0,65881.0,65881.0
07-20 14:00,66790.0,67952.0,66862.0,64310.0,53451.0,64715.0,64715.0
07-20 15:00,65875.0,67389.0,65992.0,63727.0,52297.0,64386.0,64386.0
07-20 16:00,64602.0,65842.0,64588.0,62052.0,52267.0,63107.0,63107.0
07-20 17:00,63886.0,64747.0,63481.0,61562.0,51593.0,62615.0,62615.0
07-20 18:00,63201.0,64245.0,63011.0,60629.0,52321.0,62496.0,62496.0
07-20 19:00,62387.0,63497.0,62317.0,59648.0,51701.0,61701.0,61701.0
07-20 20:00,59956.0,61168.0,59777.0,57054.0,50294.0,59943.0,59943.0
07-20 21:00,57780.0,58780.0,57074.0,54368.0,48214.0,57314.0,57314.0
07-20 22:00,56980.0,57846.0,56338.0,53071.0,47612.0,55683.0,55683.0
07-20 23:00,52289.0,53406.0,51966.0,49577.0,44768.0,51875.0,51875.0
07-21 00:00,48383.0,49504.0,48992.0,46419.0,41586.0,48356.0,48356.0
07-21 01:00,46187.0,47294.0,45882.0,44235.0,39327.0,46149.0,46149.0
07-21 02:00,44857.0,45422.0,44390.0,42469.0,38168.0,44936.0,44936.0
07-21 03:00,45090.0,44667.0,44381.0,41615.0,37410.0,44910.0,44910.0
07-21 04:00,46596.0,46302.0,45654.0,40767.0,37151.0,46222.0,46222.0
07-21 05:00,50279.0,49944.0,49335.0,41120.0,37607.0,49819.0,49819.0
07-21 06:00,58458.0,57843.0,56861.0,44019.0,38395.0,56275.0,56275.0
07-21 07:00,64561.0,63452.0,62192.0,48206.0,40799.0,61011.0,61011.0
07-21 08:00,67120.0,66128.0,64535.0,51735.0,44221.0,63615.0,63615.0
07-21 09:00,68749.0,67894.0,65792.0,54309.0,46628.0,64759.0,64759.0
07-21 10:00,69854.0,69524.0,66942.0,55442.0,49292.0,65894.0,65894.0
07-21 11:00,70972.0,70593.0,67885.0,56169.0,51449.0,66954.0,66954.0
07-21 12:00,70564.0,69790.0,67688.0,55355.0,51617.0,66354.0,66354.0
07-21 13:00,70480.0,69214.0,66618.0,53798.0,50366.0,64567.0,64567.0
07-21 14:00,68903.0,68207.0,64715.0,52244.0,49106.0,63132.0,63132.0
07-21 15:00,68171.0,67166.0,63897.0,51539.0,48342.0,62967.0,62967.0
07-21 16:00,66537.0,65302.0,62535.0,50988.0,47620.0,61653.0,61653.0
07-21 17:00,65464.0,64551.0,61879.0,51470.0,48158.0,61513.0,61513.0
07-21 18:00,64722.0,63760.0,61217.0,51301.0,48803.0,61112.0,61112.0
07-21 19:00,63643.0,63011.0,60602.0,50710.0,48863.0,60607.0,60607.0
07-21 20:00,61160.0,60340.0,58212.0,49026.0,48014.0,58855.0,58855.0
07-21 21:00,58696.0,57992.0,55754.0,47183.0,48274.0,56403.0,56403.0
07-21 22:00,57845.0,56808.0,54617.0,46766.0,48384.0,54908.0,54908.0
07-21 23:00,53568.0,52444.0,50495.0,44273.0,45653.0,50833.0,50833.0
07-22 00:00,49404.0,48506.0,47513.0,41920.0,42820.0,47668.0,47668.0
07-22 01:00,46982.0,46113.0,45015.0,40087.0,40693.0,45241.0,45241.0
07-22 02:00,45484.0,44530.0,44077.0,38540.0,39330.0,43734.0,43734.0
07-22 03:00,45677.0,44944.0,42664.0,37863.0,39519.0,43909.0,43909.0
07-22 04:00,46870.0,46195.0,42057.0,37811.0,41454.0,45664.0,45664.0
07-22 05:00,50568.0,49608.0,42494.0,37430.0,46198.0,49322.0,49322.0
07-22 06:00,59565.0,57446.0,45934.0,38001.0,54490.0,55782.0,55782.0
07-22 07:00,64997.0,62877.0,49429.0,40928.0,60197.0,60541.0,60541.0
07-22 08:00,67570.0,65553.0,52942.0,43969.0,63032.0,63335.0,63335.0
07-22 09:00,69201.0,67217.0,55225.0,46793.0,64613.0,64736.0,64736.0
07-22 10:00,70653.0,68483.0,56661.0,48779.0,65791.0,65754.0,65754.0
07-22 11:00,71711.0,69452.0,57473.0,50568.0,67067.0,67199.0,67199.0
07-22 12:00,70759.0,68947.0,56905.0,50260.0,66708.0,66406.0,66406.0
07-22 13:00,70272.0,68028.0,55168.0,48788.0,66973.0,65435.0,65435.0
07-22 14:00,68930.0,65995.0,53272.0,47592.0,65463.0,64207.0,64207.0
07-22 15:00,68025.0,64962.0,52298.0,46792.0,64744.0,63918.0,63918.0
07-22 16:00,66493.0,63446.0,51752.0,46596.0,63608.0,62909.0,62909.0
07-22 17:00,64804.0,62372.0,52286.0,47830.0,63061.0,62589.0,62589.0
07-22 18:00,64025.0,61623.0,52384.0,48580.0,62552.0,62270.0,62270.0
07-22 19:00,63262.0,60839.0,51761.0,48690.0,61559.0,61222.0,61222.0
07-22 20:00,60721.0,57791.0,49919.0,48558.0,59293.0,59159.0,59159.0
07-22 21:00,58109.0,55146.0,47806.0,48334.0,56315.0,56902.0,56902.0
07-22 22:00,56836.0,54104.0,47792.0,48777.0,55165.0,55270.0,55270.0
07-22 23:00,52371.0,50163.0,44714.0,46151.0,50903.0,51092.0,51092.0
07-23 00:00,48838.0,46661.0,42145.0,43416.0,47691.0,47866.0,47866.0
07-23 01:00,46676.0,44408.0,39487.0,41701.0,45707.0,45872.0,45872.0
07-23 02:00,44999.0,43030.0,38322.0,40639.0,44250.0,44464.0,44464.0
07-23 03:00,45052.0,42371.0,37273.0,40705.0,44183.0,44837.0,44837.0
07-23 04:00,46523.0,42111.0,37112.0,42696.0,45190.0,46132.0,46132.0
07-23 05:00,50366.0,42157.0,36994.0,46974.0,48633.0,49435.0,49435.0
07-23 06:00,58368.0,44891.0,37527.0,55090.0,56248.0,55827.0,55827.0
07-23 07:00,63651.0,48788.0,40289.0,61035.0,61327.0,60623.0,60623.0
07-23 08:00,66197.0,52481.0,43726.0,64297.0,64422.0,63495.0,63495.0
07-23 09:00,67285.0,55016.0,46475.0,65731.0,66249.0,64528.0,64528.0
07-23 10:00,68554.0,56700.0,48621.0,67308.0,67436.0,65549.0,65549.0
07-23 11:00,69672.0,57487.0,50469.0,68314.0,68447.0,66136.0,66136.0
07-23 12:00,69200.0,56680.0,50372.0,67674.0,67811.0,65470.0,65470.0
07-23 13:00,68223.0,54908.0,49206.0,67462.0,67521.0,64561.0,64561.0
07-23 14:00,66655.0,53328.0,47573.0,65885.0,66523.0,62564.0,62564.0
07-23 15:00,65835.0,52264.0,46678.0,65425.0,65963.0,61596.0,61596.0
07-23 16:00,64827.0,51865.0,45915.0,64010.0,64222.0,60598.0,60598.0
07-23 17:00,63653.0,51775.0,47590.0,63140.0,63652.0,60209.0,60209.0
07-23 18:00,62958.0,51733.0,48780.0,62677.0,62979.0,60083.0,60083.0
07-23 19:00,62302.0,50992.0,48833.0,62167.0,62586.0,58899.0,58899.0
07-23 20:00,59904.0,49444.0,48249.0,60389.0,60330.0,56795.0,56795.0
07-23 21:00,57361.0,47541.0,47951.0,57714.0,57914.0,54220.0,54220.0
07-23 22:00,56629.0,47401.0,48156.0,56656.0,56453.0,52866.0,52866.0
07-23 23:00,52140.0,44788.0,45310.0,52213.0,52255.0,49038.0,49038.0
07-24 00:00,48174.0,41944.0,42995.0,48557.0,48627.0,45332.0,45332.0
07-24 01:00,45984.0,39522.0,41203.0,46270.0,47051.0,43127.0,43127.0
07-24 02:00,44253.0,38271.0,40051.0,44806.0,45791.0,41618.0,41618.0
07-24 03:00,44342.0,37433.0,40440.0,44477.0,45642.0,40531.0,40531.0
07-24 04:00,45705.0,37166.0,42406.0,46164.0,46847.0,40675.0,40675.0
07-24 05:00,49422.0,37175.0,46934.0,49609.0,50042.0,40901.0,40901.0
07-24 06:00,57307.0,38174.0,55473.0,56960.0,57592.0,43936.0,43936.0
07-24 07:00,62362.0,40811.0,60542.0,62319.0,62624.0,46974.0,46974.0
07-24 08:00,64984.0,44492.0,63826.0,65395.0,65332.0,50590.0,50590.0
07-24 09:00,66443.0,47213.0,65325.0,66728.0,66990.0,53664.0,53664.0
07-24 10:00,67774.0,49535.0,66615.0,68124.0,68751.0,54549.0,54549.0
07-24 11:00,68685.0,50786.0,67834.0,69318.0,69458.0,55744.0,55744.0
07-24 12:00,68151.0,50908.0,67337.0,68787.0,68531.0,55470.0,55470.0
07-24 13:00,67116.0,49907.0,66567.0,68471.0,68321.0,54618.0,54618.0
07-24 14:00,65204.0,48676.0,64814.0,66892.0,67397.0,52769.0,52769.0
07-24 15:00,63882.0,47295.0,64454.0,66073.0,66743.0,51938.0,51938.0
07-24 16:00,62513.0,46779.0,62998.0,64996.0,65297.0,52395.0,52395.0
07-24 17:00,61990.0,47867.0,62169.0,64331.0,64142.0,52651.0,52651.0
07-24 18:00,61310.0,48475.0,61814.0,63519.0,63109.0,53057.0,53057.0
07-24 19:00,60856.0,48426.0,61812.0,63252.0,62453.0,52833.0,52833.0
07-24 20:00,58443.0,48202.0,59442.0,61377.0,60549.0,50893.0,50893.0
07-24 21:00,56244.0,48844.0,56691.0,59032.0,58419.0,49726.0,49726.0
07-24 22:00,55691.0,49180.0,54773.0,57542.0,57140.0,48954.0,48954.0
07-24 23:00,50380.0,46352.0,50678.0,53084.0,53195.0,45855.0,45855.0
07-25 00:00,47795.0,43435.0,46711.0,49936.0,50156.0,43662.0,43662.0
07-25 01:00,45275.0,41504.0,44741.0,47415.0,48445.0,41207.0,41207.0
07-25 02:00,43920.0,40459.0,43444.0,45964.0,47030.0,39773.0,39773.0
07-25 03:00,42726.0,40677.0,43570.0,45946.0,46638.0,39063.0,39063.0
07-25 04:00,42901.0,42467.0,45418.0,47236.0,47652.0,38827.0,38827.0
07-25 05:00,42895.0,46979.0,49376.0,50575.0,50407.0,38876.0,38876.0
07-25 06:00,45783.0,55630.0,57278.0,58028.0,57415.0,39888.0,39888.0
07-25 07:00,49683.0,61988.0,62776.0,63465.0,62764.0,42677.0,42677.0
07-25 08:00,54193.0,64853.0,65836.0,66564.0,65385.0,45747.0,45747.0
07-25 09:00,56596.0,66738.0,67293.0,68045.0,67141.0,47917.0,47917.0
07-25 10:00,58110.0,68495.0,68036.0,69694.0,68685.0,50306.0,50306.0
07-25 11:00,58998.0,69556.0,69166.0,70927.0,69752.0,52027.0,52027.0
07-25 12:00,58586.0,68829.0,68573.0,70024.0,68813.0,52304.0,52304.0
07-25 13:00,56466.0,68486.0,68180.0,69567.0,68422.0,51044.0,51044.0
07-25 14:00,55176.0,67461.0,67173.0,68090.0,67212.0,49559.0,49559.0
07-25 15:00,54306.0,66263.0,66663.0,66652.0,66591.0,48646.0,48646.0
07-25 16:00,53398.0,64541.0,65108.0,66066.0,64953.0,48275.0,48275.0
07-25 17:00,53569.0,63621.0,64641.0,65067.0,64603.0,49312.0,49312.0
07-25 18:00,53336.0,62474.0,64374.0,64133.0,63902.0,50791.0,50791.0
07-25 19:00,52575.0,61935.0,63800.0,63778.0,62930.0,50955.0,50955.0
07-25 20:00,50649.0,59667.0,61374.0,61577.0,61473.0,49739.0,49739.0
07-25 21:00,48578.0,57233.0,58530.0,59056.0,59610.0,49467.0,49467.0
07-25 22:00,48422.0,55862.0,55811.0,57817.0,58222.0,49205.0,49205.0
07-25 23:00,45246.0,51137.0,51798.0,53610.0,54185.0,46305.0,46305.0
07-26 00:00,42241.0,47348.0,47697.0,49546.0,50020.0,43409.0,43409.0
07-26 01:00,39702.0,45132.0,45524.0,47313.0,47871.0,41681.0,41681.0
07-26 02:00,38305.0,43745.0,44033.0,45937.0,46920.0,40460.0,40460.0
07-26 03:00,37654.0,43899.0,44245.0,45564.0,46532.0,40431.0,40431.0
07-26 04:00,37415.0,45432.0,45767.0,46890.0,48225.0,43000.0,43000.0
07-26 05:00,37542.0,48859.0,49493.0,50325.0,51274.0,46852.0,46852.0
07-26 06:00,37962.0,56680.0,57542.0,57561.0,58087.0,54615.0,54615.0
07-26 07:00,41312.0,62356.0,63028.0,63087.0,62943.0,60190.0,60190.0
07-26 08:00,44661.0,65388.0,65819.0,66080.0,65761.0,62985.0,62985.0
07-26 09:00,46900.0,67086.0,66828.0,67819.0,67747.0,63987.0,63987.0
07-26 10:00,48774.0,68570.0,68351.0,69361.0,69003.0,65842.0,65842.0
07-26 11:00,50343.0,70083.0,69611.0,70579.0,69473.0,67215.0,67215.0
07-26 12:00,50262.0,69255.0,68909.0,69825.0,68514.0,67159.0,67159.0
07-26 13:00,48490.0,68619.0,67998.0,69145.0,67510.0,66488.0,66488.0
07-26 14:00,47036.0,66877.0,66368.0,67814.0,66210.0,65065.0,65065.0
07-26 15:00,46071.0,65884.0,65925.0,67271.0,65153.0,64542.0,64542.0
07-26 16:00,45950.0,64786.0,64228.0,66324.0,64259.0,63636.0,63636.0
07-26 17:00,47102.0,63781.0,63245.0,65147.0,64245.0,63205.0,63205.0
07-26 18:00,48049.0,63059.0,62476.0,64736.0,63656.0,63118.0,63118.0
07-26 19:00,48114.0,62021.0,61836.0,64006.0,62253.0,62055.0,62055.0
07-26 20:00,47797.0,59570.0,59341.0,61944.0,59861.0,59627.0,59627.0
07-26 21:00,47488.0,57549.0,56893.0,59415.0,57254.0,57004.0,57004.0
07-26 22:00,47700.0,56046.0,55653.0,58689.0,56076.0,55344.0,55344.0
07-26 23:00,44771.0,51649.0,51164.0,54392.0,52280.0,50930.0,50930.0
07-27 00:00,42369.0,47593.0,47252.0,50718.0,48390.0,47603.0,47603.0
07-27 01:00,40527.0,45720.0,44934.0,48288.0,45572.0,45996.0,45996.0
07-27 02:00,39326.0,44074.0,43575.0,46641.0,43956.0,44750.0,44750.0
07-27 03:00,39767.0,44102.0,44027.0,46134.0,43358.0,44566.0,44566.0
07-27 04:00,42027.0,45426.0,45453.0,47300.0,42871.0,45951.0,45951.0
07-27 05:00,47064.0,49195.0,49454.0,50624.0,42761.0,49276.0,49276.0
07-27 06:00,55557.0,57063.0,57388.0,57950.0,44823.0,55684.0,55684.0
07-27 07:00,61135.0,62498.0,62400.0,63207.0,48532.0,60490.0,60490.0
07-27 08:00,63868.0,65032.0,65007.0,66364.0,52394.0,63531.0,63531.0
07-27 09:00,65386.0,66412.0,66331.0,68232.0,55265.0,64867.0,64867.0
07-27 10:00,67346.0,68173.0,68055.0,69528.0,56738.0,66050.0,66050.0
07-27 11:00,68472.0,69301.0,69026.0,70052.0,57980.0,68074.0,68074.0
07-27 12:00,68011.0,68787.0,68474.0,69513.0,57780.0,67333.0,67333.0
07-27 13:00,67524.0,68220.0,67790.0,68302.0,56364.0,66866.0,66866.0
07-27 14:00,66325.0,66519.0,66397.0,66221.0,55035.0,65542.0,65542.0
07-27 15:00,65485.0,65696.0,65904.0,65383.0,54164.0,64502.0,64502.0
07-27 16:00,63628.0,64435.0,64330.0,64864.0,53406.0,64102.0,64102.0
07-27 17:00,62851.0,63297.0,63261.0,64529.0,53665.0,62950.0,62950.0
07-27 18:00,62126.0,62768.0,62481.0,63701.0,53475.0,62441.0,62441.0
07-27 19:00,61775.0,61768.0,62109.0,62881.0,52927.0,61276.0,61276.0
07-27 20:00,59235.0,59642.0,59849.0,60337.0,51356.0,58480.0,58480.0
07-27 21:00,56725.0,57111.0,57679.0,57071.0,49427.0,56368.0,56368.0
07-27 22:00,55613.0,55681.0,55664.0,55412.0,48931.0,54416.0,54416.0
07-27 23:00,50817.0,51528.0,51112.0,52435.0,46019.0,50446.0,50446.0
07-28 00:00,46629.0,47556.0,46678.0,49565.0,43288.0,46967.0,46967.0
07-28 01:00,44695.0,45611.0,44233.0,46763.0,41203.0,44903.0,44903.0
07-28 02:00,43932.0,44104.0,43062.0,45151.0,39917.0,43121.0,43121.0
07-28 03:00,43889.0,44062.0,43195.0,44314.0,39368.0,43413.0,43413.0
07-28 04:00,45494.0,45379.0,44765.0,43855.0,39173.0,44754.0,44754.0
07-28 05:00,49564.0,48839.0,48308.0,44227.0,38955.0,48535.0,48535.0
07-28 06:00,57182.0,56070.0,55798.0,46750.0,39603.0,55506.0,55506.0
07-28 07:00,62293.0,61297.0,60958.0,50333.0,41559.0,60309.0,60309.0
07-28 08:00,64653.0,64068.0,63649.0,53834.0,44854.0,63546.0,63546.0
07-28 09:00,66748.0,65929.0,65569.0,56468.0,47142.0,65688.0,65688.0
07-28 10:00,68704.0,67649.0,67130.0,57922.0,49337.0,66694.0,66694.0
07-28 11:00,69770.0,68643.0,67632.0,58572.0,50912.0,67851.0,67851.0
07-28 12:00,68903.0,68058.0,67101.0,58180.0,50836.0,67126.0,67126.0
07-28 13:00,68145.0,66874.0,66402.0,55956.0,49939.0,66189.0,66189.0
07-28 14:00,66615.0,65429.0,63558.0,54211.0,48578.0,64537.0,64537.0
07-28 15:00,65924.0,64938.0,63074.0,53525.0,48361.0,63987.0,63987.0
07-28 16:00,64289.0,63382.0,61899.0,53702.0,47768.0,62892.0,62892.0
07-28 17:00,63434.0,62505.0,61417.0,53337.0,48841.0,62498.0,62498.0
07-28 18:00,62092.0,62097.0,60478.0,53312.0,49344.0,62167.0,62167.0
07-28 19:00,61976.0,61407.0,59587.0,52907.0,49801.0,61510.0,61510.0
07-28 20:00,59135.0,59173.0,56656.0,50949.0,49036.0,59330.0,59330.0
07-28 21:00,56704.0,56969.0,53896.0,49333.0,48993.0,57264.0,57264.0
07-28 22:00,55097.0,55240.0,52584.0,48945.0,48841.0,54862.0,54862.0
07-28 23:00,49930.0,51022.0,48796.0,45759.0,45924.0,50332.0,50332.0
07-29 00:00,46781.0,47585.0,45734.0,42328.0,42856.0,48017.0,48017.0
07-29 01:00,44870.0,45175.0,43189.0,41012.0,41295.0,46174.0,46174.0
07-29 02:00,43356.0,44002.0,41323.0,39432.0,40862.0,45158.0,45158.0
07-29 03:00,43620.0,43848.0,41019.0,39023.0,40651.0,44750.0,44750.0
07-29 04:00,45268.0,45407.0,41558.0,38305.0,42366.0,46346.0,46346.0
07-29 05:00,48938.0,49070.0,41974.0,38352.0,46483.0,50339.0,50339.0
07-29 06:00,56642.0,56425.0,44307.0,38969.0,55212.0,56383.0,56383.0
07-29 07:00,62226.0,61564.0,48216.0,41838.0,60761.0,61261.0,61261.0
07-29 08:00,64541.0,64427.0,51536.0,44655.0,63390.0,64706.0,64706.0
07-29 09:00,66392.0,66102.0,54526.0,47144.0,65273.0,66558.0,66558.0
07-29 10:00,67403.0,67494.0,56299.0,48410.0,66594.0,68021.0,68021.0
07-29 11:00,69235.0,67754.0,57285.0,50553.0,67022.0,68933.0,68933.0
07-29 12:00,67988.0,66945.0,56735.0,50431.0,66572.0,68530.0,68530.0
07-29 13:00,67517.0,65684.0,55196.0,48822.0,65685.0,67350.0,67350.0
07-29 14:00,65773.0,63954.0,53047.0,47904.0,64381.0,65797.0,65797.0
07-29 15:00,65089.0,63096.0,52269.0,47237.0,63845.0,64604.0,64604.0
07-29 16:00,63855.0,61308.0,51385.0,47148.0,62380.0,63082.0,63082.0
07-29 17:00,62426.0,60793.0,51107.0,48030.0,61720.0,62507.0,62507.0
07-29 18:00,61864.0,59651.0,50894.0,48860.0,61226.0,62012.0,62012.0
07-29 19:00,61185.0,58280.0,50264.0,49224.0,60468.0,61609.0,61609.0
07-29 20:00,58983.0,56236.0,48711.0,48990.0,58593.0,58887.0,58887.0
07-29 21:00,56993.0,53602.0,46891.0,49775.0,56303.0,56191.0,56191.0
07-29 22:00,55424.0,52509.0,46512.0,49872.0,54828.0,54687.0,54687.0
07-29 23:00,51197.0,48363.0,43483.0,46987.0,50584.0,50741.0,50741.0
07-30 00:00,47778.0,45562.0,41147.0,44302.0,47012.0,47401.0,47401.0
07-30 01:00,45447.0,43459.0,39134.0,42759.0,45032.0,45591.0,45591.0
07-30 02:00,43808.0,42062.0,37928.0,41826.0,44048.0,44747.0,44747.0
07-30 03:00,43637.0,41361.0,37281.0,41801.0,43815.0,44622.0,44622.0
07-30 04:00,45366.0,41233.0,36814.0,43120.0,45601.0,45897.0,45897.0
07-30 05:00,49395.0,41467.0,36836.0,47164.0,48857.0,48899.0,48899.0
07-30 06:00,56601.0,43674.0,37582.0,55185.0,55821.0,54833.0,54833.0
07-30 07:00,61818.0,47476.0,41116.0,60498.0,60859.0,59296.0,59296.0
07-30 08:00,64530.0,51174.0,44007.0,63883.0,63409.0,62027.0,62027.0
07-30 09:00,66213.0,53970.0,46953.0,65633.0,65371.0,64102.0,64102.0
07-30 10:00,67644.0,55437.0,50003.0,67051.0,66957.0,65002.0,65002.0
07-30 11:00,68915.0,56085.0,52109.0,68141.0,68152.0,65876.0,65876.0
07-30 12:00,68167.0,55612.0,51962.0,67744.0,67501.0,65429.0,65429.0
07-30 13:00,67255.0,53696.0,50719.0,67416.0,66926.0,64266.0,64266.0
07-30 14:00,65840.0,52328.0,49737.0,66337.0,66353.0,62489.0,62489.0
07-30 15:00,64947.0,51612.0,48889.0,65773.0,65593.0,62002.0,62002.0
07-30 16:00,63138.0,51315.0,47948.0,64530.0,64618.0,61085.0,61085.0
07-30 17:00,62505.0,51245.0,48149.0,63570.0,63451.0,60497.0,60497.0
07-30 18:00,61328.0,50959.0,49300.0,62915.0,63342.0,59837.0,59837.0
07-30 19:00,60823.0,50270.0,49281.0,62744.0,62408.0,58579.0,58579.0
07-30 20:00,58727.0,48569.0,48704.0,60910.0,60386.0,56493.0,56493.0
07-30 21:00,56478.0,47184.0,48812.0,58635.0,58105.0,53293.0,53293.0
07-30 22:00,54955.0,46771.0,48773.0,57385.0,56355.0,51505.0,51505.0
07-30 23:00,50543.0,44012.0,45526.0,53174.0,52070.0,48042.0,48042.0
07-31 00:00,46812.0,40596.0,42513.0,49571.0,48139.0,44996.0,44996.0
07-31 01:00,44706.0,38821.0,40722.0,47561.0,46282.0,42600.0,42600.0
07-31 02:00,42908.0,37803.0,39688.0,45721.0,44959.0,41659.0,41659.0
07-31 03:00,43119.0,37045.0,40062.0,45274.0,44608.0,41603.0,41603.0
07-31 04:00,45090.0,36829.0,42034.0,46523.0,46175.0,41768.0,41768.0
07-31 05:00,48785.0,37111.0,46508.0,49502.0,50119.0,41958.0,41958.0
07-31 06:00,56156.0,37593.0,54264.0,56769.0,57376.0,44137.0,44137.0
07-31 07:00,61289.0,40619.0,59995.0,62059.0,62419.0,47814.0,47814.0
07-31 08:00,63745.0,43883.0,63183.0,65267.0,64005.0,52794.0,52794.0
07-31 09:00,64995.0,46434.0,64675.0,67147.0,64903.0,55442.0,55442.0
07-31 10:00,66269.0,48837.0,66084.0,68963.0,66627.0,56503.0,56503.0
07-31 11:00,66617.0,50722.0,67510.0,69975.0,67897.0,57369.0,57369.0
07-31 12:00,66234.0,50359.0,67248.0,69014.0,66931.0,57102.0,57102.0
07-31 13:00,64920.0,49165.0,67002.0,68444.0,66179.0,55692.0,55692.0
07-31 14:00,62653.0,47862.0,65088.0,67427.0,64610.0,53966.0,53966.0
07-31 15:00,61369.0,46649.0,63977.0,66635.0,64308.0,53243.0,53243.0
07-31 16:00,60342.0,45828.0,62805.0,65165.0,62945.0,52917.0,52917.0
07-31 17:00,59455.0,47335.0,61798.0,64296.0,62304.0,53846.0,53846.0
07-31 18:00,58719.0,48019.0,61539.0,63926.0,61956.0,53599.0,53599.0
07-31 19:00,57575.0,47828.0,61073.0,63277.0,61298.0,52733.0,52733.0
07-31 20:00,55518.0,47408.0,58974.0,61301.0,59189.0,50482.0,50482.0
07-31 21:00,53578.0,47732.0,56843.0,59339.0,56593.0,48502.0,48502.0
07-31 22:00,52424.0,47859.0,55217.0,57698.0,54773.0,47565.0,47565.0
07-31 23:00,48525.0,44802.0,50596.0,53630.0,50394.0,45340.0,45340.0
08-01 00:00,45311.0,41661.0,46664.0,49948.0,46908.0,41964.0,41964.0
08-01 01:00,42842.0,40212.0,44633.0,47391.0,44701.0,40177.0,40177.0
08-01 02:00,40983.0,39463.0,43027.0,46015.0,44016.0,38597.0,38597.0
08-01 03:00,40438.0,39713.0,43103.0,46109.0,43807.0,38162.0,38162.0
08-01 04:00,40228.0,41705.0,44135.0,47594.0,45236.0,37373.0,37373.0
08-01 05:00,40629.0,45471.0,48934.0,51039.0,48715.0,37658.0,37658.0
08-01 06:00,43201.0,53217.0,56159.0,57906.0,55494.0,38275.0,38275.0
08-01 07:00,47478.0,58783.0,61480.0,62416.0,59986.0,40887.0,40887.0
08-01 08:00,51264.0,61513.0,64211.0,64842.0,62353.0,43873.0,43873.0
08-01 09:00,53977.0,63565.0,65525.0,66313.0,63920.0,46585.0,46585.0
08-01 10:00,55048.0,65596.0,67291.0,67761.0,65102.0,48603.0,48603.0
08-01 11:00,55814.0,66893.0,68580.0,69695.0,65955.0,50102.0,50102.0
08-01 12:00,54877.0,66161.0,67845.0,69334.0,65282.0,50110.0,50110.0
08-01 13:00,53034.0,65337.0,67115.0,68494.0,64821.0,48279.0,48279.0
08-01 14:00,51421.0,64138.0,66489.0,66759.0,63764.0,47165.0,47165.0
08-01 15:00,50423.0,63390.0,65613.0,65903.0,63282.0,46347.0,46347.0
08-01 16:00,49709.0,61669.0,63652.0,64534.0,61648.0,46389.0,46389.0
08-01 17:00,50552.0,60240.0,63362.0,63663.0,60557.0,47851.0,47851.0
08-01 18:00,50599.0,59686.0,62903.0,63266.0,60493.0,48186.0,48186.0
08-01 19:00,50165.0,58989.0,61924.0,62827.0,59778.0,48006.0,48006.0
08-01 20:00,48518.0,56987.0,59852.0,60637.0,57593.0,47204.0,47204.0
08-01 21:00,47409.0,55045.0,58059.0,58902.0,55428.0,47007.0,47007.0
08-01 22:00,47046.0,53835.0,55511.0,57473.0,53942.0,46621.0,46621.0
08-01 23:00,43945.0,49144.0,50831.0,53111.0,49728.0,44100.0,44100.0
08-02 00:00,40618.0,45922.0,47576.0,49841.0,46500.0,41888.0,41888.0
08-02 01:00,38464.0,44103.0,45605.0,47308.0,44333.0,40296.0,40296.0
08-02 02:00,37015.0,42551.0,43668.0,46083.0,42972.0,39983.0,39983.0
08-02 03:00,36098.0,42672.0,43710.0,46010.0,43052.0,39704.0,39704.0
08-02 04:00,35798.0,44019.0,45393.0,47561.0,44450.0,42070.0,42070.0
08-02 05:00,35878.0,48232.0,49070.0,51084.0,47994.0,46412.0,46412.0
08-02 06:00,36234.0,55419.0,56380.0,57654.0,54951.0,52742.0,52742.0
08-02 07:00,39607.0,60786.0,62015.0,62622.0,59689.0,58282.0,58282.0
08-02 08:00,43240.0,63442.0,64717.0,65267.0,62211.0,61393.0,61393.0
08-02 09:00,46112.0,65260.0,65904.0,66625.0,63731.0,63144.0,63144.0
08-02 10:00,48057.0,67357.0,67100.0,68190.0,65046.0,64267.0,64267.0
08-02 11:00,49502.0,67974.0,68046.0,69108.0,65558.0,65456.0,65456.0
08-02 12:00,49187.0,67545.0,67830.0,68549.0,64880.0,65331.0,65331.0
08-02 13:00,47858.0,66854.0,67255.0,68251.0,63452.0,64623.0,64623.0
08-02 14:00,46577.0,65311.0,65581.0,66765.0,61870.0,62762.0,62762.0
08-02 15:00,45617.0,64328.0,64872.0,66434.0,61378.0,62117.0,62117.0
08-02 16:00,45478.0,62603.0,63873.0,65199.0,59691.0,60922.0,60922.0
08-02 17:00,46567.0,61935.0,62809.0,64435.0,59850.0,59822.0,59822.0
08-02 18:00,47407.0,61427.0,61879.0,63721.0,59092.0,59599.0,59599.0
08-02 19:00,47865.0,60993.0,61492.0,63447.0,57695.0,58700.0,58700.0
08-02 20:00,47821.0,59029.0,59295.0,61158.0,55573.0,56058.0,56058.0
08-02 21:00,48807.0,56933.0,57930.0,59058.0,53091.0,53964.0,53964.0
08-02 22:00,48997.0,54751.0,55630.0,57800.0,51193.0,51711.0,51711.0
08-02 23:00,45792.0,49867.0,51165.0,53390.0,47177.0,47875.0,47875.0
08-03 00:00,42533.0,46294.0,47099.0,49604.0,43659.0,45076.0,45076.0
08-03 01:00,40752.0,44291.0,44893.0,47275.0,42017.0,43065.0,43065.0
08-03 02:00,39663.0,43319.0,43774.0,45836.0,40551.0,42314.0,42314.0
08-03 03:00,39807.0,43050.0,43971.0,45705.0,39911.0,42467.0,42467.0
08-03 04:00,41459.0,44511.0,45469.0,47365.0,39750.0,43847.0,43847.0
08-03 05:00,45931.0,48498.0,49735.0,50724.0,40167.0,47563.0,47563.0
08-03 06:00,54295.0,55982.0,56690.0,57733.0,42377.0,53987.0,53987.0
08-03 07:00,59588.0,61261.0,62609.0,62558.0,46103.0,58769.0,58769.0
08-03 08:00,62771.0,64099.0,65432.0,65507.0,49569.0,61772.0,61772.0
08-03 09:00,64713.0,66081.0,67085.0,67327.0,52176.0,63820.0,63820.0
08-03 10:00,66425.0,67605.0,68989.0,68555.0,53565.0,64759.0,64759.0
08-03 11:00,67530.0,68788.0,69824.0,69245.0,54305.0,66018.0,66018.0
08-03 12:00,66882.0,68434.0,68847.0,68665.0,53828.0,65592.0,65592.0
08-03 13:00,66914.0,68064.0,68782.0,67390.0,52504.0,64237.0,64237.0
08-03 14:00,65841.0,66926.0,67535.0,65511.0,50841.0,63090.0,63090.0
08-03 15:00,64935.0,65946.0,67507.0,64621.0,49916.0,62337.0,62337.0
08-03 16:00,62984.0,64226.0,65978.0,63432.0,49194.0,60977.0,60977.0
08-03 17:00,62107.0,63546.0,64510.0,63022.0,49855.0,60045.0,60045.0
08-03 18:00,61492.0,62810.0,63535.0,62386.0,49696.0,59928.0,59928.0
08-03 19:00,60444.0,62291.0,62820.0,61538.0,49232.0,59182.0,59182.0
08-03 20:00,58458.0,60179.0,60601.0,59207.0,47387.0,56891.0,56891.0
08-03 21:00,56668.0,58230.0,58138.0,56940.0,46081.0,54850.0,54850.0
08-03 22:00,55451.0,55548.0,56323.0,55412.0,45171.0,52461.0,52461.0
08-03 23:00,50918.0,50969.0,51796.0,51883.0,42430.0,48508.0,48508.0
08-04 00:00,47347.0,47059.0,47934.0,48302.0,39632.0,45413.0,45413.0
08-04 01:00,45005.0,45079.0,45616.0,45892.0,38088.0,43563.0,43563.0
08-04 02:00,43292.0,43886.0,44221.0,44042.0,36849.0,42396.0,42396.0
08-04 03:00,43041.0,44079.0,44405.0,43322.0,36514.0,42079.0,42079.0
08-04 04:00,44489.0,45315.0,45997.0,42883.0,36316.0,43566.0,43566.0
08-04 05:00,48487.0,48750.0,50213.0,43267.0,36591.0,47358.0,47358.0
08-04 06:00,55870.0,56081.0,57391.0,45504.0,37021.0,53335.0,53335.0
08-04 07:00,61300.0,61756.0,62765.0,49305.0,39596.0,58149.0,58149.0
08-04 08:00,63949.0,64598.0,65566.0,52975.0,42846.0,60714.0,60714.0
08-04 09:00,65897.0,65990.0,66967.0,55855.0,45526.0,61963.0,61963.0
08-04 10:00,67584.0,68093.0,68988.0,57157.0,47530.0,62883.0,62883.0
08-04 11:00,68884.0,69352.0,69275.0,58070.0,48995.0,64253.0,64253.0
08-04 12:00,68716.0,68521.0,68842.0,57481.0,48484.0,63840.0,63840.0
08-04 13:00,67996.0,67798.0,67835.0,56390.0,47390.0,62676.0,62676.0
08-04 14:00,66494.0,66358.0,65512.0,54986.0,46334.0,61332.0,61332.0
08-04 15:00,65422.0,65369.0,64242.0,54148.0,45667.0,60270.0,60270.0
08-04 16:00,64124.0,63894.0,62927.0,53504.0,45254.0,59265.0,59265.0
08-04 17:00,62424.0,62919.0,61698.0,53755.0,45671.0,59228.0,59228.0
08-04 18:00,61798.0,61881.0,60749.0,53949.0,46159.0,59340.0,59340.0
08-04 19:00,61431.0,61228.0,59914.0,53120.0,46170.0,58785.0,58785.0
08-04 20:00,59113.0,59267.0,57233.0,51721.0,45507.0,56764.0,56764.0
08-04 21:00,57539.0,57188.0,54657.0,49909.0,45748.0,54712.0,54712.0
08-04 22:00,55149.0,54620.0,52610.0,49222.0,45478.0,52468.0,52468.0
08-04 23:00,50701.0,50179.0,48876.0,46720.0,42274.0,48314.0,48314.0
08-05 00:00,46879.0,46990.0,45891.0,44169.0,39841.0,45328.0,45328.0
08-05 01:00,44516.0,44557.0,43845.0,42258.0,39023.0,43131.0,43131.0
08-05 02:00,43052.0,43224.0,41859.0,40707.0,37679.0,42308.0,42308.0
08-05 03:00,42985.0,43071.0,41218.0,39699.0,37695.0,42288.0,42288.0
08-05 04:00,44639.0,44522.0,40866.0,39416.0,39611.0,43522.0,43522.0
08-05 05:00,48111.0,48236.0,41185.0,39448.0,44317.0,47122.0,47122.0
08-05 06:00,55318.0,55589.0,43380.0,39974.0,51942.0,53265.0,53265.0
08-05 07:00,60258.0,60838.0,46967.0,43202.0,57123.0,57901.0,57901.0
08-05 08:00,63110.0,63620.0,50794.0,45785.0,60215.0,60877.0,60877.0
08-05 09:00,64430.0,64686.0,53852.0,48301.0,61672.0,62220.0,62220.0
08-05 10:00,66064.0,65948.0,55253.0,50020.0,63121.0,63588.0,63588.0
08-05 11:00,67601.0,66612.0,55979.0,51403.0,64704.0,65318.0,65318.0
08-05 12:00,67244.0,66106.0,55795.0,51300.0,64183.0,64851.0,64851.0
08-05 13:00,66823.0,64633.0,54138.0,50198.0,63094.0,63663.0,63663.0
08-05 14:00,65037.0,62674.0,52135.0,49100.0,62376.0,62710.0,62710.0
08-05 15:00,63724.0,61505.0,50827.0,48506.0,62013.0,61701.0,61701.0
08-05 16:00,61948.0,60502.0,50276.0,48454.0,60397.0,61448.0,61448.0
08-05 17:00,61068.0,60154.0,50780.0,49567.0,59815.0,61058.0,61058.0
08-05 18:00,60507.0,59536.0,50774.0,50126.0,59479.0,60720.0,60720.0
08-05 19:00,59867.0,58667.0,50726.0,49724.0,58731.0,60156.0,60156.0
08-05 20:00,57663.0,56130.0,48939.0,49503.0,56877.0,58067.0,58067.0
08-05 21:00,56483.0,54146.0,47314.0,50009.0,54882.0,56120.0,56120.0
08-05 22:00,55252.0,52006.0,46722.0,49873.0,52399.0,53709.0,53709.0
08-05 23:00,50535.0,48113.0,43916.0,46889.0,48223.0,48554.0,48554.0
08-06 00:00,47345.0,44653.0,40787.0,44296.0,45709.0,45547.0,45547.0
08-06 01:00,45166.0,42485.0,38241.0,42198.0,43505.0,43600.0,43600.0
08-06 02:00,44115.0,40858.0,36900.0,41110.0,42437.0,42631.0,42631.0
08-06 03:00,43868.0,39996.0,36238.0,41305.0,42234.0,43032.0,43032.0
08-06 04:00,45440.0,40118.0,36224.0,43405.0,43759.0,44313.0,44313.0
08-06 05:00,49001.0,40662.0,36297.0,47784.0,47416.0,47779.0,47779.0
08-06 06:00,56084.0,42889.0,36591.0,55155.0,54419.0,53585.0,53585.0
08-06 07:00,60896.0,47008.0,39359.0,60555.0,59851.0,58495.0,58495.0
08-06 08:00,63438.0,50934.0,42728.0,63655.0,62616.0,61419.0,61419.0
08-06 09:00,65490.0,53507.0,45674.0,65320.0,64089.0,62103.0,62103.0
08-06 10:00,67050.0,54637.0,47846.0,66735.0,65801.0,63601.0,63601.0
08-06 11:00,68425.0,55550.0,49331.0,67915.0,67034.0,64346.0,64346.0
08-06 12:00,67796.0,55262.0,49122.0,67358.0,65946.0,63909.0,63909.0
08-06 13:00,67362.0,53455.0,47581.0,67106.0,65406.0,63249.0,63249.0
08-06 14:00,66050.0,51138.0,45792.0,65741.0,64267.0,61631.0,61631.0
08-06 15:00,64874.0,50105.0,44883.0,65195.0,63233.0,60678.0,60678.0
08-06 16:00,63966.0,49672.0,44721.0,64133.0,61309.0,60330.0,60330.0
08-06 17:00,63056.0,50372.0,45729.0,63375.0,61403.0,59638.0,59638.0
08-06 18:00,62315.0,50435.0,46663.0,63030.0,60996.0,58863.0,58863.0
08-06 19:00,61656.0,49844.0,46976.0,62836.0,59573.0,57570.0,57570.0
08-06 20:00,59958.0,48249.0,46582.0,61091.0,56917.0,55185.0,55185.0
08-06 21:00,58168.0,47080.0,47044.0,59214.0,55491.0,52930.0,52930.0
08-06 22:00,56689.0,46475.0,46816.0,56988.0,52796.0,50699.0,50699.0
08-06 23:00,51647.0,43322.0,44283.0,52682.0,48329.0,46917.0,46917.0
08-07 00:00,48012.0,40335.0,41121.0,48477.0,45393.0,44145.0,44145.0
08-07 01:00,45309.0,38032.0,39325.0,46800.0,43469.0,42013.0,42013.0
08-07 02:00,44035.0,36316.0,38384.0,45237.0,42679.0,40713.0,40713.0
08-07 03:00,43813.0,35846.0,38394.0,44879.0,43117.0,39949.0,39949.0
08-07 04:00,44788.0,35962.0,40360.0,46265.0,44886.0,39614.0,39614.0
08-07 05:00,48531.0,36199.0,45181.0,50352.0,48096.0,40538.0,40538.0
08-07 06:00,55650.0,36690.0,53046.0,57175.0,55086.0,42072.0,42072.0
08-07 07:00,61048.0,39757.0,58606.0,61681.0,59625.0,45178.0,45178.0
08-07 08:00,63702.0,43748.0,61609.0,64682.0,62257.0,49033.0,49033.0
08-07 09:00,65828.0,46613.0,63040.0,66490.0,63943.0,51656.0,51656.0
08-07 10:00,67544.0,48074.0,65348.0,68073.0,66066.0,52881.0,52881.0
08-07 11:00,68454.0,49469.0,66407.0,69184.0,66738.0,54391.0,54391.0
08-07 12:00,67600.0,49139.0,65797.0,68626.0,66158.0,54213.0,54213.0
08-07 13:00,66597.0,47388.0,64974.0,68714.0,65740.0,52855.0,52855.0
08-07 14:00,64597.0,46072.0,63932.0,67303.0,64488.0,51390.0,51390.0
08-07 15:00,63121.0,44982.0,62959.0,66682.0,63138.0,50627.0,50627.0
08-07 16:00,61851.0,45092.0,61198.0,64788.0,61540.0,49976.0,49976.0
08-07 17:00,61199.0,46668.0,60443.0,64289.0,61515.0,50537.0,50537.0
08-07 18:00,60128.0,47313.0,60023.0,63438.0,60826.0,50981.0,50981.0
08-07 19:00,59045.0,47369.0,59713.0,63237.0,60171.0,50225.0,50225.0
08-07 20:00,56622.0,47354.0,57974.0,61565.0,57599.0,49030.0,49030.0
08-07 21:00,54826.0,48327.0,56592.0,60622.0,56332.0,47585.0,47585.0
08-07 22:00,53582.0,48013.0,54256.0,58352.0,53591.0,46360.0,46360.0
08-07 23:00,49601.0,44996.0,49941.0,53878.0,49348.0,43304.0,43304.0
08-08 00:00,45914.0,42146.0,46447.0,50699.0,46361.0,40344.0,40344.0
08-08 01:00,43738.0,39990.0,44278.0,49249.0,44144.0,38936.0,38936.0
08-08 02:00,42235.0,39388.0,43075.0,47411.0,43319.0,38116.0,38116.0
08-08 03:00,41830.0,39230.0,42616.0,47494.0,43597.0,37797.0,37797.0
08-08 04:00,41933.0,41228.0,44071.0,48635.0,45037.0,38070.0,38070.0
08-08 05:00,42978.0,46134.0,48294.0,51746.0,48673.0,38529.0,38529.0
08-08 06:00,45926.0,53969.0,55456.0,59034.0,55049.0,39286.0,39286.0
08-08 07:00,49661.0,60071.0,60410.0,64297.0,60002.0,41883.0,41883.0
08-08 08:00,53173.0,63520.0,63216.0,67172.0,62887.0,45915.0,45915.0
08-08 09:00,56201.0,65620.0,64977.0,68077.0,64565.0,48743.0,48743.0
08-08 10:00,57418.0,67017.0,66173.0,69256.0,66030.0,51010.0,51010.0
08-08 11:00,58339.0,68482.0,68008.0,70451.0,67817.0,52942.0,52942.0
08-08 12:00,57365.0,68107.0,67471.0,70072.0,67249.0,52708.0,52708.0
08-08 13:00,56082.0,67376.0,67111.0,69819.0,66757.0,50972.0,50972.0
08-08 14:00,53909.0,65857.0,65450.0,68710.0,65116.0,48361.0,48361.0
08-08 15:00,53174.0,64901.0,64701.0,68582.0,64756.0,48017.0,48017.0
08-08 16:00,52258.0,63350.0,62912.0,66939.0,63294.0,48202.0,48202.0
08-08 17:00,52059.0,62258.0,62555.0,65837.0,62166.0,49167.0,49167.0
08-08 18:00,52048.0,61134.0,62435.0,64647.0,61611.0,49573.0,49573.0
08-08 19:00,51819.0,60197.0,61907.0,63982.0,61185.0,48694.0,48694.0
08-08 20:00,50221.0,57841.0,59610.0,60891.0,58285.0,47785.0,47785.0
08-08 21:00,49314.0,56328.0,58354.0,58826.0,56822.0,47021.0,47021.0
08-08 22:00,48744.0,53995.0,55287.0,56739.0,54493.0,46301.0,46301.0
08-08 23:00,45467.0,49023.0,50418.0,52467.0,50096.0,43468.0,43468.0
08-09 00:00,42396.0,45966.0,46042.0,49538.0,46823.0,41397.0,41397.0
08-09 01:00,40089.0,44104.0,44225.0,47498.0,44545.0,39788.0,39788.0
08-09 02:00,38497.0,42717.0,43204.0,46145.0,43307.0,39268.0,39268.0
08-09 03:00,37541.0,42543.0,43396.0,45800.0,43323.0,39242.0,39242.0
08-09 04:00,37614.0,43938.0,45239.0,46866.0,44718.0,41235.0,41235.0
08-09 05:00,37649.0,48299.0,49309.0,50442.0,48519.0,45893.0,45893.0
08-09 06:00,38250.0,55268.0,57148.0,56899.0,55040.0,52179.0,52179.0
08-09 07:00,41372.0,60703.0,62180.0,61609.0,59989.0,56722.0,56722.0
08-09 08:00,44406.0,62790.0,64491.0,64310.0,62843.0,59459.0,59459.0
08-09 09:00,47262.0,64231.0,65974.0,66342.0,64185.0,61130.0,61130.0
08-09 10:00,49221.0,65755.0,67255.0,67481.0,65345.0,62028.0,62028.0
08-09 11:00,50834.0,67246.0,68578.0,68504.0,66440.0,63721.0,63721.0
08-09 12:00,50684.0,66708.0,67783.0,68287.0,65938.0,63740.0,63740.0
08-09 13:00,49457.0,66020.0,66661.0,67808.0,65345.0,63363.0,63363.0
08-09 14:00,48201.0,64797.0,65719.0,67705.0,63461.0,61553.0,61553.0
08-09 15:00,47102.0,63864.0,64952.0,68070.0,62175.0,60454.0,60454.0
08-09 16:00,46577.0,62597.0,62698.0,66098.0,61490.0,58767.0,58767.0
08-09 17:00,48403.0,61730.0,62050.0,65503.0,61768.0,58404.0,58404.0
08-09 18:00,49193.0,60437.0,62167.0,65136.0,60853.0,58332.0,58332.0
08-09 19:00,49205.0,59876.0,61433.0,65612.0,59765.0,57964.0,57964.0
08-09 20:00,49035.0,58000.0,59151.0,63340.0,57460.0,55978.0,55978.0
08-09 21:00,49982.0,56539.0,57953.0,61043.0,55798.0,54800.0,54800.0
08-09 22:00,49679.0,53766.0,54975.0,58187.0,53128.0,51927.0,51927.0
08-09 23:00,46720.0,49161.0,50659.0,54441.0,49225.0,47995.0,47995.0
08-10 00:00,43908.0,45799.0,46527.0,50829.0,46569.0,44589.0,44589.0
08-10 01:00,42001.0,44087.0,44866.0,48696.0,44128.0,42919.0,42919.0
08-10 02:00,40758.0,42755.0,43466.0,47443.0,42420.0,41948.0,41948.0
08-10 03:00,40518.0,42820.0,43365.0,47331.0,41668.0,41911.0,41911.0
08-10 04:00,41971.0,44255.0,44369.0,48520.0,41596.0,43171.0,43171.0
08-10 05:00,46858.0,48540.0,49015.0,52542.0,42195.0,47414.0,47414.0
08-10 06:00,54480.0,55758.0,56545.0,59262.0,45007.0,52690.0,52690.0
08-10 07:00,60142.0,60830.0,61148.0,63743.0,48509.0,57458.0,57458.0
08-10 08:00,63079.0,63198.0,64051.0,66333.0,52320.0,59850.0,59850.0
08-10 09:00,65354.0,64402.0,65390.0,67265.0,55815.0,60960.0,60960.0
08-10 10:00,67018.0,66150.0,66310.0,67893.0,56752.0,62326.0,62326.0
08-10 11:00,67985.0,66870.0,67763.0,68424.0,58163.0,63616.0,63616.0
08-10 12:00,67353.0,66042.0,67267.0,68203.0,57875.0,63560.0,63560.0
08-10 13:00,66599.0,65655.0,66577.0,66840.0,56588.0,63259.0,63259.0
08-10 14:00,65340.0,63539.0,64878.0,64285.0,54757.0,61623.0,61623.0
08-10 15:00,64784.0,62669.0,63832.0,62989.0,54217.0,60871.0,60871.0
08-10 16:00,62991.0,61551.0,62619.0,61779.0,53890.0,60396.0,60396.0
08-10 17:00,61838.0,60958.0,61828.0,61517.0,53924.0,59942.0,59942.0
08-10 18:00,61329.0,60346.0,61501.0,60416.0,53766.0,59842.0,59842.0
08-10 19:00,60908.0,59652.0,61215.0,59348.0,53013.0,59035.0,59035.0
08-10 20:00,59312.0,57929.0,59193.0,57096.0,50485.0,57181.0,57181.0
08-10 21:00,57627.0,56450.0,57506.0,55225.0,48914.0,55291.0,55291.0
08-10 22:00,54963.0,53759.0,54508.0,52800.0,47558.0,52260.0,52260.0
08-10 23:00,50410.0,49359.0,50538.0,48890.0,44775.0,48360.0,48360.0
08-11 00:00,47037.0,45805.0,46931.0,46600.0,42949.0,45042.0,45042.0
08-11 01:00,45268.0,43818.0,44796.0,43933.0,40841.0,42994.0,42994.0
08-11 02:00,44234.0,42446.0,43164.0,42552.0,39481.0,42333.0,42333.0
08-11 03:00,44268.0,42318.0,43378.0,42536.0,38671.0,42402.0,42402.0
08-11 04:00,45698.0,43896.0,44746.0,42978.0,38433.0,43623.0,43623.0
08-11 05:00,49201.0,47970.0,49443.0,43369.0,38719.0,47371.0,47371.0
08-11 06:00,56254.0,54986.0,56120.0,45493.0,39615.0,53268.0,53268.0
08-11 07:00,61473.0,59646.0,60879.0,48934.0,42414.0,58051.0,58051.0
08-11 08:00,64504.0,61984.0,63969.0,52636.0,45439.0,60849.0,60849.0
08-11 09:00,66821.0,63497.0,65108.0,55369.0,48459.0,61941.0,61941.0
08-11 10:00,68684.0,65238.0,66566.0,56666.0,50475.0,63532.0,63532.0
08-11 11:00,70065.0,66518.0,67907.0,57574.0,52828.0,64429.0,64429.0
08-11 12:00,69593.0,65918.0,67240.0,57285.0,52444.0,63830.0,63830.0
08-11 13:00,69002.0,65249.0,65129.0,55785.0,50201.0,63477.0,63477.0
08-11 14:00,67959.0,63811.0,62847.0,53607.0,48806.0,61538.0,61538.0
08-11 15:00,67224.0,63201.0,62401.0,52439.0,48183.0,60996.0,60996.0
08-11 16:00,62979.0,61257.0,60689.0,52385.0,46973.0,59706.0,59706.0
08-11 17:00,61999.0,61084.0,60290.0,52326.0,46814.0,59467.0,59467.0
08-11 18:00,61361.0,60659.0,59822.0,52457.0,48067.0,59310.0,59310.0
08-11 19:00,61012.0,60409.0,59355.0,52179.0,48201.0,58502.0,58502.0
08-11 20:00,59008.0,58941.0,57067.0,50302.0,47450.0,56598.0,56598.0
08-11 21:00,57973.0,57410.0,55110.0,49076.0,47171.0,55493.0,55493.0
08-11 22:00,55574.0,53855.0,51479.0,47680.0,46464.0,52580.0,52580.0
08-11 23:00,51111.0,49795.0,48161.0,44528.0,44042.0,48413.0,48413.0
08-12 00:00,47125.0,46426.0,44226.0,41970.0,41785.0,44926.0,44926.0
08-12 01:00,45158.0,44413.0,42149.0,40289.0,40442.0,42986.0,42986.0
08-12 02:00,43943.0,42609.0,40501.0,38318.0,39728.0,41750.0,41750.0
08-12 03:00,43906.0,42932.0,40345.0,37579.0,39433.0,41512.0,41512.0
08-12 04:00,45503.0,44307.0,40567.0,37273.0,41351.0,43133.0,43133.0
08-12 05:00,49413.0,48817.0,41519.0,37524.0,46601.0,47196.0,47196.0
08-12 06:00,57007.0,55857.0,43681.0,37866.0,53770.0,53544.0,53544.0
08-12 07:00,61986.0,61028.0,47066.0,40454.0,59241.0,58015.0,58015.0
08-12 08:00,64817.0,63879.0,50770.0,44010.0,61813.0,60846.0,60846.0
08-12 09:00,66099.0,65385.0,53394.0,46636.0,63443.0,62184.0,62184.0
08-12 10:00,67604.0,66730.0,54635.0,48416.0,65197.0,63684.0,63684.0
08-12 11:00,68758.0,67449.0,55772.0,49771.0,66419.0,64794.0,64794.0
08-12 12:00,68362.0,66582.0,55048.0,49701.0,65652.0,64354.0,64354.0
08-12 13:00,67434.0,65185.0,54036.0,48307.0,65106.0,63614.0,63614.0
08-12 14:00,65859.0,63267.0,52201.0,47391.0,63918.0,62360.0,62360.0
08-12 15:00,64797.0,62265.0,51215.0,46744.0,62731.0,61242.0,61242.0
08-12 16:00,63397.0,60929.0,50732.0,46629.0,61882.0,60034.0,60034.0
08-12 17:00,63119.0,60847.0,51268.0,47783.0,60864.0,59541.0,59541.0
08-12 18:00,62571.0,60139.0,51033.0,48298.0,60434.0,59457.0,59457.0
08-12 19:00,61583.0,59365.0,50650.0,48498.0,59461.0,58946.0,58946.0
08-12 20:00,59673.0,57504.0,49314.0,48253.0,57650.0,57099.0,57099.0
08-12 21:00,58480.0,55544.0,48187.0,49140.0,56778.0,56107.0,56107.0
08-12 22:00,56094.0,52800.0,46170.0,48451.0,53574.0,53103.0,53103.0
08-12 23:00,51437.0,48562.0,43163.0,45196.0,48881.0,49313.0,49313.0
08-13 00:00,47980.0,45216.0,40006.0,42648.0,46184.0,46206.0,46206.0
08-13 01:00,46045.0,42683.0,37951.0,40971.0,43947.0,44365.0,44365.0
08-13 02:00,44491.0,41374.0,36623.0,39947.0,42780.0,42849.0,42849.0
08-13 03:00,44293.0,40708.0,35730.0,39987.0,42648.0,43168.0,43168.0
08-13 04:00,45675.0,40708.0,35590.0,42236.0,44511.0,44494.0,44494.0
08-13 05:00,50012.0,41500.0,36178.0,47062.0,48390.0,48198.0,48198.0
08-13 06:00,57057.0,43531.0,36889.0,54543.0,55222.0,54630.0,54630.0
08-13 07:00,61731.0,47742.0,39638.0,60022.0,59939.0,59136.0,59136.0
08-13 08:00,63925.0,51852.0,43143.0,63340.0,62426.0,61510.0,61510.0
08-13 09:00,65667.0,54743.0,45526.0,65938.0,63709.0,63154.0,63154.0
08-13 10:00,66707.0,56523.0,47624.0,67273.0,65265.0,64147.0,64147.0
08-13 11:00,68186.0,57065.0,49874.0,67869.0,67078.0,65160.0,65160.0
08-13 12:00,67467.0,56273.0,49722.0,67292.0,66435.0,64767.0,64767.0
08-13 13:00,67492.0,54633.0,47802.0,67169.0,65413.0,63874.0,63874.0
08-13 14:00,66313.0,52805.0,46020.0,65429.0,64459.0,62303.0,62303.0
08-13 15:00,65752.0,51429.0,45340.0,64375.0,64001.0,61124.0,61124.0
08-13 16:00,64370.0,50867.0,44654.0,63460.0,62407.0,60173.0,60173.0
08-13 17:00,63398.0,51205.0,46159.0,63459.0,61461.0,60133.0,60133.0
08-13 18:00,62455.0,51166.0,47108.0,62825.0,60982.0,59286.0,59286.0
08-13 19:00,62016.0,50528.0,47218.0,61778.0,60090.0,58053.0,58053.0
08-13 20:00,60126.0,48987.0,46889.0,59734.0,57466.0,56330.0,56330.0
08-13 21:00,59306.0,48575.0,47547.0,58242.0,56752.0,55263.0,55263.0
08-13 22:00,56879.0,46930.0,46957.0,54976.0,53611.0,52705.0,52705.0
08-13 23:00,52345.0,43638.0,43900.0,51113.0,49129.0,49255.0,49255.0
08-14 00:00,47898.0,41203.0,40899.0,47807.0,46277.0,45437.0,45437.0
08-14 01:00,45913.0,38908.0,39189.0,45860.0,44460.0,43357.0,43357.0
08-14 02:00,44735.0,37243.0,37974.0,44438.0,43032.0,42016.0,42016.0
08-14 03:00,45227.0,36916.0,38071.0,44183.0,43212.0,41131.0,41131.0
08-14 04:00,46620.0,36768.0,40036.0,45546.0,44608.0,41232.0,41232.0
08-14 05:00,50604.0,37090.0,44906.0,49733.0,48467.0,41419.0,41419.0
08-14 06:00,57391.0,37456.0,52258.0,56689.0,55473.0,43236.0,43236.0
08-14 07:00,62316.0,40149.0,57568.0,60834.0,60010.0,46641.0,46641.0
08-14 08:00,64717.0,43497.0,61118.0,63800.0,61543.0,50445.0,50445.0
08-14 09:00,65714.0,46316.0,62620.0,65177.0,62804.0,53022.0,53022.0
08-14 10:00,67235.0,48206.0,64018.0,66384.0,64385.0,55033.0,55033.0
08-14 11:00,68100.0,50174.0,65227.0,67852.0,65434.0,55540.0,55540.0
08-14 12:00,67345.0,49939.0,64783.0,67352.0,64870.0,55296.0,55296.0
08-14 13:00,66657.0,48736.0,64563.0,66838.0,64296.0,53659.0,53659.0
08-14 14:00,64638.0,46950.0,63189.0,65570.0,62801.0,52335.0,52335.0
08-14 15:00,63573.0,45655.0,62453.0,65055.0,62121.0,51592.0,51592.0
08-14 16:00,61918.0,45285.0,60378.0,63689.0,60217.0,51180.0,51180.0
08-14 17:00,60882.0,46492.0,59832.0,62826.0,59425.0,51827.0,51827.0
08-14 18:00,60853.0,47280.0,59364.0,62688.0,59020.0,52265.0,52265.0
08-14 19:00,59702.0,47376.0,58771.0,62333.0,58639.0,51406.0,51406.0
08-14 20:00,57339.0,46938.0,57265.0,59724.0,57185.0,49138.0,49138.0
08-14 21:00,56084.0,47933.0,56292.0,58367.0,55968.0,49078.0,49078.0
08-14 22:00,53285.0,47207.0,53935.0,55185.0,52547.0,47638.0,47638.0
08-14 23:00,49496.0,44143.0,49733.0,50900.0,48205.0,44746.0,44746.0
08-15 00:00,46056.0,41463.0,46511.0,47494.0,45136.0,41569.0,41569.0
08-15 01:00,44300.0,39235.0,44305.0,45617.0,43066.0,39762.0,39762.0
08-15 02:00,42278.0,38059.0,42914.0,44216.0,42404.0,38609.0,38609.0
08-15 03:00,41511.0,38229.0,42734.0,44231.0,42750.0,38174.0,38174.0
08-15 04:00,41490.0,40048.0,43847.0,45438.0,44368.0,37968.0,37968.0
08-15 05:00,41854.0,44474.0,47398.0,49239.0,48592.0,38340.0,38340.0
08-15 06:00,43797.0,51413.0,53546.0,54694.0,54200.0,38420.0,38420.0
08-15 07:00,47533.0,56499.0,58098.0,59179.0,58064.0,41295.0,41295.0
08-15 08:00,50810.0,59728.0,60928.0,61421.0,60779.0,45270.0,45270.0
08-15 09:00,53592.0,61494.0,63315.0,62935.0,62217.0,47873.0,47873.0
08-15 10:00,55535.0,63297.0,64680.0,64220.0,64005.0,49624.0,49624.0
08-15 11:00,56421.0,64508.0,66070.0,65156.0,65171.0,51251.0,51251.0
08-15 12:00,55893.0,63700.0,65335.0,64747.0,64948.0,50593.0,50593.0
08-15 13:00,54058.0,63233.0,64511.0,64001.0,64950.0,49221.0,49221.0
08-15 14:00,51969.0,62018.0,62627.0,62353.0,63445.0,47965.0,47965.0
08-15 15:00,51201.0,61339.0,62556.0,62079.0,63007.0,47664.0,47664.0
08-15 16:00,50493.0,59310.0,60494.0,60464.0,62377.0,47214.0,47214.0
08-15 17:00,50866.0,58634.0,60366.0,60080.0,61195.0,48021.0,48021.0
08-15 18:00,50845.0,58501.0,59767.0,59593.0,61208.0,49413.0,49413.0
08-15 19:00,50503.0,58061.0,59618.0,59621.0,59811.0,49001.0,49001.0
08-15 20:00,49012.0,56343.0,58040.0,57297.0,57845.0,48322.0,48322.0
08-15 21:00,48877.0,55645.0,56872.0,56984.0,56212.0,48580.0,48580.0
08-15 22:00,47107.0,53026.0,53766.0,54000.0,52813.0,47411.0,47411.0
08-15 23:00,43994.0,48593.0,49347.0,49642.0,48899.0,45037.0,45037.0
08-16 00:00,41321.0,44864.0,46090.0,46358.0,45614.0,42954.0,42954.0
08-16 01:00,39259.0,42861.0,43771.0,44432.0,43955.0,41292.0,41292.0
08-16 02:00,37748.0,41633.0,42620.0,43190.0,43009.0,40687.0,40687.0
08-16 03:00,37126.0,41696.0,43062.0,43235.0,43143.0,40607.0,40607.0
08-16 04:00,37068.0,43808.0,44747.0,44961.0,44486.0,43009.0,43009.0
08-16 05:00,37502.0,47643.0,49409.0,50007.0,47888.0,47888.0,47888.0
08-16 06:00,38383.0,54748.0,56717.0,55508.0,54398.0,54587.0,54587.0
08-16 07:00,40746.0,59852.0,61716.0,59773.0,58702.0,59362.0,59362.0
08-16 08:00,43955.0,62763.0,63828.0,62666.0,61050.0,63094.0,63094.0
08-16 09:00,46672.0,64451.0,65031.0,63939.0,62585.0,65294.0,65294.0
08-16 10:00,49022.0,65809.0,66709.0,66115.0,63674.0,66939.0,66939.0
08-16 11:00,51217.0,67134.0,67866.0,66993.0,64395.0,68246.0,68246.0
08-16 12:00,50856.0,66309.0,66983.0,66910.0,63724.0,67505.0,67505.0
08-16 13:00,49294.0,65643.0,66651.0,66494.0,62452.0,67242.0,67242.0
08-16 14:00,47541.0,64313.0,65220.0,64949.0,60923.0,65160.0,65160.0
08-16 15:00,46816.0,63590.0,64515.0,64385.0,59012.0,64237.0,64237.0
08-16 16:00,46805.0,61607.0,62714.0,63501.0,58220.0,63007.0,63007.0
08-16 17:00,48185.0,60878.0,61537.0,62612.0,57270.0,62683.0,62683.0
08-16 18:00,49006.0,60567.0,61124.0,62562.0,56467.0,62483.0,62483.0
08-16 19:00,48855.0,60269.0,60599.0,61844.0,55932.0,61851.0,61851.0
08-16 20:00,48700.0,58248.0,59093.0,59893.0,54492.0,59806.0,59806.0
08-16 21:00,48964.0,57544.0,58666.0,59302.0,53362.0,57678.0,57678.0
08-16 22:00,48102.0,54537.0,55107.0,56138.0,50061.0,54786.0,54786.0
08-16 23:00,44971.0,49796.0,50620.0,51645.0,46272.0,51076.0,51076.0
08-17 00:00,42573.0,45900.0,47083.0,48765.0,44218.0,48689.0,48689.0
08-17 01:00,40969.0,43888.0,44911.0,46319.0,42212.0,46809.0,46809.0
08-17 02:00,39677.0,42231.0,43695.0,44873.0,41212.0,45715.0,45715.0
08-17 03:00,39977.0,42360.0,43403.0,44415.0,40910.0,45442.0,45442.0
08-17 04:00,42120.0,44070.0,44923.0,45675.0,41233.0,47108.0,47108.0
08-17 05:00,47496.0,48064.0,49775.0,49956.0,42302.0,51260.0,51260.0
08-17 06:00,55816.0,54809.0,56488.0,56599.0,44053.0,56585.0,56585.0
08-17 07:00,61177.0,60108.0,61540.0,60976.0,47149.0,61042.0,61042.0
08-17 08:00,63832.0,62683.0,63803.0,63497.0,50538.0,63818.0,63818.0
08-17 09:00,65531.0,64363.0,65875.0,64750.0,53078.0,65292.0,65292.0
08-17 10:00,66966.0,65382.0,67155.0,66013.0,54242.0,67029.0,67029.0
08-17 11:00,68112.0,66594.0,67567.0,66961.0,55387.0,68296.0,68296.0
08-17 12:00,67775.0,65955.0,67013.0,66483.0,55072.0,67786.0,67786.0
08-17 13:00,67037.0,65067.0,67075.0,65740.0,53972.0,67240.0,67240.0
08-17 14:00,65220.0,64059.0,65739.0,63463.0,52879.0,65030.0,65030.0
08-17 15:00,64156.0,63125.0,65366.0,62676.0,52334.0,63845.0,63845.0
08-17 16:00,62514.0,61538.0,63824.0,61310.0,51348.0,62981.0,62981.0
08-17 17:00,61943.0,60520.0,63858.0,61155.0,51299.0,63271.0,63271.0
08-17 18:00,61606.0,60086.0,63244.0,60707.0,50882.0,63484.0,63484.0
08-17 19:00,61197.0,59799.0,62775.0,60228.0,50436.0,61973.0,61973.0
08-17 20:00,59655.0,58049.0,60873.0,58397.0,48561.0,60005.0,60005.0
08-17 21:00,58150.0,57461.0,59825.0,56825.0,47833.0,58444.0,58444.0
08-17 22:00,54267.0,54035.0,55712.0,52826.0,45784.0,54953.0,54953.0
08-17 23:00,49509.0,49559.0,51487.0,49347.0,42940.0,50960.0,50960.0
08-18 00:00,46199.0,46076.0,48056.0,46025.0,40333.0,47765.0,47765.0
08-18 01:00,44019.0,44008.0,45708.0,44414.0,38022.0,45628.0,45628.0
08-18 02:00,42954.0,42691.0,44185.0,43114.0,36962.0,44600.0,44600.0
08-18 03:00,43033.0,42814.0,44054.0,42398.0,36131.0,44858.0,44858.0
08-18 04:00,44626.0,44656.0,45157.0,42365.0,36350.0,46701.0,46701.0
08-18 05:00,49391.0,48952.0,49521.0,43132.0,37071.0,50783.0,50783.0
08-18 06:00,56217.0,55861.0,57203.0,44884.0,37702.0,56866.0,56866.0
08-18 07:00,61300.0,60587.0,62255.0,48863.0,40188.0,61793.0,61793.0
08-18 08:00,63747.0,63185.0,65406.0,52840.0,43415.0,64411.0,64411.0
08-18 09:00,65530.0,64779.0,66686.0,54765.0,46313.0,65752.0,65752.0
08-18 10:00,66792.0,66221.0,67910.0,55862.0,48183.0,67014.0,67014.0
08-18 11:00,68065.0,67744.0,68817.0,57002.0,50568.0,68026.0,68026.0
08-18 12:00,67219.0,67060.0,68431.0,56507.0,50511.0,67603.0,67603.0
08-18 13:00,66846.0,66489.0,67143.0,55075.0,49623.0,66407.0,66407.0
08-18 14:00,64833.0,64899.0,65395.0,53530.0,48447.0,64843.0,64843.0
08-18 15:00,63894.0,63999.0,64105.0,53259.0,47810.0,64456.0,64456.0
08-18 16:00,62190.0,62367.0,62219.0,52038.0,47003.0,62646.0,62646.0
08-18 17:00,61604.0,61638.0,61850.0,52105.0,47261.0,62785.0,62785.0
08-18 18:00,61012.0,61006.0,61523.0,52467.0,48486.0,62218.0,62218.0
08-18 19:00,60425.0,60588.0,60423.0,51502.0,47949.0,62006.0,62006.0
08-18 20:00,58842.0,58549.0,58788.0,50073.0,48034.0,60185.0,60185.0
08-18 21:00,58232.0,58055.0,56585.0,49501.0,48535.0,58676.0,58676.0
08-18 22:00,54747.0,54578.0,52502.0,47421.0,47991.0,55057.0,55057.0
08-18 23:00,49645.0,49873.0,48111.0,44490.0,44284.0,51277.0,51277.0
08-19 00:00,46252.0,46193.0,45741.0,42006.0,42259.0,48078.0,48078.0
08-19 01:00,44143.0,44335.0,43644.0,40170.0,40641.0,46191.0,46191.0
08-19 02:00,42973.0,42858.0,41655.0,38835.0,39615.0,44935.0,44935.0
08-19 03:00,42905.0,43094.0,40969.0,38511.0,40052.0,45289.0,45289.0
08-19 04:00,44607.0,44654.0,40822.0,38238.0,41843.0,46495.0,46495.0
08-19 05:00,49077.0,48978.0,41975.0,38813.0,47343.0,50113.0,50113.0
08-19 06:00,56149.0,55615.0,43930.0,38868.0,55230.0,56241.0,56241.0
08-19 07:00,61073.0,60769.0,47514.0,42002.0,60180.0,61383.0,61383.0
08-19 08:00,63317.0,63404.0,51626.0,45621.0,63118.0,64390.0,64390.0
08-19 09:00,64482.0,65273.0,54437.0,47389.0,65188.0,65450.0,65450.0
08-19 10:00,65793.0,66266.0,55746.0,49645.0,66934.0,66427.0,66427.0
08-19 11:00,67121.0,66777.0,56669.0,51078.0,67689.0,67496.0,67496.0
08-19 12:00,66668.0,66018.0,56399.0,50831.0,67502.0,67138.0,67138.0
08-19 13:00,65947.0,65490.0,54204.0,49240.0,66774.0,66151.0,66151.0
08-19 14:00,64132.0,63661.0,51989.0,47733.0,65090.0,65026.0,65026.0
08-19 15:00,63343.0,62403.0,51127.0,47379.0,63920.0,63480.0,63480.0
08-19 16:00,61924.0,61209.0,50879.0,47208.0,61925.0,63193.0,63193.0
08-19 17:00,61038.0,60385.0,51028.0,48711.0,60740.0,62284.0,62284.0
08-19 18:00,61243.0,59965.0,51066.0,50187.0,60921.0,61960.0,61960.0
08-19 19:00,60770.0,58946.0,50123.0,50338.0,60271.0,61044.0,61044.0
08-19 20:00,59173.0,56956.0,48652.0,50161.0,58306.0,59077.0,59077.0
08-19 21:00,58714.0,56027.0,48184.0,50757.0,57376.0,57736.0,57736.0
08-19 22:00,54662.0,52249.0,46103.0,49441.0,53062.0,53767.0,53767.0
08-19 23:00,49833.0,48798.0,43223.0,46634.0,48243.0,49448.0,49448.0
08-20 00:00,46265.0,45597.0,40224.0,43909.0,45647.0,46528.0,46528.0
08-20 01:00,44330.0,43362.0,38118.0,42536.0,43958.0,45175.0,45175.0
08-20 02:00,42868.0,41895.0,36625.0,41624.0,43012.0,43645.0,43645.0
08-20 03:00,42973.0,41208.0,35945.0,41770.0,43157.0,43132.0,43132.0
08-20 04:00,44996.0,41486.0,36048.0,43493.0,44618.0,44684.0,44684.0
08-20 05:00,49569.0,42729.0,36691.0,48925.0,48868.0,48918.0,48918.0
08-20 06:00,56592.0,44326.0,37072.0,56567.0,55716.0,55398.0,55398.0
08-20 07:00,61178.0,48027.0,40231.0,61358.0,59770.0,59641.0,59641.0
08-20 08:00,63177.0,51664.0,43492.0,64049.0,62010.0,62404.0,62404.0
08-20 09:00,64869.0,54377.0,46403.0,65789.0,63751.0,63508.0,63508.0
08-20 10:00,66351.0,56254.0,49141.0,67235.0,65163.0,64759.0,64759.0
08-20 11:00,67491.0,57142.0,50686.0,68526.0,66199.0,64939.0,64939.0
08-20 12:00,66813.0,56809.0,50475.0,67970.0,65307.0,64276.0,64276.0
08-20 13:00,66058.0,55979.0,48716.0,67767.0,64712.0,63255.0,63255.0
08-20 14:00,64610.0,53352.0,47157.0,66245.0,63354.0,61860.0,61860.0
08-20 15:00,63903.0,52051.0,46088.0,65467.0,62736.0,60200.0,60200.0
08-20 16:00,62329.0,51126.0,45980.0,64017.0,61092.0,59233.0,59233.0
08-20 17:00,61626.0,51926.0,47215.0,63517.0,60749.0,58855.0,58855.0
08-20 18:00,61169.0,51954.0,48287.0,63169.0,60336.0,58654.0,58654.0
08-20 19:00,60617.0,51457.0,48514.0,62555.0,60149.0,57519.0,57519.0
08-20 20:00,59162.0,49929.0,48955.0,61030.0,58402.0,55641.0,55641.0
08-20 21:00,58560.0,49199.0,49343.0,59526.0,57029.0,54959.0,54959.0
08-20 22:00,55053.0,46773.0,47902.0,55903.0,52848.0,51565.0,51565.0
08-20 23:00,50350.0,44444.0,44861.0,51399.0,48373.0,47666.0,47666.0
08-21 00:00,46451.0,41116.0,41945.0,47736.0,45568.0,44647.0,44647.0
08-21 01:00,44760.0,39328.0,40088.0,45801.0,43796.0,41864.0,41864.0
08-21 02:00,43235.0,37537.0,39309.0,44464.0,42588.0,40106.0,40106.0
08-21 03:00,43322.0,36752.0,39492.0,44433.0,42921.0,39418.0,39418.0
08-21 04:00,44732.0,36429.0,41677.0,45755.0,44262.0,39634.0,39634.0
08-21 05:00,49230.0,36771.0,47927.0,50330.0,48734.0,40503.0,40503.0
08-21 06:00,56076.0,37635.0,55940.0,57559.0,55807.0,42095.0,42095.0
08-21 07:00,60925.0,40259.0,61173.0,62103.0,60115.0,45687.0,45687.0
08-21 08:00,63556.0,43857.0,64033.0,64473.0,61733.0,49362.0,49362.0
08-21 09:00,65098.0,47274.0,65698.0,65733.0,62994.0,52053.0,52053.0
08-21 10:00,66391.0,49589.0,67292.0,67036.0,64208.0,53448.0,53448.0
08-21 11:00,67198.0,50981.0,68335.0,67648.0,65329.0,53777.0,53777.0
08-21 12:00,66115.0,50446.0,67699.0,66998.0,64841.0,53563.0,53563.0
08-21 13:00,65253.0,49225.0,66703.0,66576.0,64534.0,52173.0,52173.0
08-21 14:00,63096.0,47504.0,64636.0,65579.0,62701.0,50305.0,50305.0
08-21 15:00,61941.0,46364.0,64116.0,64826.0,62047.0,49843.0,49843.0
08-21 16:00,60535.0,45776.0,62343.0,63475.0,60500.0,49489.0,49489.0
08-21 17:00,59856.0,47912.0,61304.0,62536.0,59909.0,49855.0,49855.0
08-21 18:00,59122.0,49243.0,60811.0,62405.0,59168.0,50246.0,50246.0
08-21 19:00,58403.0,49208.0,60423.0,61828.0,58837.0,49362.0,49362.0
08-21 20:00,56484.0,48911.0,59007.0,60079.0,57253.0,48237.0,48237.0
08-21 21:00,56262.0,49217.0,58121.0,59326.0,57011.0,47965.0,47965.0
08-21 22:00,52472.0,47572.0,54224.0,55145.0,52257.0,45896.0,45896.0
08-21 23:00,48998.0,45306.0,49582.0,50771.0,47980.0,43093.0,43093.0
08-22 00:00,45459.0,42176.0,45831.0,48204.0,44931.0,40064.0,40064.0
08-22 01:00,43237.0,40513.0,44095.0,46284.0,43384.0,38310.0,38310.0
08-22 02:00,41629.0,39687.0,42606.0,45215.0,42192.0,37485.0,37485.0
08-22 03:00,41016.0,39797.0,42879.0,45137.0,42355.0,36881.0,36881.0
08-22 04:00,40828.0,41980.0,44611.0,46746.0,44077.0,37307.0,37307.0
08-22 05:00,41756.0,47089.0,49613.0,51150.0,48627.0,37777.0,37777.0
08-22 06:00,43742.0,55494.0,56781.0,58088.0,55302.0,38144.0,38144.0
08-22 07:00,47345.0,61206.0,61336.0,62618.0,59479.0,40894.0,40894.0
08-22 08:00,51197.0,64056.0,63386.0,65387.0,61413.0,43888.0,43888.0
08-22 09:00,54390.0,65497.0,64120.0,66852.0,62834.0,46479.0,46479.0
08-22 10:00,56160.0,67605.0,65630.0,67870.0,64169.0,48822.0,48822.0
08-22 11:00,56768.0,69039.0,66844.0,68884.0,64975.0,50689.0,50689.0
08-22 12:00,55981.0,68382.0,66532.0,68426.0,64547.0,50584.0,50584.0
08-22 13:00,54095.0,67937.0,65948.0,68197.0,64197.0,48701.0,48701.0
08-22 14:00,52148.0,66587.0,64285.0,66642.0,63351.0,48175.0,48175.0
08-22 15:00,51241.0,65370.0,63106.0,65852.0,62794.0,47534.0,47534.0
08-22 16:00,50381.0,63776.0,61781.0,64713.0,61205.0,47366.0,47366.0
08-22 17:00,50175.0,63087.0,60883.0,64114.0,60405.0,48821.0,48821.0
08-22 18:00,50610.0,62676.0,60484.0,63566.0,59913.0,49482.0,49482.0
08-22 19:00,50382.0,62217.0,60212.0,63121.0,59449.0,49702.0,49702.0
08-22 20:00,49498.0,60714.0,58798.0,61748.0,57805.0,48984.0,48984.0
08-22 21:00,49589.0,60143.0,58379.0,60764.0,57416.0,48629.0,48629.0
08-22 22:00,47609.0,56051.0,53739.0,56719.0,53559.0,47144.0,47144.0
08-22 23:00,44369.0,51396.0,48915.0,52240.0,49384.0,44078.0,44078.0
08-23 00:00,41706.0,46957.0,45715.0,49123.0,46281.0,41876.0,41876.0
08-23 01:00,39093.0,45329.0,43758.0,47109.0,44598.0,39970.0,39970.0
08-23 02:00,37873.0,43607.0,42338.0,45552.0,43040.0,39299.0,39299.0
08-23 03:00,37182.0,43628.0,42468.0,45420.0,42990.0,39863.0,39863.0
08-23 04:00,36725.0,45374.0,44180.0,46594.0,44627.0,41635.0,41635.0
08-23 05:00,37100.0,50346.0,49259.0,51175.0,48901.0,47058.0,47058.0
08-23 06:00,37553.0,56912.0,56431.0,58261.0,55447.0,54494.0,54494.0
08-23 07:00,40459.0,62011.0,61331.0,62965.0,59711.0,59787.0,59787.0
08-23 08:00,44440.0,64224.0,63645.0,65715.0,61618.0,63198.0,63198.0
08-23 09:00,47158.0,66362.0,64551.0,67109.0,63132.0,64610.0,64610.0
08-23 10:00,49611.0,67619.0,65072.0,68285.0,64722.0,66266.0,66266.0
08-23 11:00,51272.0,68869.0,66251.0,68844.0,65291.0,67744.0,67744.0
08-23 12:00,50637.0,68208.0,65332.0,68577.0,64212.0,66983.0,66983.0
08-23 13:00,48907.0,67512.0,64747.0,68240.0,63209.0,66597.0,66597.0
08-23 14:00,47496.0,66116.0,63802.0,67687.0,61740.0,64733.0,64733.0
08-23 15:00,47085.0,65270.0,63439.0,67478.0,60778.0,63731.0,63731.0
08-23 16:00,46817.0,63485.0,61872.0,66011.0,59793.0,62240.0,62240.0
08-23 17:00,48293.0,62403.0,61156.0,65901.0,59131.0,62057.0,62057.0
08-23 18:00,49527.0,62020.0,60679.0,65180.0,58246.0,62219.0,62219.0
08-23 19:00,49583.0,61807.0,59996.0,64767.0,57486.0,61659.0,61659.0
08-23 20:00,50709.0,60229.0,59127.0,61568.0,55918.0,59817.0,59817.0
08-23 21:00,50727.0,60235.0,58894.0,60675.0,54883.0,58873.0,58873.0
08-23 22:00,49306.0,55871.0,55238.0,56298.0,50199.0,54885.0,54885.0
08-23 23:00,46218.0,50645.0,51095.0,52487.0,46934.0,51060.0,51060.0
08-24 00:00,43028.0,47161.0,47582.0,49270.0,43808.0,47685.0,47685.0
08-24 01:00,41444.0,44833.0,45061.0,46935.0,42068.0,45191.0,45191.0
08-24 02:00,40464.0,43712.0,43548.0,45906.0,40295.0,44132.0,44132.0
08-24 03:00,40952.0,43866.0,43595.0,45893.0,39726.0,43974.0,43974.0
08-24 04:00,43328.0,45249.0,45166.0,47613.0,39411.0,45695.0,45695.0
08-24 05:00,48820.0,49920.0,49985.0,52451.0,40594.0,49823.0,49823.0
08-24 06:00,56761.0,57370.0,57047.0,59105.0,42348.0,56432.0,56432.0
08-24 07:00,62178.0,62419.0,61926.0,63800.0,46234.0,60394.0,60394.0
08-24 08:00,64775.0,65048.0,64441.0,67033.0,49822.0,62705.0,62705.0
08-24 09:00,66378.0,66378.0,65548.0,68221.0,52473.0,63883.0,63883.0
08-24 10:00,68164.0,67972.0,67166.0,69432.0,54104.0,65016.0,65016.0
08-24 11:00,68688.0,68842.0,68570.0,69785.0,55002.0,66159.0,66159.0
08-24 12:00,67978.0,68395.0,68120.0,69023.0,54477.0,65657.0,65657.0
08-24 13:00,67169.0,68065.0,67172.0,67956.0,53181.0,65428.0,65428.0
08-24 14:00,66878.0,66779.0,65548.0,66317.0,51746.0,63481.0,63481.0
08-24 15:00,65871.0,65741.0,65024.0,65374.0,50924.0,62575.0,62575.0
08-24 16:00,64352.0,64137.0,63333.0,63173.0,50316.0,61636.0,61636.0
08-24 17:00,62941.0,63115.0,62219.0,62505.0,50361.0,61101.0,61101.0
08-24 18:00,62895.0,62475.0,61631.0,61685.0,50536.0,60643.0,60643.0
08-24 19:00,62429.0,62240.0,61115.0,60869.0,50076.0,60112.0,60112.0
08-24 20:00,61376.0,60742.0,59766.0,59019.0,48800.0,58525.0,58525.0
08-24 21:00,60938.0,60410.0,58986.0,57014.0,48625.0,57756.0,57756.0
08-24 22:00,56430.0,56338.0,54370.0,52659.0,46653.0,53994.0,53994.0
08-24 23:00,51508.0,51903.0,50162.0,49447.0,43576.0,49875.0,49875.0
08-25 00:00,47990.0,48222.0,47245.0,46425.0,40794.0,46610.0,46610.0
08-25 01:00,46387.0,46266.0,45268.0,44365.0,38954.0,44218.0,44218.0
08-25 02:00,44531.0,44977.0,43811.0,42964.0,37592.0,42936.0,42936.0
08-25 03:00,44263.0,44930.0,43696.0,42581.0,36858.0,43215.0,43215.0
08-25 04:00,46175.0,46217.0,45044.0,42446.0,36568.0,44759.0,44759.0
08-25 05:00,51314.0,50949.0,49782.0,43578.0,36681.0,49970.0,49970.0
08-25 06:00,58941.0,57880.0,56840.0,45294.0,37215.0,56648.0,56648.0
08-25 07:00,63506.0,62754.0,61546.0,49324.0,40165.0,61427.0,61427.0
08-25 08:00,66753.0,65131.0,64184.0,52527.0,43219.0,64098.0,64098.0
08-25 09:00,68262.0,66543.0,65648.0,55027.0,46488.0,65249.0,65249.0
08-25 10:00,69482.0,67842.0,66971.0,56739.0,48295.0,66022.0,66022.0
08-25 11:00,70664.0,69439.0,67589.0,57491.0,49730.0,66740.0,66740.0
08-25 12:00,69511.0,69229.0,67345.0,56760.0,49699.0,66379.0,66379.0
08-25 13:00,68651.0,68757.0,66170.0,55187.0,48625.0,65817.0,65817.0
08-25 14:00,66949.0,66961.0,64560.0,53438.0,47412.0,64137.0,64137.0
08-25 15:00,65773.0,66352.0,63675.0,52590.0,46713.0,63518.0,63518.0
08-25 16:00,63181.0,64315.0,62309.0,51939.0,46318.0,62692.0,62692.0
08-25 17:00,62456.0,63233.0,61173.0,52130.0,47905.0,62809.0,62809.0
08-25 18:00,62320.0,62708.0,60062.0,52723.0,48615.0,62153.0,62153.0
08-25 19:00,61729.0,62447.0,59407.0,51508.0,48778.0,62073.0,62073.0
08-25 20:00,61074.0,60793.0,58183.0,50202.0,49849.0,60762.0,60762.0
08-25 21:00,60314.0,60534.0,56752.0,49706.0,49840.0,59474.0,59474.0
08-25 22:00,56340.0,56728.0,52695.0,47484.0,48023.0,54134.0,54134.0
08-25 23:00,51502.0,52153.0,49083.0,44713.0,44871.0,50826.0,50826.0
08-26 00:00,47912.0,48614.0,45710.0,41995.0,42386.0,48256.0,48256.0
08-26 01:00,45974.0,46657.0,43439.0,40084.0,40723.0,45971.0,45971.0
08-26 02:00,44583.0,45114.0,41537.0,38619.0,39577.0,44669.0,44669.0
08-26 03:00,44524.0,44861.0,41093.0,37890.0,39617.0,44575.0,44575.0
08-26 04:00,46347.0,46523.0,41099.0,38338.0,41776.0,45552.0,45552.0
08-26 05:00,51679.0,51059.0,42134.0,38720.0,47235.0,50150.0,50150.0
08-26 06:00,58645.0,57589.0,44457.0,39633.0,55440.0,56355.0,56355.0
08-26 07:00,62928.0,62809.0,48027.0,42034.0,60778.0,60495.0,60495.0
08-26 08:00,65254.0,65613.0,51710.0,44713.0,63380.0,63563.0,63563.0
08-26 09:00,67052.0,67027.0,54607.0,47675.0,65187.0,64994.0,64994.0
08-26 10:00,68859.0,68585.0,55345.0,49771.0,66909.0,66756.0,66756.0
08-26 11:00,69775.0,69485.0,56257.0,51445.0,68110.0,67725.0,67725.0
08-26 12:00,69083.0,68766.0,55491.0,51195.0,67530.0,67010.0,67010.0
08-26 13:00,68626.0,67817.0,54318.0,48976.0,67661.0,66192.0,66192.0
08-26 14:00,67324.0,65809.0,52472.0,47296.0,66472.0,64856.0,64856.0
08-26 15:00,66506.0,64574.0,51094.0,46516.0,65815.0,64049.0,64049.0
08-26 16:00,64929.0,62778.0,50280.0,46299.0,64703.0,62667.0,62667.0
08-26 17:00,63114.0,62524.0,50715.0,47357.0,63962.0,62215.0,62215.0
08-26 18:00,62790.0,61594.0,50769.0,48550.0,63398.0,61621.0,61621.0
08-26 19:00,62433.0,60898.0,50393.0,48840.0,62304.0,61100.0,61100.0
08-26 20:00,60962.0,58769.0,49396.0,49409.0,61073.0,59632.0,59632.0
08-26 21:00,60574.0,58498.0,48973.0,49186.0,59828.0,58017.0,58017.0
08-26 22:00,56770.0,54438.0,46775.0,47861.0,55522.0,54440.0,54440.0
08-26 23:00,52739.0,50568.0,43707.0,44982.0,51077.0,49793.0,49793.0
08-27 00:00,48945.0,47477.0,41154.0,42815.0,47775.0,46987.0,46987.0
08-27 01:00,46533.0,45285.0,39216.0,41990.0,45654.0,45460.0,45460.0
08-27 02:00,44733.0,43579.0,38149.0,41547.0,44755.0,44162.0,44162.0
08-27 03:00,44736.0,42822.0,37277.0,41980.0,44888.0,44000.0,44000.0
08-27 04:00,46423.0,42498.0,36988.0,44651.0,46409.0,45895.0,45895.0
08-27 05:00,51789.0,43477.0,37370.0,50922.0,51341.0,50377.0,50377.0
08-27 06:00,59402.0,45197.0,37928.0,59487.0,58035.0,56202.0,56202.0
08-27 07:00,63924.0,49057.0,40865.0,63995.0,62601.0,60705.0,60705.0
08-27 08:00,65607.0,52841.0,44342.0,67020.0,65260.0,63396.0,63396.0
08-27 09:00,67233.0,55582.0,47152.0,68621.0,66761.0,65059.0,65059.0
08-27 10:00,69168.0,57026.0,49238.0,70285.0,68120.0,65878.0,65878.0
08-27 11:00,69956.0,57872.0,50716.0,71895.0,69712.0,66453.0,66453.0
08-27 12:00,69395.0,57542.0,50879.0,71266.0,69101.0,65611.0,65611.0
08-27 13:00,68683.0,55714.0,48981.0,70545.0,68915.0,64454.0,64454.0
08-27 14:00,67289.0,54044.0,46857.0,68969.0,67668.0,62354.0,62354.0
08-27 15:00,66070.0,53260.0,46639.0,67565.0,67642.0,61105.0,61105.0
08-27 16:00,64420.0,52870.0,45841.0,66118.0,66468.0,60390.0,60390.0
08-27 17:00,63786.0,52238.0,46922.0,65283.0,65458.0,60082.0,60082.0
08-27 18:00,63395.0,52241.0,47815.0,64575.0,65178.0,60560.0,60560.0
08-27 19:00,62618.0,52000.0,48270.0,63869.0,64546.0,59421.0,59421.0
08-27 20:00,61221.0,51485.0,49294.0,62436.0,62799.0,57468.0,57468.0
08-27 21:00,59727.0,51260.0,49126.0,61156.0,61212.0,55634.0,55634.0
08-27 22:00,55663.0,48771.0,47837.0,56845.0,56362.0,52435.0,52435.0
08-27 23:00,50780.0,45716.0,45148.0,51881.0,51998.0,48051.0,48051.0
08-28 00:00,47677.0,42632.0,42307.0,48775.0,48479.0,45151.0,45151.0
08-28 01:00,45404.0,41074.0,40703.0,46724.0,47011.0,43189.0,43189.0
08-28 02:00,44295.0,39278.0,39796.0,45409.0,45819.0,41137.0,41137.0
08-28 03:00,44477.0,38494.0,40195.0,45383.0,45817.0,40627.0,40627.0
08-28 04:00,46001.0,38490.0,42075.0,46961.0,47090.0,40622.0,40622.0
08-28 05:00,50531.0,38637.0,47689.0,51858.0,52110.0,42135.0,42135.0
08-28 06:00,58110.0,39026.0,55192.0,58996.0,59343.0,43944.0,43944.0
08-28 07:00,63367.0,41904.0,60764.0,63105.0,63722.0,47407.0,47407.0
08-28 08:00,65417.0,45143.0,63612.0,65303.0,65744.0,51150.0,51150.0
08-28 09:00,67065.0,47966.0,64923.0,65953.0,67146.0,53558.0,53558.0
08-28 10:00,68251.0,49582.0,66302.0,67127.0,68553.0,54614.0,54614.0
08-28 11:00,69506.0,51175.0,67535.0,68296.0,69698.0,55757.0,55757.0
08-28 12:00,68535.0,50878.0,66858.0,67687.0,69481.0,54911.0,54911.0
08-28 13:00,67291.0,49886.0,66650.0,66676.0,69208.0,53745.0,53745.0
08-28 14:00,65053.0,48699.0,65344.0,65119.0,68310.0,52320.0,52320.0
08-28 15:00,63820.0,47875.0,64542.0,64725.0,67291.0,51221.0,51221.0
08-28 16:00,62066.0,47534.0,62976.0,63308.0,65551.0,50375.0,50375.0
08-28 17:00,61316.0,48785.0,61489.0,62819.0,64678.0,50954.0,50954.0
08-28 18:00,60450.0,49931.0,61211.0,62349.0,64848.0,51284.0,51284.0
08-28 19:00,59758.0,50360.0,60985.0,62231.0,64213.0,50962.0,50962.0
08-28 20:00,58417.0,51686.0,60026.0,60975.0,63275.0,50062.0,50062.0
08-28 21:00,57636.0,50972.0,59249.0,60005.0,61856.0,48503.0,48503.0
08-28 22:00,53714.0,49143.0,54808.0,55398.0,56742.0,46041.0,46041.0
08-28 23:00,49671.0,45792.0,50019.0,50768.0,52144.0,43187.0,43187.0
08-29 00:00,46172.0,43388.0,46965.0,47576.0,48157.0,41119.0,41119.0
08-29 01:00,43826.0,42108.0,45055.0,46022.0,46527.0,39079.0,39079.0
08-29 02:00,42223.0,41207.0,44019.0,44778.0,45469.0,37677.0,37677.0
08-29 03:00,41462.0,41591.0,44041.0,44887.0,45340.0,37241.0,37241.0
08-29 04:00,41661.0,43904.0,45641.0,46532.0,46423.0,37704.0,37704.0
08-29 05:00,42868.0,49808.0,50327.0,51663.0,51227.0,38747.0,38747.0
08-29 06:00,44954.0,57771.0,57510.0,58806.0,58608.0,39313.0,39313.0
08-29 07:00,48815.0,63409.0,62159.0,63018.0,63098.0,41835.0,41835.0
08-29 08:00,52190.0,66277.0,64493.0,64810.0,65298.0,44705.0,44705.0
08-29 09:00,55312.0,67913.0,65860.0,66193.0,66395.0,47869.0,47869.0
08-29 10:00,56817.0,69231.0,67453.0,67464.0,68008.0,50217.0,50217.0
08-29 11:00,57660.0,70471.0,69071.0,68486.0,68492.0,52166.0,52166.0
08-29 12:00,56849.0,69431.0,68359.0,68274.0,67873.0,52220.0,52220.0
08-29 13:00,54896.0,69204.0,68040.0,68291.0,67865.0,51333.0,51333.0
08-29 14:00,53057.0,67653.0,66515.0,67261.0,66276.0,50102.0,50102.0
08-29 15:00,51787.0,66669.0,65456.0,66599.0,65444.0,49102.0,49102.0
08-29 16:00,51108.0,64602.0,64178.0,65046.0,64095.0,48930.0,48930.0
08-29 17:00,51051.0,63692.0,63004.0,64500.0,63508.0,50524.0,50524.0
08-29 18:00,51057.0,63034.0,62379.0,64166.0,63109.0,51245.0,51245.0
08-29 19:00,50807.0,62471.0,62048.0,64058.0,62154.0,51335.0,51335.0
08-29 20:00,50502.0,61160.0,61657.0,62896.0,61412.0,51077.0,51077.0
08-29 21:00,49817.0,60006.0,60122.0,61303.0,59875.0,49904.0,49904.0
08-29 22:00,47421.0,55332.0,55802.0,57116.0,55434.0,48594.0,48594.0
08-29 23:00,44370.0,50956.0,51052.0,52555.0,50862.0,45663.0,45663.0
08-30 00:00,41104.0,47455.0,47694.0,49319.0,47271.0,42914.0,42914.0
08-30 01:00,39039.0,45607.0,45772.0,47367.0,45478.0,41733.0,41733.0
08-30 02:00,37817.0,44137.0,44916.0,45896.0,44082.0,40493.0,40493.0
08-30 03:00,36976.0,44126.0,44464.0,45932.0,44132.0,40807.0,40807.0
08-30 04:00,37010.0,45850.0,46149.0,47490.0,45526.0,43739.0,43739.0
08-30 05:00,37729.0,50863.0,51054.0,52183.0,49952.0,49382.0,49382.0
08-30 06:00,38118.0,58068.0,58369.0,60495.0,57895.0,56850.0,56850.0
08-30 07:00,41155.0,62589.0,62782.0,64678.0,62445.0,62314.0,62314.0
08-30 08:00,44820.0,64805.0,65369.0,66971.0,65193.0,65076.0,65076.0
08-30 09:00,47358.0,66244.0,67376.0,67564.0,66038.0,66311.0,66311.0
08-30 10:00,49545.0,67439.0,68945.0,69063.0,66709.0,67740.0,67740.0
08-30 11:00,51186.0,68638.0,69756.0,69795.0,67278.0,68371.0,68371.0
08-30 12:00,50966.0,67649.0,68721.0,69334.0,66397.0,68371.0,68371.0
08-30 13:00,49585.0,67260.0,68877.0,69071.0,65996.0,67661.0,67661.0
08-30 14:00,47975.0,65671.0,67407.0,67432.0,64347.0,66262.0,66262.0
08-30 15:00,47085.0,64794.0,67065.0,66022.0,63324.0,64747.0,64747.0
08-30 16:00,47047.0,62911.0,65103.0,64616.0,62438.0,63175.0,63175.0
08-30 17:00,48069.0,61813.0,63943.0,64228.0,61661.0,63107.0,63107.0
08-30 18:00,49359.0,60977.0,63296.0,63775.0,60894.0,63350.0,63350.0
08-30 19:00,49497.0,60944.0,62655.0,63572.0,60121.0,62649.0,62649.0
08-30 20:00,51429.0,60066.0,61680.0,62196.0,58443.0,61132.0,61132.0
08-30 21:00,51230.0,59171.0,59875.0,60444.0,57116.0,59293.0,59293.0
08-30 22:00,49836.0,54462.0,55950.0,56223.0,52316.0,55013.0,55013.0
08-30 23:00,46725.0,49849.0,51471.0,52068.0,48627.0,51382.0,51382.0
08-31 00:00,44065.0,46461.0,48001.0,48694.0,44690.0,48024.0,48024.0
08-31 01:00,42289.0,44544.0,46099.0,46457.0,42768.0,46508.0,46508.0
08-31 02:00,41145.0,43365.0,44673.0,45311.0,41081.0,45242.0,45242.0
08-31 03:00,41470.0,43544.0,44950.0,45319.0,40412.0,44707.0,44707.0
08-31 04:00,43591.0,45131.0,46495.0,46797.0,40183.0,46776.0,46776.0
08-31 05:00,49574.0,50382.0,50823.0,51501.0,41457.0,51674.0,51674.0
08-31 06:00,57733.0,57693.0,58480.0,59153.0,43052.0,58835.0,58835.0
08-31 07:00,63160.0,62166.0,62766.0,63090.0,46941.0,63244.0,63244.0
08-31 08:00,65683.0,64252.0,65314.0,64924.0,50691.0,65984.0,65984.0
08-31 09:00,67722.0,65792.0,66265.0,65645.0,53524.0,66982.0,66982.0
08-31 10:00,69086.0,66989.0,67583.0,66700.0,54567.0,67815.0,67815.0
08-31 11:00,70111.0,68125.0,68957.0,67489.0,55517.0,68790.0,68790.0
08-31 12:00,69212.0,67343.0,68279.0,67059.0,55652.0,68026.0,68026.0
08-31 13:00,68658.0,66938.0,68160.0,66012.0,54413.0,67623.0,67623.0
08-31 14:00,67164.0,65930.0,66890.0,64071.0,54009.0,66094.0,66094.0
08-31 15:00,66384.0,65253.0,65855.0,63369.0,53050.0,64707.0,64707.0
08-31 16:00,64513.0,63863.0,63989.0,61756.0,52196.0,62967.0,62967.0
08-31 17:00,63576.0,62746.0,62931.0,61349.0,51998.0,62574.0,62574.0
08-31 18:00,63151.0,62101.0,62450.0,60694.0,52299.0,62498.0,62498.0
08-31 19:00,62397.0,61752.0,61929.0,59983.0,51379.0,61791.0,61791.0
08-31 20:00,62534.0,61383.0,60834.0,58679.0,50683.0,60926.0,60926.0
08-31 21:00,61710.0,60242.0,59033.0,56782.0,49815.0,59358.0,59358.0
08-31 22:00,57158.0,55622.0,54016.0,52367.0,48040.0,55835.0,55835.0
08-31 23:00,52405.0,51538.0,49583.0,48391.0,46221.0,51327.0,51327.0
09-01 00:00,48739.0,47560.0,46391.0,45725.0,44126.0,48072.0,48072.0
09-01 01:00,46975.0,45593.0,44333.0,43676.0,41690.0,46041.0,46041.0
09-01 02:00,45483.0,44218.0,43004.0,41935.0,39588.0,44212.0,44212.0
09-01 03:00,45452.0,44198.0,43356.0,41608.0,38602.0,44668.0,44668.0
09-01 04:00,46951.0,45722.0,45379.0,41967.0,38212.0,46114.0,46114.0
09-01 05:00,51865.0,50396.0,50257.0,43254.0,38364.0,50477.0,50477.0
09-01 06:00,59730.0,58088.0,57418.0,44775.0,39241.0,57845.0,57845.0
09-01 07:00,65673.0,62739.0,62026.0,48290.0,40983.0,61846.0,61846.0
09-01 08:00,67739.0,64933.0,64307.0,52060.0,44330.0,64057.0,64057.0
09-01 09:00,68076.0,66340.0,65224.0,54382.0,47071.0,65388.0,65388.0
09-01 10:00,69621.0,67028.0,66601.0,55373.0,48761.0,66424.0,66424.0
09-01 11:00,70757.0,68532.0,66929.0,56079.0,50560.0,67691.0,67691.0
09-01 12:00,69875.0,68029.0,66136.0,55537.0,50120.0,67005.0,67005.0
09-01 13:00,69482.0,68028.0,64925.0,54178.0,49299.0,65816.0,65816.0
09-01 14:00,68217.0,66348.0,62743.0,51418.0,48246.0,64184.0,64184.0
09-01 15:00,67376.0,65539.0,62199.0,50890.0,46978.0,63521.0,63521.0
09-01 16:00,65567.0,63758.0,60267.0,50301.0,46833.0,61741.0,61741.0
09-01 17:00,64545.0,62641.0,59807.0,51047.0,48216.0,61425.0,61425.0
09-01 18:00,64250.0,62143.0,59243.0,51486.0,48605.0,61441.0,61441.0
09-01 19:00,63896.0,61737.0,58562.0,51434.0,48561.0,61399.0,61399.0
09-01 20:00,62664.0,61283.0,58128.0,50696.0,49192.0,61025.0,61025.0
09-01 21:00,61089.0,59832.0,56273.0,49296.0,47757.0,59579.0,59579.0
09-01 22:00,56735.0,55033.0,52353.0,46993.0,46315.0,55430.0,55430.0
09-01 23:00,51877.0,50458.0,48200.0,44261.0,43179.0,50841.0,50841.0
09-02 00:00,48595.0,47201.0,44803.0,41298.0,40925.0,47748.0,47748.0
09-02 01:00,46283.0,45101.0,42657.0,39336.0,39903.0,45625.0,45625.0
09-02 02:00,44735.0,43783.0,40963.0,38283.0,38957.0,44050.0,44050.0
09-02 03:00,45267.0,43865.0,40111.0,37679.0,39638.0,43870.0,43870.0
09-02 04:00,46935.0,45325.0,40409.0,37645.0,41813.0,45490.0,45490.0
09-02 05:00,52192.0,50574.0,41425.0,38359.0,47640.0,50158.0,50158.0
09-02 06:00,59582.0,58043.0,43356.0,38975.0,55123.0,57457.0,57457.0
09-02 07:00,64000.0,62020.0,47242.0,41447.0,59758.0,61354.0,61354.0
09-02 08:00,66117.0,64263.0,50591.0,45261.0,61781.0,63367.0,63367.0
09-02 09:00,67452.0,65830.0,53213.0,47900.0,62946.0,64119.0,64119.0
09-02 10:00,68622.0,67386.0,54384.0,49604.0,64419.0,64829.0,64829.0
09-02 11:00,69281.0,67769.0,55214.0,51276.0,66703.0,65295.0,65295.0
09-02 12:00,68334.0,67290.0,54633.0,51128.0,65933.0,64729.0,64729.0
09-02 13:00,67749.0,66753.0,52895.0,50108.0,65671.0,64606.0,64606.0
09-02 14:00,66263.0,64540.0,50528.0,48110.0,64355.0,63117.0,63117.0
09-02 15:00,65395.0,63006.0,49754.0,47199.0,63195.0,62240.0,62240.0
09-02 16:00,63809.0,61934.0,49247.0,47391.0,61827.0,60794.0,60794.0
09-02 17:00,62715.0,61359.0,49465.0,49122.0,61019.0,60581.0,60581.0
09-02 18:00,62681.0,60661.0,49985.0,50129.0,60906.0,60482.0,60482.0
09-02 19:00,62545.0,59695.0,49930.0,50495.0,60973.0,60336.0,60336.0
09-02 20:00,62080.0,58968.0,49647.0,51559.0,60443.0,60311.0,60311.0
09-02 21:00,60546.0,56932.0,48289.0,50454.0,58635.0,58645.0,58645.0
09-02 22:00,56058.0,52644.0,45728.0,48876.0,53806.0,54656.0,54656.0
09-02 23:00,51337.0,48799.0,42888.0,45873.0,49100.0,49879.0,49879.0
09-03 00:00,47712.0,45859.0,39564.0,43706.0,45806.0,46887.0,46887.0
09-03 01:00,45673.0,43507.0,37833.0,42238.0,43950.0,45100.0,45100.0
09-03 02:00,44251.0,42040.0,36703.0,41538.0,43597.0,44502.0,44502.0
09-03 03:00,44664.0,41298.0,36382.0,41702.0,43765.0,44490.0,44490.0
09-03 04:00,46367.0,41067.0,36266.0,43892.0,45458.0,46491.0,46491.0
09-03 05:00,51802.0,42062.0,37006.0,49966.0,50756.0,51180.0,51180.0
09-03 06:00,59576.0,44291.0,37615.0,58852.0,58602.0,57863.0,57863.0
09-03 07:00,63686.0,47812.0,40220.0,63377.0,62861.0,61971.0,61971.0
09-03 08:00,65582.0,51601.0,43457.0,65696.0,63874.0,64393.0,64393.0
09-03 09:00,66629.0,54472.0,46276.0,66876.0,64721.0,65454.0,65454.0
09-03 10:00,67953.0,55510.0,48704.0,68188.0,66704.0,65940.0,65940.0
09-03 11:00,69118.0,55984.0,50129.0,69000.0,67747.0,65913.0,65913.0
09-03 12:00,68219.0,55139.0,49880.0,68393.0,67345.0,65271.0,65271.0
09-03 13:00,67957.0,53576.0,48240.0,68280.0,67139.0,64047.0,64047.0
09-03 14:00,65965.0,51983.0,46022.0,66885.0,65801.0,62207.0,62207.0
09-03 15:00,64805.0,51194.0,45387.0,66216.0,65182.0,61036.0,61036.0
09-03 16:00,63090.0,50372.0,44875.0,64948.0,63450.0,59374.0,59374.0
09-03 17:00,62383.0,50417.0,46446.0,63601.0,62559.0,59106.0,59106.0
09-03 18:00,62225.0,50159.0,47470.0,63567.0,62080.0,58776.0,58776.0
09-03 19:00,62239.0,49757.0,48054.0,63383.0,61306.0,58136.0,58136.0
09-03 20:00,62060.0,49624.0,49562.0,63405.0,60893.0,57765.0,57765.0
09-03 21:00,60450.0,48635.0,48429.0,61304.0,58676.0,56133.0,56133.0
09-03 22:00,55701.0,46288.0,46989.0,56216.0,54204.0,51914.0,51914.0
09-03 23:00,50960.0,43633.0,44049.0,51365.0,49991.0,47906.0,47906.0
09-04 00:00,47403.0,40797.0,41163.0,48339.0,46651.0,45224.0,45224.0
09-04 01:00,45259.0,38385.0,39766.0,46183.0,44671.0,43112.0,43112.0
09-04 02:00,44123.0,37221.0,38959.0,44677.0,43377.0,41762.0,41762.0
09-04 03:00,44092.0,36944.0,39166.0,44551.0,43452.0,40881.0,40881.0
09-04 04:00,45566.0,37187.0,41644.0,46165.0,45066.0,41037.0,41037.0
09-04 05:00,50809.0,37898.0,48164.0,51400.0,49988.0,42032.0,42032.0
09-04 06:00,58826.0,38545.0,56717.0,59719.0,57769.0,43531.0,43531.0
09-04 07:00,63593.0,41072.0,60984.0,63660.0,61789.0,47047.0,47047.0
09-04 08:00,65444.0,44221.0,63428.0,66076.0,63681.0,51004.0,51004.0
09-04 09:00,66378.0,47407.0,64173.0,66994.0,64985.0,53276.0,53276.0
09-04 10:00,67917.0,50205.0,65863.0,68038.0,66503.0,54117.0,54117.0
09-04 11:00,68946.0,52045.0,67587.0,68790.0,67297.0,54322.0,54322.0
09-04 12:00,68376.0,52294.0,66686.0,68245.0,66664.0,53985.0,53985.0
09-04 13:00,67118.0,51039.0,66541.0,67515.0,66114.0,52241.0,52241.0
09-04 14:00,65502.0,49578.0,64978.0,66632.0,64784.0,50179.0,50179.0
09-04 15:00,63861.0,48000.0,64618.0,65700.0,64353.0,50146.0,50146.0
09-04 16:00,62336.0,48119.0,62851.0,64282.0,62659.0,49762.0,49762.0
09-04 17:00,61383.0,49568.0,61380.0,63717.0,62173.0,50067.0,50067.0
09-04 18:00,60817.0,50011.0,61082.0,63419.0,61849.0,50714.0,50714.0
09-04 19:00,60350.0,50352.0,61140.0,62965.0,61673.0,50919.0,50919.0
09-04 20:00,60235.0,51054.0,61389.0,63056.0,61162.0,51096.0,51096.0
09-04 21:00,58206.0,49462.0,58905.0,60844.0,58721.0,49733.0,49733.0
09-04 22:00,54367.0,48361.0,54219.0,56836.0,54424.0,46982.0,46982.0
09-04 23:00,50396.0,45261.0,49598.0,51905.0,50035.0,43748.0,43748.0
09-05 00:00,46444.0,42619.0,46067.0,48345.0,47780.0,40736.0,40736.0
09-05 01:00,44287.0,41056.0,44020.0,45812.0,45528.0,38980.0,38980.0
09-05 02:00,42487.0,40291.0,43192.0,44549.0,44655.0,38037.0,38037.0
09-05 03:00,41864.0,40455.0,43177.0,44629.0,44808.0,37663.0,37663.0
09-05 04:00,42018.0,42639.0,45047.0,46109.0,46569.0,37761.0,37761.0
09-05 05:00,42855.0,48145.0,50471.0,51400.0,51673.0,38304.0,38304.0
09-05 06:00,45195.0,57577.0,58634.0,59351.0,58910.0,38493.0,38493.0
09-05 07:00,48877.0,62354.0,62683.0,63227.0,62799.0,40953.0,40953.0
09-05 08:00,52624.0,64880.0,64882.0,65133.0,65280.0,44707.0,44707.0
09-05 09:00,55627.0,65743.0,65385.0,66232.0,66302.0,47765.0,47765.0
09-05 10:00,56810.0,67208.0,66357.0,67176.0,67783.0,49443.0,49443.0
09-05 11:00,58069.0,68513.0,67655.0,67925.0,69065.0,50080.0,50080.0
09-05 12:00,57293.0,68021.0,67197.0,67504.0,68588.0,50125.0,50125.0
09-05 13:00,55801.0,67365.0,67441.0,67099.0,68148.0,48381.0,48381.0
09-05 14:00,54098.0,65886.0,66537.0,65780.0,67401.0,46845.0,46845.0
09-05 15:00,52507.0,65080.0,65668.0,65135.0,66323.0,46157.0,46157.0
09-05 16:00,51813.0,63398.0,63884.0,63703.0,65081.0,46046.0,46046.0
09-05 17:00,52663.0,62344.0,63319.0,62876.0,64202.0,47586.0,47586.0
09-05 18:00,52975.0,61907.0,62994.0,62845.0,64231.0,48942.0,48942.0
09-05 19:00,52908.0,61965.0,62772.0,62793.0,63291.0,49218.0,49218.0
09-05 20:00,52711.0,61476.0,62716.0,62966.0,62748.0,50751.0,50751.0
09-05 21:00,50996.0,59502.0,60241.0,60920.0,60372.0,49567.0,49567.0
09-05 22:00,48418.0,54768.0,55957.0,56347.0,55485.0,47965.0,47965.0
09-05 23:00,45479.0,49896.0,50936.0,51767.0,50766.0,44985.0,44985.0
09-06 00:00,42040.0,46368.0,47493.0,48405.0,47499.0,42702.0,42702.0
09-06 01:00,39725.0,44258.0,45260.0,46453.0,45983.0,41531.0,41531.0
09-06 02:00,38245.0,43066.0,43855.0,44782.0,44946.0,40498.0,40498.0
09-06 03:00,37844.0,43424.0,44116.0,44827.0,45039.0,40374.0,40374.0
09-06 04:00,37838.0,45157.0,45629.0,46317.0,46903.0,42450.0,42450.0
09-06 05:00,38564.0,50192.0,51628.0,51447.0,51384.0,47682.0,47682.0
09-06 06:00,39335.0,58393.0,60493.0,59092.0,58701.0,55172.0,55172.0
09-06 07:00,42080.0,62544.0,64885.0,63076.0,62782.0,59516.0,59516.0
09-06 08:00,45740.0,64654.0,67010.0,64900.0,64724.0,62245.0,62245.0
09-06 09:00,48678.0,65561.0,68440.0,66204.0,65364.0,63553.0,63553.0
09-06 10:00,50942.0,66757.0,69924.0,67596.0,66500.0,64323.0,64323.0
09-06 11:00,53942.0,67559.0,71433.0,68806.0,66948.0,65480.0,65480.0
09-06 12:00,53320.0,66754.0,70809.0,68300.0,66259.0,64927.0,64927.0
09-06 13:00,51525.0,66517.0,69804.0,68142.0,65206.0,64226.0,64226.0
09-06 14:00,49694.0,65054.0,68509.0,66837.0,63342.0,63045.0,63045.0
09-06 15:00,48383.0,64213.0,66856.0,65923.0,61971.0,61959.0,61959.0
09-06 16:00,48171.0,62897.0,65218.0,64651.0,61068.0,60492.0,60492.0
09-06 17:00,49764.0,61841.0,64168.0,63857.0,60641.0,60108.0,60108.0
09-06 18:00,50215.0,61321.0,63771.0,63545.0,60108.0,59917.0,59917.0
09-06 19:00,51116.0,61355.0,63191.0,64099.0,59770.0,59765.0,59765.0
09-06 20:00,52302.0,62060.0,63051.0,64200.0,59137.0,59826.0,59826.0
09-06 21:00,50620.0,59798.0,59985.0,61812.0,55874.0,57016.0,57016.0
09-06 22:00,48893.0,55052.0,55353.0,56973.0,51783.0,52939.0,52939.0
09-06 23:00,45936.0,50355.0,51051.0,52397.0,47819.0,48726.0,48726.0
09-07 00:00,43022.0,47078.0,47604.0,48897.0,44443.0,46184.0,46184.0
09-07 01:00,40911.0,45168.0,45278.0,46763.0,42969.0,44159.0,44159.0
09-07 02:00,39981.0,44006.0,44190.0,45206.0,42004.0,43435.0,43435.0
09-07 03:00,40438.0,44069.0,44296.0,45771.0,41573.0,43721.0,43721.0
09-07 04:00,42812.0,45801.0,46084.0,47177.0,41016.0,45345.0,45345.0
09-07 05:00,49074.0,50453.0,51459.0,52035.0,41539.0,50398.0,50398.0
09-07 06:00,58337.0,58574.0,59246.0,60194.0,43791.0,57731.0,57731.0
09-07 07:00,63245.0,62935.0,63604.0,64110.0,46906.0,61691.0,61691.0
09-07 08:00,65791.0,64713.0,65673.0,66399.0,50147.0,64141.0,64141.0
09-07 09:00,67370.0,65504.0,66457.0,67569.0,52376.0,64815.0,64815.0
09-07 10:00,68407.0,66724.0,67184.0,68440.0,54051.0,65717.0,65717.0
09-07 11:00,69409.0,67918.0,68364.0,68967.0,54962.0,66344.0,66344.0
09-07 12:00,68670.0,67420.0,67623.0,67923.0,54085.0,65542.0,65542.0
09-07 13:00,68322.0,66869.0,67095.0,67091.0,53123.0,64763.0,64763.0
09-07 14:00,66708.0,65568.0,65240.0,65199.0,51315.0,63617.0,63617.0
09-07 15:00,65910.0,64383.0,64468.0,64281.0,50040.0,63050.0,63050.0
09-07 16:00,63959.0,62700.0,63347.0,63311.0,49639.0,61261.0,61261.0
09-07 17:00,63015.0,62059.0,62365.0,61960.0,50456.0,61077.0,61077.0
09-07 18:00,63084.0,61570.0,61806.0,61501.0,50797.0,60869.0,60869.0
09-07 19:00,63342.0,61561.0,61856.0,60894.0,50874.0,60847.0,60847.0
09-07 20:00,63507.0,61998.0,61959.0,60735.0,50901.0,61066.0,61066.0
09-07 21:00,60623.0,60154.0,59286.0,58782.0,48403.0,58357.0,58357.0
09-07 22:00,56143.0,55330.0,54646.0,54545.0,45942.0,53863.0,53863.0
09-07 23:00,51667.0,50920.0,50339.0,50496.0,43117.0,49688.0,49688.0
09-08 00:00,47691.0,47632.0,47203.0,47370.0,40191.0,46540.0,46540.0
09-08 01:00,45530.0,45448.0,45352.0,45276.0,38203.0,45014.0,45014.0
09-08 02:00,44033.0,44007.0,43930.0,43996.0,37255.0,44127.0,44127.0
09-08 03:00,44566.0,44236.0,44440.0,43451.0,36570.0,44309.0,44309.0
09-08 04:00,46605.0,45995.0,46410.0,43639.0,36709.0,45990.0,45990.0
09-08 05:00,51896.0,51117.0,52011.0,45085.0,36663.0,50648.0,50648.0
09-08 06:00,60105.0,59050.0,60658.0,47250.0,37985.0,57899.0,57899.0
09-08 07:00,64225.0,62999.0,64827.0,51116.0,40542.0,61927.0,61927.0
09-08 08:00,66073.0,65096.0,67596.0,54500.0,43865.0,64020.0,64020.0
09-08 09:00,66798.0,66589.0,68743.0,56750.0,46790.0,65024.0,65024.0
09-08 10:00,67927.0,68334.0,70086.0,57280.0,48611.0,65758.0,65758.0
09-08 11:00,69067.0,69366.0,70651.0,57725.0,50502.0,66651.0,66651.0
09-08 12:00,68630.0,68829.0,70015.0,57039.0,50331.0,66057.0,66057.0
09-08 13:00,68645.0,68534.0,68582.0,55262.0,48572.0,65781.0,65781.0
09-08 14:00,66983.0,66996.0,66685.0,53209.0,47000.0,64059.0,64059.0
09-08 15:00,66175.0,66133.0,65605.0,51904.0,46439.0,63057.0,63057.0
09-08 16:00,63910.0,64554.0,64052.0,51762.0,46432.0,61960.0,61960.0
09-08 17:00,63071.0,63682.0,63538.0,52292.0,47965.0,61314.0,61314.0
09-08 18:00,63172.0,62900.0,63065.0,52337.0,48938.0,61636.0,61636.0
09-08 19:00,63637.0,62767.0,62831.0,52602.0,49695.0,61457.0,61457.0
09-08 20:00,64121.0,63124.0,62760.0,52777.0,50290.0,61726.0,61726.0
09-08 21:00,61482.0,60699.0,59428.0,50481.0,48230.0,59137.0,59137.0
09-08 22:00,56635.0,55841.0,55106.0,47821.0,46738.0,55009.0,55009.0
09-08 23:00,51657.0,51242.0,50907.0,44994.0,43663.0,51301.0,51301.0
09-09 00:00,47710.0,47770.0,47346.0,41976.0,40765.0,47439.0,47439.0
09-09 01:00,45481.0,45360.0,45043.0,39346.0,39118.0,45848.0,45848.0
09-09 02:00,43904.0,44200.0,43167.0,38303.0,38658.0,44540.0,44540.0
09-09 03:00,44166.0,44298.0,42483.0,37335.0,39121.0,44594.0,44594.0
09-09 04:00,46363.0,46008.0,42388.0,37216.0,41300.0,46058.0,46058.0
09-09 05:00,51801.0,50890.0,43968.0,37968.0,47813.0,50931.0,50931.0
09-09 06:00,59654.0,58939.0,45915.0,38910.0,57372.0,58158.0,58158.0
09-09 07:00,64015.0,63299.0,49492.0,41607.0,61918.0,61861.0,61861.0
09-09 08:00,65660.0,65543.0,53237.0,44937.0,64251.0,63746.0,63746.0
09-09 09:00,66645.0,66510.0,55447.0,47165.0,65225.0,64720.0,64720.0
09-09 10:00,68065.0,67873.0,57602.0,49258.0,66498.0,66116.0,66116.0
09-09 11:00,69324.0,68614.0,58099.0,50565.0,67478.0,67002.0,67002.0
09-09 12:00,68353.0,67689.0,57497.0,50417.0,66756.0,66857.0,66857.0
09-09 13:00,67633.0,66849.0,55544.0,49137.0,66166.0,66147.0,66147.0
09-09 14:00,65577.0,64536.0,53797.0,47153.0,64673.0,64826.0,64826.0
09-09 15:00,64626.0,63247.0,52721.0,46441.0,64209.0,64020.0,64020.0
09-09 16:00,62947.0,61899.0,51943.0,46194.0,62502.0,62961.0,62961.0
09-09 17:00,62200.0,61177.0,52877.0,47522.0,61846.0,62873.0,62873.0
09-09 18:00,62155.0,60096.0,53591.0,48929.0,61775.0,62796.0,62796.0
09-09 19:00,62437.0,60047.0,53427.0,50458.0,62104.0,62358.0,62358.0
09-09 20:00,62990.0,60301.0,52897.0,52181.0,62150.0,62201.0,62201.0
09-09 21:00,60441.0,57192.0,50322.0,50564.0,58522.0,59362.0,59362.0
09-09 22:00,55976.0,53077.0,47686.0,48916.0,54200.0,55196.0,55196.0
09-09 23:00,51359.0,48525.0,44553.0,45932.0,49500.0,51075.0,51075.0
09-10 00:00,47905.0,45153.0,41206.0,43534.0,45702.0,47924.0,47924.0
09-10 01:00,45616.0,43329.0,39123.0,41977.0,43974.0,46198.0,46198.0
09-10 02:00,44396.0,41975.0,37583.0,41156.0,43491.0,45050.0,45050.0
09-10 03:00,44460.0,41275.0,37004.0,41512.0,43879.0,44765.0,44765.0
09-10 04:00,46590.0,41181.0,37193.0,43685.0,45986.0,46467.0,46467.0
09-10 05:00,51832.0,42343.0,37711.0,49713.0,51228.0,51338.0,51338.0
09-10 06:00,59957.0,44364.0,38506.0,58796.0,59520.0,58146.0,58146.0
09-10 07:00,63554.0,47803.0,41382.0,62818.0,63512.0,62111.0,62111.0
09-10 08:00,65673.0,51442.0,45076.0,65297.0,65196.0,64862.0,64862.0
09-10 09:00,66516.0,53816.0,47908.0,66369.0,66238.0,65949.0,65949.0
09-10 10:00,67292.0,55039.0,50218.0,67433.0,67736.0,66665.0,66665.0
09-10 11:00,67980.0,56145.0,52136.0,68553.0,68719.0,67324.0,67324.0
09-10 12:00,67164.0,55533.0,51689.0,67960.0,68085.0,66430.0,66430.0
09-10 13:00,66740.0,53837.0,49911.0,67693.0,67726.0,65466.0,65466.0
09-10 14:00,65298.0,52151.0,48233.0,66404.0,66072.0,63491.0,63491.0
09-10 15:00,64705.0,51133.0,47270.0,65673.0,65148.0,61655.0,61655.0
09-10 16:00,63135.0,50284.0,46901.0,64148.0,63485.0,60698.0,60698.0
09-10 17:00,62336.0,50465.0,48148.0,63488.0,62313.0,60815.0,60815.0
09-10 18:00,62539.0,50730.0,49829.0,63594.0,61983.0,60416.0,60416.0
09-10 19:00,64220.0,50466.0,51104.0,64040.0,62198.0,60086.0,60086.0
09-10 20:00,64322.0,50937.0,52090.0,64207.0,62463.0,59860.0,59860.0
09-10 21:00,61069.0,48899.0,50502.0,60421.0,59509.0,56059.0,56059.0
09-10 22:00,56582.0,46547.0,49477.0,55862.0,54866.0,52134.0,52134.0
09-10 23:00,51713.0,43369.0,46510.0,51157.0,50193.0,48239.0,48239.0
09-11 00:00,48222.0,40863.0,43574.0,47697.0,46470.0,44560.0,44560.0
09-11 01:00,45983.0,38946.0,42413.0,45859.0,44451.0,42445.0,42445.0
09-11 02:00,44497.0,37774.0,41533.0,44904.0,43794.0,41232.0,41232.0
09-11 03:00,44768.0,37172.0,41883.0,45263.0,43844.0,41046.0,41046.0
09-11 04:00,46735.0,37112.0,44348.0,47349.0,45925.0,40749.0,40749.0
09-11 05:00,51676.0,37575.0,50836.0,53378.0,51548.0,41960.0,41960.0
09-11 06:00,59989.0,38461.0,59943.0,62367.0,60630.0,43736.0,43736.0
09-11 07:00,64268.0,40669.0,64618.0,66174.0,64337.0,47178.0,47178.0
09-11 08:00,65922.0,43943.0,66113.0,68549.0,65779.0,50817.0,50817.0
09-11 09:00,66475.0,46746.0,67063.0,69802.0,66202.0,52788.0,52788.0
09-11 10:00,67454.0,49160.0,68394.0,71442.0,67129.0,54189.0,54189.0
09-11 11:00,67972.0,50871.0,69562.0,71683.0,67976.0,55240.0,55240.0
09-11 12:00,67274.0,50260.0,69002.0,70692.0,68153.0,55373.0,55373.0
09-11 13:00,66326.0,49046.0,68530.0,71055.0,68163.0,54458.0,54458.0
09-11 14:00,64535.0,47330.0,67367.0,70007.0,66613.0,52935.0,52935.0
09-11 15:00,63840.0,46378.0,66525.0,69505.0,65999.0,52272.0,52272.0
09-11 16:00,62314.0,46202.0,64973.0,67718.0,64343.0,51407.0,51407.0
09-11 17:00,61969.0,47096.0,64585.0,66862.0,63749.0,51714.0,51714.0
09-11 18:00,61659.0,48000.0,64741.0,66421.0,63910.0,52231.0,52231.0
09-11 19:00,62011.0,49400.0,64654.0,66142.0,64789.0,51743.0,51743.0
09-11 20:00,62373.0,50756.0,64978.0,66125.0,65103.0,51877.0,51877.0
09-11 21:00,59172.0,49142.0,61544.0,62849.0,60999.0,48968.0,48968.0
09-11 22:00,55172.0,47516.0,57776.0,57937.0,56700.0,46351.0,46351.0
09-11 23:00,50837.0,44716.0,52817.0,53044.0,51681.0,43604.0,43604.0
09-12 00:00,46514.0,42449.0,49143.0,49385.0,48957.0,40538.0,40538.0
09-12 01:00,44370.0,40920.0,46919.0,47370.0,46501.0,39284.0,39284.0
09-12 02:00,42795.0,39867.0,45393.0,46178.0,45038.0,38645.0,38645.0
09-12 03:00,42313.0,40233.0,45305.0,46670.0,45038.0,38102.0,38102.0
09-12 04:00,42396.0,42465.0,47207.0,48588.0,46552.0,37967.0,37967.0
09-12 05:00,43324.0,48272.0,52712.0,53286.0,51891.0,38428.0,38428.0
09-12 06:00,45510.0,57224.0,61860.0,61268.0,60644.0,39872.0,39872.0
09-12 07:00,49682.0,61973.0,65832.0,65365.0,64539.0,41786.0,41786.0
09-12 08:00,53232.0,63957.0,67746.0,66879.0,65767.0,45237.0,45237.0
09-12 09:00,55537.0,65518.0,68597.0,68128.0,66187.0,48698.0,48698.0
09-12 10:00,56870.0,67261.0,69496.0,69071.0,67374.0,50503.0,50503.0
09-12 11:00,57779.0,68347.0,70349.0,70218.0,68281.0,52230.0,52230.0
09-12 12:00,57104.0,67834.0,69693.0,69251.0,67472.0,51997.0,51997.0
09-12 13:00,54716.0,67745.0,69254.0,69173.0,67302.0,49829.0,49829.0
09-12 14:00,53509.0,66664.0,67561.0,67710.0,65941.0,47997.0,47997.0
09-12 15:00,53236.0,66166.0,67214.0,67070.0,65077.0,47299.0,47299.0
09-12 16:00,52196.0,64538.0,65580.0,65696.0,63744.0,47576.0,47576.0
09-12 17:00,52705.0,63418.0,64135.0,65197.0,62987.0,48981.0,48981.0
09-12 18:00,53067.0,63132.0,64252.0,65122.0,62832.0,50416.0,50416.0
09-12 19:00,54107.0,63925.0,64986.0,65218.0,63080.0,51166.0,51166.0
09-12 20:00,54595.0,64200.0,65026.0,65048.0,63455.0,52045.0,52045.0
09-12 21:00,51771.0,60963.0,61343.0,61376.0,60125.0,49930.0,49930.0
09-12 22:00,48881.0,56323.0,57068.0,56383.0,55758.0,48046.0,48046.0
09-12 23:00,45460.0,51533.0,52099.0,51633.0,51241.0,45487.0,45487.0
09-13 00:00,42066.0,48417.0,48139.0,48496.0,47775.0,43389.0,43389.0
09-13 01:00,39602.0,45953.0,46155.0,46381.0,46252.0,42128.0,42128.0
09-13 02:00,37844.0,44396.0,44793.0,44904.0,45955.0,41237.0,41237.0
09-13 03:00,37554.0,44392.0,45374.0,44789.0,46307.0,41248.0,41248.0
09-13 04:00,37518.0,45842.0,48067.0,46058.0,47687.0,42864.0,42864.0
09-13 05:00,38138.0,50941.0,54065.0,51150.0,53158.0,47664.0,47664.0
09-13 06:00,39090.0,59839.0,63052.0,60402.0,61658.0,56564.0,56564.0
09-13 07:00,41198.0,63745.0,67542.0,64374.0,65068.0,60553.0,60553.0
09-13 08:00,45113.0,65570.0,69841.0,65965.0,66849.0,62535.0,62535.0
09-13 09:00,48314.0,66780.0,70837.0,66432.0,67898.0,64065.0,64065.0
09-13 10:00,50671.0,68443.0,71897.0,67473.0,69348.0,65076.0,65076.0
09-13 11:00,52555.0,70010.0,72793.0,68302.0,69737.0,66031.0,66031.0
09-13 12:00,52300.0,69546.0,71985.0,67863.0,68767.0,65403.0,65403.0
09-13 13:00,50737.0,69300.0,70912.0,67331.0,67541.0,64931.0,64931.0
09-13 14:00,49132.0,67607.0,69814.0,66617.0,65831.0,62554.0,62554.0
09-13 15:00,47767.0,66708.0,68685.0,66226.0,64326.0,62530.0,62530.0
09-13 16:00,47339.0,64434.0,66675.0,64162.0,62693.0,60906.0,60906.0
09-13 17:00,49135.0,63506.0,65999.0,63683.0,61462.0,60636.0,60636.0
09-13 18:00,50493.0,62894.0,66154.0,63603.0,60950.0,60905.0,60905.0
09-13 19:00,52244.0,63602.0,67249.0,64221.0,61173.0,61264.0,61264.0
09-13 20:00,53123.0,63909.0,66948.0,64143.0,61283.0,61456.0,61456.0
09-13 21:00,51230.0,60783.0,62876.0,60575.0,57322.0,58031.0,58031.0
09-13 22:00,49873.0,56049.0,58229.0,55588.0,53120.0,54009.0,54009.0
09-13 23:00,46365.0,50812.0,53073.0,50872.0,49163.0,50056.0,50056.0
09-14 00:00,43817.0,47501.0,49414.0,48213.0,45540.0,46791.0,46791.0
09-14 01:00,42195.0,45572.0,47746.0,46183.0,43395.0,44709.0,44709.0
09-14 02:00,41085.0,44269.0,46382.0,44938.0,41616.0,43940.0,43940.0
09-14 03:00,41692.0,43948.0,46266.0,44824.0,40806.0,43833.0,43833.0
09-14 04:00,43985.0,45736.0,48042.0,46638.0,41233.0,45560.0,45560.0
09-14 05:00,50701.0,50854.0,53267.0,51965.0,42281.0,50007.0,50007.0
09-14 06:00,60418.0,59370.0,62256.0,60687.0,44305.0,58229.0,58229.0
09-14 07:00,64910.0,63385.0,66064.0,64690.0,47809.0,61389.0,61389.0
09-14 08:00,67090.0,65140.0,68191.0,66838.0,51343.0,63926.0,63926.0
09-14 09:00,67725.0,66251.0,69205.0,67585.0,53962.0,65095.0,65095.0
09-14 10:00,68958.0,67669.0,69956.0,68360.0,55094.0,66134.0,66134.0
09-14 11:00,69460.0,68579.0,70560.0,68687.0,55716.0,66494.0,66494.0
09-14 12:00,68867.0,68514.0,70362.0,67930.0,55206.0,66240.0,66240.0
09-14 13:00,68411.0,68626.0,70389.0,66896.0,53772.0,66115.0,66115.0
09-14 14:00,66887.0,67257.0,69243.0,64678.0,51864.0,64375.0,64375.0
09-14 15:00,66768.0,66182.0,68361.0,63197.0,50823.0,63773.0,63773.0
09-14 16:00,64972.0,64338.0,66218.0,61997.0,50398.0,62648.0,62648.0
09-14 17:00,64566.0,63499.0,65827.0,61707.0,50798.0,61854.0,61854.0
09-14 18:00,64264.0,63098.0,65675.0,61370.0,51363.0,62012.0,62012.0
09-14 19:00,65296.0,64241.0,66880.0,62103.0,52030.0,63356.0,63356.0
09-14 20:00,65437.0,64462.0,66499.0,61901.0,52428.0,63040.0,63040.0
09-14 21:00,61962.0,60903.0,62614.0,58218.0,49520.0,59379.0,59379.0
09-14 22:00,57497.0,56706.0,58531.0,53853.0,46905.0,55120.0,55120.0
09-14 23:00,52823.0,51741.0,53483.0,50423.0,43845.0,51079.0,51079.0
09-15 00:00,48933.0,48317.0,49287.0,47038.0,41510.0,47704.0,47704.0
09-15 01:00,47215.0,46740.0,46926.0,44506.0,40063.0,45430.0,45430.0
09-15 02:00,45693.0,45323.0,45678.0,42832.0,39060.0,44549.0,44549.0
09-15 03:00,46161.0,45135.0,46410.0,42466.0,38639.0,44444.0,44444.0
09-15 04:00,48157.0,46516.0,48441.0,42654.0,38476.0,46390.0,46390.0
09-15 05:00,53598.0,51438.0,53785.0,44236.0,39491.0,51557.0,51557.0
09-15 06:00,62438.0,59795.0,62286.0,46804.0,40438.0,59811.0,59811.0
09-15 07:00,65874.0,63728.0,65603.0,50422.0,43544.0,63743.0,63743.0
09-15 08:00,68039.0,65505.0,67801.0,54149.0,46808.0,66288.0,66288.0
09-15 09:00,69080.0,66342.0,68689.0,56606.0,49567.0,67313.0,67313.0
09-15 10:00,69600.0,67892.0,69089.0,57945.0,51208.0,68638.0,68638.0
09-15 11:00,70489.0,69569.0,69064.0,57982.0,52229.0,69576.0,69576.0
09-15 12:00,70323.0,69129.0,68492.0,57563.0,52104.0,69085.0,69085.0
09-15 13:00,69349.0,68984.0,67780.0,55995.0,50864.0,68390.0,68390.0
09-15 14:00,68145.0,67202.0,65219.0,53547.0,49502.0,66860.0,66860.0
09-15 15:00,66655.0,66566.0,63823.0,52010.0,48578.0,65861.0,65861.0
09-15 16:00,65260.0,64560.0,62751.0,51772.0,48484.0,64482.0,64482.0
09-15 17:00,64285.0,62770.0,62182.0,52706.0,49897.0,64928.0,64928.0
09-15 18:00,64301.0,62369.0,61424.0,53324.0,51175.0,64729.0,64729.0
09-15 19:00,65909.0,63411.0,62536.0,53561.0,52578.0,64935.0,64935.0
09-15 20:00,65773.0,63615.0,62580.0,53308.0,53309.0,64387.0,64387.0
09-15 21:00,62456.0,59835.0,58072.0,50166.0,50949.0,60194.0,60194.0
09-15 22:00,57585.0,55959.0,54633.0,47175.0,49169.0,56073.0,56073.0
09-15 23:00,52533.0,51305.0,50526.0,44024.0,45691.0,52470.0,52470.0
09-16 00:00,48775.0,47915.0,47141.0,41052.0,43026.0,48974.0,48974.0
09-16 01:00,46389.0,45878.0,45136.0,38820.0,41498.0,46148.0,46148.0
09-16 02:00,45090.0,44212.0,43357.0,37659.0,40488.0,45382.0,45382.0
09-16 03:00,44953.0,44084.0,43198.0,36605.0,40563.0,45551.0,45551.0
09-16 04:00,46973.0,45443.0,43258.0,37009.0,43512.0,47209.0,47209.0
09-16 05:00,52813.0,50947.0,44371.0,37413.0,49491.0,51880.0,51880.0
09-16 06:00,62229.0,59647.0,46231.0,38330.0,59190.0,60264.0,60264.0
09-16 07:00,65579.0,63352.0,49968.0,40918.0,63493.0,63910.0,63910.0
09-16 08:00,67322.0,65442.0,53674.0,44929.0,64848.0,66390.0,66390.0
09-16 09:00,67814.0,66036.0,55630.0,47654.0,65693.0,67513.0,67513.0
09-16 10:00,69747.0,67162.0,56465.0,49424.0,66891.0,68813.0,68813.0
09-16 11:00,71112.0,67352.0,57058.0,50990.0,67770.0,69680.0,69680.0
09-16 12:00,70500.0,66687.0,56377.0,50859.0,67323.0,69080.0,69080.0
09-16 13:00,69939.0,65931.0,54732.0,49793.0,67157.0,68617.0,68617.0
09-16 14:00,68227.0,64102.0,52850.0,47779.0,66136.0,66659.0,66659.0
09-16 15:00,67453.0,62662.0,51706.0,46781.0,65260.0,65917.0,65917.0
09-16 16:00,66069.0,61074.0,50709.0,46692.0,64071.0,64780.0,64780.0
09-16 17:00,66120.0,60817.0,51760.0,48481.0,63456.0,64303.0,64303.0
09-16 18:00,66133.0,60243.0,52319.0,50397.0,63411.0,63860.0,63860.0
09-16 19:00,66776.0,61465.0,53762.0,52543.0,64368.0,64304.0,64304.0
09-16 20:00,65629.0,60847.0,53476.0,52926.0,63829.0,63634.0,63634.0
09-16 21:00,62560.0,56440.0,50333.0,50549.0,59768.0,59814.0,59814.0
09-16 22:00,57843.0,52131.0,47744.0,49003.0,55280.0,54665.0,54665.0
09-16 23:00,53452.0,48174.0,44770.0,46409.0,51013.0,50315.0,50315.0
09-17 00:00,49624.0,45273.0,41207.0,43435.0,48142.0,48038.0,48038.0
09-17 01:00,47262.0,42786.0,39115.0,41498.0,46540.0,45835.0,45835.0
09-17 02:00,45587.0,41661.0,37620.0,40624.0,45059.0,44854.0,44854.0
09-17 03:00,45660.0,41428.0,37255.0,40906.0,45697.0,45196.0,45196.0
09-17 04:00,47643.0,41053.0,37258.0,43142.0,47317.0,46619.0,46619.0
09-17 05:00,53751.0,42475.0,37890.0,49809.0,52883.0,50953.0,50953.0
09-17 06:00,62945.0,45113.0,38808.0,59507.0,61798.0,59039.0,59039.0
09-17 07:00,66362.0,48293.0,40936.0,63249.0,65440.0,62610.0,62610.0
09-17 08:00,68748.0,51551.0,45091.0,65350.0,67017.0,65121.0,65121.0
09-17 09:00,69666.0,54133.0,47861.0,66073.0,67910.0,66116.0,66116.0
09-17 10:00,70931.0,55340.0,50307.0,67125.0,69298.0,66578.0,66578.0
09-17 11:00,71887.0,56104.0,51884.0,68053.0,70515.0,67062.0,67062.0
09-17 12:00,71149.0,55268.0,51543.0,67473.0,69633.0,66682.0,66682.0
09-17 13:00,71158.0,53939.0,50490.0,67474.0,69282.0,65426.0,65426.0
09-17 14:00,68760.0,51930.0,48407.0,66265.0,68185.0,63305.0,63305.0
09-17 15:00,68015.0,51288.0,46740.0,65496.0,67939.0,61989.0,61989.0
09-17 16:00,65868.0,50850.0,46601.0,63875.0,65935.0,60471.0,60471.0
09-17 17:00,65370.0,52006.0,48874.0,62762.0,65478.0,60337.0,60337.0
09-17 18:00,65738.0,52603.0,50292.0,63014.0,65187.0,60449.0,60449.0
09-17 19:00,66712.0,53120.0,52740.0,64357.0,66554.0,61612.0,61612.0
09-17 20:00,66268.0,52625.0,52966.0,64312.0,66522.0,61189.0,61189.0
09-17 21:00,61728.0,48919.0,50142.0,59924.0,62204.0,57159.0,57159.0
09-17 22:00,57499.0,46498.0,48897.0,55053.0,57368.0,52861.0,52861.0
09-17 23:00,52352.0,43545.0,45845.0,50443.0,52845.0,48732.0,48732.0
09-18 00:00,48863.0,40912.0,42842.0,47150.0,49469.0,45540.0,45540.0
09-18 01:00,46277.0,39099.0,41232.0,45537.0,47250.0,43497.0,43497.0
09-18 02:00,44858.0,37784.0,40437.0,45056.0,45616.0,42124.0,42124.0
09-18 03:00,44896.0,37219.0,41739.0,45403.0,45753.0,41603.0,41603.0
09-18 04:00,46855.0,37022.0,44030.0,47357.0,47480.0,41868.0,41868.0
09-18 05:00,52081.0,37578.0,49921.0,53052.0,53103.0,43114.0,43114.0
09-18 06:00,61603.0,38775.0,59933.0,62598.0,62688.0,45443.0,45443.0
09-18 07:00,65236.0,41061.0,63735.0,66037.0,65566.0,48506.0,48506.0
09-18 08:00,66940.0,44898.0,66524.0,67496.0,66450.0,52013.0,52013.0
09-18 09:00,67945.0,47929.0,67138.0,68002.0,67218.0,54671.0,54671.0
09-18 10:00,68662.0,50037.0,67947.0,69440.0,68138.0,55878.0,55878.0
09-18 11:00,69312.0,51928.0,69147.0,70000.0,68402.0,56109.0,56109.0
09-18 12:00,68470.0,51688.0,68412.0,69717.0,67715.0,55555.0,55555.0
09-18 13:00,67214.0,49528.0,67435.0,70129.0,67549.0,53895.0,53895.0
09-18 14:00,64647.0,48211.0,65823.0,68956.0,66863.0,52428.0,52428.0
09-18 15:00,63497.0,47158.0,65685.0,68886.0,65618.0,51519.0,51519.0
09-18 16:00,62052.0,47022.0,64261.0,67509.0,64501.0,50700.0,50700.0
09-18 17:00,61783.0,48582.0,63407.0,67040.0,63617.0,52265.0,52265.0
09-18 18:00,61510.0,49468.0,63463.0,66500.0,63223.0,52838.0,52838.0
09-18 19:00,63290.0,50878.0,65254.0,67704.0,64833.0,53796.0,53796.0
09-18 20:00,63056.0,51290.0,64599.0,67248.0,64424.0,53711.0,53711.0
09-18 21:00,58544.0,48345.0,60383.0,63377.0,59858.0,50052.0,50052.0
09-18 22:00,54404.0,47052.0,56734.0,59110.0,55596.0,46777.0,46777.0
09-18 23:00,50235.0,44261.0,51597.0,54374.0,51106.0,43932.0,43932.0
09-19 00:00,46175.0,41550.0,47824.0,50163.0,48041.0,41020.0,41020.0
09-19 01:00,43729.0,39922.0,45778.0,47686.0,45793.0,39165.0,39165.0
09-19 02:00,42448.0,39170.0,44663.0,46398.0,44504.0,38402.0,38402.0
09-19 03:00,41917.0,39552.0,45297.0,46458.0,44454.0,37692.0,37692.0
09-19 04:00,42399.0,41965.0,47174.0,48091.0,46772.0,37573.0,37573.0
09-19 05:00,43404.0,47433.0,52324.0,53024.0,51413.0,38345.0,38345.0
09-19 06:00,45951.0,58090.0,61494.0,62167.0,60516.0,39577.0,39577.0
09-19 07:00,49428.0,62325.0,65148.0,65888.0,63536.0,42017.0,42017.0
09-19 08:00,53285.0,64154.0,66817.0,67611.0,64873.0,45484.0,45484.0
09-19 09:00,55421.0,65198.0,67315.0,68465.0,65480.0,48842.0,48842.0
09-19 10:00,56447.0,66780.0,68346.0,69615.0,65689.0,50742.0,50742.0
09-19 11:00,57352.0,68053.0,68858.0,70427.0,67294.0,52255.0,52255.0
09-19 12:00,56893.0,67154.0,68197.0,69808.0,66480.0,51866.0,51866.0
09-19 13:00,55694.0,66928.0,67917.0,69706.0,65567.0,50334.0,50334.0
09-19 14:00,53244.0,65478.0,66288.0,68974.0,64271.0,48453.0,48453.0
09-19 15:00,52164.0,64424.0,65685.0,68683.0,63619.0,47568.0,47568.0
09-19 16:00,51160.0,62698.0,64036.0,67418.0,61842.0,47183.0,47183.0
09-19 17:00,51884.0,61640.0,63534.0,66349.0,61376.0,49758.0,49758.0
09-19 18:00,52407.0,62099.0,63839.0,66214.0,61661.0,50675.0,50675.0
09-19 19:00,54192.0,63599.0,66052.0,68197.0,63620.0,51510.0,51510.0
09-19 20:00,54122.0,63025.0,65728.0,67654.0,63316.0,51642.0,51642.0
09-19 21:00,50425.0,58524.0,61167.0,63116.0,58678.0,48916.0,48916.0
09-19 22:00,47938.0,53718.0,57257.0,59054.0,54261.0,47001.0,47001.0
09-19 23:00,44841.0,49192.0,52377.0,54766.0,49824.0,44007.0,44007.0
09-20 00:00,41520.0,46064.0,48469.0,50545.0,46540.0,41341.0,41341.0
09-20 01:00,38958.0,44147.0,45998.0,48614.0,44354.0,40130.0,40130.0
09-20 02:00,37836.0,43070.0,44666.0,47021.0,43411.0,39992.0,39992.0
09-20 03:00,37112.0,42961.0,45246.0,47199.0,44109.0,40638.0,40638.0
09-20 04:00,37222.0,44779.0,47434.0,48372.0,46185.0,43143.0,43143.0
09-20 05:00,37856.0,49765.0,53184.0,53813.0,51896.0,48834.0,48834.0
09-20 06:00,39105.0,59258.0,62571.0,62728.0,60209.0,57466.0,57466.0
09-20 07:00,41168.0,63594.0,65828.0,65276.0,63359.0,61631.0,61631.0
09-20 08:00,44897.0,65427.0,67738.0,67192.0,65086.0,63923.0,63923.0
09-20 09:00,48146.0,66164.0,68168.0,68274.0,65250.0,64783.0,64783.0
09-20 10:00,50598.0,67426.0,69035.0,69186.0,66137.0,65596.0,65596.0
09-20 11:00,52720.0,67989.0,69695.0,70501.0,66435.0,66481.0,66481.0
09-20 12:00,52675.0,66944.0,69183.0,69961.0,65767.0,66231.0,66231.0
09-20 13:00,50837.0,66685.0,68753.0,70486.0,64467.0,65381.0,65381.0
09-20 14:00,49115.0,64974.0,67209.0,69121.0,62449.0,63453.0,63453.0
09-20 15:00,48054.0,64222.0,65366.0,68157.0,60969.0,62402.0,62402.0
09-20 16:00,47448.0,62577.0,63913.0,66913.0,60205.0,61003.0,61003.0
09-20 17:00,48971.0,62094.0,63161.0,65511.0,59764.0,61177.0,61177.0
09-20 18:00,50722.0,62539.0,63486.0,65092.0,59974.0,61470.0,61470.0
09-20 19:00,52952.0,64527.0,65599.0,66857.0,61702.0,62991.0,62991.0
09-20 20:00,53235.0,63904.0,65023.0,66059.0,61186.0,62408.0,62408.0
09-20 21:00,50608.0,58890.0,60919.0,61994.0,57009.0,57809.0,57809.0
09-20 22:00,49180.0,54073.0,56950.0,57688.0,53017.0,53577.0,53577.0
09-20 23:00,45899.0,49554.0,52162.0,53816.0,48899.0,49920.0,49920.0
09-21 00:00,42885.0,46092.0,48432.0,50363.0,45367.0,45176.0,45176.0
09-21 01:00,41046.0,44016.0,46045.0,48267.0,42716.0,43612.0,43612.0
09-21 02:00,39980.0,42736.0,44620.0,47418.0,41319.0,42509.0,42509.0
09-21 03:00,40938.0,43069.0,45460.0,47715.0,40665.0,43031.0,43031.0
09-21 04:00,43511.0,44744.0,47527.0,49985.0,41400.0,45423.0,45423.0
09-21 05:00,49945.0,49981.0,52731.0,55485.0,42381.0,49903.0,49903.0
09-21 06:00,60381.0,59809.0,61803.0,65346.0,44813.0,58930.0,58930.0
09-21 07:00,64686.0,63085.0,64993.0,69069.0,48228.0,62671.0,62671.0
09-21 08:00,66463.0,64493.0,66258.0,71380.0,51673.0,64903.0,64903.0
09-21 09:00,67425.0,65352.0,66620.0,72596.0,53754.0,66086.0,66086.0
09-21 10:00,68378.0,66454.0,68726.0,73624.0,54930.0,66326.0,66326.0
09-21 11:00,68918.0,67199.0,69229.0,74588.0,55096.0,66992.0,66992.0
09-21 12:00,67969.0,66517.0,68627.0,73047.0,54440.0,66780.0,66780.0
09-21 13:00,67470.0,66156.0,66815.0,72027.0,53100.0,67050.0,67050.0
09-21 14:00,66381.0,64941.0,65388.0,70246.0,51228.0,64871.0,64871.0
09-21 15:00,65254.0,64000.0,64845.0,69153.0,50414.0,63981.0,63981.0
09-21 16:00,63275.0,62221.0,62909.0,66849.0,49191.0,62834.0,62834.0
09-21 17:00,62704.0,61488.0,62524.0,66467.0,50086.0,62667.0,62667.0
09-21 18:00,63670.0,62164.0,63378.0,66104.0,51282.0,62950.0,62950.0
09-21 19:00,66447.0,64462.0,65763.0,66083.0,52718.0,64299.0,64299.0
09-21 20:00,65643.0,63719.0,65128.0,64986.0,52710.0,63857.0,63857.0
09-21 21:00,60800.0,59599.0,60681.0,61031.0,49153.0,60095.0,60095.0
09-21 22:00,55747.0,54759.0,56469.0,56805.0,46723.0,56233.0,56233.0
09-21 23:00,51353.0,49865.0,52030.0,52440.0,43363.0,51673.0,51673.0
09-22 00:00,47668.0,46484.0,48245.0,49713.0,40601.0,48046.0,48046.0
09-22 01:00,45626.0,44418.0,45901.0,47415.0,38514.0,46664.0,46664.0
09-22 02:00,44806.0,43186.0,45113.0,45800.0,37239.0,45397.0,45397.0
09-22 03:00,44922.0,43408.0,45321.0,45294.0,36472.0,45407.0,45407.0
09-22 04:00,46805.0,45082.0,47609.0,45085.0,36879.0,46956.0,46956.0
09-22 05:00,52399.0,50365.0,52486.0,46702.0,37582.0,51673.0,51673.0
09-22 06:00,61868.0,56365.0,61648.0,49289.0,38832.0,59744.0,59744.0
09-22 07:00,65495.0,62849.0,64852.0,52099.0,41769.0,63105.0,63105.0
09-22 08:00,67347.0,64074.0,66430.0,55849.0,44830.0,64631.0,64631.0
09-22 09:00,68062.0,64059.0,67152.0,58228.0,47415.0,64939.0,64939.0
09-22 10:00,69078.0,65065.0,67544.0,59159.0,49313.0,66108.0,66108.0
09-22 11:00,70749.0,66114.0,68061.0,60310.0,50076.0,66649.0,66649.0
09-22 12:00,70230.0,66140.0,67267.0,59149.0,49680.0,66074.0,66074.0
09-22 13:00,69480.0,65965.0,66304.0,57629.0,48416.0,65816.0,65816.0
09-22 14:00,67931.0,64706.0,64277.0,55089.0,46540.0,64096.0,64096.0
09-22 15:00,66808.0,63862.0,63577.0,54294.0,45990.0,63082.0,63082.0
09-22 16:00,65241.0,62172.0,62011.0,53899.0,45521.0,61561.0,61561.0
09-22 17:00,64757.0,61817.0,60816.0,55450.0,48284.0,61942.0,61942.0
09-22 18:00,64830.0,62287.0,61781.0,56356.0,50095.0,62857.0,62857.0
09-22 19:00,66763.0,64885.0,63532.0,57238.0,53052.0,65056.0,65056.0
09-22 20:00,65955.0,64135.0,62642.0,55984.0,53304.0,64597.0,64597.0
09-22 21:00,61277.0,59252.0,57788.0,52163.0,50739.0,59996.0,59996.0
09-22 22:00,57144.0,54444.0,54365.0,49206.0,49396.0,55514.0,55514.0
09-22 23:00,52148.0,49966.0,50511.0,46382.0,46202.0,51498.0,51498.0
09-23 00:00,48208.0,46107.0,46931.0,43305.0,43418.0,48346.0,48346.0
09-23 01:00,45854.0,43958.0,44386.0,41193.0,41974.0,46684.0,46684.0
09-23 02:00,44496.0,42653.0,42993.0,39446.0,41258.0,46094.0,46094.0
09-23 03:00,44632.0,43007.0,42605.0,38752.0,41667.0,46311.0,46311.0
09-23 04:00,46722.0,44824.0,43365.0,38499.0,44252.0,48664.0,48664.0
09-23 05:00,52095.0,50223.0,43991.0,38911.0,50325.0,53655.0,53655.0
09-23 06:00,61952.0,59995.0,46944.0,39971.0,60552.0,61310.0,61310.0
09-23 07:00,66114.0,63247.0,50092.0,42549.0,63990.0,65243.0,65243.0
09-23 08:00,68008.0,65115.0,53594.0,46391.0,65966.0,67187.0,67187.0
09-23 09:00,69062.0,65871.0,55802.0,49003.0,66807.0,67970.0,67970.0
09-23 10:00,70088.0,66788.0,56430.0,51665.0,68261.0,68257.0,68257.0
09-23 11:00,70465.0,67186.0,57347.0,53891.0,68937.0,69670.0,69670.0
09-23 12:00,69553.0,66755.0,56778.0,53680.0,68459.0,69196.0,69196.0
09-23 13:00,68891.0,66189.0,55068.0,51982.0,67957.0,68826.0,68826.0
09-23 14:00,67465.0,64033.0,52461.0,50451.0,66466.0,66950.0,66950.0
09-23 15:00,66485.0,62837.0,51395.0,50822.0,65320.0,66389.0,66389.0
09-23 16:00,64296.0,61149.0,50750.0,51187.0,63763.0,65581.0,65581.0
09-23 17:00,63999.0,60462.0,51738.0,53140.0,63414.0,65680.0,65680.0
09-23 18:00,65031.0,60410.0,53062.0,54812.0,63765.0,65947.0,65947.0
09-23 19:00,67188.0,62885.0,54977.0,56283.0,65368.0,67174.0,67174.0
09-23 20:00,66149.0,61857.0,54259.0,55756.0,64432.0,66149.0,66149.0
09-23 21:00,61117.0,56990.0,50662.0,52624.0,59281.0,61734.0,61734.0
09-23 22:00,57225.0,52790.0,48215.0,50729.0,54875.0,57913.0,57913.0
09-23 23:00,52324.0,48428.0,45032.0,47888.0,49952.0,53313.0,53313.0
09-24 00:00,48496.0,44372.0,41630.0,45615.0,46900.0,50542.0,50542.0
09-24 01:00,46251.0,42823.0,39582.0,44518.0,45196.0,48532.0,48532.0
09-24 02:00,44754.0,41248.0,38122.0,43639.0,43697.0,46853.0,46853.0
09-24 03:00,45436.0,40853.0,37509.0,44245.0,44155.0,46872.0,46872.0
09-24 04:00,47698.0,40849.0,38016.0,46768.0,46074.0,48797.0,48797.0
09-24 05:00,52723.0,41837.0,38513.0,52895.0,51478.0,52873.0,52873.0
09-24 06:00,62534.0,45127.0,40061.0,63274.0,60675.0,61439.0,61439.0
09-24 07:00,65818.0,48215.0,42140.0,66479.0,63888.0,64971.0,64971.0
09-24 08:00,67406.0,51654.0,45455.0,68325.0,65640.0,67239.0,67239.0
09-24 09:00,68011.0,54395.0,48210.0,69502.0,66207.0,68307.0,68307.0
09-24 10:00,69307.0,55302.0,50419.0,70179.0,67057.0,68974.0,68974.0
09-24 11:00,70017.0,55813.0,51997.0,71077.0,67919.0,68821.0,68821.0
09-24 12:00,69421.0,55050.0,51844.0,70639.0,67374.0,68016.0,68016.0
09-24 13:00,68276.0,53184.0,50047.0,69906.0,66765.0,67786.0,67786.0
09-24 14:00,66568.0,51188.0,48052.0,68640.0,65377.0,65164.0,65164.0
09-24 15:00,66075.0,50235.0,47301.0,67172.0,64907.0,64123.0,64123.0
09-24 16:00,64585.0,49339.0,47622.0,65346.0,63488.0,62560.0,62560.0
09-24 17:00,63910.0,50101.0,50073.0,66226.0,63534.0,62524.0,62524.0
09-24 18:00,64300.0,50921.0,51633.0,66671.0,64159.0,63071.0,63071.0
09-24 19:00,66665.0,53393.0,54157.0,68723.0,65631.0,63736.0,63736.0
09-24 20:00,65834.0,52903.0,53657.0,67787.0,64721.0,63175.0,63175.0
09-24 21:00,61580.0,49106.0,51031.0,63430.0,60423.0,58574.0,58574.0
09-24 22:00,57240.0,46474.0,49894.0,58909.0,55701.0,54800.0,54800.0
09-24 23:00,52875.0,43393.0,47236.0,53734.0,50719.0,51197.0,51197.0
09-25 00:00,48846.0,40633.0,44024.0,49856.0,47539.0,48949.0,48949.0
09-25 01:00,46217.0,38763.0,42290.0,47686.0,45539.0,46419.0,46419.0
09-25 02:00,44939.0,37442.0,41217.0,46347.0,44028.0,44573.0,44573.0
09-25 03:00,45442.0,36587.0,41868.0,46683.0,44391.0,44295.0,44295.0
09-25 04:00,47249.0,36824.0,44395.0,48612.0,46393.0,44236.0,44236.0
09-25 05:00,52603.0,37515.0,50623.0,53911.0,52218.0,45376.0,45376.0
09-25 06:00,62335.0,38782.0,60640.0,63138.0,61441.0,47412.0,47412.0
09-25 07:00,65668.0,40641.0,64256.0,65924.0,64741.0,50213.0,50213.0
09-25 08:00,67331.0,44165.0,66887.0,67410.0,65784.0,53910.0,53910.0
09-25 09:00,67888.0,47215.0,67967.0,67443.0,66664.0,55811.0,55811.0
09-25 10:00,68934.0,48994.0,68819.0,67925.0,67482.0,56672.0,56672.0
09-25 11:00,69407.0,50488.0,69560.0,68467.0,68680.0,56722.0,56722.0
09-25 12:00,68854.0,50160.0,69034.0,68097.0,68059.0,56175.0,56175.0
09-25 13:00,68003.0,48541.0,68960.0,67692.0,67008.0,54495.0,54495.0
09-25 14:00,65557.0,46587.0,67718.0,66220.0,65369.0,52840.0,52840.0
09-25 15:00,63957.0,45918.0,66942.0,65503.0,64482.0,51358.0,51358.0
09-25 16:00,62512.0,45142.0,65075.0,63522.0,63537.0,50104.0,50104.0
09-25 17:00,62159.0,47386.0,64437.0,62640.0,63179.0,51503.0,51503.0
09-25 18:00,62432.0,49346.0,64756.0,64168.0,63759.0,51927.0,51927.0
09-25 19:00,64833.0,52726.0,66897.0,66905.0,65504.0,53462.0,53462.0
09-25 20:00,63851.0,52837.0,65629.0,65843.0,64187.0,52910.0,52910.0
09-25 21:00,59150.0,49713.0,61077.0,60979.0,59536.0,49552.0,49552.0
09-25 22:00,55349.0,48144.0,56883.0,57161.0,55610.0,46779.0,46779.0
09-25 23:00,51266.0,44690.0,52076.0,53262.0,50771.0,43714.0,43714.0
09-26 00:00,47330.0,42174.0,48576.0,49544.0,47418.0,41034.0,41034.0
09-26 01:00,44738.0,40117.0,46223.0,47957.0,45740.0,39434.0,39434.0
09-26 02:00,42991.0,39457.0,44771.0,46878.0,44702.0,38519.0,38519.0
09-26 03:00,42637.0,39606.0,45636.0,47492.0,44976.0,37716.0,37716.0
09-26 04:00,42990.0,41540.0,47508.0,49586.0,46627.0,38150.0,38150.0
09-26 05:00,44230.0,48368.0,52451.0,55832.0,52174.0,38845.0,38845.0
09-26 06:00,47320.0,59510.0,62248.0,65397.0,61519.0,40139.0,40139.0
09-26 07:00,50432.0,63227.0,65487.0,68652.0,64967.0,42445.0,42445.0
09-26 08:00,54035.0,65167.0,67104.0,69942.0,66561.0,46255.0,46255.0
09-26 09:00,56624.0,65920.0,67855.0,70044.0,67196.0,49309.0,49309.0
09-26 10:00,57908.0,67095.0,68698.0,70698.0,68349.0,51381.0,51381.0
09-26 11:00,58315.0,67993.0,69579.0,71878.0,69195.0,53318.0,53318.0
09-26 12:00,58065.0,67559.0,68777.0,70456.0,68752.0,52980.0,52980.0
09-26 13:00,56461.0,66978.0,68720.0,69836.0,68217.0,51507.0,51507.0
09-26 14:00,53985.0,65169.0,67443.0,68259.0,66460.0,49899.0,49899.0
09-26 15:00,53027.0,64583.0,66297.0,67730.0,66268.0,49249.0,49249.0
09-26 16:00,52479.0,63451.0,64685.0,66341.0,65012.0,48745.0,48745.0
09-26 17:00,53222.0,62820.0,64300.0,66095.0,64967.0,50681.0,50681.0
09-26 18:00,54264.0,63629.0,65301.0,67249.0,65423.0,52248.0,52248.0
09-26 19:00,56077.0,65677.0,67758.0,69236.0,66836.0,53814.0,53814.0
09-26 20:00,55618.0,64369.0,66599.0,68394.0,65573.0,53109.0,53109.0
09-26 21:00,51880.0,59702.0,62061.0,64232.0,61304.0,50817.0,50817.0
09-26 22:00,49535.0,54771.0,57991.0,59765.0,56634.0,48948.0,48948.0
09-26 23:00,46341.0,49904.0,53333.0,55237.0,52193.0,46056.0,46056.0
09-27 00:00,42791.0,46711.0,49181.0,50721.0,48789.0,43758.0,43758.0
09-27 01:00,40274.0,44752.0,46590.0,48837.0,46712.0,42573.0,42573.0
09-27 02:00,38452.0,43590.0,45775.0,47473.0,45782.0,41912.0,41912.0
09-27 03:00,37953.0,43974.0,46259.0,47686.0,45775.0,42091.0,42091.0
09-27 04:00,38272.0,45686.0,48236.0,49212.0,47422.0,44641.0,44641.0
09-27 05:00,38808.0,51472.0,53160.0,54883.0,52421.0,50115.0,50115.0
09-27 06:00,40144.0,61388.0,63245.0,63632.0,61904.0,59429.0,59429.0
09-27 07:00,41690.0,64568.0,66379.0,66732.0,65861.0,63397.0,63397.0
09-27 08:00,41364.0,66370.0,67950.0,68170.0,68165.0,65817.0,65817.0
09-27 09:00,49143.0,66538.0,68579.0,68198.0,68505.0,66294.0,66294.0
09-27 10:00,51249.0,67723.0,69156.0,69032.0,69402.0,66958.0,66958.0
09-27 11:00,52596.0,68725.0,69623.0,70250.0,69997.0,68404.0,68404.0
09-27 12:00,52383.0,67736.0,68904.0,69324.0,68957.0,67752.0,67752.0
09-27 13:00,50689.0,67832.0,68740.0,69086.0,67750.0,67435.0,67435.0
09-27 14:00,48107.0,66008.0,67044.0,67761.0,65382.0,66549.0,66549.0
09-27 15:00,47476.0,65443.0,66222.0,67032.0,66197.0,65758.0,65758.0
09-27 16:00,47263.0,63496.0,64390.0,65325.0,63093.0,64085.0,64085.0
09-27 17:00,49285.0,63057.0,64048.0,64953.0,62139.0,64203.0,64203.0
09-27 18:00,51511.0,63795.0,65425.0,65666.0,62133.0,64931.0,64931.0
09-27 19:00,54506.0,66633.0,67842.0,68220.0,63532.0,66073.0,66073.0
09-27 20:00,54256.0,65476.0,66736.0,67309.0,62450.0,64304.0,64304.0
09-27 21:00,51354.0,60629.0,61887.0,63202.0,57724.0,59665.0,59665.0
09-27 22:00,50359.0,55622.0,57998.0,58777.0,53652.0,55059.0,55059.0
09-27 23:00,47032.0,51055.0,53266.0,54181.0,49385.0,51103.0,51103.0
09-28 00:00,43904.0,47476.0,49074.0,50692.0,46380.0,48476.0,48476.0
09-28 01:00,41865.0,45646.0,47000.0,48765.0,44402.0,46564.0,46564.0
09-28 02:00,41116.0,44602.0,45438.0,47666.0,42636.0,45730.0,45730.0
09-28 03:00,41825.0,44934.0,46206.0,48067.0,42215.0,45318.0,45318.0
09-28 04:00,44684.0,46615.0,47662.0,49961.0,42891.0,47191.0,47191.0
09-28 05:00,51451.0,52000.0,53145.0,55208.0,43779.0,51717.0,51717.0
09-28 06:00,61382.0,62427.0,62647.0,64561.0,46540.0,59995.0,59995.0
09-28 07:00,65082.0,65620.0,66004.0,67753.0,50025.0,63582.0,63582.0
09-28 08:00,67375.0,67241.0,67637.0,69291.0,53815.0,65778.0,65778.0
09-28 09:00,68404.0,68380.0,67961.0,70367.0,56621.0,66131.0,66131.0
09-28 10:00,69030.0,69640.0,68799.0,70962.0,58452.0,66655.0,66655.0
09-28 11:00,69459.0,70753.0,69829.0,70806.0,59197.0,67549.0,67549.0
09-28 12:00,68571.0,70445.0,69275.0,70347.0,58340.0,67015.0,67015.0
09-28 13:00,68051.0,69448.0,68802.0,69058.0,56736.0,66164.0,66164.0
09-28 14:00,66487.0,67838.0,67187.0,66743.0,54867.0,64373.0,64373.0
09-28 15:00,65272.0,66883.0,66405.0,66101.0,54080.0,63468.0,63468.0
09-28 16:00,63460.0,65185.0,64851.0,65298.0,53791.0,61655.0,61655.0
09-28 17:00,63137.0,63996.0,64865.0,64146.0,53223.0,62304.0,62304.0
09-28 18:00,64376.0,64793.0,65608.0,64524.0,54156.0,63041.0,63041.0
09-28 19:00,67173.0,66886.0,67978.0,65904.0,56145.0,64665.0,64665.0
09-28 20:00,66325.0,65807.0,66547.0,64661.0,54894.0,63434.0,63434.0
09-28 21:00,61512.0,60395.0,62107.0,59887.0,51608.0,59164.0,59164.0
09-28 22:00,56921.0,56227.0,57728.0,56160.0,49773.0,54591.0,54591.0
09-28 23:00,52397.0,51576.0,53103.0,51929.0,46330.0,50255.0,50255.0
09-29 00:00,48753.0,47826.0,49011.0,48336.0,44054.0,47511.0,47511.0
09-29 01:00,46530.0,45875.0,46855.0,45706.0,41987.0,46030.0,46030.0
09-29 02:00,45174.0,44601.0,45217.0,44214.0,40425.0,44628.0,44628.0
09-29 03:00,45698.0,44713.0,45658.0,44241.0,39837.0,44799.0,44799.0
09-29 04:00,47645.0,46719.0,47494.0,44223.0,39657.0,46756.0,46756.0
09-29 05:00,52818.0,52251.0,52930.0,45328.0,39536.0,52066.0,52066.0
09-29 06:00,63282.0,62712.0,62647.0,48161.0,40611.0,60365.0,60365.0
09-29 07:00,66360.0,66003.0,66371.0,50857.0,42659.0,64300.0,64300.0
09-29 08:00,68061.0,67171.0,68139.0,54358.0,46469.0,66729.0,66729.0
09-29 09:00,68462.0,67988.0,68069.0,56810.0,49617.0,67515.0,67515.0
09-29 10:00,68995.0,69736.0,68631.0,57019.0,52196.0,68244.0,68244.0
09-29 11:00,69754.0,70463.0,69424.0,57117.0,54265.0,69636.0,69636.0
09-29 12:00,69467.0,69821.0,68848.0,56502.0,54224.0,69051.0,69051.0
09-29 13:00,68788.0,69579.0,67986.0,54683.0,53290.0,68171.0,68171.0
09-29 14:00,66991.0,68135.0,66298.0,52821.0,51741.0,67076.0,67076.0
09-29 15:00,66321.0,67278.0,65223.0,51863.0,50750.0,66908.0,66908.0
09-29 16:00,64470.0,65422.0,63682.0,51417.0,50579.0,65324.0,65324.0
09-29 17:00,63777.0,65065.0,63096.0,53026.0,52642.0,67018.0,67018.0
09-29 18:00,65269.0,65571.0,63829.0,54709.0,53911.0,66684.0,66684.0
09-29 19:00,68135.0,67815.0,65756.0,56838.0,55224.0,68187.0,68187.0
09-29 20:00,66892.0,67017.0,64650.0,55460.0,54327.0,66901.0,66901.0
09-29 21:00,62846.0,61781.0,60176.0,52233.0,52088.0,62968.0,62968.0
09-29 22:00,58514.0,56675.0,56754.0,49993.0,50994.0,58091.0,58091.0
09-29 23:00,53556.0,51686.0,52382.0,46673.0,47595.0,54021.0,54021.0
09-30 00:00,49419.0,48456.0,47572.0,43495.0,45547.0,50358.0,50358.0
09-30 01:00,47025.0,46234.0,45150.0,41670.0,43767.0,48626.0,48626.0
09-30 02:00,45614.0,45310.0,43507.0,40504.0,42926.0,47867.0,47867.0
09-30 03:00,45797.0,44987.0,42801.0,40336.0,44558.0,48250.0,48250.0
09-30 04:00,48067.0,46498.0,42975.0,40554.0,47264.0,49892.0,49892.0
09-30 05:00,53095.0,51768.0,44042.0,41253.0,53595.0,55193.0,55193.0
09-30 06:00,63501.0,62049.0,47156.0,41954.0,63251.0,63123.0,63123.0
09-30 07:00,66394.0,65514.0,50340.0,44193.0,66929.0,66381.0,66381.0
09-30 08:00,67963.0,66962.0,54008.0,47172.0,68622.0,67892.0,67892.0
09-30 09:00,68266.0,67662.0,56583.0,49461.0,69340.0,68799.0,68799.0
09-30 10:00,68749.0,69176.0,57472.0,50951.0,70901.0,68996.0,68996.0
09-30 11:00,69275.0,69588.0,58169.0,52515.0,71934.0,68675.0,68675.0
09-30 12:00,68599.0,68910.0,57559.0,51893.0,71107.0,67721.0,67721.0
09-30 13:00,67639.0,67959.0,56218.0,50275.0,70744.0,67406.0,67406.0
09-30 14:00,66223.0,65660.0,54091.0,48344.0,68994.0,65598.0,65598.0
09-30 15:00,64960.0,64236.0,53298.0,47473.0,68077.0,65114.0,65114.0
09-30 16:00,63425.0,62414.0,52778.0,46343.0,66149.0,63838.0,63838.0
09-30 17:00,63065.0,61562.0,54589.0,48378.0,64849.0,63944.0,63944.0
09-30 18:00,64884.0,62380.0,56486.0,51057.0,65733.0,65245.0,65245.0
09-30 19:00,67733.0,64220.0,57181.0,53415.0,67240.0,66810.0,66810.0
09-30 20:00,66639.0,63010.0,56001.0,53295.0,65611.0,65250.0,65250.0
09-30 21:00,62122.0,58349.0,52462.0,49884.0,60899.0,61251.0,61251.0
09-30 22:00,58492.0,53826.0,50152.0,49043.0,56687.0,56918.0,56918.0
09-30 23:00,53480.0,49838.0,46382.0,46246.0,52052.0,53266.0,53266.0
10-01 00:00,49049.0,46127.0,43156.0,43717.0,48545.0,50124.0,50124.0
10-01 01:00,46743.0,43796.0,40718.0,41947.0,46662.0,47742.0,47742.0
10-01 02:00,45489.0,42309.0,39233.0,41102.0,45485.0,47232.0,47232.0
10-01 03:00,46139.0,41812.0,38284.0,41852.0,45835.0,47835.0,47835.0
10-01 04:00,47964.0,41620.0,38365.0,44035.0,48502.0,49442.0,49442.0
10-01 05:00,53354.0,42335.0,38996.0,50116.0,53644.0,54542.0,54542.0
10-01 06:00,63135.0,45498.0,40500.0,59953.0,62459.0,63007.0,63007.0
10-01 07:00,66038.0,48368.0,42248.0,64161.0,66310.0,66400.0,66400.0
10-01 08:00,66765.0,51745.0,45921.0,66569.0,67844.0,68098.0,68098.0
10-01 09:00,65903.0,53908.0,48337.0,66989.0,68423.0,67643.0,67643.0
10-01 10:00,66037.0,55477.0,50707.0,68276.0,69757.0,68050.0,68050.0
10-01 11:00,66479.0,56073.0,52051.0,69319.0,70544.0,67900.0,67900.0
10-01 12:00,65501.0,55823.0,51961.0,69065.0,70172.0,67353.0,67353.0
10-01 13:00,64876.0,54372.0,49744.0,68732.0,70010.0,66655.0,66655.0
10-01 14:00,63528.0,52826.0,47662.0,67889.0,69109.0,64541.0,64541.0
10-01 15:00,62452.0,52343.0,47072.0,66932.0,67592.0,63873.0,63873.0
10-01 16:00,60835.0,51454.0,47227.0,65561.0,65793.0,62409.0,62409.0
10-01 17:00,61720.0,52663.0,49332.0,65316.0,65570.0,62800.0,62800.0
10-01 18:00,63710.0,53901.0,51408.0,66257.0,66165.0,63840.0,63840.0
10-01 19:00,67272.0,55048.0,53590.0,67271.0,67245.0,65464.0,65464.0
10-01 20:00,66098.0,53643.0,52997.0,65940.0,65318.0,63792.0,63792.0
10-01 21:00,62040.0,50284.0,50703.0,62039.0,60621.0,59737.0,59737.0
10-01 22:00,57743.0,47812.0,49943.0,58003.0,56361.0,55518.0,55518.0
10-01 23:00,52801.0,45171.0,46871.0,53769.0,51798.0,51275.0,51275.0
10-02 00:00,49013.0,41643.0,43881.0,49470.0,47545.0,48311.0,48311.0
10-02 01:00,46974.0,39000.0,42440.0,47658.0,46084.0,45716.0,45716.0
10-02 02:00,45432.0,37753.0,40995.0,45908.0,44921.0,44612.0,44612.0
10-02 03:00,46126.0,37041.0,41380.0,47218.0,45552.0,43754.0,43754.0
10-02 04:00,48252.0,37306.0,43905.0,49305.0,47917.0,43230.0,43230.0
10-02 05:00,53313.0,37545.0,48205.0,55012.0,53098.0,44024.0,44024.0
10-02 06:00,63029.0,39416.0,55231.0,63676.0,62589.0,46886.0,46886.0
10-02 07:00,65585.0,41580.0,59259.0,67094.0,65513.0,49772.0,49772.0
10-02 08:00,66684.0,45506.0,62227.0,68927.0,67075.0,53302.0,53302.0
10-02 09:00,66142.0,48133.0,63191.0,70374.0,67733.0,55290.0,55290.0
10-02 10:00,66150.0,50167.0,64447.0,71710.0,68660.0,56267.0,56267.0
10-02 11:00,66081.0,51818.0,65982.0,72584.0,70180.0,56255.0,56255.0
10-02 12:00,65007.0,51750.0,65895.0,71924.0,69706.0,55354.0,55354.0
10-02 13:00,63831.0,49269.0,64293.0,71610.0,68433.0,54172.0,54172.0
10-02 14:00,62003.0,47849.0,62333.0,70522.0,66704.0,52752.0,52752.0
10-02 15:00,60939.0,46885.0,61825.0,69379.0,65856.0,51504.0,51504.0
10-02 16:00,59567.0,47055.0,60547.0,67841.0,64417.0,51526.0,51526.0
10-02 17:00,60425.0,48714.0,60662.0,66537.0,64331.0,53370.0,53370.0
10-02 18:00,61705.0,50180.0,62008.0,67559.0,64721.0,56372.0,56372.0
10-02 19:00,64236.0,51471.0,63364.0,68686.0,66045.0,57159.0,57159.0
10-02 20:00,63324.0,51020.0,61801.0,66880.0,64863.0,56317.0,56317.0
10-02 21:00,58366.0,47778.0,57249.0,62674.0,60579.0,53019.0,53019.0
10-02 22:00,54294.0,46395.0,54194.0,58199.0,56905.0,51047.0,51047.0
10-02 23:00,49970.0,43043.0,49515.0,53837.0,51907.0,48902.0,48902.0
10-03 00:00,46324.0,40517.0,46328.0,50350.0,48469.0,45670.0,45670.0
10-03 01:00,43627.0,38688.0,44156.0,48346.0,46015.0,43592.0,43592.0
10-03 02:00,41970.0,37480.0,43202.0,46690.0,44426.0,42445.0,42445.0
10-03 03:00,41464.0,37201.0,42678.0,46489.0,43788.0,41836.0,41836.0
10-03 04:00,41286.0,37798.0,42851.0,46336.0,43566.0,41889.0,41889.0
10-03 05:00,41488.0,38685.0,43410.0,46526.0,42866.0,42795.0,42795.0
10-03 06:00,42167.0,40277.0,43739.0,46569.0,42282.0,44376.0,44376.0
10-03 07:00,44221.0,42175.0,45807.0,48536.0,44787.0,46581.0,46581.0
10-03 08:00,46652.0,45850.0,49358.0,51807.0,48134.0,50729.0,50729.0
10-03 09:00,48595.0,48313.0,52439.0,54393.0,50721.0,53472.0,53472.0
10-03 10:00,49965.0,49606.0,54469.0,55514.0,52567.0,54331.0,54331.0
10-03 11:00,50726.0,51165.0,55902.0,57598.0,53875.0,56262.0,56262.0
10-03 12:00,50258.0,50491.0,55976.0,57384.0,53434.0,56109.0,56109.0
10-03 13:00,48423.0,48817.0,53871.0,55457.0,51695.0,54740.0,54740.0
10-03 14:00,46537.0,47616.0,52042.0,53299.0,49515.0,53047.0,53047.0
10-03 15:00,45820.0,47395.0,50946.0,52402.0,48539.0,51709.0,51709.0
10-03 16:00,46068.0,47927.0,50461.0,51509.0,48013.0,51240.0,51240.0
10-03 17:00,48305.0,50518.0,52322.0,52867.0,49868.0,53991.0,53991.0
10-03 18:00,50619.0,53153.0,54550.0,55439.0,51727.0,56287.0,56287.0
10-03 19:00,52970.0,55043.0,56732.0,57429.0,53480.0,57572.0,57572.0
10-03 20:00,52232.0,54183.0,55554.0,56674.0,52454.0,55368.0,55368.0
10-03 21:00,49046.0,51240.0,52804.0,53780.0,49616.0,52391.0,52391.0
10-03 22:00,47261.0,49344.0,51521.0,52502.0,47924.0,51118.0,51118.0
10-03 23:00,44525.0,46092.0,48701.0,49290.0,44545.0,48354.0,48354.0
10-04 00:00,41291.0,43350.0,45331.0,45871.0,41629.0,45404.0,45404.0
10-04 01:00,38844.0,41441.0,43708.0,44228.0,39289.0,43522.0,43522.0
10-04 02:00,37390.0,40553.0,43048.0,43053.0,38549.0,41710.0,41710.0
10-04 03:00,37036.0,40916.0,43731.0,44021.0,38974.0,42090.0,42090.0
10-04 04:00,37545.0,43468.0,46402.0,46358.0,40802.0,44113.0,44113.0
10-04 05:00,37987.0,49523.0,52267.0,51809.0,44890.0,49922.0,49922.0
10-04 06:00,39304.0,60844.0,62393.0,61192.0,52202.0,59563.0,59563.0
10-04 07:00,41475.0,65276.0,66696.0,64544.0,56083.0,63455.0,63455.0
10-04 08:00,45018.0,67419.0,68170.0,66140.0,58160.0,66386.0,66386.0
10-04 09:00,47303.0,68422.0,69350.0,66931.0,59769.0,67220.0,67220.0
10-04 10:00,49332.0,69603.0,70081.0,67537.0,60467.0,68297.0,68297.0
10-04 11:00,51082.0,70285.0,71135.0,68094.0,61794.0,68262.0,68262.0
10-04 12:00,50571.0,69478.0,70642.0,67341.0,61781.0,67730.0,67730.0
10-04 13:00,48459.0,68791.0,69949.0,67142.0,60806.0,67513.0,67513.0
10-04 14:00,47078.0,67667.0,68374.0,65158.0,59009.0,65476.0,65476.0
10-04 15:00,46168.0,66654.0,67539.0,64252.0,58211.0,64971.0,64971.0
10-04 16:00,47267.0,64938.0,65996.0,63303.0,57598.0,63266.0,63266.0
10-04 17:00,49215.0,65071.0,66696.0,63192.0,58506.0,63416.0,63416.0
10-04 18:00,51761.0,66705.0,68115.0,64643.0,59737.0,64869.0,64869.0
10-04 19:00,54445.0,68686.0,69212.0,66768.0,60903.0,66434.0,66434.0
10-04 20:00,53554.0,67002.0,66695.0,65255.0,59086.0,64199.0,64199.0
10-04 21:00,50430.0,62257.0,62243.0,61151.0,55330.0,60014.0,60014.0
10-04 22:00,49476.0,57575.0,58208.0,56653.0,51978.0,55837.0,55837.0
10-04 23:00,46520.0,52820.0,53925.0,53042.0,48591.0,51753.0,51753.0
10-05 00:00,43069.0,48962.0,50351.0,49544.0,45462.0,48272.0,48272.0
10-05 01:00,40914.0,46745.0,48005.0,47160.0,44064.0,46470.0,46470.0
10-05 02:00,40589.0,45409.0,46475.0,46488.0,42402.0,45241.0,45241.0
10-05 03:00,41634.0,46304.0,46840.0,46897.0,42379.0,45654.0,45654.0
10-05 04:00,43735.0,48499.0,48715.0,48891.0,43113.0,47694.0,47694.0
10-05 05:00,50220.0,53423.0,53990.0,53459.0,43942.0,52739.0,52739.0
10-05 06:00,61487.0,63797.0,64231.0,61785.0,46112.0,61326.0,61326.0
10-05 07:00,65001.0,66914.0,68225.0,65230.0,48872.0,65321.0,65321.0
10-05 08:00,66142.0,68316.0,69915.0,66944.0,52186.0,67800.0,67800.0
10-05 09:00,65628.0,68538.0,71031.0,67320.0,54577.0,67931.0,67931.0
10-05 10:00,66068.0,69692.0,72192.0,67833.0,55563.0,68489.0,68489.0
10-05 11:00,66632.0,70360.0,73089.0,68078.0,56580.0,69563.0,69563.0
10-05 12:00,65435.0,69783.0,72207.0,67147.0,56619.0,69102.0,69102.0
10-05 13:00,64744.0,68792.0,71948.0,66211.0,54788.0,68358.0,68358.0
10-05 14:00,63663.0,67636.0,70181.0,63826.0,53014.0,67251.0,67251.0
10-05 15:00,63417.0,67092.0,68704.0,63293.0,52130.0,67361.0,67361.0
10-05 16:00,62169.0,65257.0,66433.0,62123.0,51312.0,66135.0,66135.0
10-05 17:00,62870.0,65301.0,66461.0,60591.0,52319.0,66681.0,66681.0
10-05 18:00,65584.0,67352.0,68067.0,62230.0,53755.0,67453.0,67453.0
10-05 19:00,67641.0,69165.0,69261.0,64300.0,55252.0,67982.0,67982.0
10-05 20:00,65889.0,67735.0,66905.0,62991.0,53685.0,66076.0,66076.0
10-05 21:00,61261.0,63289.0,62736.0,59325.0,50372.0,61614.0,61614.0
10-05 22:00,57123.0,59454.0,59493.0,55996.0,48324.0,57003.0,57003.0
10-05 23:00,52396.0,54196.0,55091.0,52001.0,45410.0,52905.0,52905.0
10-06 00:00,48867.0,50049.0,51045.0,48502.0,43104.0,49942.0,49942.0
10-06 01:00,45840.0,47817.0,48588.0,45616.0,40035.0,47468.0,47468.0
10-06 02:00,45014.0,46931.0,47049.0,43941.0,38807.0,47013.0,47013.0
10-06 03:00,45456.0,47269.0,47761.0,43347.0,38939.0,47116.0,47116.0
10-06 04:00,47521.0,49218.0,49918.0,43551.0,39260.0,49211.0,49211.0
10-06 05:00,53119.0,54768.0,54731.0,44736.0,39669.0,54289.0,54289.0
10-06 06:00,63277.0,64551.0,64172.0,47720.0,39769.0,62539.0,62539.0
10-06 07:00,67878.0,68446.0,67998.0,50474.0,41437.0,66361.0,66361.0
10-06 08:00,69045.0,70015.0,69858.0,53643.0,45237.0,68184.0,68184.0
10-06 09:00,69640.0,70734.0,70902.0,55413.0,48281.0,68167.0,68167.0
10-06 10:00,70372.0,71538.0,72028.0,56288.0,50677.0,69592.0,69592.0
10-06 11:00,71182.0,72446.0,72479.0,56954.0,52964.0,70449.0,70449.0
10-06 12:00,70205.0,71670.0,71757.0,56596.0,53049.0,69632.0,69632.0
10-06 13:00,69815.0,71351.0,70018.0,54801.0,51540.0,68350.0,68350.0
10-06 14:00,67895.0,69745.0,68417.0,52430.0,50755.0,66640.0,66640.0
10-06 15:00,67059.0,69367.0,67811.0,51695.0,49893.0,65911.0,65911.0
10-06 16:00,65652.0,67925.0,66274.0,51580.0,49753.0,64131.0,64131.0
10-06 17:00,66300.0,67931.0,65836.0,52863.0,51677.0,63808.0,63808.0
10-06 18:00,68488.0,69697.0,66733.0,54446.0,54275.0,65671.0,65671.0
10-06 19:00,69800.0,70487.0,67728.0,55936.0,55265.0,66303.0,66303.0
10-06 20:00,67896.0,68025.0,65538.0,54389.0,53838.0,64069.0,64069.0
10-06 21:00,62622.0,63022.0,61205.0,51249.0,51056.0,59496.0,59496.0
10-06 22:00,57990.0,59018.0,57635.0,49348.0,50172.0,55617.0,55617.0
10-06 23:00,52633.0,54266.0,53282.0,45934.0,47403.0,51289.0,51289.0
10-07 00:00,48585.0,50615.0,49235.0,42073.0,44324.0,48336.0,48336.0
10-07 01:00,46765.0,47746.0,47054.0,39865.0,41771.0,46073.0,46073.0
10-07 02:00,45369.0,47137.0,44931.0,38851.0,40845.0,45041.0,45041.0
10-07 03:00,45688.0,47193.0,44590.0,38712.0,41395.0,45016.0,45016.0
10-07 04:00,48003.0,49258.0,44949.0,39234.0,43974.0,47446.0,47446.0
10-07 05:00,53875.0,54041.0,46090.0,40028.0,50151.0,52374.0,52374.0
10-07 06:00,63562.0,63701.0,49127.0,41149.0,60486.0,61039.0,61039.0
10-07 07:00,67347.0,67978.0,51947.0,44043.0,64492.0,64979.0,64979.0
10-07 08:00,69214.0,69663.0,55500.0,47628.0,66450.0,66507.0,66507.0
10-07 09:00,68880.0,70108.0,58400.0,49860.0,66596.0,66909.0,66909.0
10-07 10:00,70029.0,71458.0,59458.0,51474.0,67249.0,67809.0,67809.0
10-07 11:00,71150.0,71618.0,60300.0,52999.0,67822.0,68415.0,68415.0
10-07 12:00,69957.0,71049.0,59808.0,52353.0,67163.0,67854.0,67854.0
10-07 13:00,69423.0,69630.0,58579.0,50272.0,67085.0,66920.0,66920.0
10-07 14:00,68055.0,67383.0,56959.0,48626.0,64798.0,65562.0,65562.0
10-07 15:00,67061.0,65962.0,55924.0,47610.0,64143.0,64510.0,64510.0
10-07 16:00,65230.0,64629.0,55753.0,47035.0,62921.0,62770.0,62770.0
10-07 17:00,65440.0,64716.0,57436.0,49057.0,63345.0,63680.0,63680.0
10-07 18:00,67710.0,66695.0,59703.0,51978.0,65622.0,65357.0,65357.0
10-07 19:00,68814.0,67986.0,60528.0,53414.0,66920.0,66404.0,66404.0
10-07 20:00,66714.0,65687.0,57756.0,52412.0,64996.0,64260.0,64260.0
10-07 21:00,62238.0,60740.0,53571.0,49454.0,60704.0,59905.0,59905.0
10-07 22:00,58018.0,57089.0,51383.0,48590.0,57191.0,55325.0,55325.0
10-07 23:00,52882.0,53169.0,48496.0,46191.0,52428.0,51399.0,51399.0
10-08 00:00,48708.0,48920.0,44773.0,43970.0,48605.0,48358.0,48358.0
10-08 01:00,46186.0,46454.0,42061.0,42295.0,46511.0,46102.0,46102.0
10-08 02:00,45088.0,44613.0,40553.0,41856.0,45725.0,44828.0,44828.0
10-08 03:00,45484.0,44350.0,39740.0,42641.0,46728.0,45221.0,45221.0
10-08 04:00,47990.0,44540.0,40114.0,45769.0,49182.0,47439.0,47439.0
10-08 05:00,52758.0,45113.0,40344.0,51532.0,54318.0,51720.0,51720.0
10-08 06:00,62978.0,47886.0,41229.0,61581.0,63373.0,60324.0,60324.0
10-08 07:00,66971.0,50900.0,43640.0,65865.0,67881.0,64113.0,64113.0
10-08 08:00,68309.0,54421.0,47806.0,67540.0,69374.0,65981.0,65981.0
10-08 09:00,68963.0,56806.0,50729.0,67712.0,69915.0,66106.0,66106.0
10-08 10:00,69700.0,57946.0,52813.0,68409.0,70509.0,66672.0,66672.0
10-08 11:00,70477.0,58463.0,54944.0,69285.0,71852.0,66927.0,66927.0
10-08 12:00,69625.0,58280.0,54503.0,68140.0,71118.0,66197.0,66197.0
10-08 13:00,69157.0,57312.0,52740.0,67138.0,70428.0,64878.0,64878.0
10-08 14:00,67346.0,55033.0,50885.0,65980.0,68623.0,62678.0,62678.0
10-08 15:00,66776.0,53854.0,49596.0,65145.0,67594.0,61846.0,61846.0
10-08 16:00,65291.0,53382.0,49878.0,63532.0,66071.0,60199.0,60199.0
10-08 17:00,65605.0,54458.0,51869.0,63471.0,66290.0,61114.0,61114.0
10-08 18:00,67945.0,57238.0,54877.0,66329.0,67886.0,63070.0,63070.0
10-08 19:00,68765.0,58277.0,56516.0,67679.0,68576.0,63856.0,63856.0
10-08 20:00,66746.0,56600.0,55285.0,65630.0,65846.0,62058.0,62058.0
10-08 21:00,61786.0,52412.0,52506.0,60945.0,61657.0,57920.0,57920.0
10-08 22:00,57989.0,50659.0,52018.0,56707.0,57880.0,54895.0,54895.0
10-08 23:00,52997.0,47992.0,48991.0,52142.0,53400.0,50706.0,50706.0
10-09 00:00,48691.0,44308.0,45798.0,48623.0,50318.0,46897.0,46897.0
10-09 01:00,46519.0,41659.0,43769.0,46635.0,48376.0,44480.0,44480.0
10-09 02:00,45259.0,40857.0,42875.0,45402.0,46944.0,43431.0,43431.0
10-09 03:00,45653.0,40235.0,43998.0,45904.0,47893.0,43184.0,43184.0
10-09 04:00,47702.0,40839.0,46362.0,48125.0,50466.0,43574.0,43574.0
10-09 05:00,52683.0,40673.0,52565.0,53451.0,55063.0,44628.0,44628.0
10-09 06:00,62410.0,41704.0,62197.0,62444.0,63610.0,46713.0,46713.0
10-09 07:00,66990.0,43638.0,66167.0,65425.0,67328.0,49668.0,49668.0
10-09 08:00,68388.0,47173.0,68038.0,66985.0,68520.0,53463.0,53463.0
10-09 09:00,68220.0,50210.0,68705.0,67157.0,68772.0,55051.0,55051.0
10-09 10:00,68983.0,52264.0,69645.0,68074.0,70201.0,55528.0,55528.0
10-09 11:00,69578.0,54228.0,70465.0,68851.0,71190.0,56039.0,56039.0
10-09 12:00,68632.0,53892.0,69998.0,68152.0,70493.0,55905.0,55905.0
10-09 13:00,66845.0,52081.0,69608.0,67792.0,69801.0,54226.0,54226.0
10-09 14:00,64741.0,50071.0,67921.0,66002.0,68727.0,51920.0,51920.0
10-09 15:00,64043.0,49192.0,67731.0,65407.0,67597.0,50784.0,50784.0
10-09 16:00,62619.0,48900.0,66098.0,63979.0,65893.0,50343.0,50343.0
10-09 17:00,63364.0,50997.0,65509.0,64024.0,65369.0,52520.0,52520.0
10-09 18:00,65948.0,54310.0,68135.0,66321.0,66888.0,55275.0,55275.0
10-09 19:00,67004.0,55393.0,69111.0,67800.0,67663.0,56641.0,56641.0
10-09 20:00,64452.0,54533.0,66393.0,65648.0,65197.0,55666.0,55666.0
10-09 21:00,59523.0,51634.0,62073.0,61123.0,61245.0,51991.0,51991.0
10-09 22:00,55975.0,51164.0,58244.0,57153.0,57861.0,50601.0,50601.0
10-09 23:00,51881.0,48640.0,53672.0,52696.0,53424.0,47643.0,47643.0
10-10 00:00,47699.0,45826.0,49766.0,48424.0,49981.0,44555.0,44555.0
10-10 01:00,45310.0,43704.0,47317.0,46323.0,48046.0,42800.0,42800.0
10-10 02:00,43418.0,42702.0,46403.0,44967.0,47023.0,41816.0,41816.0
10-10 03:00,43167.0,43628.0,47063.0,45573.0,48061.0,41281.0,41281.0
10-10 04:00,43745.0,46246.0,49358.0,47355.0,49873.0,41264.0,41264.0
10-10 05:00,44443.0,52155.0,54624.0,52270.0,54594.0,41422.0,41422.0
10-10 06:00,47132.0,61844.0,63558.0,61475.0,63111.0,42115.0,42115.0
10-10 07:00,50312.0,66934.0,67984.0,65381.0,66628.0,44075.0,44075.0
10-10 08:00,53478.0,68269.0,69822.0,66909.0,68504.0,47680.0,47680.0
10-10 09:00,55367.0,68951.0,70434.0,67286.0,69784.0,50227.0,50227.0
10-10 10:00,56053.0,70060.0,71319.0,68065.0,70705.0,51599.0,51599.0
10-10 11:00,56895.0,70592.0,72425.0,68542.0,71368.0,53403.0,53403.0
10-10 12:00,56036.0,70152.0,71762.0,67898.0,70630.0,52883.0,52883.0
10-10 13:00,53815.0,69895.0,71071.0,67578.0,70746.0,50997.0,50997.0
10-10 14:00,51577.0,68185.0,70176.0,66058.0,69468.0,48257.0,48257.0
10-10 15:00,51160.0,67494.0,69569.0,65592.0,68220.0,47590.0,47590.0
10-10 16:00,51575.0,65916.0,68062.0,64173.0,66796.0,47747.0,47747.0
10-10 17:00,53929.0,65888.0,68183.0,64562.0,66429.0,51084.0,51084.0
10-10 18:00,56867.0,68697.0,70034.0,67254.0,68097.0,54843.0,54843.0
10-10 19:00,58240.0,69525.0,70755.0,69100.0,68934.0,56211.0,56211.0
10-10 20:00,56330.0,67481.0,68560.0,68176.0,67069.0,55024.0,55024.0
10-10 21:00,52719.0,62853.0,64499.0,63721.0,63163.0,53010.0,53010.0
10-10 22:00,51141.0,59010.0,60368.0,59435.0,59640.0,51832.0,51832.0
10-10 23:00,47867.0,54612.0,55187.0,54906.0,55513.0,49129.0,49129.0
10-11 00:00,44114.0,50177.0,50414.0,51152.0,52109.0,46343.0,46343.0
10-11 01:00,41338.0,47837.0,47768.0,48780.0,49707.0,44344.0,44344.0
10-11 02:00,39767.0,46721.0,46886.0,47450.0,48587.0,44006.0,44006.0
10-11 03:00,39351.0,47448.0,47108.0,47774.0,49284.0,44786.0,44786.0
10-11 04:00,40002.0,49774.0,50031.0,49979.0,51194.0,46633.0,46633.0
10-11 05:00,40461.0,54388.0,55831.0,55285.0,55734.0,52137.0,52137.0
10-11 06:00,41033.0,63534.0,64957.0,64640.0,64980.0,61011.0,61011.0
10-11 07:00,43141.0,68146.0,68907.0,68197.0,69153.0,65544.0,65544.0
10-11 08:00,45874.0,69059.0,70369.0,69082.0,70624.0,67560.0,67560.0
10-11 09:00,47865.0,69486.0,70784.0,69154.0,71408.0,68666.0,68666.0
10-11 10:00,49227.0,70159.0,72513.0,69691.0,71296.0,68955.0,68955.0
10-11 11:00,51304.0,71491.0,73283.0,70003.0,71574.0,69821.0,69821.0
10-11 12:00,50446.0,71054.0,72442.0,69022.0,71456.0,69834.0,69834.0
10-11 13:00,48483.0,70855.0,72262.0,68235.0,71127.0,69852.0,69852.0
10-11 14:00,46431.0,68893.0,69915.0,67283.0,68665.0,67912.0,67912.0
10-11 15:00,45462.0,68113.0,69315.0,66939.0,67553.0,66512.0,66512.0
10-11 16:00,47001.0,67200.0,67690.0,65471.0,65704.0,65324.0,65324.0
10-11 17:00,49898.0,67384.0,67556.0,65401.0,66584.0,66205.0,66205.0
10-11 18:00,54481.0,70316.0,70446.0,68503.0,68393.0,68483.0,68483.0
10-11 19:00,56166.0,70884.0,71145.0,69487.0,69059.0,69274.0,69274.0
10-11 20:00,55389.0,68462.0,68556.0,67261.0,65911.0,66880.0,66880.0
10-11 21:00,52659.0,63658.0,63914.0,63177.0,61423.0,63024.0,63024.0
10-11 22:00,51943.0,60209.0,60171.0,58985.0,58274.0,59006.0,59006.0
10-11 23:00,48953.0,55606.0,54832.0,54556.0,54277.0,54460.0,54460.0
10-12 00:00,45664.0,50813.0,50925.0,51384.0,50909.0,51657.0,51657.0
10-12 01:00,43455.0,48304.0,48373.0,48968.0,48524.0,49545.0,49545.0
10-12 02:00,42470.0,46919.0,47210.0,47576.0,47007.0,48584.0,48584.0
10-12 03:00,43537.0,47853.0,47662.0,47720.0,46380.0,49004.0,49004.0
10-12 04:00,45706.0,49904.0,50120.0,49697.0,46578.0,50772.0,50772.0
10-12 05:00,52122.0,54545.0,55305.0,55324.0,47381.0,55897.0,55897.0
10-12 06:00,62333.0,64234.0,64804.0,63467.0,49921.0,63702.0,63702.0
10-12 07:00,66501.0,68768.0,68646.0,67160.0,52432.0,68529.0,68529.0
10-12 08:00,67485.0,70056.0,70056.0,68355.0,55372.0,69808.0,69808.0
10-12 09:00,67531.0,70512.0,70696.0,68894.0,57294.0,70732.0,70732.0
10-12 10:00,67246.0,71761.0,72117.0,69076.0,58597.0,71355.0,71355.0
10-12 11:00,68181.0,72295.0,73113.0,69148.0,59189.0,72613.0,72613.0
10-12 12:00,67385.0,71324.0,72157.0,68378.0,58822.0,72414.0,72414.0
10-12 13:00,66606.0,71343.0,70675.0,67358.0,57095.0,71755.0,71755.0
10-12 14:00,64717.0,69845.0,69452.0,65364.0,55269.0,69995.0,69995.0
10-12 15:00,64269.0,68567.0,68212.0,64325.0,53975.0,68466.0,68466.0
10-12 16:00,63327.0,67309.0,66353.0,62707.0,53093.0,67008.0,67008.0
10-12 17:00,64561.0,67186.0,66500.0,62771.0,54047.0,67690.0,67690.0
10-12 18:00,68309.0,69607.0,69613.0,65492.0,56789.0,69063.0,69063.0
10-12 19:00,69619.0,70296.0,70406.0,66617.0,57149.0,69577.0,69577.0
10-12 20:00,67315.0,67629.0,67669.0,63877.0,54445.0,66645.0,66645.0
10-12 21:00,62346.0,63317.0,62718.0,60127.0,51218.0,62822.0,62822.0
10-12 22:00,59118.0,59755.0,58747.0,56951.0,48841.0,59212.0,59212.0
10-12 23:00,54113.0,55298.0,54116.0,52339.0,45815.0,54777.0,54777.0
10-13 00:00,50106.0,51033.0,50579.0,48175.0,42767.0,51351.0,51351.0
10-13 01:00,47709.0,48879.0,47948.0,45446.0,40405.0,49099.0,49099.0
10-13 02:00,46719.0,47771.0,46700.0,43811.0,38646.0,48062.0,48062.0
10-13 03:00,47326.0,48056.0,47371.0,43240.0,37794.0,48838.0,48838.0
10-13 04:00,49522.0,50137.0,49639.0,43685.0,38411.0,50951.0,50951.0
10-13 05:00,54111.0,54881.0,54620.0,44807.0,38919.0,55519.0,55519.0
10-13 06:00,63901.0,64211.0,63972.0,47631.0,40423.0,63563.0,63563.0
10-13 07:00,68190.0,68781.0,67787.0,50928.0,42235.0,68036.0,68036.0
10-13 08:00,69411.0,70326.0,69171.0,54273.0,46019.0,69113.0,69113.0
10-13 09:00,69913.0,71035.0,69412.0,56602.0,48908.0,69465.0,69465.0
10-13 10:00,71175.0,71657.0,70352.0,57479.0,50812.0,69796.0,69796.0
10-13 11:00,71966.0,72230.0,70906.0,57954.0,52536.0,70244.0,70244.0
10-13 12:00,70987.0,71567.0,70259.0,57487.0,52425.0,69738.0,69738.0
10-13 13:00,70399.0,71479.0,69413.0,55359.0,50085.0,69406.0,69406.0
10-13 14:00,69131.0,70237.0,67284.0,53413.0,48300.0,67272.0,67272.0
10-13 15:00,68266.0,69400.0,66259.0,52408.0,47862.0,66694.0,66694.0
10-13 16:00,67130.0,67206.0,63964.0,51407.0,48001.0,65370.0,65370.0
10-13 17:00,68095.0,67667.0,64437.0,53315.0,51012.0,66227.0,66227.0
10-13 18:00,70875.0,70580.0,67520.0,56688.0,55666.0,68865.0,68865.0
10-13 19:00,71333.0,71673.0,68364.0,57648.0,57163.0,69450.0,69450.0
10-13 20:00,68453.0,68886.0,65087.0,56122.0,55853.0,67280.0,67280.0
10-13 21:00,63784.0,63897.0,60666.0,52630.0,53275.0,63238.0,63238.0
10-13 22:00,59999.0,60714.0,57122.0,50447.0,52419.0,59883.0,59883.0
10-13 23:00,55419.0,56108.0,53160.0,47142.0,49604.0,55293.0,55293.0
10-14 00:00,51771.0,51674.0,48852.0,43627.0,46828.0,51726.0,51726.0
10-14 01:00,49188.0,48830.0,46452.0,41578.0,44470.0,49242.0,49242.0
10-14 02:00,47839.0,47557.0,45170.0,40388.0,43241.0,48594.0,48594.0
10-14 03:00,48533.0,48651.0,44421.0,39849.0,42808.0,49059.0,49059.0
10-14 04:00,50759.0,50628.0,44631.0,39488.0,45699.0,51269.0,51269.0
10-14 05:00,55426.0,55688.0,45855.0,40262.0,51720.0,56018.0,56018.0
10-14 06:00,64959.0,64341.0,49339.0,41974.0,61088.0,64207.0,64207.0
10-14 07:00,70074.0,68531.0,52536.0,43989.0,65219.0,68047.0,68047.0
10-14 08:00,71863.0,70204.0,56124.0,47754.0,66779.0,69970.0,69970.0
10-14 09:00,72269.0,70862.0,57962.0,50000.0,67255.0,70950.0,70950.0
10-14 10:00,73070.0,71285.0,58836.0,51412.0,68040.0,72298.0,72298.0
10-14 11:00,74030.0,71484.0,58826.0,53294.0,68002.0,73273.0,73273.0
10-14 12:00,73419.0,70231.0,58129.0,52955.0,67510.0,72359.0,72359.0
10-14 13:00,72841.0,69683.0,56709.0,51135.0,67299.0,71778.0,71778.0
10-14 14:00,71096.0,67558.0,54107.0,49085.0,65649.0,69113.0,69113.0
10-14 15:00,70863.0,66022.0,53267.0,48425.0,64594.0,68725.0,68725.0
10-14 16:00,69229.0,64897.0,52661.0,48425.0,62713.0,67891.0,67891.0
10-14 17:00,69043.0,65070.0,54589.0,50739.0,63829.0,68226.0,68226.0
10-14 18:00,71847.0,68637.0,57250.0,54831.0,67160.0,70877.0,70877.0
10-14 19:00,71901.0,68804.0,58251.0,56146.0,67876.0,71395.0,71395.0
10-14 20:00,68816.0,66229.0,55756.0,55238.0,65830.0,68555.0,68555.0
10-14 21:00,64227.0,61706.0,51902.0,52416.0,61347.0,63838.0,63838.0
10-14 22:00,60536.0,58489.0,49679.0,50804.0,57232.0,59763.0,59763.0
10-14 23:00,55600.0,54153.0,46684.0,48338.0,52642.0,56154.0,56154.0
10-15 00:00,51320.0,50155.0,42789.0,45332.0,49465.0,52814.0,52814.0
10-15 01:00,49044.0,47542.0,40438.0,43479.0,47506.0,51306.0,51306.0
10-15 02:00,47841.0,45916.0,38744.0,42837.0,46654.0,50309.0,50309.0
10-15 03:00,48113.0,45303.0,38263.0,43111.0,47552.0,50865.0,50865.0
10-15 04:00,50321.0,45580.0,38839.0,45326.0,49960.0,52683.0,52683.0
10-15 05:00,55116.0,46480.0,39137.0,51780.0,54918.0,56596.0,56596.0
10-15 06:00,64722.0,48878.0,40322.0,61141.0,63314.0,64835.0,64835.0
10-15 07:00,69542.0,51740.0,42675.0,66013.0,66930.0,69789.0,69789.0
10-15 08:00,71009.0,55119.0,46541.0,67435.0,68326.0,71805.0,71805.0
10-15 09:00,72157.0,57336.0,49303.0,67388.0,68312.0,72183.0,72183.0
10-15 10:00,73100.0,58988.0,51320.0,67924.0,68308.0,72648.0,72648.0
10-15 11:00,73990.0,59408.0,52498.0,68719.0,69343.0,72923.0,72923.0
10-15 12:00,73346.0,58958.0,51828.0,67565.0,68803.0,71950.0,71950.0
10-15 13:00,72805.0,57346.0,50043.0,67571.0,67918.0,70040.0,70040.0
10-15 14:00,71340.0,55346.0,47954.0,66028.0,65994.0,67473.0,67473.0
10-15 15:00,70645.0,54723.0,46775.0,65376.0,65723.0,66147.0,66147.0
10-15 16:00,69083.0,53045.0,46548.0,63838.0,64378.0,65078.0,65078.0
10-15 17:00,69687.0,54973.0,49912.0,63905.0,65954.0,65002.0,65002.0
10-15 18:00,71973.0,57951.0,55015.0,67481.0,68963.0,67517.0,67517.0
10-15 19:00,71924.0,58731.0,56189.0,68381.0,68975.0,68253.0,68253.0
10-15 20:00,68935.0,56006.0,54580.0,65646.0,65910.0,65215.0,65215.0
10-15 21:00,64148.0,52014.0,51916.0,60798.0,61140.0,61118.0,61118.0
10-15 22:00,60584.0,50487.0,50674.0,57061.0,56780.0,57772.0,57772.0
10-15 23:00,55796.0,47621.0,47298.0,52507.0,52092.0,53739.0,53739.0
10-16 00:00,51736.0,43835.0,44588.0,48874.0,48364.0,50154.0,50154.0
10-16 01:00,48979.0,41587.0,42635.0,46902.0,46509.0,48292.0,48292.0
10-16 02:00,47463.0,40091.0,41505.0,45488.0,45481.0,46898.0,46898.0
10-16 03:00,48068.0,39693.0,42459.0,45840.0,46362.0,47007.0,47007.0
10-16 04:00,50222.0,40329.0,44890.0,47605.0,48223.0,47235.0,47235.0
10-16 05:00,54830.0,40545.0,51463.0,52600.0,53344.0,47540.0,47540.0
10-16 06:00,63910.0,41235.0,62448.0,61960.0,62315.0,49654.0,49654.0
10-16 07:00,69152.0,43181.0,66593.0,66026.0,67597.0,52671.0,52671.0
10-16 08:00,70743.0,46539.0,67828.0,66927.0,68974.0,55653.0,55653.0
10-16 09:00,71674.0,49209.0,67915.0,67152.0,69576.0,57956.0,57956.0
10-16 10:00,72439.0,51448.0,68961.0,67794.0,70873.0,59044.0,59044.0
10-16 11:00,72948.0,52786.0,69457.0,68541.0,71073.0,59162.0,59162.0
10-16 12:00,71892.0,52582.0,68855.0,67833.0,70167.0,59006.0,59006.0
10-16 13:00,70776.0,50491.0,68460.0,67257.0,69509.0,57519.0,57519.0
10-16 14:00,68592.0,48432.0,66871.0,66380.0,68127.0,55806.0,55806.0
10-16 15:00,67552.0,47114.0,65973.0,65680.0,67619.0,54537.0,54537.0
10-16 16:00,66359.0,47418.0,64023.0,64025.0,66254.0,54019.0,54019.0
10-16 17:00,67270.0,50421.0,64446.0,64606.0,66550.0,56124.0,56124.0
10-16 18:00,69584.0,55265.0,68552.0,67964.0,69461.0,58799.0,58799.0
10-16 19:00,69614.0,55927.0,69219.0,68441.0,69534.0,59065.0,59065.0
10-16 20:00,66294.0,54397.0,67236.0,65599.0,67616.0,56472.0,56472.0
10-16 21:00,61288.0,51528.0,62849.0,60951.0,62825.0,53885.0,53885.0
10-16 22:00,57836.0,51515.0,58399.0,57162.0,58786.0,51969.0,51969.0
10-16 23:00,54047.0,48887.0,53846.0,52682.0,54387.0,49001.0,49001.0
10-17 00:00,50254.0,45826.0,50334.0,49215.0,50419.0,46768.0,46768.0
10-17 01:00,47438.0,43263.0,48015.0,47206.0,48016.0,44907.0,44907.0
10-17 02:00,45604.0,42241.0,46657.0,45514.0,46789.0,43531.0,43531.0
10-17 03:00,44999.0,43567.0,46677.0,46211.0,46489.0,42995.0,42995.0
10-17 04:00,45350.0,45727.0,48855.0,48482.0,48585.0,42701.0,42701.0
10-17 05:00,45727.0,51800.0,54002.0,53286.0,53349.0,42868.0,42868.0
10-17 06:00,48193.0,61595.0,64351.0,62551.0,62131.0,44004.0,44004.0
10-17 07:00,51847.0,66799.0,68120.0,66385.0,66725.0,46300.0,46300.0
10-17 08:00,55238.0,68053.0,69271.0,67232.0,68415.0,49569.0,49569.0
10-17 09:00,57962.0,68584.0,69586.0,67151.0,68803.0,52104.0,52104.0
10-17 10:00,59327.0,69416.0,70293.0,67678.0,69985.0,53769.0,53769.0
10-17 11:00,59962.0,70750.0,70978.0,68446.0,70946.0,55172.0,55172.0
10-17 12:00,59412.0,70446.0,69970.0,67883.0,70195.0,54945.0,54945.0
10-17 13:00,57670.0,70346.0,69148.0,67386.0,69369.0,53358.0,53358.0
10-17 14:00,55754.0,68065.0,67537.0,65895.0,67719.0,52015.0,52015.0
10-17 15:00,55004.0,67471.0,67368.0,65143.0,66514.0,50469.0,50469.0
10-17 16:00,54814.0,65784.0,66501.0,63426.0,64986.0,50451.0,50451.0
10-17 17:00,56879.0,66111.0,66289.0,64404.0,65604.0,53577.0,53577.0
10-17 18:00,59729.0,69447.0,70047.0,68057.0,68369.0,56876.0,56876.0
10-17 19:00,59668.0,69742.0,70302.0,68525.0,68337.0,56851.0,56851.0
10-17 20:00,56823.0,66893.0,67251.0,65414.0,65424.0,55225.0,55225.0
10-17 21:00,52827.0,62432.0,62349.0,60975.0,61206.0,52652.0,52652.0
10-17 22:00,51784.0,59340.0,58618.0,57068.0,57310.0,51660.0,51660.0
10-17 23:00,48916.0,54160.0,53853.0,52847.0,53039.0,49191.0,49191.0
10-18 00:00,45487.0,49794.0,49538.0,49147.0,49320.0,46721.0,46721.0
10-18 01:00,42651.0,47301.0,47300.0,47334.0,47270.0,44779.0,44779.0
10-18 02:00,41004.0,45864.0,45810.0,45920.0,45465.0,44080.0,44080.0
10-18 03:00,40632.0,46635.0,46563.0,46472.0,45755.0,45095.0,45095.0
10-18 04:00,41185.0,48877.0,48517.0,48475.0,47863.0,47203.0,47203.0
10-18 05:00,41309.0,54077.0,53567.0,53815.0,53070.0,51941.0,51941.0
10-18 06:00,41713.0,63435.0,63534.0,62436.0,62128.0,60501.0,60501.0
10-18 07:00,43819.0,68682.0,67902.0,66773.0,66723.0,65056.0,65056.0
10-18 08:00,46979.0,70016.0,68768.0,67696.0,68733.0,67368.0,67368.0
10-18 09:00,50087.0,70724.0,68453.0,68019.0,69598.0,68118.0,68118.0
10-18 10:00,52507.0,71717.0,70078.0,68974.0,69978.0,68848.0,68848.0
10-18 11:00,54699.0,71937.0,70538.0,70132.0,71105.0,69368.0,69368.0
10-18 12:00,53960.0,71236.0,69839.0,69582.0,70494.0,68594.0,68594.0
10-18 13:00,52315.0,70996.0,69271.0,69018.0,69976.0,68283.0,68283.0
10-18 14:00,50369.0,69284.0,67624.0,67347.0,66876.0,65881.0,65881.0
10-18 15:00,49745.0,68781.0,66765.0,66341.0,66326.0,65543.0,65543.0
10-18 16:00,50268.0,66993.0,65206.0,65068.0,65632.0,64443.0,64443.0
10-18 17:00,53124.0,67754.0,65821.0,65920.0,66690.0,64887.0,64887.0
10-18 18:00,57118.0,71026.0,70097.0,69185.0,69271.0,68252.0,68252.0
10-18 19:00,57229.0,70862.0,70763.0,69420.0,69202.0,68488.0,68488.0
10-18 20:00,55466.0,67939.0,67391.0,66478.0,65304.0,66075.0,66075.0
10-18 21:00,52618.0,63696.0,62846.0,62120.0,60452.0,62470.0,62470.0
10-18 22:00,52407.0,59900.0,58875.0,58151.0,56838.0,58950.0,58950.0
10-18 23:00,49736.0,54745.0,53848.0,53863.0,53048.0,54199.0,54199.0
10-19 00:00,46570.0,50299.0,49485.0,49919.0,48717.0,50903.0,50903.0
10-19 01:00,44173.0,47893.0,47143.0,47964.0,47026.0,49201.0,49201.0
10-19 02:00,43114.0,46765.0,46306.0,46562.0,45080.0,47957.0,47957.0
10-19 03:00,44174.0,47571.0,46995.0,46933.0,44382.0,48297.0,48297.0
10-19 04:00,46568.0,49876.0,49300.0,49796.0,45417.0,50097.0,50097.0
10-19 05:00,51898.0,54586.0,54377.0,54132.0,46384.0,54880.0,54880.0
10-19 06:00,62381.0,63689.0,63843.0,62871.0,48820.0,62699.0,62699.0
10-19 07:00,67943.0,68458.0,67839.0,67261.0,51382.0,67908.0,67908.0
10-19 08:00,69671.0,70169.0,69264.0,68208.0,54344.0,69683.0,69683.0
10-19 09:00,70052.0,70460.0,69046.0,68209.0,56783.0,70655.0,70655.0
10-19 10:00,70904.0,72116.0,69574.0,68579.0,57965.0,71557.0,71557.0
10-19 11:00,71687.0,72802.0,70033.0,68745.0,58732.0,72384.0,72384.0
10-19 12:00,70915.0,72080.0,69389.0,67639.0,58345.0,71905.0,71905.0
10-19 13:00,70168.0,71690.0,68641.0,66613.0,56623.0,71627.0,71627.0
10-19 14:00,68980.0,69939.0,67230.0,64557.0,54955.0,69842.0,69842.0
10-19 15:00,68044.0,69253.0,66574.0,63661.0,53890.0,68889.0,68889.0
10-19 16:00,66489.0,67608.0,64832.0,62500.0,53691.0,67820.0,67820.0
10-19 17:00,66935.0,68161.0,65278.0,62806.0,56013.0,68882.0,68882.0
10-19 18:00,70484.0,71107.0,70229.0,66031.0,59448.0,71288.0,71288.0
10-19 19:00,70847.0,71047.0,70250.0,66286.0,59171.0,71770.0,71770.0
10-19 20:00,67791.0,68418.0,67561.0,62974.0,56221.0,68281.0,68281.0
10-19 21:00,63204.0,63862.0,63026.0,58781.0,52384.0,64663.0,64663.0
10-19 22:00,59854.0,60223.0,59430.0,55026.0,50153.0,60703.0,60703.0
10-19 23:00,55202.0,55676.0,54558.0,51617.0,47034.0,56399.0,56399.0
10-20 00:00,50801.0,51280.0,50315.0,48431.0,43457.0,53006.0,53006.0
10-20 01:00,48017.0,48561.0,48256.0,46353.0,41126.0,51215.0,51215.0
10-20 02:00,46886.0,47828.0,46511.0,45365.0,39718.0,49860.0,49860.0
10-20 03:00,47758.0,48240.0,46675.0,45215.0,38876.0,49871.0,49871.0
10-20 04:00,49579.0,50314.0,49275.0,45327.0,39159.0,52238.0,52238.0
10-20 05:00,54101.0,55288.0,54062.0,46239.0,39238.0,57292.0,57292.0
10-20 06:00,64053.0,64197.0,63959.0,48855.0,39776.0,65359.0,65359.0
10-20 07:00,68930.0,68925.0,68289.0,52334.0,42004.0,69426.0,69426.0
10-20 08:00,70426.0,69993.0,70116.0,55771.0,45629.0,71238.0,71238.0
10-20 09:00,70504.0,71395.0,70162.0,57449.0,48402.0,71496.0,71496.0
10-20 10:00,71423.0,72598.0,71170.0,58523.0,50494.0,72104.0,72104.0
10-20 11:00,71842.0,72820.0,71352.0,59016.0,52230.0,73121.0,73121.0
10-20 12:00,71041.0,72007.0,70876.0,58494.0,52005.0,72849.0,72849.0
10-20 13:00,70898.0,71328.0,70075.0,57102.0,50379.0,72812.0,72812.0
10-20 14:00,69273.0,69896.0,67399.0,55234.0,48506.0,70483.0,70483.0
10-20 15:00,68255.0,69628.0,66780.0,54294.0,48237.0,70500.0,70500.0
10-20 16:00,67134.0,67953.0,65882.0,53151.0,48524.0,69100.0,69100.0
10-20 17:00,67554.0,68447.0,66193.0,55199.0,51225.0,70580.0,70580.0
10-20 18:00,70954.0,71109.0,68961.0,58474.0,54319.0,73106.0,73106.0
10-20 19:00,70986.0,71021.0,68855.0,58686.0,54936.0,72670.0,72670.0
10-20 20:00,67630.0,67966.0,65459.0,55852.0,53289.0,68788.0,68788.0
10-20 21:00,63460.0,63638.0,60967.0,52344.0,50144.0,64536.0,64536.0
10-20 22:00,59916.0,60131.0,57966.0,50608.0,48768.0,60754.0,60754.0
10-20 23:00,55098.0,55633.0,53606.0,47411.0,45780.0,56971.0,56971.0
10-21 00:00,51141.0,51080.0,48892.0,44516.0,42533.0,53293.0,53293.0
10-21 01:00,48308.0,48538.0,46074.0,42121.0,41404.0,50676.0,50676.0
10-21 02:00,46891.0,47182.0,44082.0,40668.0,40289.0,49815.0,49815.0
10-21 03:00,47694.0,47649.0,43656.0,40685.0,40556.0,50479.0,50479.0
10-21 04:00,50057.0,49850.0,44407.0,40739.0,43510.0,52465.0,52465.0
10-21 05:00,54181.0,54368.0,45403.0,41122.0,50516.0,57538.0,57538.0
10-21 06:00,64142.0,63583.0,48548.0,42165.0,61014.0,66253.0,66253.0
10-21 07:00,68741.0,68918.0,52118.0,44269.0,65897.0,71611.0,71611.0
10-21 08:00,69765.0,70332.0,55586.0,47974.0,67570.0,73522.0,73522.0
10-21 09:00,70098.0,71123.0,58158.0,50199.0,68186.0,73475.0,73475.0
10-21 10:00,70559.0,71944.0,58914.0,52783.0,68938.0,73935.0,73935.0
10-21 11:00,71329.0,72425.0,59828.0,54775.0,69139.0,74986.0,74986.0
10-21 12:00,70348.0,71669.0,59337.0,54176.0,68810.0,74643.0,74643.0
10-21 13:00,69683.0,70759.0,57688.0,52339.0,69028.0,74064.0,74064.0
10-21 14:00,67927.0,68763.0,55849.0,50290.0,67468.0,71816.0,71816.0
10-21 15:00,67718.0,67413.0,54263.0,49016.0,66503.0,71511.0,71511.0
10-21 16:00,66199.0,66185.0,54096.0,49506.0,64660.0,69452.0,69452.0
10-21 17:00,67165.0,66473.0,56372.0,52379.0,64847.0,69904.0,69904.0
10-21 18:00,71080.0,69254.0,58939.0,57039.0,67995.0,72054.0,72054.0
10-21 19:00,71251.0,68944.0,58742.0,57188.0,67806.0,71697.0,71697.0
10-21 20:00,68252.0,65482.0,55785.0,55531.0,65143.0,68840.0,68840.0
10-21 21:00,63670.0,60334.0,52283.0,53075.0,60580.0,64342.0,64342.0
10-21 22:00,60062.0,57535.0,50532.0,52601.0,57237.0,61106.0,61106.0
10-21 23:00,55673.0,53497.0,47574.0,50240.0,52704.0,57065.0,57065.0
10-22 00:00,51455.0,49382.0,43342.0,46846.0,48428.0,53758.0,53758.0
10-22 01:00,48599.0,46888.0,41712.0,45275.0,46706.0,51987.0,51987.0
10-22 02:00,47277.0,45338.0,40423.0,44579.0,45151.0,50920.0,50920.0
10-22 03:00,48244.0,45011.0,40167.0,45503.0,45463.0,51408.0,51408.0
10-22 04:00,50404.0,45367.0,40800.0,48275.0,47745.0,53502.0,53502.0
10-22 05:00,55291.0,45894.0,40979.0,53869.0,53194.0,57526.0,57526.0
10-22 06:00,65002.0,48212.0,42166.0,64210.0,62859.0,64881.0,64881.0
10-22 07:00,69824.0,51595.0,44616.0,69076.0,66727.0,69519.0,69519.0
10-22 08:00,70706.0,54725.0,48279.0,70227.0,67812.0,72135.0,72135.0
10-22 09:00,70044.0,57346.0,51199.0,70581.0,67798.0,72615.0,72615.0
10-22 10:00,70198.0,58713.0,54140.0,71269.0,68714.0,72676.0,72676.0
10-22 11:00,71202.0,59716.0,56077.0,72446.0,69388.0,72989.0,72989.0
10-22 12:00,70393.0,58854.0,56065.0,71556.0,68124.0,72621.0,72621.0
10-22 13:00,70118.0,56898.0,53582.0,71245.0,68093.0,71625.0,71625.0
10-22 14:00,68528.0,55187.0,51708.0,69206.0,66321.0,69519.0,69519.0
10-22 15:00,68203.0,54306.0,50420.0,69589.0,65803.0,68587.0,68587.0
10-22 16:00,66565.0,53955.0,50312.0,67894.0,64607.0,67517.0,67517.0
10-22 17:00,68095.0,55724.0,53642.0,67807.0,65424.0,67923.0,67923.0
10-22 18:00,70891.0,59122.0,57465.0,70902.0,68987.0,69842.0,69842.0
10-22 19:00,70778.0,58754.0,57436.0,70833.0,69060.0,69752.0,69752.0
10-22 20:00,68453.0,55890.0,54900.0,67971.0,66076.0,66520.0,66520.0
10-22 21:00,64022.0,52516.0,52500.0,64261.0,61845.0,62815.0,62815.0
10-22 22:00,60220.0,51129.0,52121.0,60645.0,57542.0,59180.0,59180.0
10-22 23:00,55966.0,47927.0,49413.0,56389.0,52697.0,55788.0,55788.0
10-23 00:00,51536.0,44371.0,46064.0,53237.0,48753.0,51772.0,51772.0
10-23 01:00,48822.0,41705.0,44124.0,50904.0,46334.0,49743.0,49743.0
10-23 02:00,47079.0,40432.0,42965.0,50135.0,44984.0,48406.0,48406.0
10-23 03:00,47889.0,40423.0,44254.0,51002.0,45542.0,48067.0,48067.0
10-23 04:00,50264.0,40394.0,47255.0,53336.0,47716.0,48829.0,48829.0
10-23 05:00,54422.0,40614.0,53041.0,57929.0,53228.0,49432.0,49432.0
10-23 06:00,63867.0,40993.0,62912.0,67069.0,62749.0,51469.0,51469.0
10-23 07:00,68832.0,42592.0,68044.0,71334.0,66950.0,53487.0,53487.0
10-23 08:00,69767.0,46320.0,70127.0,72283.0,67932.0,56917.0,56917.0
10-23 09:00,69230.0,49638.0,70566.0,73317.0,67773.0,59254.0,59254.0
10-23 10:00,69413.0,52441.0,71610.0,74605.0,68437.0,59908.0,59908.0
10-23 11:00,69447.0,53813.0,72651.0,75732.0,68969.0,60200.0,60200.0
10-23 12:00,68827.0,53680.0,72195.0,75189.0,68186.0,59848.0,59848.0
10-23 13:00,67589.0,51730.0,71385.0,74352.0,67805.0,57699.0,57699.0
10-23 14:00,66279.0,49832.0,69653.0,72992.0,66445.0,55869.0,55869.0
10-23 15:00,65297.0,48930.0,69119.0,72592.0,65577.0,54339.0,54339.0
10-23 16:00,64092.0,49275.0,67137.0,71539.0,63975.0,53943.0,53943.0
10-23 17:00,64712.0,52376.0,67688.0,72369.0,65255.0,56010.0,56010.0
10-23 18:00,68920.0,57400.0,70447.0,74689.0,68978.0,58580.0,58580.0
10-23 19:00,69093.0,57256.0,70111.0,74349.0,68821.0,58866.0,58866.0
10-23 20:00,65498.0,55209.0,66669.0,70676.0,65955.0,56369.0,56369.0
10-23 21:00,60962.0,52216.0,61972.0,66996.0,62044.0,52975.0,52975.0
10-23 22:00,57387.0,52094.0,58911.0,63082.0,58414.0,51082.0,51082.0
10-23 23:00,53427.0,49445.0,54067.0,58448.0,53134.0,48694.0,48694.0
10-24 00:00,50361.0,46481.0,50118.0,54164.0,49082.0,46098.0,46098.0
10-24 01:00,46979.0,43768.0,47717.0,52046.0,46704.0,42953.0,42953.0
10-24 02:00,45122.0,42902.0,46549.0,50451.0,44895.0,41735.0,41735.0
10-24 03:00,45065.0,43801.0,47073.0,51253.0,45266.0,41795.0,41795.0
10-24 04:00,45339.0,46269.0,49274.0,53510.0,48018.0,42215.0,42215.0
10-24 05:00,45526.0,52229.0,54547.0,58645.0,52816.0,42082.0,42082.0
10-24 06:00,48517.0,63084.0,63857.0,67221.0,62633.0,43366.0,43366.0
10-24 07:00,52299.0,68437.0,68622.0,72132.0,67614.0,45284.0,45284.0
10-24 08:00,55514.0,69542.0,70295.0,73007.0,68794.0,48742.0,48742.0
10-24 09:00,57223.0,69789.0,70553.0,73667.0,69027.0,52186.0,52186.0
10-24 10:00,57704.0,71112.0,71515.0,74999.0,69280.0,53596.0,53596.0
10-24 11:00,58103.0,72128.0,72425.0,75035.0,69482.0,54859.0,54859.0
10-24 12:00,57414.0,71562.0,71685.0,74330.0,69016.0,54330.0,54330.0
10-24 13:00,55336.0,71070.0,70993.0,73893.0,68991.0,52449.0,52449.0
10-24 14:00,53535.0,69721.0,69471.0,72586.0,67496.0,50330.0,50330.0
10-24 15:00,52630.0,69451.0,68325.0,71269.0,66515.0,49570.0,49570.0
10-24 16:00,53139.0,67739.0,68044.0,69525.0,64941.0,49759.0,49759.0
10-24 17:00,56089.0,68569.0,69306.0,69435.0,66022.0,54302.0,54302.0
10-24 18:00,59920.0,71197.0,71924.0,72003.0,70039.0,59702.0,59702.0
10-24 19:00,59901.0,70993.0,71705.0,71813.0,69926.0,59687.0,59687.0
10-24 20:00,57113.0,67627.0,68063.0,68421.0,66717.0,57428.0,57428.0
10-24 21:00,53425.0,63127.0,64330.0,64943.0,62554.0,54737.0,54737.0
10-24 22:00,51831.0,59551.0,60739.0,60871.0,58550.0,54670.0,54670.0
10-24 23:00,48696.0,54772.0,55355.0,56908.0,54083.0,52474.0,52474.0
10-25 00:00,45201.0,50304.0,50776.0,52640.0,49856.0,49895.0,49895.0
10-25 01:00,42378.0,47920.0,48424.0,50818.0,48211.0,47271.0,47271.0
10-25 02:00,40695.0,46559.0,47031.0,49703.0,46256.0,46345.0,46345.0
10-25 03:00,40034.0,47070.0,47378.0,49848.0,46603.0,47173.0,47173.0
10-25 04:00,40130.0,49340.0,49533.0,52172.0,49164.0,49586.0,49586.0
10-25 05:00,40534.0,54505.0,55328.0,56944.0,54380.0,54922.0,54922.0
10-25 06:00,42533.0,63708.0,65199.0,66320.0,63469.0,63811.0,63811.0
10-25 07:00,45847.0,69275.0,70032.0,71031.0,68736.0,68347.0,68347.0
10-25 08:00,49355.0,70334.0,71016.0,72136.0,69667.0,70427.0,70427.0
10-25 09:00,51412.0,70610.0,71463.0,72263.0,70098.0,70532.0,70532.0
10-25 10:00,52955.0,71278.0,72370.0,73595.0,70384.0,70080.0,70080.0
10-25 11:00,54478.0,72545.0,72845.0,74194.0,70818.0,70278.0,70278.0
10-25 12:00,53702.0,71844.0,71736.0,73363.0,70105.0,69367.0,69367.0
10-25 13:00,51766.0,71305.0,71858.0,72822.0,67961.0,68314.0,68314.0
10-25 14:00,49925.0,69520.0,69913.0,71792.0,65579.0,66353.0,66353.0
10-25 15:00,49225.0,68766.0,69123.0,71082.0,64281.0,66029.0,66029.0
10-25 16:00,51068.0,67120.0,67719.0,69418.0,63100.0,64842.0,64842.0
10-25 17:00,57097.0,68420.0,68069.0,69831.0,64532.0,67072.0,67072.0
10-25 18:00,57730.0,70944.0,70935.0,72016.0,67901.0,69841.0,69841.0
10-25 19:00,56449.0,70638.0,70647.0,71923.0,67848.0,69727.0,69727.0
10-25 20:00,54235.0,67239.0,67083.0,68903.0,65039.0,66500.0,66500.0
10-25 21:00,51824.0,62781.0,62842.0,64428.0,60687.0,63349.0,63349.0
10-25 22:00,51673.0,59170.0,59445.0,60321.0,57649.0,59893.0,59893.0
10-25 23:00,48616.0,55020.0,55442.0,55793.0,53710.0,55739.0,55739.0
10-26 00:00,45419.0,50107.0,50805.0,51976.0,50297.0,53221.0,53221.0
10-26 01:00,43138.0,47446.0,48223.0,49757.0,47796.0,49938.0,49938.0
10-26 02:00,42677.0,46546.0,47109.0,48202.0,45991.0,48921.0,48921.0
10-26 03:00,43922.0,47077.0,47307.0,48831.0,46130.0,49199.0,49199.0
10-26 04:00,46428.0,49565.0,49353.0,50658.0,46874.0,50742.0,50742.0
10-26 05:00,52868.0,54083.0,54097.0,56035.0,48009.0,55231.0,55231.0
10-26 06:00,63133.0,63421.0,63325.0,64295.0,50625.0,64322.0,64322.0
10-26 07:00,66515.0,68690.0,68380.0,69482.0,53761.0,68868.0,68868.0
10-26 08:00,67822.0,69813.0,69384.0,70305.0,56733.0,70369.0,70369.0
10-26 09:00,67462.0,70071.0,69099.0,70779.0,58775.0,70859.0,70859.0
10-26 10:00,68023.0,70724.0,69829.0,71485.0,59375.0,71242.0,71242.0
10-26 11:00,68045.0,71001.0,70283.0,71854.0,60111.0,72274.0,72274.0
10-26 12:00,67366.0,70201.0,69750.0,71903.0,59356.0,71826.0,71826.0
10-26 13:00,66659.0,70107.0,69238.0,70699.0,58211.0,71336.0,71336.0
10-26 14:00,65173.0,68209.0,67993.0,68592.0,56097.0,70335.0,70335.0
10-26 15:00,65047.0,67632.0,67404.0,67148.0,54875.0,68624.0,68624.0
10-26 16:00,65467.0,66174.0,65924.0,65967.0,53997.0,67490.0,67490.0
10-26 17:00,71698.0,67378.0,67311.0,67189.0,56686.0,68282.0,68282.0
10-26 18:00,71563.0,70602.0,70429.0,69778.0,60442.0,70784.0,70784.0
10-26 19:00,70716.0,70600.0,70183.0,69391.0,60456.0,70570.0,70570.0
10-26 20:00,67043.0,67402.0,67171.0,66371.0,57640.0,68518.0,68518.0
10-26 21:00,62368.0,63522.0,62977.0,62242.0,54085.0,64464.0,64464.0
10-26 22:00,59499.0,59938.0,59774.0,58695.0,51967.0,61503.0,61503.0
10-26 23:00,54511.0,55722.0,55031.0,54898.0,48828.0,57845.0,57845.0
10-27 00:00,50680.0,51123.0,50688.0,51434.0,46072.0,53773.0,53773.0
10-27 01:00,48501.0,48252.0,48400.0,48959.0,43726.0,51607.0,51607.0
10-27 02:00,47310.0,46826.0,47012.0,47276.0,42128.0,49663.0,49663.0
10-27 03:00,48052.0,47552.0,47379.0,47290.0,41318.0,50439.0,50439.0
10-27 04:00,50332.0,49961.0,49363.0,48380.0,41813.0,52827.0,52827.0
10-27 05:00,55110.0,54761.0,54690.0,48467.0,42242.0,57486.0,57486.0
10-27 06:00,63997.0,64365.0,64029.0,51566.0,43746.0,65566.0,65566.0
10-27 07:00,67696.0,69576.0,69771.0,54744.0,47012.0,70975.0,70975.0
10-27 08:00,68319.0,70270.0,70857.0,58068.0,50046.0,72101.0,72101.0
10-27 09:00,68080.0,70373.0,70764.0,60133.0,52233.0,72423.0,72423.0
10-27 10:00,68618.0,71269.0,71553.0,60965.0,53703.0,73045.0,73045.0
10-27 11:00,69298.0,71751.0,72454.0,61441.0,55095.0,73294.0,73294.0
10-27 12:00,68358.0,70854.0,71517.0,61270.0,54728.0,72588.0,72588.0
10-27 13:00,67746.0,70270.0,70263.0,59522.0,52907.0,71432.0,71432.0
10-27 14:00,66852.0,68767.0,67846.0,57648.0,50817.0,69274.0,69274.0
10-27 15:00,66798.0,68260.0,66672.0,55951.0,50242.0,68623.0,68623.0
10-27 16:00,67255.0,66576.0,65788.0,55127.0,52080.0,67281.0,67281.0
10-27 17:00,73004.0,68178.0,66003.0,57495.0,57988.0,68600.0,68600.0
10-27 18:00,72519.0,71161.0,68393.0,60232.0,58584.0,71448.0,71448.0
10-27 19:00,71429.0,71103.0,67800.0,60010.0,57132.0,71366.0,71366.0
10-27 20:00,67422.0,68221.0,64405.0,56925.0,54880.0,68259.0,68259.0
10-27 21:00,63414.0,63608.0,60430.0,53787.0,52119.0,64071.0,64071.0
10-27 22:00,59826.0,60651.0,57681.0,52052.0,51350.0,60801.0,60801.0
10-27 23:00,54590.0,56076.0,53375.0,49182.0,48680.0,56817.0,56817.0
10-28 00:00,50808.0,51450.0,50034.0,45986.0,46071.0,52987.0,52987.0
10-28 01:00,48347.0,48846.0,47313.0,43139.0,45347.0,51243.0,51243.0
10-28 02:00,47304.0,47640.0,45752.0,41640.0,45199.0,50217.0,50217.0
10-28 03:00,48353.0,48384.0,45833.0,41429.0,45589.0,50559.0,50559.0
10-28 04:00,50691.0,50462.0,46261.0,41897.0,48630.0,51908.0,51908.0
10-28 05:00,55456.0,55050.0,47045.0,42515.0,54528.0,56391.0,56391.0
10-28 06:00,64468.0,64481.0,49640.0,43871.0,64160.0,64386.0,64386.0
10-28 07:00,68195.0,70153.0,53854.0,46958.0,67735.0,69149.0,69149.0
10-28 08:00,68811.0,70963.0,56948.0,50629.0,68111.0,70494.0,70494.0
10-28 09:00,69178.0,71127.0,59708.0,53000.0,68265.0,70339.0,70339.0
10-28 10:00,69594.0,71696.0,61103.0,55187.0,69076.0,70256.0,70256.0
10-28 11:00,70257.0,72014.0,61910.0,57492.0,69501.0,70352.0,70352.0
10-28 12:00,69299.0,71535.0,60730.0,57286.0,69024.0,69736.0,69736.0
10-28 13:00,69048.0,70533.0,58966.0,55158.0,68372.0,68971.0,68971.0
10-28 14:00,67742.0,68156.0,57632.0,53665.0,67291.0,66611.0,66611.0
10-28 15:00,67853.0,67121.0,56430.0,53880.0,65999.0,65779.0,65779.0
10-28 16:00,68444.0,65670.0,56428.0,55844.0,65618.0,64469.0,64469.0
10-28 17:00,73373.0,66316.0,59271.0,60515.0,69961.0,67046.0,67046.0
10-28 18:00,72974.0,68398.0,61364.0,60880.0,69802.0,71177.0,71177.0
10-28 19:00,71532.0,68037.0,60723.0,59386.0,68501.0,71423.0,71423.0
10-28 20:00,67777.0,65109.0,57866.0,56871.0,64868.0,68563.0,68563.0
10-28 21:00,63627.0,60505.0,54353.0,54373.0,60478.0,65081.0,65081.0
10-28 22:00,60430.0,57349.0,52996.0,54625.0,57001.0,61893.0,61893.0
10-28 23:00,55528.0,53461.0,50015.0,51912.0,52634.0,57419.0,57419.0
10-29 00:00,50649.0,49375.0,46940.0,48187.0,49467.0,54483.0,54483.0
10-29 01:00,48020.0,46484.0,44345.0,47444.0,47562.0,51702.0,51702.0
10-29 02:00,46609.0,44822.0,42672.0,46777.0,46984.0,49823.0,49823.0
10-29 03:00,47204.0,44639.0,42872.0,47309.0,47763.0,50587.0,50587.0
10-29 04:00,49704.0,44947.0,43101.0,50000.0,49827.0,52644.0,52644.0
10-29 05:00,54486.0,45585.0,43234.0,56062.0,54442.0,56505.0,56505.0
10-29 06:00,63747.0,47989.0,45098.0,65985.0,63465.0,63747.0,63747.0
10-29 07:00,67488.0,52203.0,48903.0,69937.0,67266.0,68783.0,68783.0
10-29 08:00,68859.0,55086.0,51481.0,71709.0,68504.0,70514.0,70514.0
10-29 09:00,68997.0,57167.0,53604.0,72100.0,68995.0,70714.0,70714.0
10-29 10:00,69906.0,58346.0,55571.0,73177.0,69502.0,70703.0,70703.0
10-29 11:00,70651.0,58869.0,56635.0,74700.0,69929.0,70196.0,70196.0
10-29 12:00,69880.0,58221.0,56431.0,74089.0,69232.0,68867.0,68867.0
10-29 13:00,69352.0,57200.0,54152.0,73663.0,68991.0,67843.0,67843.0
10-29 14:00,68350.0,55026.0,52497.0,72118.0,67496.0,65441.0,65441.0
10-29 15:00,68265.0,53699.0,51630.0,71681.0,67076.0,63952.0,63952.0
10-29 16:00,68158.0,53070.0,52465.0,71427.0,66833.0,63585.0,63585.0
10-29 17:00,72420.0,55522.0,57648.0,74166.0,71007.0,66087.0,66087.0
10-29 18:00,72174.0,59271.0,58091.0,74178.0,70791.0,69136.0,69136.0
10-29 19:00,70863.0,58906.0,56857.0,72699.0,69015.0,68831.0,68831.0
10-29 20:00,67409.0,56279.0,54412.0,69761.0,65693.0,65478.0,65478.0
10-29 21:00,63116.0,52360.0,52039.0,64539.0,61770.0,61429.0,61429.0
10-29 22:00,59758.0,51048.0,51366.0,61291.0,58324.0,57850.0,57850.0
10-29 23:00,54710.0,48023.0,48182.0,56788.0,53951.0,53790.0,53790.0
10-30 00:00,50583.0,44788.0,45867.0,53917.0,50236.0,50211.0,50211.0
10-30 01:00,47931.0,42284.0,43886.0,52289.0,48475.0,48292.0,48292.0
10-30 02:00,46505.0,40271.0,43602.0,50713.0,47626.0,46464.0,46464.0
10-30 03:00,47417.0,39586.0,43928.0,51444.0,48252.0,46150.0,46150.0
10-30 04:00,49633.0,40052.0,46067.0,53544.0,50308.0,45994.0,45994.0
10-30 05:00,54376.0,40090.0,49634.0,57537.0,55078.0,46078.0,46078.0
10-30 06:00,63684.0,41886.0,56191.0,66067.0,63471.0,48158.0,48158.0
10-30 07:00,67583.0,44638.0,59607.0,69454.0,66506.0,51803.0,51803.0
10-30 08:00,69123.0,48015.0,61841.0,70982.0,67871.0,55223.0,55223.0
10-30 09:00,69351.0,50370.0,62443.0,71338.0,67802.0,57377.0,57377.0
10-30 10:00,70279.0,51695.0,62861.0,71664.0,68645.0,58477.0,58477.0
10-30 11:00,70574.0,52913.0,64103.0,72596.0,68964.0,59255.0,59255.0
10-30 12:00,69553.0,52355.0,63990.0,71780.0,68507.0,59241.0,59241.0
10-30 13:00,67522.0,50534.0,63326.0,71623.0,68276.0,58232.0,58232.0
10-30 14:00,66048.0,48539.0,62456.0,70561.0,67028.0,56680.0,56680.0
10-30 15:00,65893.0,48005.0,61470.0,70547.0,66247.0,55554.0,55554.0
10-30 16:00,66305.0,50386.0,60984.0,70537.0,66070.0,56494.0,56494.0
10-30 17:00,70515.0,56385.0,65456.0,74219.0,69884.0,59762.0,59762.0
10-30 18:00,70454.0,56572.0,65331.0,73974.0,69422.0,62034.0,62034.0
10-30 19:00,69018.0,55295.0,63422.0,72177.0,67835.0,61290.0,61290.0
10-30 20:00,65279.0,52962.0,60427.0,68510.0,65034.0,58175.0,58175.0
10-30 21:00,60533.0,50345.0,56971.0,64484.0,61234.0,54536.0,54536.0
10-30 22:00,57193.0,49732.0,54615.0,60561.0,57778.0,52053.0,52053.0
10-30 23:00,53429.0,46483.0,51450.0,56811.0,53988.0,48939.0,48939.0
10-31 00:00,49124.0,43173.0,48047.0,54836.0,50161.0,46196.0,46196.0
10-31 01:00,46600.0,41380.0,45800.0,52452.0,48017.0,43700.0,43700.0
10-31 02:00,44769.0,40641.0,44779.0,51161.0,47254.0,42159.0,42159.0
10-31 03:00,44730.0,41615.0,44766.0,51593.0,47794.0,41336.0,41336.0
10-31 04:00,45152.0,43676.0,44849.0,53066.0,49030.0,41559.0,41559.0
10-31 05:00,45646.0,47827.0,45187.0,56082.0,51617.0,41653.0,41653.0
10-31 06:00,47592.0,55135.0,45164.0,62171.0,57743.0,43497.0,43497.0
10-31 07:00,51102.0,58875.0,47503.0,65048.0,61335.0,46248.0,46248.0
10-31 08:00,53732.0,60998.0,50853.0,67142.0,63199.0,49071.0,49071.0
10-31 09:00,55370.0,61828.0,53391.0,67547.0,64152.0,51384.0,51384.0
10-31 10:00,55992.0,62506.0,54876.0,67826.0,64336.0,52499.0,52499.0
10-31 11:00,56309.0,63425.0,56160.0,68777.0,64757.0,53523.0,53523.0
10-31 12:00,55416.0,62950.0,55918.0,68168.0,63884.0,53028.0,53028.0
10-31 13:00,53632.0,62613.0,54320.0,66532.0,63097.0,52358.0,52358.0
10-31 14:00,52188.0,60674.0,52951.0,65184.0,61688.0,50806.0,50806.0
10-31 15:00,51895.0,59580.0,52382.0,63529.0,60524.0,50157.0,50157.0
10-31 16:00,54151.0,60395.0,54144.0,64340.0,60293.0,53265.0,53265.0
10-31 17:00,59857.0,64974.0,58261.0,67501.0,64076.0,58009.0,58009.0
10-31 18:00,60207.0,64816.0,58350.0,66857.0,63833.0,58269.0,58269.0
10-31 19:00,58234.0,63503.0,57040.0,65630.0,62941.0,57280.0,57280.0
10-31 20:00,55067.0,60565.0,55010.0,62829.0,60649.0,55193.0,55193.0
10-31 21:00,51925.0,56576.0,52737.0,59576.0,57414.0,53329.0,53329.0
10-31 22:00,50832.0,54057.0,52238.0,56736.0,55319.0,52959.0,52959.0
10-31 23:00,48053.0,49661.0,49001.0,53162.0,51138.0,49899.0,49899.0
11-01 00:00,44629.0,46883.0,47410.0,49734.0,47651.0,46639.0,46639.0
11-01 01:00,42370.0,44914.0,45038.0,47650.0,45149.0,44500.0,44500.0
11-01 02:00,40909.0,43493.0,43884.0,45885.0,43981.0,43636.0,43636.0
11-01 03:00,40710.0,44131.0,43783.0,46503.0,44229.0,43229.0,43229.0
11-01 04:00,41314.0,45554.0,45081.0,47616.0,45155.0,44815.0,44815.0
11-01 05:00,41293.0,47315.0,48667.0,49252.0,46125.0,46759.0,46759.0
11-01 06:00,41119.0,51346.0,52995.0,53357.0,48900.0,51409.0,51409.0
11-01 07:00,43369.0,53703.0,57045.0,55742.0,51723.0,53971.0,53971.0
11-01 08:00,46834.0,55864.0,57984.0,57023.0,55006.0,57026.0,57026.0
11-01 09:00,49500.0,57789.0,60713.0,59288.0,56061.0,58424.0,58424.0
11-01 10:00,51397.0,58750.0,63368.0,59134.0,57600.0,60548.0,60548.0
11-01 11:00,52876.0,59933.0,66068.0,60748.0,58875.0,61219.0,61219.0
11-01 12:00,52205.0,59657.0,66015.0,60857.0,59107.0,61267.0,61267.0
11-01 13:00,50707.0,58615.0,62165.0,59731.0,58165.0,59938.0,59938.0
11-01 14:00,48842.0,56837.0,59193.0,57725.0,56819.0,58353.0,58353.0
11-01 15:00,47813.0,56370.0,60075.0,57757.0,56424.0,57810.0,57810.0
11-01 16:00,50380.0,58242.0,65116.0,59215.0,58179.0,59330.0,59330.0
11-01 17:00,56887.0,62946.0,68441.0,63574.0,61332.0,63429.0,63429.0
11-01 18:00,57627.0,63131.0,67268.0,63980.0,61251.0,63432.0,63432.0
11-01 19:00,56732.0,62402.0,63573.0,63055.0,60060.0,62093.0,62093.0
11-01 20:00,54641.0,59797.0,62825.0,60088.0,56994.0,59450.0,59450.0
11-01 21:00,52090.0,56715.0,58797.0,56769.0,53694.0,56083.0,56083.0
11-01 22:00,51499.0,55602.0,56037.0,54818.0,52343.0,53796.0,53796.0
11-01 23:00,48405.0,51642.0,52420.0,51248.0,48667.0,50794.0,50794.0
11-02 00:00,45441.0,48047.0,48301.0,47929.0,45463.0,47756.0,47756.0
11-02 01:00,43566.0,45543.0,46226.0,45946.0,43298.0,45695.0,45695.0
11-02 02:00,42911.0,44799.0,45517.0,44957.0,42109.0,44830.0,44830.0
11-02 03:00,43951.0,45987.0,45770.0,46237.0,41577.0,45954.0,45954.0
11-02 04:00,47092.0,48928.0,48527.0,48132.0,42484.0,48004.0,48004.0
11-02 05:00,53018.0,54953.0,54172.0,52485.0,44142.0,53395.0,53395.0
11-02 06:00,62775.0,64854.0,62976.0,59966.0,46489.0,61731.0,61731.0
11-02 07:00,66413.0,68918.0,66432.0,63721.0,49566.0,65659.0,65659.0
11-02 08:00,67718.0,70460.0,67909.0,65512.0,53418.0,67239.0,67239.0
11-02 09:00,68549.0,71407.0,67979.0,65796.0,55229.0,67522.0,67522.0
11-02 10:00,69577.0,72305.0,68874.0,66301.0,56525.0,68160.0,68160.0
11-02 11:00,70222.0,73383.0,69772.0,66676.0,57759.0,69104.0,69104.0
11-02 12:00,69491.0,72891.0,69239.0,66428.0,57272.0,68606.0,68606.0
11-02 13:00,68924.0,72704.0,69500.0,65776.0,56402.0,67726.0,67726.0
11-02 14:00,67459.0,70738.0,68062.0,63912.0,54699.0,66260.0,66260.0
11-02 15:00,67008.0,70097.0,67836.0,62459.0,53982.0,66030.0,66030.0
11-02 16:00,67495.0,69745.0,67629.0,63160.0,55704.0,66886.0,66886.0
11-02 17:00,72448.0,73440.0,70494.0,66928.0,59846.0,70110.0,70110.0
11-02 18:00,72176.0,73357.0,70366.0,66718.0,60105.0,69841.0,69841.0
11-02 19:00,71151.0,72666.0,69344.0,65292.0,58424.0,68651.0,68651.0
11-02 20:00,67926.0,68946.0,66262.0,62056.0,55146.0,64942.0,64942.0
11-02 21:00,63719.0,64302.0,62074.0,57574.0,51903.0,61231.0,61231.0
11-02 22:00,60264.0,61142.0,58705.0,55358.0,50603.0,57488.0,57488.0
11-02 23:00,55233.0,56600.0,54601.0,51574.0,47745.0,53516.0,53516.0
11-03 00:00,51269.0,52247.0,50191.0,48274.0,43952.0,50412.0,50412.0
11-03 01:00,48728.0,49811.0,47847.0,46036.0,41805.0,48487.0,48487.0
11-03 02:00,47786.0,49158.0,46728.0,44785.0,40312.0,47383.0,47383.0
11-03 03:00,48498.0,49384.0,47154.0,44437.0,40271.0,48230.0,48230.0
11-03 04:00,50650.0,51468.0,49087.0,45141.0,40424.0,50447.0,50447.0
11-03 05:00,55267.0,56125.0,53733.0,45882.0,40282.0,54959.0,54959.0
11-03 06:00,64826.0,65401.0,62370.0,48105.0,40321.0,63031.0,63031.0
11-03 07:00,68158.0,69011.0,66246.0,51011.0,42449.0,66789.0,66789.0
11-03 08:00,69494.0,70082.0,67843.0,54500.0,46080.0,68181.0,68181.0
11-03 09:00,69729.0,70253.0,68373.0,56425.0,48584.0,68724.0,68724.0
11-03 10:00,70949.0,70991.0,68998.0,57628.0,51241.0,69342.0,69342.0
11-03 11:00,71295.0,71679.0,69580.0,58331.0,53338.0,70621.0,70621.0
11-03 12:00,70360.0,70981.0,68889.0,57328.0,53013.0,69953.0,69953.0
11-03 13:00,69986.0,70528.0,68572.0,55947.0,51473.0,69166.0,69166.0
11-03 14:00,68070.0,69336.0,66264.0,54225.0,49492.0,67839.0,67839.0
11-03 15:00,67577.0,68763.0,65059.0,53414.0,49432.0,67305.0,67305.0
11-03 16:00,68533.0,69100.0,66021.0,55894.0,51410.0,67872.0,67872.0
11-03 17:00,73197.0,73184.0,70034.0,60300.0,55192.0,70708.0,70708.0
11-03 18:00,72689.0,72921.0,69685.0,60216.0,55567.0,70424.0,70424.0
11-03 19:00,71737.0,71991.0,67868.0,58804.0,54253.0,68691.0,68691.0
11-03 20:00,68290.0,68879.0,64616.0,55474.0,52064.0,65302.0,65302.0
11-03 21:00,63700.0,64443.0,60222.0,52321.0,49575.0,61376.0,61376.0
11-03 22:00,60428.0,60876.0,57219.0,51246.0,48807.0,57945.0,57945.0
11-03 23:00,55346.0,56311.0,53902.0,48514.0,45868.0,53655.0,53655.0
11-04 00:00,51693.0,52402.0,50030.0,44804.0,43454.0,50147.0,50147.0
11-04 01:00,49382.0,50253.0,47984.0,42733.0,42146.0,48756.0,48756.0
11-04 02:00,48069.0,49536.0,46510.0,41352.0,41821.0,47595.0,47595.0
11-04 03:00,48773.0,50315.0,46730.0,41313.0,43069.0,48403.0,48403.0
11-04 04:00,50847.0,52269.0,46858.0,41809.0,45638.0,50747.0,50747.0
11-04 05:00,56179.0,56371.0,47182.0,42053.0,51817.0,55155.0,55155.0
11-04 06:00,65335.0,65888.0,49779.0,42272.0,61785.0,63440.0,63440.0
11-04 07:00,68665.0,69787.0,53173.0,44650.0,65361.0,68131.0,68131.0
11-04 08:00,69559.0,71307.0,56510.0,48172.0,67292.0,70248.0,70248.0
11-04 09:00,69784.0,71782.0,58472.0,50866.0,67578.0,71715.0,71715.0
11-04 10:00,70606.0,72158.0,59259.0,53007.0,68594.0,72852.0,72852.0
11-04 11:00,71313.0,72144.0,59629.0,54534.0,68953.0,74016.0,74016.0
11-04 12:00,70516.0,71240.0,59152.0,54004.0,68275.0,73922.0,73922.0
11-04 13:00,69733.0,70379.0,57573.0,51818.0,68682.0,73469.0,73469.0
11-04 14:00,68069.0,68239.0,55637.0,50308.0,67034.0,72740.0,72740.0
11-04 15:00,67746.0,67548.0,55061.0,49603.0,66733.0,72756.0,72756.0
11-04 16:00,68452.0,68727.0,57980.0,52163.0,66694.0,73605.0,73605.0
11-04 17:00,72759.0,71953.0,62684.0,56368.0,69935.0,75372.0,75372.0
11-04 18:00,72515.0,71455.0,62979.0,56690.0,69623.0,75022.0,75022.0
11-04 19:00,71508.0,70070.0,61121.0,55684.0,68446.0,73990.0,73990.0
11-04 20:00,67738.0,66325.0,57644.0,53334.0,65656.0,70911.0,70911.0
11-04 21:00,63076.0,62076.0,54262.0,50465.0,61295.0,66701.0,66701.0
11-04 22:00,59817.0,59320.0,53057.0,50681.0,57928.0,63244.0,63244.0
11-04 23:00,55333.0,55094.0,49555.0,47694.0,53010.0,59093.0,59093.0
11-05 00:00,51189.0,51261.0,45474.0,45143.0,49979.0,54977.0,54977.0
11-05 01:00,48432.0,48285.0,42913.0,43412.0,47403.0,52551.0,52551.0
11-05 02:00,46799.0,46558.0,40697.0,42705.0,46911.0,51147.0,51147.0
11-05 03:00,47494.0,46531.0,40027.0,43501.0,47399.0,51825.0,51825.0
11-05 04:00,49918.0,46798.0,40604.0,46467.0,49740.0,53963.0,53963.0
11-05 05:00,54942.0,47470.0,40550.0,52699.0,54783.0,57898.0,57898.0
11-05 06:00,64349.0,49938.0,41423.0,62822.0,63889.0,65809.0,65809.0
11-05 07:00,67905.0,53444.0,44300.0,66290.0,67762.0,69641.0,69641.0
11-05 08:00,68503.0,57083.0,47939.0,68469.0,68782.0,72232.0,72232.0
11-05 09:00,68066.0,59803.0,51837.0,69188.0,69186.0,72621.0,72621.0
11-05 10:00,68913.0,61157.0,53808.0,69411.0,69958.0,72822.0,72822.0
11-05 11:00,69982.0,62370.0,55951.0,69833.0,70454.0,72839.0,72839.0
11-05 12:00,69027.0,61724.0,56004.0,69009.0,69874.0,72110.0,72110.0
11-05 13:00,68500.0,60025.0,54280.0,69212.0,69697.0,70621.0,70621.0
11-05 14:00,66794.0,57623.0,52880.0,67652.0,68219.0,68547.0,68547.0
11-05 15:00,66388.0,57296.0,52523.0,67309.0,67801.0,68020.0,68020.0
11-05 16:00,67683.0,59225.0,55037.0,67721.0,68214.0,69609.0,69609.0
11-05 17:00,72290.0,62721.0,58824.0,71817.0,71454.0,72223.0,72223.0
11-05 18:00,71892.0,62708.0,59387.0,71387.0,71002.0,72252.0,72252.0
11-05 19:00,70816.0,61395.0,58062.0,70408.0,69448.0,70609.0,70609.0
11-05 20:00,67304.0,58213.0,55981.0,66966.0,66550.0,66914.0,66914.0
11-05 21:00,63016.0,54246.0,53714.0,63214.0,62109.0,63159.0,63159.0
11-05 22:00,59866.0,53045.0,53169.0,59485.0,58266.0,59801.0,59801.0
11-05 23:00,55118.0,50028.0,50365.0,54430.0,54029.0,55155.0,55155.0
11-06 00:00,50988.0,46487.0,46685.0,51866.0,50167.0,53023.0,53023.0
11-06 01:00,48079.0,43649.0,44911.0,49519.0,48622.0,50622.0,50622.0
11-06 02:00,46812.0,42356.0,45133.0,48600.0,47509.0,48817.0,48817.0
11-06 03:00,47658.0,42192.0,45842.0,48973.0,48532.0,48079.0,48079.0
11-06 04:00,49784.0,42581.0,48105.0,51215.0,50630.0,48291.0,48291.0
11-06 05:00,54585.0,42449.0,54138.0,55720.0,55300.0,49130.0,49130.0
11-06 06:00,63973.0,43065.0,63853.0,64543.0,64786.0,51283.0,51283.0
11-06 07:00,66927.0,44907.0,67229.0,67368.0,67870.0,54673.0,54673.0
11-06 08:00,68817.0,49015.0,69157.0,68567.0,69613.0,57762.0,57762.0
11-06 09:00,69122.0,52506.0,69549.0,69003.0,69451.0,60015.0,60015.0
11-06 10:00,70473.0,55130.0,70323.0,69216.0,69930.0,60666.0,60666.0
11-06 11:00,70654.0,57779.0,71264.0,69813.0,70846.0,60682.0,60682.0
11-06 12:00,69810.0,57460.0,70809.0,68811.0,70127.0,59971.0,59971.0
11-06 13:00,68179.0,55377.0,70867.0,68748.0,70137.0,59081.0,59081.0
11-06 14:00,66255.0,53149.0,69488.0,67623.0,69010.0,57456.0,57456.0
11-06 15:00,65535.0,52980.0,68790.0,67321.0,68823.0,57407.0,57407.0
11-06 16:00,66951.0,55578.0,69030.0,68802.0,68729.0,59794.0,59794.0
11-06 17:00,70686.0,59386.0,72533.0,72303.0,71326.0,63635.0,63635.0
11-06 18:00,70216.0,59909.0,72108.0,72089.0,70929.0,64135.0,64135.0
11-06 19:00,68156.0,58654.0,70993.0,70713.0,69115.0,62723.0,62723.0
11-06 20:00,64843.0,56411.0,67540.0,67499.0,65567.0,60128.0,60128.0
11-06 21:00,60381.0,53535.0,63104.0,63276.0,61674.0,56328.0,56328.0
11-06 22:00,57208.0,54240.0,59672.0,60119.0,58690.0,54719.0,54719.0
11-06 23:00,53298.0,51110.0,55331.0,55708.0,53985.0,51579.0,51579.0
11-07 00:00,49457.0,47611.0,51350.0,51599.0,50228.0,49254.0,49254.0
11-07 01:00,46450.0,45656.0,49247.0,49346.0,48046.0,47930.0,47930.0
11-07 02:00,44767.0,45017.0,48668.0,47757.0,47237.0,46234.0,46234.0
11-07 03:00,44099.0,45981.0,48981.0,49238.0,48200.0,45927.0,45927.0
11-07 04:00,44806.0,48234.0,51247.0,51602.0,50341.0,46625.0,46625.0
11-07 05:00,45462.0,54158.0,55923.0,56835.0,55012.0,46264.0,46264.0
11-07 06:00,48104.0,65265.0,64901.0,66503.0,64806.0,47386.0,47386.0
11-07 07:00,51240.0,69706.0,68613.0,69228.0,68247.0,49423.0,49423.0
11-07 08:00,55346.0,71596.0,70231.0,69778.0,69820.0,52671.0,52671.0
11-07 09:00,57922.0,72275.0,70713.0,69799.0,69954.0,55700.0,55700.0
11-07 10:00,59017.0,72691.0,71543.0,70014.0,70642.0,58348.0,58348.0
11-07 11:00,60098.0,73435.0,72479.0,70522.0,71241.0,59950.0,59950.0
11-07 12:00,59933.0,73237.0,72083.0,70009.0,70859.0,60002.0,60002.0
11-07 13:00,58320.0,73146.0,72076.0,69595.0,71058.0,57863.0,57863.0
11-07 14:00,56395.0,71561.0,71193.0,68243.0,69565.0,56081.0,56081.0
11-07 15:00,55992.0,71269.0,70722.0,68435.0,69510.0,55279.0,55279.0
11-07 16:00,58547.0,71224.0,71394.0,70059.0,70596.0,57365.0,57365.0
11-07 17:00,62362.0,74045.0,73797.0,73000.0,73132.0,60633.0,60633.0
11-07 18:00,62112.0,73638.0,73269.0,72893.0,72959.0,61376.0,61376.0
11-07 19:00,60076.0,72066.0,72074.0,71221.0,71256.0,60412.0,60412.0
11-07 20:00,56717.0,69141.0,68767.0,68013.0,67466.0,58094.0,58094.0
11-07 21:00,52844.0,64445.0,64111.0,64133.0,63288.0,55271.0,55271.0
11-07 22:00,51483.0,61531.0,60900.0,59965.0,59810.0,54791.0,54791.0
11-07 23:00,48267.0,57157.0,56218.0,55621.0,55425.0,51954.0,51954.0
11-08 00:00,44990.0,53403.0,52524.0,51708.0,51096.0,48715.0,48715.0
11-08 01:00,42092.0,50892.0,50325.0,49349.0,49387.0,47276.0,47276.0
11-08 02:00,40713.0,50114.0,48920.0,47876.0,49000.0,46433.0,46433.0
11-08 03:00,40130.0,50833.0,49627.0,48453.0,49297.0,46643.0,46643.0
11-08 04:00,40775.0,52499.0,51791.0,50881.0,51093.0,49259.0,49259.0
11-08 05:00,41152.0,57060.0,56378.0,55706.0,55816.0,54757.0,54757.0
11-08 06:00,41708.0,66663.0,65549.0,64803.0,64459.0,64698.0,64698.0
11-08 07:00,43965.0,71027.0,68976.0,67897.0,68025.0,68324.0,68324.0
11-08 08:00,47183.0,72530.0,70702.0,69278.0,69721.0,70066.0,70066.0
11-08 09:00,49777.0,72803.0,71282.0,69161.0,69430.0,71219.0,71219.0
11-08 10:00,51824.0,73601.0,72078.0,69747.0,69685.0,71254.0,71254.0
11-08 11:00,53478.0,74092.0,72554.0,70284.0,70393.0,71516.0,71516.0
11-08 12:00,52875.0,73600.0,71741.0,69608.0,69384.0,70756.0,70756.0
11-08 13:00,50742.0,73455.0,71749.0,69428.0,68822.0,71015.0,71015.0
11-08 14:00,48858.0,72335.0,70253.0,68169.0,67254.0,69396.0,69396.0
11-08 15:00,48337.0,71681.0,70068.0,67781.0,66443.0,68984.0,68984.0
11-08 16:00,51936.0,72245.0,71009.0,68531.0,67259.0,69346.0,69346.0
11-08 17:00,57741.0,75396.0,72764.0,71618.0,69061.0,71974.0,71974.0
11-08 18:00,58235.0,74779.0,72056.0,71374.0,68450.0,71514.0,71514.0
11-08 19:00,57067.0,73676.0,70283.0,69715.0,66362.0,69765.0,69765.0
11-08 20:00,55171.0,70326.0,67091.0,66648.0,62942.0,66997.0,66997.0
11-08 21:00,52530.0,65513.0,63001.0,62542.0,59048.0,63190.0,63190.0
11-08 22:00,52471.0,62554.0,59626.0,59256.0,56603.0,59680.0,59680.0
11-08 23:00,49019.0,57783.0,55229.0,54643.0,52256.0,55687.0,55687.0
11-09 00:00,45651.0,54609.0,51550.0,50656.0,48864.0,52366.0,52366.0
11-09 01:00,43487.0,52442.0,48956.0,48446.0,46556.0,50251.0,50251.0
11-09 02:00,42646.0,51393.0,47943.0,47720.0,44899.0,49983.0,49983.0
11-09 03:00,43348.0,52413.0,48728.0,48377.0,44796.0,50523.0,50523.0
11-09 04:00,46501.0,54088.0,50790.0,50797.0,44826.0,52800.0,52800.0
11-09 05:00,52975.0,58270.0,55669.0,55922.0,45420.0,57331.0,57331.0
11-09 06:00,63710.0,67227.0,65239.0,64447.0,48013.0,65724.0,65724.0
11-09 07:00,67471.0,71323.0,69181.0,67953.0,51575.0,69467.0,69467.0
11-09 08:00,69138.0,72392.0,70607.0,69579.0,55337.0,70998.0,70998.0
11-09 09:00,69791.0,72727.0,70915.0,70053.0,57707.0,71783.0,71783.0
11-09 10:00,71146.0,73463.0,72256.0,70273.0,59004.0,72137.0,72137.0
11-09 11:00,73081.0,74022.0,72456.0,70362.0,59634.0,72359.0,72359.0
11-09 12:00,72759.0,73418.0,71770.0,69526.0,59412.0,72092.0,72092.0
11-09 13:00,72040.0,73133.0,71836.0,68573.0,57924.0,70832.0,70832.0
11-09 14:00,70382.0,71819.0,70731.0,66697.0,56178.0,68878.0,68878.0
11-09 15:00,69890.0,71694.0,70599.0,66022.0,55734.0,68730.0,68730.0
11-09 16:00,70486.0,73310.0,71364.0,67114.0,57604.0,70443.0,70443.0
11-09 17:00,73624.0,75434.0,73604.0,69521.0,61281.0,74405.0,74405.0
11-09 18:00,73043.0,74968.0,72995.0,68929.0,61313.0,74107.0,74107.0
11-09 19:00,71887.0,73815.0,71811.0,67698.0,59773.0,73663.0,73663.0
11-09 20:00,68324.0,70161.0,68344.0,64225.0,56678.0,70724.0,70724.0
11-09 21:00,64014.0,65825.0,64598.0,60869.0,53562.0,66329.0,66329.0
11-09 22:00,60823.0,62745.0,62158.0,58769.0,52336.0,62751.0,62751.0
11-09 23:00,55249.0,58269.0,57281.0,54169.0,49031.0,59319.0,59319.0
11-10 00:00,50618.0,54193.0,52338.0,50999.0,46118.0,55435.0,55435.0
11-10 01:00,48075.0,51949.0,49682.0,48113.0,44412.0,53262.0,53262.0
11-10 02:00,46920.0,50225.0,49106.0,46494.0,43174.0,52387.0,52387.0
11-10 03:00,47890.0,50868.0,49815.0,46277.0,42375.0,52432.0,52432.0
11-10 04:00,50611.0,52891.0,52260.0,46599.0,42846.0,54351.0,54351.0
11-10 05:00,56013.0,57340.0,56806.0,47665.0,42727.0,59330.0,59330.0
11-10 06:00,65872.0,66796.0,66074.0,50443.0,42744.0,67186.0,67186.0
11-10 07:00,69768.0,71136.0,70073.0,53960.0,44771.0,70859.0,70859.0
11-10 08:00,70733.0,72874.0,72262.0,58026.0,48126.0,72610.0,72610.0
11-10 09:00,70983.0,73627.0,73270.0,60662.0,51315.0,72161.0,72161.0
11-10 10:00,72192.0,74116.0,74176.0,61725.0,52967.0,72813.0,72813.0
11-10 11:00,73004.0,74681.0,74713.0,61962.0,54446.0,73521.0,73521.0
11-10 12:00,72299.0,74384.0,73753.0,61349.0,53851.0,72999.0,72999.0
11-10 13:00,71621.0,73784.0,73017.0,59563.0,52448.0,71880.0,71880.0
11-10 14:00,70693.0,72384.0,71557.0,57233.0,51122.0,70447.0,70447.0
11-10 15:00,69875.0,72236.0,71369.0,56431.0,50912.0,70045.0,70045.0
11-10 16:00,70833.0,73258.0,72418.0,59672.0,54260.0,71033.0,71033.0
11-10 17:00,73632.0,75023.0,73862.0,62873.0,57722.0,73533.0,73533.0
11-10 18:00,73044.0,74600.0,72715.0,62897.0,58023.0,72996.0,72996.0
11-10 19:00,71905.0,73387.0,71858.0,61049.0,57197.0,71387.0,71387.0
11-10 20:00,68573.0,70141.0,68009.0,57569.0,55126.0,68645.0,68645.0
11-10 21:00,64352.0,66124.0,63847.0,54065.0,52748.0,64297.0,64297.0
11-10 22:00,60381.0,63279.0,61164.0,52162.0,52821.0,61153.0,61153.0
11-10 23:00,55612.0,58486.0,56997.0,49127.0,49699.0,56965.0,56965.0
11-11 00:00,51137.0,54521.0,53477.0,45067.0,47006.0,51920.0,51920.0
11-11 01:00,48544.0,51970.0,50953.0,42609.0,45452.0,49683.0,49683.0
11-11 02:00,47494.0,50823.0,49179.0,41239.0,44850.0,48552.0,48552.0
11-11 03:00,48196.0,51314.0,48904.0,40830.0,45827.0,49568.0,49568.0
11-11 04:00,50734.0,53611.0,49457.0,41451.0,48427.0,51540.0,51540.0
11-11 05:00,55438.0,57789.0,49430.0,41884.0,54060.0,55684.0,55684.0
11-11 06:00,65223.0,67087.0,51709.0,42756.0,64307.0,64120.0,64120.0
11-11 07:00,68705.0,71503.0,54742.0,44964.0,68875.0,68078.0,68078.0
11-11 08:00,70053.0,73474.0,59044.0,48855.0,70896.0,69624.0,69624.0
11-11 09:00,70531.0,73842.0,62257.0,51640.0,71693.0,69475.0,69475.0
11-11 10:00,71633.0,74648.0,63764.0,53959.0,71991.0,70257.0,70257.0
11-11 11:00,72166.0,74995.0,64819.0,55800.0,72228.0,70887.0,70887.0
11-11 12:00,71301.0,74343.0,64346.0,55911.0,72686.0,70363.0,70363.0
11-11 13:00,71204.0,73469.0,62725.0,54112.0,72560.0,69962.0,69962.0
11-11 14:00,69686.0,71390.0,60152.0,52275.0,71579.0,68675.0,68675.0
11-11 15:00,68898.0,70772.0,59389.0,51665.0,71443.0,68080.0,68080.0
11-11 16:00,69854.0,71692.0,61026.0,54764.0,72885.0,68757.0,68757.0
11-11 17:00,72608.0,73239.0,63191.0,58939.0,74717.0,70628.0,70628.0
11-11 18:00,71999.0,72685.0,63112.0,59315.0,74170.0,70324.0,70324.0
11-11 19:00,71023.0,71265.0,61697.0,57976.0,73196.0,69086.0,69086.0
11-11 20:00,67787.0,67371.0,58455.0,55996.0,69889.0,66433.0,66433.0
11-11 21:00,63609.0,63177.0,55063.0,53389.0,65374.0,62414.0,62414.0
11-11 22:00,60279.0,60889.0,53659.0,53400.0,62231.0,58710.0,58710.0
11-11 23:00,55662.0,57137.0,50591.0,50464.0,58292.0,54668.0,54668.0
11-12 00:00,51331.0,53770.0,47008.0,46763.0,53862.0,51074.0,51074.0
11-12 01:00,49117.0,51620.0,44917.0,44651.0,51890.0,48694.0,48694.0
11-12 02:00,47663.0,50232.0,43846.0,43733.0,50816.0,47699.0,47699.0
11-12 03:00,48393.0,49951.0,43607.0,44247.0,51058.0,48172.0,48172.0
11-12 04:00,50648.0,50019.0,43596.0,46533.0,53280.0,50240.0,50240.0
11-12 05:00,56025.0,49797.0,43431.0,52230.0,57649.0,54614.0,54614.0
11-12 06:00,65730.0,51764.0,43584.0,62396.0,66648.0,63013.0,63013.0
11-12 07:00,69132.0,54996.0,45671.0,66082.0,70773.0,66894.0,66894.0
11-12 08:00,69867.0,58609.0,49377.0,67636.0,72168.0,68869.0,68869.0
11-12 09:00,70580.0,61311.0,53628.0,68301.0,72842.0,69443.0,69443.0
11-12 10:00,71358.0,62463.0,55657.0,69452.0,73811.0,69889.0,69889.0
11-12 11:00,71963.0,62844.0,57745.0,69968.0,74088.0,70137.0,70137.0
11-12 12:00,71094.0,62346.0,57695.0,69752.0,73365.0,69468.0,69468.0
11-12 13:00,70719.0,61110.0,56069.0,69799.0,73668.0,68793.0,68793.0
11-12 14:00,68777.0,57942.0,54871.0,68559.0,72088.0,67218.0,67218.0
11-12 15:00,67917.0,58331.0,54625.0,68131.0,71460.0,66663.0,66663.0
11-12 16:00,69751.0,61264.0,57106.0,69616.0,72358.0,68599.0,68599.0
11-12 17:00,73334.0,64471.0,59773.0,71939.0,74405.0,69914.0,69914.0
11-12 18:00,72763.0,64652.0,60330.0,71517.0,74142.0,69756.0,69756.0
11-12 19:00,71542.0,63237.0,59250.0,70580.0,72510.0,68983.0,68983.0
11-12 20:00,68381.0,60022.0,56713.0,67932.0,69156.0,66360.0,66360.0
11-12 21:00,63916.0,56252.0,54733.0,63375.0,64883.0,61978.0,61978.0
11-12 22:00,60601.0,55508.0,54881.0,59739.0,61507.0,58941.0,58941.0
11-12 23:00,55885.0,52839.0,52169.0,54994.0,57554.0,54562.0,54562.0
11-13 00:00,51488.0,49801.0,48984.0,50916.0,53418.0,52378.0,52378.0
11-13 01:00,48840.0,47238.0,46815.0,48478.0,51414.0,50085.0,50085.0
11-13 02:00,47408.0,46068.0,46705.0,46853.0,49997.0,48609.0,48609.0
11-13 03:00,48002.0,45388.0,47666.0,47621.0,50747.0,48002.0,48002.0
11-13 04:00,50207.0,45300.0,50206.0,49988.0,52947.0,48509.0,48509.0
11-13 05:00,55582.0,45394.0,55570.0,55324.0,56853.0,49098.0,49098.0
11-13 06:00,65601.0,45012.0,65392.0,64576.0,65484.0,51385.0,51385.0
11-13 07:00,69279.0,46714.0,69100.0,67908.0,69228.0,54212.0,54212.0
11-13 08:00,70640.0,50558.0,70700.0,70152.0,70672.0,57218.0,57218.0
11-13 09:00,71947.0,53779.0,71651.0,70670.0,70579.0,59973.0,59973.0
11-13 10:00,73176.0,56595.0,72419.0,71688.0,71169.0,61233.0,61233.0
11-13 11:00,73732.0,58532.0,72780.0,72690.0,71973.0,62156.0,62156.0
11-13 12:00,73161.0,58270.0,72282.0,71873.0,71490.0,61638.0,61638.0
11-13 13:00,71777.0,56415.0,71595.0,71385.0,71216.0,60147.0,60147.0
11-13 14:00,69986.0,54523.0,70756.0,70198.0,69673.0,58276.0,58276.0
11-13 15:00,68992.0,54086.0,69961.0,70302.0,69294.0,57688.0,57688.0
11-13 16:00,70469.0,57010.0,70846.0,70667.0,70985.0,59643.0,59643.0
11-13 17:00,72862.0,60965.0,73587.0,73531.0,72386.0,61572.0,61572.0
11-13 18:00,72230.0,61556.0,73115.0,73178.0,71920.0,61443.0,61443.0
11-13 19:00,70861.0,60542.0,72063.0,71671.0,70404.0,59810.0,59810.0
11-13 20:00,66417.0,58267.0,68276.0,68438.0,67104.0,56428.0,56428.0
11-13 21:00,62882.0,55969.0,63409.0,64585.0,63033.0,53260.0,53260.0
11-13 22:00,59280.0,56683.0,60332.0,61170.0,59858.0,51925.0,51925.0
11-13 23:00,55424.0,54073.0,56683.0,56519.0,55653.0,48895.0,48895.0
11-14 00:00,51713.0,51220.0,52555.0,52327.0,52035.0,43970.0,43970.0
11-14 01:00,48616.0,49248.0,50392.0,50577.0,50030.0,42188.0,42188.0
11-14 02:00,47251.0,48659.0,49884.0,49517.0,48674.0,41285.0,41285.0
11-14 03:00,47530.0,49271.0,50669.0,50065.0,49222.0,40342.0,40342.0
11-14 04:00,47786.0,51296.0,52741.0,52446.0,51318.0,40722.0,40722.0
11-14 05:00,48110.0,57011.0,57067.0,56703.0,55876.0,41000.0,41000.0
11-14 06:00,50768.0,67602.0,66454.0,65867.0,65019.0,42111.0,42111.0
11-14 07:00,53760.0,71839.0,70226.0,69323.0,68561.0,44437.0,44437.0
11-14 08:00,56624.0,73166.0,71950.0,70320.0,69691.0,47726.0,47726.0
11-14 09:00,59322.0,73568.0,72774.0,70398.0,69770.0,50503.0,50503.0
11-14 10:00,60820.0,74417.0,73284.0,70666.0,70413.0,52737.0,52737.0
11-14 11:00,61767.0,75082.0,73387.0,70763.0,70788.0,54376.0,54376.0
11-14 12:00,61041.0,74371.0,72987.0,70290.0,70706.0,54501.0,54501.0
11-14 13:00,59591.0,74369.0,72907.0,70182.0,70163.0,53655.0,53655.0
11-14 14:00,57367.0,72595.0,71953.0,68919.0,68253.0,51886.0,51886.0
11-14 15:00,56676.0,72218.0,70829.0,69007.0,68163.0,51931.0,51931.0
11-14 16:00,59988.0,74213.0,72598.0,70498.0,70732.0,55201.0,55201.0
11-14 17:00,62210.0,76658.0,74658.0,73444.0,72750.0,58018.0,58018.0
11-14 18:00,62079.0,76341.0,73950.0,72911.0,72118.0,58232.0,58232.0
11-14 19:00,60214.0,74875.0,72451.0,71974.0,71530.0,56897.0,56897.0
11-14 20:00,57075.0,71741.0,69227.0,68267.0,68213.0,54927.0,54927.0
11-14 21:00,53715.0,67432.0,65032.0,63792.0,64339.0,52205.0,52205.0
11-14 22:00,52585.0,64155.0,61954.0,60502.0,61456.0,51179.0,51179.0
11-14 23:00,49474.0,59898.0,57791.0,56306.0,58096.0,49120.0,49120.0
11-15 00:00,46035.0,55837.0,53267.0,52133.0,53872.0,46540.0,46540.0
11-15 01:00,43909.0,53733.0,50625.0,49957.0,52550.0,44853.0,44853.0
11-15 02:00,42170.0,52165.0,49520.0,48600.0,51035.0,44169.0,44169.0
11-15 03:00,41903.0,52898.0,50111.0,49061.0,51850.0,44678.0,44678.0
11-15 04:00,42538.0,54425.0,51984.0,51216.0,54128.0,47870.0,47870.0
11-15 05:00,42776.0,59285.0,55982.0,56267.0,58921.0,52944.0,52944.0
11-15 06:00,43621.0,68913.0,65235.0,65108.0,67218.0,61928.0,61928.0
11-15 07:00,46143.0,73110.0,68956.0,69005.0,71427.0,66224.0,66224.0
11-15 08:00,50218.0,74411.0,70551.0,69963.0,73365.0,68399.0,68399.0
11-15 09:00,53035.0,75068.0,70567.0,70524.0,73179.0,68817.0,68817.0
11-15 10:00,55981.0,76325.0,71051.0,70980.0,73227.0,69545.0,69545.0
11-15 11:00,58047.0,76826.0,71110.0,71460.0,72817.0,70719.0,70719.0
11-15 12:00,57624.0,76313.0,70482.0,70922.0,73005.0,70655.0,70655.0
11-15 13:00,55647.0,76257.0,70210.0,70472.0,71793.0,70473.0,70473.0
11-15 14:00,53506.0,74963.0,69101.0,69408.0,69746.0,69047.0,69047.0
11-15 15:00,52800.0,74769.0,69084.0,68827.0,68897.0,68923.0,68923.0
11-15 16:00,55664.0,75390.0,70645.0,70669.0,70068.0,68962.0,68962.0
11-15 17:00,59531.0,76760.0,72902.0,73169.0,71411.0,70324.0,70324.0
11-15 18:00,59741.0,76003.0,72214.0,72761.0,71104.0,69730.0,69730.0
11-15 19:00,58680.0,75058.0,70698.0,71788.0,68746.0,68019.0,68019.0
11-15 20:00,56257.0,71252.0,67330.0,68963.0,64781.0,65289.0,65289.0
11-15 21:00,53465.0,66696.0,63082.0,64850.0,60982.0,60931.0,60931.0
11-15 22:00,53208.0,63352.0,60120.0,61799.0,58246.0,57793.0,57793.0
11-15 23:00,50213.0,58743.0,55872.0,57378.0,54366.0,53908.0,53908.0
11-16 00:00,46757.0,54557.0,51609.0,53854.0,50520.0,50275.0,50275.0
11-16 01:00,44525.0,51639.0,49526.0,51131.0,48379.0,48547.0,48547.0
11-16 02:00,43747.0,49947.0,49029.0,50568.0,46692.0,47122.0,47122.0
11-16 03:00,44777.0,50726.0,49827.0,51336.0,46419.0,48015.0,48015.0
11-16 04:00,47757.0,52722.0,52064.0,53700.0,46759.0,49912.0,49912.0
11-16 05:00,53678.0,57220.0,56579.0,58246.0,46623.0,54626.0,54626.0
11-16 06:00,64369.0,66220.0,65786.0,66568.0,49499.0,62375.0,62375.0
11-16 07:00,68927.0,70474.0,70629.0,70479.0,52501.0,66712.0,66712.0
11-16 08:00,70730.0,72536.0,72451.0,71522.0,56747.0,68817.0,68817.0
11-16 09:00,70861.0,73998.0,72755.0,71629.0,59465.0,69481.0,69481.0
11-16 10:00,71613.0,75408.0,73385.0,71367.0,60327.0,70371.0,70371.0
11-16 11:00,72508.0,76293.0,74065.0,71030.0,61193.0,71232.0,71232.0
11-16 12:00,71971.0,75656.0,73663.0,70444.0,60992.0,71155.0,71155.0
11-16 13:00,71708.0,75321.0,73560.0,69589.0,59395.0,70738.0,70738.0
11-16 14:00,70432.0,73677.0,72101.0,67828.0,58166.0,68877.0,68877.0
11-16 15:00,69992.0,73529.0,72181.0,66955.0,57995.0,68794.0,68794.0
11-16 16:00,71612.0,74605.0,73579.0,69741.0,60950.0,69593.0,69593.0
11-16 17:00,73527.0,76019.0,75009.0,72702.0,63381.0,70476.0,70476.0
11-16 18:00,72999.0,75381.0,74272.0,72013.0,63301.0,70172.0,70172.0
11-16 19:00,71699.0,74159.0,73048.0,71061.0,62348.0,68610.0,68610.0
11-16 20:00,67623.0,70512.0,69788.0,67946.0,59279.0,65079.0,65079.0
11-16 21:00,63132.0,66289.0,65742.0,63437.0,55981.0,61400.0,61400.0
11-16 22:00,60277.0,62843.0,63027.0,60518.0,54337.0,58307.0,58307.0
11-16 23:00,55267.0,58139.0,58802.0,56989.0,51091.0,54432.0,54432.0
11-17 00:00,50842.0,52911.0,54286.0,52755.0,47702.0,50691.0,50691.0
11-17 01:00,48551.0,50600.0,51484.0,50090.0,45702.0,48625.0,48625.0
11-17 02:00,47267.0,49402.0,50278.0,48801.0,44641.0,48005.0,48005.0
11-17 03:00,48308.0,49776.0,50984.0,48794.0,43952.0,48663.0,48663.0
11-17 04:00,50542.0,51720.0,52565.0,49183.0,43532.0,50770.0,50770.0
11-17 05:00,55255.0,57073.0,57138.0,48967.0,43441.0,55225.0,55225.0
11-17 06:00,66020.0,66267.0,66117.0,51270.0,43243.0,62497.0,62497.0
11-17 07:00,70050.0,71012.0,70341.0,58769.0,44994.0,67389.0,67389.0
11-17 08:00,71387.0,72574.0,71858.0,61127.0,49135.0,69313.0,69313.0
11-17 09:00,71872.0,73395.0,72207.0,62436.0,52223.0,70184.0,70184.0
11-17 10:00,73034.0,74806.0,72415.0,63116.0,54231.0,71222.0,71222.0
11-17 11:00,73815.0,75129.0,72509.0,63646.0,56371.0,72377.0,72377.0
11-17 12:00,73096.0,74821.0,72011.0,62826.0,56402.0,71958.0,71958.0
11-17 13:00,73047.0,74986.0,71331.0,61218.0,55367.0,71608.0,71608.0
11-17 14:00,71971.0,73543.0,69365.0,59409.0,54002.0,71069.0,71069.0
11-17 15:00,71543.0,73052.0,68791.0,59265.0,54193.0,70210.0,70210.0
11-17 16:00,73222.0,74610.0,70962.0,62660.0,57555.0,72040.0,72040.0
11-17 17:00,75101.0,76279.0,72928.0,66222.0,60368.0,73227.0,73227.0
11-17 18:00,74493.0,75853.0,72413.0,66086.0,60553.0,73054.0,73054.0
11-17 19:00,72937.0,75177.0,71020.0,64147.0,59350.0,71500.0,71500.0
11-17 20:00,69349.0,70846.0,67127.0,60827.0,57313.0,67764.0,67764.0
11-17 21:00,65480.0,66433.0,63454.0,57691.0,54854.0,63884.0,63884.0
11-17 22:00,62584.0,63742.0,61076.0,56007.0,54624.0,60300.0,60300.0
11-17 23:00,57440.0,58903.0,57206.0,52814.0,51793.0,56783.0,56783.0
11-18 00:00,52984.0,53668.0,53507.0,47473.0,48758.0,53428.0,53428.0
11-18 01:00,50441.0,51229.0,50996.0,44959.0,46584.0,51479.0,51479.0
11-18 02:00,49141.0,49498.0,49319.0,43584.0,46203.0,50113.0,50113.0
11-18 03:00,49799.0,50349.0,49389.0,43536.0,46321.0,50339.0,50339.0
11-18 04:00,51916.0,52416.0,49850.0,43406.0,48953.0,52409.0,52409.0
11-18 05:00,57074.0,56963.0,50164.0,43403.0,54639.0,57525.0,57525.0
11-18 06:00,66296.0,66561.0,52923.0,44104.0,64854.0,65516.0,65516.0
11-18 07:00,70302.0,70729.0,56052.0,45694.0,69116.0,69474.0,69474.0
11-18 08:00,71582.0,72406.0,60030.0,49626.0,70605.0,71474.0,71474.0
11-18 09:00,71717.0,72908.0,62632.0,52940.0,71537.0,72059.0,72059.0
11-18 10:00,72695.0,73941.0,64081.0,54311.0,72249.0,72252.0,72252.0
11-18 11:00,73333.0,74224.0,64659.0,55971.0,72557.0,73297.0,73297.0
11-18 12:00,72454.0,73640.0,63883.0,55646.0,72153.0,72900.0,72900.0
11-18 13:00,71620.0,72735.0,62606.0,53873.0,72417.0,72079.0,72079.0
11-18 14:00,69577.0,70814.0,60865.0,52268.0,71397.0,70229.0,70229.0
11-18 15:00,68847.0,70380.0,60639.0,52832.0,70599.0,69689.0,69689.0
11-18 16:00,70624.0,72524.0,63464.0,56902.0,72257.0,71647.0,71647.0
11-18 17:00,73954.0,73951.0,65572.0,59892.0,73827.0,73248.0,73248.0
11-18 18:00,73676.0,73260.0,65083.0,60232.0,73732.0,72994.0,72994.0
11-18 19:00,72562.0,72233.0,63221.0,59094.0,72915.0,71568.0,71568.0
11-18 20:00,69554.0,68403.0,59713.0,57117.0,70308.0,68674.0,68674.0
11-18 21:00,65220.0,63876.0,55966.0,54353.0,66290.0,64193.0,64193.0
11-18 22:00,61619.0,60980.0,55027.0,54883.0,63374.0,61134.0,61134.0
11-18 23:00,56666.0,57590.0,51699.0,52254.0,59109.0,56739.0,56739.0
11-19 00:00,53331.0,53200.0,48389.0,49488.0,55305.0,53458.0,53458.0
11-19 01:00,50369.0,50463.0,46154.0,47638.0,53279.0,51361.0,51361.0
11-19 02:00,49283.0,48556.0,44857.0,47473.0,52348.0,49887.0,49887.0
11-19 03:00,50084.0,48316.0,44610.0,48316.0,53273.0,50040.0,50040.0
11-19 04:00,52382.0,48956.0,44870.0,50944.0,55483.0,52010.0,52010.0
11-19 05:00,57767.0,49099.0,44804.0,56485.0,60598.0,56760.0,56760.0
11-19 06:00,67082.0,51069.0,45075.0,66596.0,68976.0,64163.0,64163.0
11-19 07:00,71566.0,54739.0,47670.0,70768.0,73655.0,68408.0,68408.0
11-19 08:00,73098.0,58522.0,51261.0,72367.0,74565.0,70523.0,70523.0
11-19 09:00,73868.0,61061.0,54799.0,71640.0,74696.0,71260.0,71260.0
11-19 10:00,74370.0,61527.0,57365.0,72739.0,74778.0,72180.0,72180.0
11-19 11:00,75184.0,62393.0,59677.0,73647.0,75381.0,72674.0,72674.0
11-19 12:00,74554.0,62042.0,59306.0,74231.0,74888.0,71935.0,71935.0
11-19 13:00,73568.0,60930.0,57520.0,74504.0,74047.0,71164.0,71164.0
11-19 14:00,72463.0,58686.0,55330.0,73467.0,72371.0,68795.0,68795.0
11-19 15:00,71984.0,58378.0,55431.0,73453.0,71267.0,67862.0,67862.0
11-19 16:00,74072.0,61393.0,58617.0,74685.0,72195.0,69266.0,69266.0
11-19 17:00,75316.0,63733.0,61439.0,75776.0,73911.0,70634.0,70634.0
11-19 18:00,74541.0,63688.0,61777.0,74628.0,73200.0,69833.0,69833.0
11-19 19:00,72747.0,62247.0,60850.0,74038.0,71235.0,68067.0,68067.0
11-19 20:00,68671.0,59104.0,58336.0,70967.0,68055.0,64584.0,64584.0
11-19 21:00,64438.0,55204.0,55678.0,66855.0,63758.0,60323.0,60323.0
11-19 22:00,61025.0,54298.0,55894.0,63398.0,60756.0,57443.0,57443.0
11-19 23:00,56268.0,51396.0,53231.0,59443.0,56377.0,53698.0,53698.0
11-20 00:00,52490.0,48092.0,49974.0,55051.0,52978.0,52968.0,52968.0
11-20 01:00,49876.0,45404.0,48029.0,53248.0,50734.0,50398.0,50398.0
11-20 02:00,48661.0,43386.0,47099.0,52067.0,49250.0,49091.0,49091.0
11-20 03:00,49465.0,43118.0,48393.0,52828.0,49883.0,48692.0,48692.0
11-20 04:00,51547.0,43631.0,51169.0,54854.0,51560.0,48642.0,48642.0
11-20 05:00,55720.0,43484.0,56769.0,59678.0,55768.0,48908.0,48908.0
11-20 06:00,65627.0,43827.0,66496.0,68489.0,64095.0,51356.0,51356.0
11-20 07:00,70564.0,46377.0,70741.0,72861.0,68798.0,54875.0,54875.0
11-20 08:00,72108.0,50470.0,73146.0,73859.0,70057.0,57794.0,57794.0
11-20 09:00,72331.0,53866.0,73964.0,74217.0,70951.0,60195.0,60195.0
11-20 10:00,73172.0,56517.0,74466.0,75005.0,71725.0,61345.0,61345.0
11-20 11:00,73607.0,58803.0,74931.0,75698.0,72110.0,62165.0,62165.0
11-20 12:00,73259.0,58635.0,74087.0,75261.0,71824.0,61838.0,61838.0
11-20 13:00,72360.0,56790.0,73882.0,74754.0,71330.0,60762.0,60762.0
11-20 14:00,70464.0,54481.0,73104.0,73505.0,70013.0,59651.0,59651.0
11-20 15:00,69509.0,53819.0,73382.0,73323.0,69776.0,59681.0,59681.0
11-20 16:00,71554.0,57998.0,74889.0,74751.0,71007.0,62005.0,62005.0
11-20 17:00,72666.0,61176.0,75322.0,76020.0,72215.0,64046.0,64046.0
11-20 18:00,71979.0,61523.0,74447.0,74819.0,71764.0,63628.0,63628.0
11-20 19:00,70450.0,60519.0,73047.0,73997.0,70508.0,61766.0,61766.0
11-20 20:00,66444.0,58698.0,69447.0,70203.0,67281.0,58903.0,58903.0
11-20 21:00,62300.0,54953.0,65069.0,66642.0,63219.0,56276.0,56276.0
11-20 22:00,59249.0,54749.0,62575.0,63324.0,60267.0,54545.0,54545.0
11-20 23:00,55421.0,51535.0,58370.0,58614.0,56565.0,51964.0,51964.0
11-21 00:00,51659.0,48289.0,54427.0,55049.0,53061.0,49975.0,49975.0
11-21 01:00,48686.0,45847.0,51641.0,52523.0,50943.0,47616.0,47616.0
11-21 02:00,47080.0,44460.0,50303.0,51556.0,49595.0,46158.0,46158.0
11-21 03:00,46754.0,45655.0,50976.0,52247.0,50113.0,45555.0,45555.0
11-21 04:00,47182.0,48737.0,52771.0,53835.0,51955.0,45994.0,45994.0
11-21 05:00,47402.0,55185.0,57444.0,58121.0,56905.0,46350.0,46350.0
11-21 06:00,49662.0,66130.0,66750.0,66797.0,65692.0,46769.0,46769.0
11-21 07:00,53647.0,71493.0,70815.0,70907.0,69532.0,48798.0,48798.0
11-21 08:00,57269.0,72496.0,72350.0,72360.0,71040.0,52005.0,52005.0
11-21 09:00,59734.0,73431.0,72938.0,72412.0,71130.0,54920.0,54920.0
11-21 10:00,61221.0,73199.0,73769.0,73703.0,71668.0,57019.0,57019.0
11-21 11:00,62052.0,74058.0,74517.0,74304.0,71948.0,59160.0,59160.0
11-21 12:00,61414.0,73563.0,73348.0,73794.0,71390.0,59006.0,59006.0
11-21 13:00,59790.0,73452.0,73572.0,73545.0,71278.0,57178.0,57178.0
11-21 14:00,57898.0,72219.0,72112.0,72825.0,69864.0,55187.0,55187.0
11-21 15:00,58142.0,71662.0,72077.0,72513.0,70032.0,55341.0,55341.0
11-21 16:00,61495.0,73895.0,74147.0,73638.0,72314.0,58908.0,58908.0
11-21 17:00,63398.0,75675.0,75004.0,74984.0,73611.0,60968.0,60968.0
11-21 18:00,63716.0,75077.0,74052.0,74275.0,73100.0,60834.0,60834.0
11-21 19:00,61626.0,73873.0,73147.0,73329.0,71571.0,59879.0,59879.0
11-21 20:00,58596.0,70531.0,69618.0,69853.0,68550.0,57633.0,57633.0
11-21 21:00,55493.0,65779.0,65626.0,65735.0,64422.0,55427.0,55427.0
11-21 22:00,54417.0,62684.0,62783.0,62720.0,61286.0,55364.0,55364.0
11-21 23:00,51563.0,57666.0,58371.0,58577.0,57848.0,52114.0,52114.0
11-22 00:00,48492.0,52893.0,54009.0,54672.0,54154.0,50120.0,50120.0
11-22 01:00,45823.0,50050.0,51455.0,53067.0,52080.0,48090.0,48090.0
11-22 02:00,44685.0,48776.0,50383.0,51338.0,50636.0,47083.0,47083.0
11-22 03:00,44294.0,49089.0,51309.0,51874.0,50876.0,47736.0,47736.0
11-22 04:00,44125.0,51452.0,53416.0,53783.0,53050.0,50381.0,50381.0
11-22 05:00,43993.0,56855.0,57703.0,58098.0,57645.0,55146.0,55146.0
11-22 06:00,43737.0,66927.0,66647.0,66811.0,66304.0,64513.0,64513.0
11-22 07:00,46041.0,71479.0,71059.0,71122.0,70865.0,69744.0,69744.0
11-22 08:00,49760.0,72512.0,72377.0,72210.0,71922.0,71131.0,71131.0
11-22 09:00,52836.0,72530.0,71972.0,72092.0,72202.0,71405.0,71405.0
11-22 10:00,55059.0,73262.0,72300.0,72740.0,72362.0,72385.0,72385.0
11-22 11:00,57283.0,73872.0,72756.0,73224.0,72350.0,73009.0,73009.0
11-22 12:00,57179.0,72950.0,71953.0,72746.0,71672.0,73550.0,73550.0
11-22 13:00,55645.0,72486.0,70999.0,72292.0,70928.0,73403.0,73403.0
11-22 14:00,54023.0,70630.0,69562.0,71153.0,68479.0,71374.0,71374.0
11-22 15:00,53643.0,70319.0,69140.0,71154.0,68095.0,70455.0,70455.0
11-22 16:00,57396.0,73253.0,71149.0,72646.0,70845.0,71576.0,71576.0
11-22 17:00,60219.0,74722.0,74112.0,74072.0,71768.0,73536.0,73536.0
11-22 18:00,60443.0,74062.0,73698.0,73345.0,71414.0,73096.0,73096.0
11-22 19:00,59710.0,73191.0,73146.0,71873.0,69597.0,72312.0,72312.0
11-22 20:00,57914.0,69669.0,69521.0,68674.0,66077.0,69874.0,69874.0
11-22 21:00,55412.0,65214.0,66174.0,64907.0,62374.0,66398.0,66398.0
11-22 22:00,55535.0,61834.0,63421.0,62170.0,59453.0,63162.0,63162.0
11-22 23:00,52510.0,56691.0,59448.0,58104.0,56323.0,60185.0,60185.0
11-23 00:00,49469.0,52591.0,54938.0,54598.0,53014.0,56844.0,56844.0
11-23 01:00,47536.0,49806.0,52462.0,52353.0,50355.0,54627.0,54627.0
11-23 02:00,46625.0,48805.0,51799.0,51346.0,48947.0,53228.0,53228.0
11-23 03:00,47230.0,49736.0,52267.0,51643.0,48722.0,53524.0,53524.0
11-23 04:00,49755.0,51595.0,54708.0,53585.0,48746.0,55506.0,55506.0
11-23 05:00,55431.0,56507.0,59147.0,57783.0,49439.0,59755.0,59755.0
11-23 06:00,65639.0,66132.0,68730.0,66440.0,51523.0,66982.0,66982.0
11-23 07:00,69957.0,70605.0,72872.0,70499.0,55020.0,70159.0,70159.0
11-23 08:00,71814.0,71779.0,73765.0,71775.0,58498.0,71334.0,71334.0
11-23 09:00,71970.0,71528.0,73621.0,75170.0,60450.0,71122.0,71122.0
11-23 10:00,72644.0,72205.0,74479.0,76538.0,61286.0,71615.0,71615.0
11-23 11:00,73139.0,72602.0,74817.0,76659.0,61660.0,72556.0,72556.0
11-23 12:00,72393.0,71777.0,74064.0,70929.0,61186.0,72080.0,72080.0
11-23 13:00,72701.0,71540.0,73847.0,70119.0,59377.0,71697.0,71697.0
11-23 14:00,71466.0,70858.0,72648.0,68225.0,57779.0,70139.0,70139.0
11-23 15:00,71390.0,70133.0,72152.0,67770.0,58259.0,69661.0,69661.0
11-23 16:00,74132.0,73103.0,74634.0,70279.0,61778.0,71207.0,71207.0
11-23 17:00,76097.0,74590.0,76109.0,71389.0,63195.0,72521.0,72521.0
11-23 18:00,75431.0,73988.0,75375.0,70600.0,63323.0,72309.0,72309.0
11-23 19:00,74612.0,73007.0,74257.0,68908.0,61700.0,71375.0,71375.0
11-23 20:00,71196.0,69533.0,70261.0,65474.0,58311.0,68098.0,68098.0
11-23 21:00,67048.0,65266.0,66275.0,61743.0,54678.0,64367.0,64367.0
11-23 22:00,63637.0,62178.0,62708.0,59661.0,53762.0,60813.0,60813.0
11-23 23:00,59475.0,57861.0,58224.0,56299.0,51292.0,57285.0,57285.0
11-24 00:00,55716.0,53408.0,53952.0,52969.0,48130.0,54163.0,54163.0
11-24 01:00,53317.0,51050.0,50372.0,50651.0,45941.0,52024.0,52024.0
11-24 02:00,52367.0,49503.0,49002.0,48548.0,44547.0,51536.0,51536.0
11-24 03:00,52906.0,50057.0,50137.0,48304.0,44323.0,50749.0,50749.0
11-24 04:00,54716.0,52043.0,52482.0,48457.0,44515.0,52595.0,52595.0
11-24 05:00,59480.0,56602.0,57155.0,48721.0,44101.0,57056.0,57056.0
11-24 06:00,68514.0,66155.0,66698.0,50546.0,43819.0,64900.0,64900.0
11-24 07:00,72674.0,71547.0,71381.0,54243.0,46031.0,68813.0,68813.0
11-24 08:00,73786.0,71973.0,72755.0,57751.0,49832.0,70518.0,70518.0
11-24 09:00,74226.0,72365.0,72481.0,60047.0,52122.0,71356.0,71356.0
11-24 10:00,75180.0,73338.0,73117.0,60873.0,54258.0,71667.0,71667.0
11-24 11:00,75585.0,73617.0,73364.0,61682.0,55808.0,72271.0,72271.0
11-24 12:00,75240.0,73451.0,72793.0,61198.0,55610.0,72293.0,72293.0
11-24 13:00,75199.0,73137.0,71676.0,60008.0,53396.0,71720.0,71720.0
11-24 14:00,74217.0,71749.0,69830.0,58566.0,52198.0,70343.0,70343.0
11-24 15:00,73783.0,71653.0,69480.0,58144.0,51953.0,70263.0,70263.0
11-24 16:00,76600.0,74207.0,71491.0,61098.0,56084.0,71859.0,71859.0
11-24 17:00,78068.0,75504.0,72954.0,62797.0,58991.0,73008.0,73008.0
11-24 18:00,77306.0,74998.0,71903.0,62437.0,59172.0,72534.0,72534.0
11-24 19:00,75843.0,74222.0,70100.0,60810.0,57735.0,71299.0,71299.0
11-24 20:00,72265.0,70344.0,66156.0,57864.0,55419.0,68573.0,68573.0
11-24 21:00,68179.0,65713.0,61906.0,54594.0,52944.0,65234.0,65234.0
11-24 22:00,64565.0,63313.0,59275.0,53599.0,52521.0,61726.0,61726.0
11-24 23:00,60341.0,58498.0,55093.0,50483.0,49488.0,58494.0,58494.0
11-25 00:00,56436.0,54325.0,51575.0,47981.0,46841.0,55405.0,55405.0
11-25 01:00,53457.0,51507.0,48915.0,45340.0,45294.0,53909.0,53909.0
11-25 02:00,51893.0,49915.0,47189.0,43958.0,44557.0,52712.0,52712.0
11-25 03:00,52423.0,50552.0,47273.0,43577.0,45405.0,52888.0,52888.0
11-25 04:00,54504.0,52836.0,47742.0,43816.0,47953.0,54368.0,54368.0
11-25 05:00,58204.0,56837.0,48079.0,44060.0,53483.0,59200.0,59200.0
11-25 06:00,68328.0,65931.0,50326.0,43567.0,63284.0,67106.0,67106.0
11-25 07:00,72828.0,70954.0,54239.0,45894.0,68379.0,71041.0,71041.0
11-25 08:00,74504.0,72007.0,57861.0,49784.0,70261.0,73213.0,73213.0
11-25 09:00,74651.0,72437.0,60179.0,52811.0,70563.0,73752.0,73752.0
11-25 10:00,75418.0,72900.0,61661.0,55532.0,71244.0,74366.0,74366.0
11-25 11:00,75518.0,73459.0,62638.0,57614.0,71995.0,75260.0,75260.0
11-25 12:00,74838.0,73290.0,62570.0,57568.0,71520.0,75119.0,75119.0
11-25 13:00,74788.0,72721.0,61126.0,55827.0,71595.0,75078.0,75078.0
11-25 14:00,73598.0,69997.0,59439.0,54080.0,70198.0,73953.0,73953.0
11-25 15:00,73429.0,70001.0,59198.0,54166.0,70112.0,73538.0,73538.0
11-25 16:00,75203.0,72445.0,62314.0,57991.0,71276.0,75166.0,75166.0
11-25 17:00,76473.0,73680.0,64150.0,60290.0,72325.0,76133.0,76133.0
11-25 18:00,75998.0,72567.0,64251.0,60451.0,71865.0,75630.0,75630.0
11-25 19:00,74729.0,71366.0,62595.0,59372.0,70474.0,74021.0,74021.0
11-25 20:00,71128.0,67572.0,59722.0,57176.0,67506.0,70015.0,70015.0
11-25 21:00,66774.0,63476.0,56137.0,54419.0,63603.0,66165.0,66165.0
11-25 22:00,63802.0,61467.0,54992.0,54728.0,60426.0,62670.0,62670.0
11-25 23:00,59397.0,56762.0,51926.0,52440.0,56212.0,59104.0,59104.0
11-26 00:00,54902.0,52968.0,48847.0,49275.0,52518.0,55301.0,55301.0
11-26 01:00,52534.0,50198.0,46427.0,47524.0,49937.0,53329.0,53329.0
11-26 02:00,51080.0,48692.0,45724.0,46719.0,48926.0,52340.0,52340.0
11-26 03:00,51528.0,48011.0,45315.0,47402.0,49602.0,52672.0,52672.0
11-26 04:00,53048.0,48524.0,45321.0,50272.0,51651.0,54558.0,54558.0
11-26 05:00,57761.0,48444.0,45601.0,55627.0,56500.0,58539.0,58539.0
11-26 06:00,67418.0,50783.0,45732.0,65891.0,66301.0,66182.0,66182.0
11-26 07:00,72378.0,54347.0,47572.0,69587.0,70831.0,71038.0,71038.0
11-26 08:00,73244.0,58017.0,51996.0,71493.0,71739.0,73257.0,73257.0
11-26 09:00,73374.0,60768.0,55126.0,72074.0,71761.0,73986.0,73986.0
11-26 10:00,73809.0,61990.0,57916.0,72653.0,72266.0,74104.0,74104.0
11-26 11:00,74302.0,62450.0,60593.0,73313.0,72711.0,74862.0,74862.0
11-26 12:00,73837.0,62027.0,60201.0,72793.0,72327.0,74544.0,74544.0
11-26 13:00,73574.0,60751.0,58469.0,72188.0,71749.0,73292.0,73292.0
11-26 14:00,72151.0,58958.0,57103.0,71088.0,70891.0,71421.0,71421.0
11-26 15:00,72033.0,58679.0,57054.0,71150.0,70336.0,70526.0,70526.0
11-26 16:00,74346.0,62200.0,60516.0,72876.0,72447.0,73063.0,73063.0
11-26 17:00,75897.0,63451.0,62498.0,73836.0,73652.0,73673.0,73673.0
11-26 18:00,75244.0,63246.0,62932.0,73070.0,73388.0,72640.0,72640.0
11-26 19:00,73984.0,61996.0,61945.0,71644.0,71844.0,71661.0,71661.0
11-26 20:00,70630.0,59516.0,59461.0,68319.0,69309.0,68761.0,68761.0
11-26 21:00,66401.0,55938.0,57312.0,64074.0,65682.0,65029.0,65029.0
11-26 22:00,63965.0,54777.0,57450.0,61590.0,61447.0,61923.0,61923.0
11-26 23:00,59230.0,51762.0,54862.0,57350.0,56863.0,58421.0,58421.0
11-27 00:00,55267.0,48283.0,51604.0,53557.0,52944.0,54902.0,54902.0
11-27 01:00,52572.0,45538.0,49400.0,51530.0,50291.0,51549.0,51549.0
11-27 02:00,51183.0,44286.0,48703.0,50614.0,49185.0,50389.0,50389.0
11-27 03:00,51510.0,44022.0,49766.0,51167.0,50073.0,49498.0,49498.0
11-27 04:00,53482.0,44214.0,52515.0,53073.0,52346.0,49636.0,49636.0
11-27 05:00,57710.0,44038.0,58324.0,57572.0,56934.0,50114.0,50114.0
11-27 06:00,67493.0,43754.0,68808.0,66065.0,66566.0,52009.0,52009.0
11-27 07:00,72014.0,46168.0,73446.0,70262.0,71558.0,55030.0,55030.0
11-27 08:00,72909.0,49940.0,75157.0,71404.0,73930.0,58964.0,58964.0
11-27 09:00,72735.0,53214.0,75911.0,71657.0,74780.0,61443.0,61443.0
11-27 10:00,73094.0,55483.0,77581.0,72356.0,75601.0,62667.0,62667.0
11-27 11:00,73239.0,57425.0,78453.0,72860.0,76114.0,63534.0,63534.0
11-27 12:00,72435.0,57327.0,77446.0,72571.0,75319.0,63213.0,63213.0
11-27 13:00,71599.0,55508.0,77671.0,72726.0,75016.0,61598.0,61598.0
11-27 14:00,69844.0,53916.0,76738.0,71788.0,73913.0,60323.0,60323.0
11-27 15:00,69726.0,52735.0,77003.0,71790.0,73152.0,60340.0,60340.0
11-27 16:00,72466.0,57306.0,78444.0,74186.0,74801.0,63441.0,63441.0
11-27 17:00,73917.0,59662.0,78415.0,74903.0,75874.0,64544.0,64544.0
11-27 18:00,73191.0,59956.0,77297.0,74319.0,75345.0,64627.0,64627.0
11-27 19:00,71899.0,59247.0,76127.0,73032.0,73883.0,63172.0,63172.0
11-27 20:00,68193.0,58403.0,72962.0,69998.0,70438.0,60329.0,60329.0
11-27 21:00,64569.0,55433.0,68118.0,66121.0,66165.0,57324.0,57324.0
11-27 22:00,62569.0,56110.0,65177.0,63446.0,63139.0,55708.0,55708.0
11-27 23:00,58938.0,52997.0,60565.0,59869.0,58500.0,52669.0,52669.0
11-28 00:00,54859.0,49938.0,56797.0,55820.0,54815.0,49843.0,49843.0
11-28 01:00,52411.0,47765.0,54101.0,53801.0,52317.0,47486.0,47486.0
11-28 02:00,50820.0,47245.0,53182.0,53049.0,51409.0,46532.0,46532.0
11-28 03:00,50127.0,48440.0,53874.0,53586.0,51856.0,45749.0,45749.0
11-28 04:00,50100.0,51240.0,55664.0,55571.0,54587.0,45626.0,45626.0
11-28 05:00,50228.0,56886.0,59993.0,60529.0,59828.0,45742.0,45742.0
11-28 06:00,51759.0,67059.0,69128.0,69828.0,68714.0,46161.0,46161.0
11-28 07:00,55509.0,71674.0,73655.0,74201.0,72897.0,48450.0,48450.0
11-28 08:00,58935.0,72763.0,75163.0,75500.0,73609.0,52348.0,52348.0
11-28 09:00,61202.0,72971.0,75257.0,75420.0,73494.0,55385.0,55385.0
11-28 10:00,62529.0,73531.0,75810.0,75958.0,74987.0,57671.0,57671.0
11-28 11:00,63571.0,73895.0,76263.0,76055.0,75333.0,60118.0,60118.0
11-28 12:00,63299.0,73314.0,76096.0,75380.0,74952.0,59915.0,59915.0
11-28 13:00,61446.0,73180.0,75974.0,74970.0,75070.0,58720.0,58720.0
11-28 14:00,59759.0,71748.0,74383.0,73832.0,73775.0,56830.0,56830.0
11-28 15:00,58811.0,71705.0,73723.0,74303.0,73718.0,56897.0,56897.0
11-28 16:00,62554.0,75023.0,75870.0,77405.0,74867.0,60068.0,60068.0
11-28 17:00,64745.0,76736.0,77108.0,78443.0,75504.0,61727.0,61727.0
11-28 18:00,64332.0,76125.0,76259.0,77490.0,74954.0,61732.0,61732.0
11-28 19:00,62948.0,75328.0,75047.0,76303.0,73356.0,61014.0,61014.0
11-28 20:00,60408.0,72022.0,71612.0,72361.0,70569.0,58997.0,58997.0
11-28 21:00,57101.0,67468.0,67610.0,67761.0,65858.0,56538.0,56538.0
11-28 22:00,56627.0,65071.0,64521.0,65156.0,62637.0,56059.0,56059.0
11-28 23:00,53827.0,60836.0,59991.0,60727.0,59025.0,53608.0,53608.0
11-29 00:00,50953.0,57433.0,56136.0,57041.0,54928.0,51556.0,51556.0
11-29 01:00,47793.0,55082.0,53787.0,54744.0,52214.0,49351.0,49351.0
11-29 02:00,46027.0,54051.0,52783.0,53443.0,50770.0,48458.0,48458.0
11-29 03:00,45158.0,54381.0,53261.0,53884.0,51548.0,49542.0,49542.0
11-29 04:00,45284.0,56072.0,55040.0,55697.0,53828.0,51716.0,51716.0
11-29 05:00,44874.0,60358.0,59270.0,59209.0,58813.0,56915.0,56915.0
11-29 06:00,44668.0,69173.0,67781.0,68459.0,67552.0,66092.0,66092.0
11-29 07:00,47321.0,73766.0,71858.0,72485.0,71932.0,71050.0,71050.0
11-29 08:00,51196.0,74435.0,73085.0,73405.0,72746.0,73319.0,73319.0
11-29 09:00,54521.0,73636.0,73181.0,73418.0,72750.0,74369.0,74369.0
11-29 10:00,57254.0,74023.0,73471.0,73900.0,73371.0,74668.0,74668.0
11-29 11:00,59581.0,74544.0,74147.0,74530.0,73095.0,75207.0,75207.0
11-29 12:00,59809.0,74038.0,73403.0,73930.0,72263.0,75210.0,75210.0
11-29 13:00,58258.0,73739.0,73061.0,74171.0,71575.0,75012.0,75012.0
11-29 14:00,56860.0,72339.0,72114.0,73361.0,70193.0,73695.0,73695.0
11-29 15:00,56570.0,72822.0,72261.0,73109.0,69026.0,73219.0,73219.0
11-29 16:00,59856.0,76365.0,74587.0,75355.0,71046.0,75326.0,75326.0
11-29 17:00,62092.0,78315.0,75034.0,75909.0,71996.0,75843.0,75843.0
11-29 18:00,62486.0,77584.0,74232.0,75218.0,71043.0,74867.0,74867.0
11-29 19:00,61207.0,76960.0,73387.0,74281.0,69456.0,73204.0,73204.0
11-29 20:00,59651.0,73559.0,70046.0,70977.0,66573.0,70172.0,70172.0
11-29 21:00,57328.0,69621.0,66175.0,66733.0,62594.0,67232.0,67232.0
11-29 22:00,57647.0,66444.0,63590.0,63462.0,59637.0,64857.0,64857.0
11-29 23:00,54245.0,62663.0,58962.0,58883.0,55601.0,60813.0,60813.0
11-30 00:00,50172.0,58356.0,54991.0,55639.0,51906.0,56778.0,56778.0
11-30 01:00,47851.0,55772.0,53166.0,53759.0,50245.0,54922.0,54922.0
11-30 02:00,46645.0,54590.0,51963.0,52528.0,48136.0,54304.0,54304.0
11-30 03:00,47335.0,55057.0,52471.0,52828.0,47584.0,56037.0,56037.0
11-30 04:00,50049.0,56564.0,54268.0,54725.0,47592.0,58210.0,58210.0
11-30 05:00,55712.0,61254.0,58671.0,58844.0,47739.0,63385.0,63385.0
11-30 06:00,66120.0,70393.0,67645.0,67223.0,49193.0,72056.0,72056.0
11-30 07:00,71465.0,75121.0,72550.0,72139.0,52846.0,76754.0,76754.0
11-30 08:00,72823.0,75748.0,73490.0,73578.0,56181.0,78635.0,78635.0
11-30 09:00,73347.0,75191.0,73789.0,73687.0,58022.0,79056.0,79056.0
11-30 10:00,74255.0,75580.0,74097.0,74063.0,58458.0,80555.0,80555.0
11-30 11:00,75306.0,76059.0,75256.0,74618.0,58657.0,81614.0,81614.0
11-30 12:00,74657.0,75380.0,74334.0,74350.0,58042.0,81166.0,81166.0
11-30 13:00,75035.0,75317.0,74232.0,73122.0,56841.0,80792.0,80792.0
11-30 14:00,73527.0,74328.0,73541.0,71146.0,55508.0,79283.0,79283.0
11-30 15:00,73434.0,74290.0,72939.0,70454.0,55329.0,78420.0,78420.0
11-30 16:00,74892.0,77008.0,75093.0,72569.0,59464.0,78385.0,78385.0
11-30 17:00,76018.0,78610.0,75885.0,73035.0,60795.0,78696.0,78696.0
11-30 18:00,75416.0,77762.0,74913.0,72173.0,60521.0,77833.0,77833.0
11-30 19:00,74308.0,76716.0,73847.0,70965.0,59573.0,75431.0,75431.0
11-30 20:00,71457.0,72525.0,70736.0,67964.0,56751.0,70739.0,70739.0
11-30 21:00,67491.0,68084.0,66613.0,63433.0,53807.0,66977.0,66977.0
11-30 22:00,64214.0,64821.0,63720.0,61374.0,52477.0,63489.0,63489.0
11-30 23:00,59234.0,60919.0,59700.0,57561.0,49990.0,59079.0,59079.0
12-01 00:00,54120.0,57024.0,55383.0,53485.0,47015.0,49162.08,62569.920000000006
12-01 01:00,51166.0,54363.0,53485.0,50895.0,44625.0,47327.28,60234.72000000001
12-01 02:00,49568.0,52816.0,52020.0,49251.0,43255.0,46523.840000000004,59212.16
12-01 03:00,50389.0,53193.0,52677.0,48999.0,42772.0,47579.840000000004,60556.16
12-01 04:00,52793.0,54666.0,54381.0,49279.0,42997.0,49722.64,63283.36000000001
12-01 05:00,57572.0,59233.0,58616.0,49761.0,46987.0,54037.28,68774.72
12-01 06:00,67017.0,68768.0,67024.0,52126.0,47982.0,61709.12,78538.88
12-01 07:00,72249.0,74122.0,71992.0,55704.0,49443.0,66219.12,84278.88
12-01 08:00,73263.0,75175.0,73297.0,58403.0,51779.0,67976.48,86515.52
12-01 09:00,72898.0,75677.0,73555.0,60519.0,53656.0,68676.96,87407.04000000001
12-01 10:00,73937.0,76208.0,73611.0,61187.0,54355.0,69536.72,88501.28000000001
12-01 11:00,74852.0,76490.0,73809.0,61770.0,56513.0,70339.28,89522.72000000002
12-01 12:00,74405.0,75807.0,73480.0,61294.0,56382.0,69890.48,88951.52
12-01 13:00,74229.0,75664.0,72216.0,60029.0,54805.0,69148.64,88007.36000000002
12-01 14:00,73128.0,74069.0,70888.0,58329.0,53361.0,68484.24,87161.76000000001
12-01 15:00,72804.0,74017.0,70529.0,58333.0,53430.0,68109.36,86684.64000000001
12-01 16:00,74647.0,76148.0,72889.0,61877.0,56766.0,68830.96,87603.04000000001
12-01 17:00,75640.0,77548.0,73825.0,63279.0,58451.0,69856.16,88907.84000000001
12-01 18:00,75095.0,76694.0,72605.0,63582.0,58897.0,69125.76,87978.24
12-01 19:00,73671.0,75576.0,71267.0,62429.0,58233.0,66624.8,84795.20000000001
12-01 20:00,70961.0,72117.0,67773.0,59916.0,56279.0,63439.2,80740.8
12-01 21:00,66763.0,68149.0,64397.0,56662.0,53901.0,59496.8,75723.20000000001
12-01 22:00,63139.0,65229.0,61780.0,55957.0,53800.0,56629.76,72074.24
12-01 23:00,57676.0,60596.0,57877.0,52552.0,50997.0,52678.56,67045.44
12-02 00:00,53630.0,56405.0,55355.0,48462.0,47217.0,50283.2,63996.8
12-02 01:00,51063.0,53420.0,52441.0,45874.0,45628.0,48279.44,61446.560000000005
12-02 02:00,49642.0,51890.0,50781.0,44585.0,44863.0,47557.840000000004,60528.16
12-02 03:00,50507.0,52352.0,50667.0,43801.0,45489.0,47874.64,60931.36000000001
12-02 04:00,52798.0,54275.0,50905.0,43962.0,47893.0,50043.840000000004,63692.16
12-02 05:00,57846.0,58649.0,50923.0,44175.0,53001.0,54117.36,68876.64
12-02 06:00,66814.0,67997.0,52547.0,44600.0,63660.0,61365.92,78102.08
12-02 07:00,71621.0,73285.0,56074.0,47776.0,68855.0,65550.32,83427.68000000001
12-02 08:00,72798.0,74388.0,59754.0,51823.0,69398.0,67815.44,86310.56000000001
12-02 09:00,72647.0,74115.0,62534.0,55336.0,70249.0,68477.2,87152.8
12-02 10:00,73670.0,74394.0,63692.0,57588.0,71052.0,68809.84,87576.16
12-02 11:00,74107.0,74481.0,64275.0,59562.0,71811.0,69193.52,88064.48000000001
12-02 12:00,73301.0,73994.0,63639.0,59461.0,71397.0,68984.08,87797.92000000001
12-02 13:00,73134.0,73087.0,62216.0,57754.0,71517.0,68826.56,87597.44
12-02 14:00,71676.0,71145.0,60844.0,56198.0,70694.0,67334.96,85699.04000000001
12-02 15:00,71555.0,70184.0,60743.0,56119.0,70556.0,66503.36,84640.64000000001
12-02 16:00,74218.0,73535.0,63814.0,58756.0,71943.0,68163.92,86754.08
12-02 17:00,75447.0,74180.0,64736.0,60240.0,72557.0,68886.4,87673.6
12-02 18:00,74883.0,73482.0,64674.0,60257.0,71556.0,68591.6,87298.40000000001
12-02 19:00,73704.0,71956.0,63221.0,59138.0,70630.0,67054.24,85341.76000000001
12-02 20:00,70299.0,68707.0,60960.0,57584.0,67095.0,63792.08,81189.92000000001
12-02 21:00,66131.0,64527.0,58313.0,54988.0,63521.0,60079.36,76464.64000000001
12-02 22:00,63013.0,62132.0,57018.0,55447.0,60294.0,57010.8,72559.20000000001
12-02 23:00,57876.0,58488.0,54068.0,52192.0,55892.0,54229.12,69018.88
12-03 00:00,53390.0,54822.0,51044.0,48773.0,54613.0,51547.76,65606.24
12-03 01:00,50624.0,52395.0,48887.0,46835.0,51640.0,49943.52,63564.48
12-03 02:00,49565.0,50701.0,47279.0,45551.0,50531.0,49108.4,62501.600000000006
12-03 03:00,50186.0,50057.0,47224.0,46569.0,51071.0,49628.48,63163.520000000004
12-03 04:00,52049.0,50017.0,47124.0,48881.0,52819.0,51362.96,65371.04000000001
12-03 05:00,56449.0,49973.0,47049.0,55311.0,57452.0,54999.12,69998.88
12-03 06:00,66401.0,51336.0,47576.0,65914.0,66645.0,61597.36,78396.64000000001
12-03 07:00,71297.0,54937.0,49911.0,70945.0,71080.0,65919.04,83896.96
12-03 08:00,72141.0,57954.0,53580.0,72246.0,72189.0,68088.24,86657.76000000001
12-03 09:00,71994.0,60328.0,56908.0,72550.0,72230.0,67996.72,86541.28000000001
12-03 10:00,72916.0,61975.0,59650.0,73840.0,72581.0,68185.04,86780.96
12-03 11:00,73042.0,62186.0,61425.0,74415.0,72736.0,68664.64,87391.36000000002
12-03 12:00,71914.0,61867.0,61484.0,73749.0,72429.0,68459.6,87130.40000000001
12-03 13:00,71522.0,59967.0,60076.0,73693.0,72114.0,67734.48,86207.52
12-03 14:00,70239.0,58018.0,58411.0,72475.0,71005.0,65842.48,83799.52
12-03 15:00,69988.0,58151.0,58278.0,72468.0,71118.0,65850.4,83809.6
12-03 16:00,73707.0,62369.0,61740.0,73484.0,73876.0,68243.12,86854.88
12-03 17:00,74963.0,64116.0,63654.0,74200.0,75442.0,69383.6,88306.40000000001
12-03 18:00,73766.0,64388.0,63732.0,73639.0,74940.0,69152.16,88011.84000000001
12-03 19:00,72512.0,62820.0,63101.0,72562.0,73864.0,67719.52,86188.48000000001
12-03 20:00,69599.0,60097.0,61586.0,69965.0,70680.0,64157.28,81654.72
12-03 21:00,65442.0,56776.0,59201.0,65081.0,66859.0,60301.12,76746.88
12-03 22:00,62317.0,56344.0,59255.0,62352.0,63798.0,56943.04,72472.96
12-03 23:00,58066.0,53825.0,56662.0,57679.0,59324.0,53506.64,68099.36
12-04 00:00,53901.0,50939.0,53305.0,53435.0,55611.0,51409.6,65430.40000000001
12-04 01:00,51875.0,48691.0,51441.0,50461.0,53687.0,48611.2,61868.8
12-04 02:00,50886.0,47288.0,50515.0,49766.0,51821.0,46470.16,59143.840000000004
12-04 03:00,51223.0,46533.0,51323.0,50271.0,52595.0,45641.2,58088.8
12-04 04:00,53315.0,46322.0,53581.0,52813.0,54724.0,45149.28,57462.72000000001
12-04 05:00,58150.0,46108.0,58928.0,58195.0,59287.0,45432.64,57823.36000000001
12-04 06:00,67846.0,45499.0,69381.0,66764.0,68207.0,46768.48,59523.520000000004
12-04 07:00,72543.0,47983.0,74927.0,71533.0,72530.0,49535.2,63044.8
12-04 08:00,73919.0,51683.0,76103.0,72454.0,72563.0,52672.4,67037.6
12-04 09:00,73801.0,54698.0,76772.0,72781.0,72167.0,54462.32,69315.68000000001
12-04 10:00,74123.0,57187.0,77390.0,73359.0,72292.0,55739.2,70940.8
12-04 11:00,74333.0,58984.0,78172.0,73903.0,72611.0,56752.96,72231.04000000001
12-04 12:00,73639.0,58867.0,77653.0,73079.0,72242.0,56447.6,71842.40000000001
12-04 13:00,72023.0,56821.0,77562.0,73030.0,72375.0,55572.0,70728.0
12-04 14:00,70067.0,54770.0,75999.0,72233.0,70571.0,53992.4,68717.6
12-04 15:00,69469.0,54422.0,75680.0,71964.0,70794.0,54162.24,68933.76000000001
12-04 16:00,71441.0,58657.0,77662.0,74499.0,73330.0,56247.840000000004,71588.16
12-04 17:00,72494.0,61522.0,78124.0,76123.0,74889.0,57375.12,73022.88
12-04 18:00,71611.0,62186.0,77165.0,75463.0,74541.0,57541.44,73234.56000000001
12-04 19:00,70040.0,61356.0,75998.0,74556.0,73373.0,56505.68,71916.32
12-04 20:00,66847.0,59922.0,73044.0,71089.0,69817.0,53809.36,68484.64
12-04 21:00,62814.0,57497.0,69164.0,67022.0,66263.0,50989.840000000004,64896.16
12-04 22:00,60097.0,58011.0,66225.0,64041.0,63535.0,49966.4,63593.600000000006
12-04 23:00,56022.0,55822.0,61387.0,59946.0,59921.0,47804.24,60841.76000000001
12-05 00:00,51771.0,52463.0,57478.0,55702.0,56475.0,45048.96,57335.04000000001
12-05 01:00,49506.0,50843.0,55084.0,53552.0,54231.0,43376.96,55207.04000000001
12-05 02:00,47880.0,49692.0,53716.0,52695.0,52889.0,42151.12,53646.880000000005
12-05 03:00,47601.0,50110.0,54367.0,53385.0,53053.0,41255.28,52506.72000000001
12-05 04:00,48129.0,52081.0,56138.0,55031.0,54432.0,41638.08,52993.920000000006
12-05 05:00,48253.0,57652.0,60684.0,59407.0,59697.0,41858.96,53275.04000000001
12-05 06:00,50700.0,67882.0,69892.0,68265.0,68551.0,42056.08,53525.920000000006
12-05 07:00,55225.0,73387.0,74947.0,72933.0,73136.0,44278.08,56353.920000000006
12-05 08:00,58125.0,74402.0,75948.0,73530.0,74155.0,47293.840000000004,60192.16
12-05 09:00,60354.0,74087.0,76019.0,73317.0,74056.0,49782.48,63359.520000000004
12-05 10:00,61215.0,74283.0,77236.0,73246.0,73593.0,51701.76,65802.24
12-05 11:00,61983.0,74701.0,77643.0,74027.0,73640.0,53619.28,68242.72
12-05 12:00,61047.0,74193.0,77651.0,73268.0,72912.0,53478.48,68063.52
12-05 13:00,59566.0,74545.0,77410.0,72571.0,72465.0,51974.56,66149.44
12-05 14:00,57859.0,73184.0,76562.0,71752.0,71729.0,50782.16,64631.840000000004
12-05 15:00,57902.0,73119.0,76448.0,71993.0,72800.0,50913.28,64798.72000000001
12-05 16:00,62348.0,76244.0,78287.0,75049.0,76006.0,53875.36,68568.64
12-05 17:00,63936.0,77355.0,79000.0,75618.0,77360.0,55546.48,70695.52
12-05 18:00,63696.0,76814.0,77956.0,75170.0,76696.0,55491.04,70624.96
12-05 19:00,62057.0,75946.0,76647.0,74168.0,75828.0,54776.48,69715.52
12-05 20:00,59681.0,73024.0,73340.0,71473.0,71613.0,52612.56,66961.44
12-05 21:00,56134.0,68495.0,68812.0,67567.0,67911.0,50516.4,64293.600000000006
12-05 22:00,55542.0,65687.0,65112.0,64724.0,65397.0,50196.96,63887.04000000001
12-05 23:00,52366.0,61769.0,60858.0,60453.0,61734.0,47584.24,60561.76000000001
12-06 00:00,49173.0,58745.0,56970.0,56485.0,58364.0,45877.04,58388.96000000001
12-06 01:00,46076.0,56297.0,54478.0,53966.0,56181.0,44455.840000000004,56580.16
12-06 02:00,44384.0,55086.0,52960.0,52242.0,55150.0,43712.24,55633.76
12-06 03:00,44036.0,55289.0,53625.0,52897.0,55544.0,44872.08,57109.920000000006
12-06 04:00,44062.0,56877.0,55494.0,54972.0,56725.0,46757.04,59508.96000000001
12-06 05:00,43920.0,61300.0,59758.0,59293.0,61033.0,50985.44,64890.560000000005
12-06 06:00,44367.0,70289.0,68969.0,68005.0,69750.0,57762.32,73515.68000000001
12-06 07:00,47080.0,75586.0,74255.0,72636.0,74392.0,62920.0,80080.00000000001
12-06 08:00,50403.0,76092.0,75322.0,73705.0,75621.0,64193.36,81700.64000000001
12-06 09:00,53081.0,75454.0,75764.0,74401.0,75740.0,64167.840000000004,81668.16
12-06 10:00,55345.0,75987.0,76354.0,74731.0,75967.0,64698.48,82343.52
12-06 11:00,57228.0,76426.0,77266.0,75466.0,75911.0,65494.0,83356.00000000001
12-06 12:00,56692.0,75848.0,76491.0,74834.0,74949.0,65354.96,83179.04000000001
12-06 13:00,55054.0,75398.0,76399.0,74789.0,74121.0,65190.4,82969.6
12-06 14:00,53176.0,74062.0,75660.0,73451.0,72767.0,64122.96,81611.04000000001
12-06 15:00,52949.0,73995.0,75666.0,73701.0,72629.0,64448.56,82025.44
12-06 16:00,57460.0,76852.0,76810.0,75256.0,75116.0,65844.24,83801.76000000001
12-06 17:00,60080.0,77918.0,77589.0,75757.0,75400.0,66879.12,85118.88
12-06 18:00,60537.0,76873.0,76753.0,75250.0,74259.0,66858.0,85092.00000000001
12-06 19:00,59736.0,76017.0,75286.0,74273.0,72563.0,65639.2,83540.8
12-06 20:00,58027.0,72800.0,72127.0,72056.0,69189.0,62670.08,79761.92000000001
12-06 21:00,55217.0,68970.0,68326.0,67482.0,65610.0,59567.2,75812.8
12-06 22:00,55056.0,66151.0,65380.0,63890.0,62448.0,56475.76,71878.24
12-06 23:00,51521.0,61802.0,61261.0,59354.0,59180.0,53613.12,68234.88
12-07 00:00,47715.0,58462.0,56794.0,54802.0,56328.0,50438.08,64193.920000000006
12-07 01:00,45054.0,56309.0,53944.0,52377.0,53717.0,48614.72,61873.280000000006
12-07 02:00,44032.0,54531.0,53376.0,50757.0,51719.0,47423.2,60356.8
12-07 03:00,45021.0,55425.0,53566.0,51209.0,50902.0,47995.2,61084.8
12-07 04:00,47836.0,57006.0,55834.0,53526.0,51101.0,49511.44,63014.560000000005
12-07 05:00,53873.0,61488.0,60117.0,58165.0,51520.0,53297.2,67832.8
12-07 06:00,64795.0,70826.0,69356.0,67496.0,53432.0,60183.2,76596.8
12-07 07:00,70322.0,76404.0,74523.0,72348.0,56762.0,64370.24,81925.76000000001
12-07 08:00,71567.0,77113.0,75668.0,74301.0,59590.0,65749.2,83680.8
12-07 09:00,71350.0,76745.0,75564.0,74588.0,62558.0,66642.4,84817.6
12-07 10:00,71667.0,77522.0,76152.0,75483.0,63630.0,67130.8,85439.20000000001
12-07 11:00,72557.0,77694.0,76962.0,75844.0,64141.0,67413.28,85798.72
12-07 12:00,71891.0,77353.0,76265.0,75354.0,63513.0,66891.44,85134.56000000001
12-07 13:00,71018.0,77592.0,75869.0,74316.0,62685.0,66639.76,84814.24
12-07 14:00,69640.0,75882.0,74857.0,72677.0,60138.0,65479.04,83336.96
12-07 15:00,69476.0,75791.0,75254.0,71993.0,59773.0,64826.96,82507.04000000001
12-07 16:00,73696.0,78732.0,78564.0,74451.0,62455.0,66855.36,85088.64000000001
12-07 17:00,75338.0,79299.0,79266.0,75119.0,63693.0,68185.04,86780.96
12-07 18:00,74652.0,78510.0,78442.0,74092.0,63699.0,68479.84,87156.16
12-07 19:00,73430.0,78054.0,77145.0,72764.0,62499.0,67177.44,85498.56000000001
12-07 20:00,69880.0,74399.0,73703.0,69039.0,59015.0,64108.88,81593.12000000001
12-07 21:00,65557.0,70449.0,69218.0,64592.0,55958.0,60622.32,77155.68000000001
12-07 22:00,62501.0,67286.0,66459.0,61778.0,54575.0,58024.56,73849.44
12-07 23:00,57621.0,62445.0,61735.0,58047.0,51473.0,54902.32,69875.68000000001
12-08 00:00,53118.0,58354.0,56959.0,54012.0,48064.0,50913.28,64798.72000000001
12-08 01:00,50299.0,55662.0,53877.0,51566.0,45817.0,49401.44,62874.560000000005
12-08 02:00,49626.0,53933.0,52660.0,49832.0,44392.0,48374.48,61567.520000000004
12-08 03:00,50772.0,54449.0,53101.0,49810.0,44268.0,48777.52,62080.48
12-08 04:00,52898.0,55962.0,55347.0,50270.0,45715.0,50394.96,64139.04000000001
12-08 05:00,57480.0,60217.0,60273.0,50702.0,46133.0,54063.68,68808.32
12-08 06:00,66919.0,69277.0,69347.0,52193.0,47177.0,61869.28,78742.72
12-08 07:00,71754.0,74519.0,74878.0,56494.0,50047.0,66267.52,84340.48000000001
12-08 08:00,72328.0,74971.0,76121.0,60317.0,53539.0,67596.32,86031.68000000001
12-08 09:00,71838.0,74576.0,76354.0,62889.0,57061.0,67788.16,86275.84000000001
12-08 10:00,72656.0,74818.0,78002.0,64557.0,59343.0,69037.76,87866.24
12-08 11:00,73149.0,75488.0,78283.0,65029.0,61406.0,69342.24,88253.76000000001
12-08 12:00,72413.0,74588.0,77243.0,64807.0,61268.0,68754.4,87505.6
12-08 13:00,72190.0,74659.0,76300.0,63703.0,60069.0,68319.68000000001,86952.32
12-08 14:00,70749.0,73174.0,74479.0,62084.0,58355.0,66778.8,84991.20000000001
12-08 15:00,70366.0,73042.0,73922.0,61646.0,57511.0,66587.84,84748.16
12-08 16:00,74251.0,75833.0,76174.0,64036.0,60210.0,67823.36,86320.64000000001
12-08 17:00,75787.0,76758.0,76782.0,65284.0,61573.0,68778.16,87535.84000000001
12-08 18:00,75199.0,76247.0,75332.0,65096.0,61748.0,68137.52,86720.48000000001
12-08 19:00,73881.0,75411.0,73468.0,63154.0,61035.0,66830.72,85057.28000000001
12-08 20:00,70250.0,72292.0,69866.0,60550.0,58484.0,63669.76,81034.24
12-08 21:00,66545.0,68447.0,66180.0,57246.0,56555.0,59438.72,75649.28000000001
12-08 22:00,63084.0,65552.0,64146.0,56135.0,55892.0,55583.44,70742.56000000001
12-08 23:00,58138.0,60782.0,59856.0,52768.0,52733.0,51640.16,65723.84000000001
12-09 00:00,53518.0,56704.0,56221.0,49397.0,50893.0,48839.12,62158.880000000005
12-09 01:00,51160.0,53534.0,54010.0,46778.0,49294.0,47160.96,60023.04000000001
12-09 02:00,49456.0,51805.0,52735.0,45202.0,48442.0,46314.4,58945.600000000006
12-09 03:00,49819.0,51892.0,52588.0,44827.0,49339.0,46375.12,59022.880000000005
12-09 04:00,52302.0,53786.0,52344.0,44656.0,51581.0,48361.28,61550.72000000001
12-09 05:00,57401.0,58619.0,52015.0,44632.0,56803.0,52232.4,66477.6
12-09 06:00,67528.0,68060.0,54105.0,45017.0,66531.0,59181.76,75322.24
12-09 07:00,72635.0,73070.0,58098.0,47643.0,72046.0,63489.36,80804.64000000001
12-09 08:00,73218.0,74184.0,61664.0,51224.0,72885.0,64871.840000000004,82564.16
12-09 09:00,73160.0,74107.0,64644.0,54611.0,72529.0,65078.64,82827.36000000002
12-09 10:00,73755.0,74799.0,65799.0,57486.0,73558.0,65475.52,83332.48000000001
12-09 11:00,73904.0,75093.0,66515.0,59476.0,73543.0,66175.12,84222.88
12-09 12:00,72966.0,74354.0,66074.0,58943.0,73181.0,66108.24,84137.76000000001
12-09 13:00,72506.0,73279.0,64620.0,57756.0,72937.0,66264.88,84337.12000000001
12-09 14:00,71002.0,70798.0,62630.0,56441.0,71716.0,64911.44,82614.56000000001
12-09 15:00,70587.0,70123.0,62991.0,56616.0,71615.0,64450.32,82027.68000000001
12-09 16:00,73735.0,73089.0,65867.0,59957.0,73309.0,66088.0,84112.00000000001
12-09 17:00,75501.0,74014.0,66909.0,61566.0,74435.0,66730.4,84929.6
12-09 18:00,74787.0,72733.0,66821.0,61818.0,73911.0,66269.28,84342.72
12-09 19:00,73451.0,71325.0,65005.0,61258.0,72741.0,64995.92,82722.08
12-09 20:00,70155.0,67615.0,62425.0,59447.0,69550.0,62144.72,79093.28000000001
12-09 21:00,66148.0,63666.0,59126.0,57126.0,65771.0,58635.28,74626.72
12-09 22:00,63308.0,61290.0,58577.0,56738.0,62468.0,55563.2,70716.8
12-09 23:00,58488.0,57746.0,55672.0,54049.0,58209.0,52078.4,66281.6
12-10 00:00,54551.0,53623.0,52290.0,50955.0,55409.0,48889.28,62222.72000000001
12-10 01:00,51928.0,51267.0,49925.0,48910.0,53724.0,47285.04,60180.96000000001
12-10 02:00,51016.0,49835.0,48382.0,48654.0,51913.0,46119.04,58696.96000000001
12-10 03:00,51372.0,49180.0,47371.0,49830.0,51935.0,46903.12,59694.880000000005
12-10 04:00,53328.0,48932.0,47242.0,52488.0,54506.0,48385.92,61582.08000000001
12-10 05:00,58126.0,49054.0,47391.0,57198.0,58530.0,51869.840000000004,66016.16
12-10 06:00,67540.0,51181.0,46664.0,66697.0,67078.0,58494.48,74447.52
12-10 07:00,72763.0,55294.0,49480.0,72097.0,71194.0,63364.4,80645.6
12-10 08:00,73263.0,58267.0,52651.0,73496.0,72231.0,64561.2,82168.8
12-10 09:00,73114.0,60426.0,56184.0,74177.0,72121.0,64969.52,82688.48000000001
12-10 10:00,73238.0,61644.0,58964.0,74857.0,72279.0,65174.56,82949.44
12-10 11:00,73541.0,62011.0,61302.0,75978.0,71687.0,65277.52,83080.48000000001
12-10 12:00,72823.0,61317.0,61386.0,75753.0,71194.0,65004.72,82733.28000000001
12-10 13:00,72836.0,59736.0,60834.0,75470.0,71063.0,64331.52,81876.48000000001
12-10 14:00,71662.0,57903.0,59676.0,74186.0,70700.0,62685.92,79782.08
12-10 15:00,71519.0,57703.0,59043.0,74077.0,70741.0,62311.92,79306.08
12-10 16:00,75288.0,60960.0,61973.0,76295.0,74773.0,64282.24,81813.76000000001
12-10 17:00,76361.0,62885.0,64114.0,76949.0,76361.0,64925.52,82632.48000000001
12-10 18:00,75673.0,62707.0,64400.0,76136.0,75839.0,64256.72,81781.28000000001
12-10 19:00,74729.0,61490.0,63525.0,75143.0,75165.0,62448.32,79479.68000000001
12-10 20:00,71663.0,58689.0,62103.0,71573.0,72421.0,59231.92,75386.08
12-10 21:00,67264.0,54885.0,59316.0,67926.0,68659.0,55747.12,70950.88
12-10 22:00,64369.0,54097.0,59641.0,64929.0,65259.0,53017.36,67476.64
12-10 23:00,59996.0,51306.0,56555.0,61161.0,61393.0,49913.6,63526.40000000001
12-11 00:00,55725.0,47399.0,53442.0,56524.0,57961.0,46509.76,59194.240000000005
12-11 01:00,53169.0,45220.0,51146.0,54220.0,55503.0,45243.44,57582.560000000005
12-11 02:00,51667.0,43288.0,50500.0,53155.0,54273.0,43912.0,55888.00000000001
12-11 03:00,52130.0,43472.0,50615.0,53829.0,54796.0,43368.16,55195.840000000004
12-11 04:00,54127.0,43881.0,52539.0,55758.0,56103.0,43273.12,55074.880000000005
12-11 05:00,58431.0,43872.0,57607.0,60071.0,60673.0,43547.68,55424.32000000001
12-11 06:00,67745.0,44549.0,67141.0,69173.0,69033.0,45129.92,57438.08000000001
12-11 07:00,73189.0,47710.0,72693.0,73527.0,74282.0,48741.44,62034.560000000005
12-11 08:00,74645.0,51393.0,74449.0,74164.0,75017.0,51758.08,65873.92000000001
12-11 09:00,74764.0,54760.0,75235.0,74222.0,74972.0,54071.6,68818.40000000001
12-11 10:00,75302.0,57875.0,75993.0,74663.0,75260.0,55247.28,70314.72
12-11 11:00,75412.0,60054.0,77037.0,74944.0,75213.0,56333.2,71696.8
12-11 12:00,74558.0,60121.0,76587.0,74400.0,74630.0,56072.72,71365.28000000001
12-11 13:00,73624.0,58211.0,76658.0,74470.0,74382.0,55483.12,70614.88
12-11 14:00,71562.0,56174.0,75920.0,73376.0,73195.0,54127.04,68888.96
12-11 15:00,71525.0,55692.0,75734.0,73167.0,72966.0,54330.32,69147.68000000001
12-11 16:00,74176.0,59333.0,77264.0,74868.0,74517.0,56709.840000000004,72176.16
12-11 17:00,74814.0,61237.0,78085.0,75831.0,74838.0,58204.08,74077.92000000001
12-11 18:00,73940.0,61705.0,77364.0,74884.0,74212.0,58324.64,74231.36
12-11 19:00,71659.0,60460.0,76408.0,73608.0,72833.0,56518.0,71932.0
12-11 20:00,67940.0,58484.0,73129.0,70223.0,69491.0,53618.4,68241.6
12-11 21:00,64109.0,56256.0,69068.0,66450.0,65440.0,51010.08,64921.920000000006
12-11 22:00,61681.0,56307.0,66497.0,63482.0,62486.0,49793.04,63372.96000000001
12-11 23:00,57449.0,53522.0,61627.0,58744.0,58009.0,47515.6,60474.40000000001
12-12 00:00,52854.0,50074.0,56862.0,55536.0,54205.0,45003.2,57276.8
12-12 01:00,50111.0,47576.0,54147.0,53407.0,52104.0,42755.68,54416.32000000001
12-12 02:00,48250.0,46475.0,53314.0,52064.0,51438.0,41735.76,53118.240000000005
12-12 03:00,47667.0,47375.0,54365.0,52982.0,51562.0,41115.36,52328.64000000001
12-12 04:00,47989.0,49931.0,56457.0,55081.0,53369.0,40970.16,52143.840000000004
12-12 05:00,48190.0,55664.0,61334.0,59818.0,58125.0,41149.68,52372.32000000001
12-12 06:00,50675.0,66042.0,70609.0,67771.0,67048.0,41717.28,53094.72000000001
12-12 07:00,54861.0,72782.0,75939.0,72611.0,71789.0,44535.04,56680.96000000001
12-12 08:00,58099.0,73831.0,77157.0,73591.0,73117.0,47706.56,60717.44
12-12 09:00,60358.0,74501.0,77318.0,73651.0,73452.0,51128.0,65072.00000000001
12-12 10:00,61540.0,74828.0,77795.0,73845.0,73846.0,53118.56,67605.44
12-12 11:00,61941.0,75384.0,78643.0,73838.0,74109.0,55231.44,70294.56000000001
12-12 12:00,61137.0,74659.0,77961.0,73069.0,73216.0,54944.56,69929.44
12-12 13:00,59445.0,74273.0,77614.0,72850.0,73041.0,53633.36,68260.64
12-12 14:00,57663.0,72691.0,76216.0,72102.0,71683.0,51855.76,65998.24
12-12 15:00,57566.0,72569.0,75879.0,72043.0,71500.0,51520.48,65571.52
12-12 16:00,61193.0,74802.0,77916.0,74584.0,73804.0,54027.6,68762.40000000001
12-12 17:00,62485.0,75624.0,78821.0,75646.0,74378.0,55390.72,70497.28000000001
12-12 18:00,62609.0,75155.0,77970.0,74596.0,74088.0,55429.44,70546.56000000001
12-12 19:00,61082.0,73737.0,76803.0,73274.0,73484.0,54270.48,69071.52
12-12 20:00,58509.0,70565.0,73062.0,70511.0,70601.0,51948.16,66115.84000000001
12-12 21:00,55711.0,66236.0,68735.0,66704.0,66525.0,49962.88,63589.12
12-12 22:00,54847.0,63230.0,65815.0,64027.0,64181.0,49746.4,63313.600000000006
12-12 23:00,52154.0,58380.0,61060.0,59354.0,60094.0,47084.4,59925.600000000006
12-13 00:00,48632.0,55157.0,57174.0,56402.0,56128.0,44390.72,56497.280000000006
12-13 01:00,45729.0,52509.0,55033.0,53949.0,54449.0,42452.96,54031.04000000001
12-13 02:00,43983.0,51242.0,53864.0,52706.0,53264.0,41836.96,53247.04000000001
12-13 03:00,43522.0,51768.0,54482.0,53292.0,54110.0,42454.72,54033.280000000006
12-13 04:00,43356.0,54096.0,56153.0,55312.0,55264.0,44318.56,56405.44
12-13 05:00,43320.0,58643.0,60182.0,59910.0,59875.0,49383.840000000004,62852.16
12-13 06:00,43003.0,68079.0,69731.0,68338.0,67941.0,56889.36,72404.64000000001
12-13 07:00,46258.0,73560.0,75187.0,73331.0,73179.0,61532.24,78313.76000000001
12-13 08:00,49744.0,74219.0,76088.0,73851.0,74329.0,63059.92,80258.08
12-13 09:00,52892.0,74339.0,75921.0,73820.0,74388.0,63191.92,80426.08
12-13 10:00,55392.0,75067.0,76725.0,74055.0,74795.0,63878.32,81299.68000000001
12-13 11:00,57364.0,74876.0,77407.0,74235.0,74638.0,64570.0,82180.00000000001
12-13 12:00,56895.0,74377.0,76820.0,73927.0,73031.0,64335.04,81880.96
12-13 13:00,55348.0,74438.0,76892.0,73585.0,72001.0,64446.8,82023.20000000001
12-13 14:00,53392.0,72836.0,76610.0,72996.0,69828.0,63046.72,80241.28000000001
12-13 15:00,53237.0,72572.0,77180.0,73125.0,68958.0,62555.68,79616.32
12-13 16:00,57551.0,75336.0,79253.0,75427.0,71174.0,64113.28,81598.72
12-13 17:00,59853.0,76045.0,79817.0,76094.0,71409.0,64787.36,82456.64000000001
12-13 18:00,60205.0,75137.0,78587.0,75470.0,70290.0,64362.32,81915.68000000001
12-13 19:00,59444.0,74425.0,77498.0,74338.0,68874.0,63238.56,80485.44
12-13 20:00,57919.0,71080.0,74092.0,71430.0,65141.0,60540.48,77051.52
12-13 21:00,55360.0,66933.0,69817.0,67226.0,61397.0,57104.08,72677.92000000001
12-13 22:00,55674.0,64055.0,66822.0,64727.0,59298.0,54489.6,69350.40000000001
12-13 23:00,52511.0,59341.0,62328.0,61406.0,55559.0,50908.88,64793.12
12-14 00:00,49515.0,54585.0,57820.0,57680.0,51807.0,47720.64,60735.36000000001
12-14 01:00,47133.0,51892.0,55156.0,55032.0,49091.0,46361.92,59006.08000000001
12-14 02:00,46420.0,50508.0,54016.0,53886.0,47488.0,45358.72,57729.280000000006
12-14 03:00,47201.0,50800.0,54379.0,54102.0,47467.0,45614.8,58055.200000000004
12-14 04:00,49641.0,53072.0,56615.0,55458.0,48465.0,47696.88,60705.12
12-14 05:00,55154.0,57629.0,61405.0,59788.0,48774.0,51549.52,65608.48000000001
12-14 06:00,65726.0,66831.0,70092.0,68397.0,49970.0,58753.2,74776.8
12-14 07:00,71360.0,72947.0,75091.0,73234.0,54266.0,63717.28,81094.72
12-14 08:00,72191.0,73801.0,76064.0,74772.0,58201.0,64942.24,82653.76000000001
12-14 09:00,71858.0,73804.0,75775.0,74944.0,60857.0,64948.4,82661.6
12-14 10:00,72491.0,74634.0,76679.0,75013.0,62185.0,65100.64,82855.36000000002
12-14 11:00,73191.0,74816.0,77772.0,75092.0,63137.0,65498.4,83361.6
12-14 12:00,72440.0,74399.0,77068.0,74375.0,63243.0,64649.2,82280.8
12-14 13:00,71874.0,74164.0,76895.0,73422.0,62588.0,64439.76,82014.24
12-14 14:00,71027.0,72654.0,76044.0,71953.0,61771.0,63036.16,80227.84000000001
12-14 15:00,70725.0,72049.0,75873.0,71897.0,61202.0,62569.76,79634.24
12-14 16:00,74012.0,74450.0,77636.0,73690.0,63982.0,64052.56,81521.44
12-14 17:00,74983.0,75415.0,78569.0,73984.0,65325.0,64572.64,82183.36
12-14 18:00,74596.0,74823.0,77644.0,72729.0,65208.0,64140.56,81633.44
12-14 19:00,73303.0,73773.0,75933.0,71144.0,63274.0,62789.76,79914.24
12-14 20:00,70018.0,70290.0,72768.0,68041.0,60492.0,59591.840000000004,75844.16
12-14 21:00,65544.0,65985.0,68597.0,63661.0,57085.0,56603.36,72040.64000000001
12-14 22:00,62811.0,63278.0,66082.0,61361.0,57207.0,53945.76,68658.24
12-14 23:00,57775.0,59083.0,61629.0,58131.0,54248.0,50820.88,64681.12
12-15 00:00,53397.0,54879.0,57360.0,55415.0,50193.0,48429.92,61638.08000000001
12-15 01:00,50648.0,52477.0,54106.0,53103.0,47082.0,45688.72,58149.280000000006
12-15 02:00,49472.0,51320.0,52483.0,51409.0,45122.0,44825.44,57050.560000000005
12-15 03:00,50316.0,51981.0,52872.0,50646.0,44851.0,45455.52,57852.48
12-15 04:00,52265.0,53656.0,54306.0,50245.0,45979.0,47110.8,59959.200000000004
12-15 05:00,56688.0,57989.0,59029.0,50535.0,46258.0,51214.24,65181.76000000001
12-15 06:00,66388.0,67233.0,67670.0,52341.0,46661.0,58325.52,74232.48000000001
12-15 07:00,71727.0,73106.0,73185.0,56557.0,50206.0,63090.72,80297.28000000001
12-15 08:00,72674.0,73917.0,74094.0,60479.0,53456.0,64642.16,82271.84000000001
12-15 09:00,72210.0,73730.0,74450.0,62969.0,55895.0,64937.840000000004,82648.16
12-15 10:00,72379.0,74964.0,74605.0,64202.0,58021.0,65221.2,83008.8
12-15 11:00,72901.0,75318.0,74342.0,64697.0,59712.0,66015.84,84020.16
12-15 12:00,72141.0,74663.0,73866.0,64455.0,59447.0,65851.28,83810.72
12-15 13:00,71921.0,74529.0,72494.0,63076.0,57597.0,65241.44,83034.56000000001
12-15 14:00,70633.0,72863.0,70424.0,61581.0,55813.0,64225.04,81740.96
12-15 15:00,70016.0,72939.0,70246.0,61617.0,55859.0,63809.68,81212.32
12-15 16:00,73291.0,75188.0,72714.0,64387.0,59360.0,65235.28,83026.72
12-15 17:00,74556.0,75942.0,73208.0,65683.0,61455.0,65776.48,83715.52
12-15 18:00,73967.0,75541.0,72155.0,65841.0,61450.0,65333.840000000004,83152.16
12-15 19:00,72776.0,74433.0,70596.0,64998.0,60399.0,63976.88,81425.12000000001
12-15 20:00,69226.0,71079.0,67300.0,62395.0,58628.0,61108.96,77775.04000000001
12-15 21:00,65755.0,67282.0,63287.0,59559.0,56146.0,57541.44,73234.56000000001
12-15 22:00,62103.0,64647.0,61781.0,58887.0,55691.0,54808.16,69755.84000000001
12-15 23:00,57336.0,59813.0,58204.0,55024.0,52450.0,51355.92,65362.08000000001
12-16 00:00,53098.0,56101.0,54787.0,51126.0,48845.0,47688.96,60695.04000000001
12-16 01:00,49912.0,53698.0,52113.0,49481.0,46702.0,45434.4,57825.600000000006
12-16 02:00,48851.0,52466.0,50195.0,48119.0,46046.0,44598.4,56761.600000000006
12-16 03:00,49383.0,53003.0,49418.0,47681.0,46454.0,44423.28,56538.72000000001
12-16 04:00,51461.0,54637.0,49597.0,47483.0,48549.0,46093.52,58664.48
12-16 05:00,56239.0,58169.0,49700.0,47626.0,54233.0,50654.56,64469.44000000001
12-16 06:00,65988.0,67062.0,51383.0,47641.0,63662.0,57645.28,73366.72
12-16 07:00,71704.0,72933.0,56058.0,50371.0,69277.0,62034.72,78953.28000000001
12-16 08:00,72572.0,74128.0,59944.0,53855.0,70527.0,63338.88,80613.12000000001
12-16 09:00,72649.0,73716.0,62526.0,57465.0,70860.0,63440.96,80743.04000000001
12-16 10:00,73540.0,73611.0,63750.0,59933.0,71150.0,63849.28,81262.72
12-16 11:00,74233.0,73841.0,64481.0,62070.0,71360.0,64692.32,82335.68000000001
12-16 12:00,73659.0,72787.0,63878.0,61799.0,70980.0,64554.16,82159.84000000001
12-16 13:00,72893.0,72068.0,62742.0,60165.0,70672.0,64028.8,81491.20000000001
12-16 14:00,71596.0,69961.0,61274.0,58128.0,69134.0,62865.44,80010.56000000001
12-16 15:00,71642.0,69265.0,61402.0,57007.0,68472.0,62421.04,79444.96
12-16 16:00,74412.0,72428.0,64379.0,59907.0,70797.0,63692.64,81063.36
12-16 17:00,74840.0,73220.0,65487.0,61709.0,71289.0,64673.840000000004,82312.16
12-16 18:00,73703.0,72317.0,65566.0,62232.0,70847.0,64600.8,82219.20000000001
12-16 19:00,72354.0,70937.0,63978.0,61277.0,69807.0,63620.48,80971.52
12-16 20:00,68741.0,67488.0,61562.0,59561.0,66524.0,60751.68,77320.32
12-16 21:00,63929.0,63098.0,58219.0,56798.0,62574.0,57320.56,72953.44
12-16 22:00,61371.0,61477.0,57743.0,56958.0,59483.0,54681.44,69594.56000000001
12-16 23:00,56114.0,58122.0,54922.0,54056.0,54819.0,51640.16,65723.84000000001
12-17 00:00,51019.0,54755.0,51111.0,51750.0,50900.0,48235.44,61390.560000000005
12-17 01:00,48252.0,51901.0,48381.0,49757.0,47664.0,45747.68,58224.32000000001
12-17 02:00,46807.0,50192.0,46771.0,48414.0,46849.0,44721.6,56918.40000000001
12-17 03:00,47492.0,49976.0,46163.0,48913.0,47696.0,44926.64,57179.36000000001
12-17 04:00,49667.0,49999.0,46294.0,51050.0,49656.0,46040.72,58597.280000000006
12-17 05:00,53901.0,49879.0,46120.0,55959.0,54673.0,49513.2,63016.8
12-17 06:00,63778.0,51456.0,45716.0,65145.0,64109.0,56489.840000000004,71896.16
12-17 07:00,69684.0,55250.0,48717.0,70317.0,69215.0,61285.840000000004,78000.16
12-17 08:00,70288.0,58311.0,52095.0,71977.0,70025.0,62325.12,79322.88
12-17 09:00,70156.0,61103.0,56063.0,72283.0,69878.0,62032.08,78949.92000000001
12-17 10:00,70903.0,62096.0,58530.0,73020.0,69616.0,62619.04,79696.96
12-17 11:00,71579.0,62927.0,60489.0,73438.0,69971.0,62850.48,79991.52
12-17 12:00,70751.0,62574.0,60177.0,73280.0,69154.0,62545.12,79602.88
12-17 13:00,70305.0,61179.0,58764.0,73069.0,68543.0,61808.56,78665.44
12-17 14:00,68503.0,59779.0,57058.0,71600.0,67640.0,60162.96,76571.04000000001
12-17 15:00,68203.0,59416.0,56553.0,71493.0,67706.0,59545.2,75784.8
12-17 16:00,71088.0,62785.0,60162.0,72740.0,70777.0,61330.72,78057.28000000001
12-17 17:00,72155.0,64323.0,62409.0,73222.0,72100.0,62107.76,79046.24
12-17 18:00,71633.0,64174.0,62723.0,72831.0,71483.0,61592.08,78389.92000000001
12-17 19:00,70271.0,63291.0,62047.0,71679.0,71067.0,60750.8,77319.20000000001
12-17 20:00,67577.0,60264.0,60403.0,69153.0,67543.0,57285.36,72908.64000000001
12-17 21:00,63374.0,56354.0,57696.0,65504.0,62640.0,53935.2,68644.8
12-17 22:00,60465.0,56194.0,58352.0,62635.0,59846.0,51309.28,65302.72000000001
12-17 23:00,55417.0,53371.0,55701.0,58396.0,55924.0,48202.88,61349.12
12-18 00:00,51089.0,49945.0,52774.0,54614.0,52411.0,45643.840000000004,58092.16
12-18 01:00,47647.0,47547.0,50796.0,52118.0,50010.0,43553.840000000004,55432.16
12-18 02:00,46075.0,45660.0,49550.0,50961.0,48210.0,43075.12,54822.880000000005
12-18 03:00,46725.0,45106.0,50320.0,51533.0,48137.0,42677.36,54316.64000000001
12-18 04:00,48820.0,45239.0,52037.0,53588.0,50554.0,42286.64,53819.36000000001
12-18 05:00,53860.0,45230.0,57189.0,57909.0,55315.0,43010.88,54741.12
12-18 06:00,63521.0,44845.0,65936.0,66584.0,64078.0,44965.36,57228.64000000001
12-18 07:00,69231.0,47382.0,71606.0,71864.0,68873.0,48456.32,61671.68000000001
12-18 08:00,70495.0,50808.0,73378.0,72796.0,69706.0,51588.24,65657.76000000001
12-18 09:00,69598.0,54213.0,73886.0,72794.0,69799.0,54372.56,69201.44
12-18 10:00,69858.0,57398.0,74511.0,72680.0,69719.0,55861.52,71096.48000000001
12-18 11:00,70309.0,59576.0,74864.0,75226.0,69828.0,56886.72,72401.28000000001
12-18 12:00,69361.0,59623.0,74428.0,75239.0,69312.0,56586.64,72019.36
12-18 13:00,67781.0,57602.0,74472.0,74478.0,68123.0,55608.96,70775.04000000001
12-18 14:00,66399.0,55774.0,73403.0,73887.0,66449.0,54244.08,69037.92000000001
12-18 15:00,65462.0,55208.0,72894.0,70936.0,65870.0,54469.36,69324.64
12-18 16:00,68410.0,58426.0,74824.0,74084.0,68463.0,56548.8,71971.20000000001
12-18 17:00,69177.0,59858.0,75445.0,75221.0,70133.0,57917.2,73712.8
12-18 18:00,68362.0,60316.0,74899.0,74901.0,69738.0,57753.52,73504.48000000001
12-18 19:00,66512.0,59483.0,73669.0,73815.0,67922.0,56001.44,71274.56000000001
12-18 20:00,63320.0,57863.0,70606.0,71216.0,64870.0,53290.16,67823.84000000001
12-18 21:00,59180.0,55193.0,66788.0,67002.0,61755.0,49676.0,63224.00000000001
12-18 22:00,57229.0,55638.0,64105.0,64299.0,58458.0,48867.28,62194.72000000001
12-18 23:00,53052.0,53056.0,59818.0,59968.0,54250.0,46722.72,59465.280000000006
12-19 00:00,48455.0,49804.0,55529.0,55557.0,50267.0,44216.48,56275.520000000004
12-19 01:00,45618.0,47510.0,53137.0,53214.0,48501.0,42346.48,53895.520000000004
12-19 02:00,44045.0,46873.0,51772.0,52174.0,47763.0,41449.76,52754.240000000005
12-19 03:00,43686.0,47550.0,51905.0,53004.0,48467.0,40913.840000000004,52072.16
12-19 04:00,44323.0,50023.0,53525.0,54795.0,50432.0,41056.4,52253.600000000006
12-19 05:00,44664.0,54988.0,57798.0,59136.0,54823.0,41277.28,52534.72000000001
12-19 06:00,47051.0,64497.0,67256.0,67949.0,63008.0,41458.56,52765.44
12-19 07:00,51224.0,70690.0,72800.0,73246.0,68159.0,43655.92,55562.08
12-19 08:00,54508.0,71917.0,73778.0,74547.0,69241.0,46628.56,59345.44
12-19 09:00,57116.0,72027.0,74025.0,74907.0,69209.0,49812.4,63397.600000000006
12-19 10:00,57965.0,72660.0,74394.0,74777.0,68796.0,51978.08,66153.92000000001
12-19 11:00,58692.0,73187.0,74665.0,75150.0,68093.0,54085.68,68836.32
12-19 12:00,58313.0,72815.0,74477.0,74459.0,67274.0,54109.44,68866.56000000001
12-19 13:00,56303.0,72768.0,74207.0,73978.0,66357.0,52196.32,66431.68000000001
12-19 14:00,54515.0,71287.0,72851.0,72686.0,65065.0,51009.2,64920.8
12-19 15:00,54301.0,71024.0,72590.0,72195.0,64947.0,51079.6,65010.40000000001
12-19 16:00,58920.0,72749.0,74013.0,73831.0,68645.0,53442.4,68017.6
12-19 17:00,61422.0,73531.0,74732.0,74306.0,69685.0,55135.52,70172.48000000001
12-19 18:00,61505.0,73199.0,73931.0,73519.0,69031.0,55100.32,70127.68000000001
12-19 19:00,59970.0,72518.0,72541.0,72585.0,67616.0,54258.16,69055.84000000001
12-19 20:00,57140.0,69385.0,69224.0,68990.0,64408.0,52656.56,67017.44
12-19 21:00,53849.0,65048.0,65215.0,65173.0,60204.0,49932.96,63551.04000000001
12-19 22:00,52800.0,62647.0,62744.0,62878.0,57551.0,50232.16,63931.840000000004
12-19 23:00,49436.0,58402.0,58420.0,58025.0,53643.0,47227.840000000004,60108.16
12-20 00:00,45699.0,54440.0,54272.0,53788.0,49241.0,44402.16,56511.840000000004
12-20 01:00,42502.0,51964.0,51248.0,51117.0,47085.0,42694.08,54337.920000000006
12-20 02:00,40808.0,50804.0,49788.0,49621.0,45592.0,41793.840000000004,53192.16
12-20 03:00,40426.0,51288.0,50043.0,50227.0,46254.0,42550.64,54155.36000000001
12-20 04:00,40885.0,53331.0,52028.0,52173.0,48507.0,44021.12,56026.880000000005
12-20 05:00,41017.0,57141.0,56583.0,55689.0,52623.0,48076.16,61187.840000000004
12-20 06:00,41382.0,66138.0,65211.0,63988.0,59505.0,55639.76,70814.24
12-20 07:00,44204.0,71630.0,70517.0,69393.0,64868.0,60149.76,76554.24
12-20 08:00,47340.0,72208.0,71919.0,70553.0,65878.0,61559.52,78348.48000000001
12-20 09:00,50348.0,72003.0,72513.0,70855.0,65931.0,61746.08,78585.92000000001
12-20 10:00,52921.0,72540.0,72781.0,71370.0,65950.0,61158.24,77837.76000000001
12-20 11:00,55406.0,72697.0,73400.0,71587.0,65265.0,61172.32,77855.68000000001
12-20 12:00,55120.0,72152.0,72678.0,71156.0,65322.0,61072.88,77729.12000000001
12-20 13:00,52979.0,71973.0,72872.0,70770.0,64161.0,60415.52,76892.48000000001
12-20 14:00,51079.0,70901.0,71380.0,69058.0,62671.0,59106.08,75225.92000000001
12-20 15:00,50811.0,70469.0,71066.0,69223.0,62861.0,58399.44,74326.56000000001
12-20 16:00,55111.0,73519.0,72938.0,71413.0,64942.0,61028.0,77672.00000000001
12-20 17:00,57064.0,74281.0,73409.0,72087.0,65400.0,62207.2,79172.8
12-20 18:00,57781.0,73529.0,72726.0,71662.0,64955.0,61957.28,78854.72
12-20 19:00,57059.0,72780.0,71163.0,70568.0,63097.0,61207.52,77900.48000000001
12-20 20:00,55352.0,69731.0,68407.0,67159.0,59892.0,58610.64,74595.36
12-20 21:00,53029.0,65793.0,64274.0,63175.0,56192.0,54882.96,69851.04000000001
12-20 22:00,52181.0,63190.0,61812.0,60693.0,54162.0,52288.72,66549.28000000001
12-20 23:00,48662.0,59105.0,58370.0,56513.0,50156.0,49367.12,62830.880000000005
12-21 00:00,44880.0,55493.0,53554.0,52610.0,46313.0,46459.6,59130.40000000001
12-21 01:00,42426.0,52988.0,50614.0,49716.0,44483.0,44719.840000000004,56916.16
12-21 02:00,41052.0,51277.0,49398.0,47859.0,43298.0,44099.44,56126.560000000005
12-21 03:00,41709.0,51347.0,49699.0,47588.0,43001.0,44375.76,56478.240000000005
12-21 04:00,44115.0,52693.0,51429.0,49103.0,43627.0,45444.08,57837.920000000006
12-21 05:00,48831.0,56784.0,55874.0,52929.0,44080.0,48709.76,61994.240000000005
12-21 06:00,57858.0,65802.0,63816.0,59993.0,45583.0,54834.56,69789.44
12-21 07:00,63752.0,71553.0,69388.0,65687.0,49473.0,59385.92,75582.08
12-21 08:00,65005.0,72938.0,71101.0,67829.0,52558.0,60805.36,77388.64000000001
12-21 09:00,66014.0,72834.0,71591.0,69022.0,55105.0,60858.16,77455.84000000001
12-21 10:00,66281.0,73186.0,71880.0,69587.0,56030.0,60636.4,77173.6
12-21 11:00,67839.0,73321.0,72289.0,69545.0,56887.0,60560.72,77077.28000000001
12-21 12:00,67121.0,72814.0,71840.0,69295.0,56782.0,60271.2,76708.8
12-21 13:00,67098.0,72429.0,71162.0,68242.0,55688.0,59803.04,76112.96
12-21 14:00,65402.0,71072.0,69933.0,66085.0,53829.0,58287.68,74184.32
12-21 15:00,64570.0,70467.0,69662.0,65512.0,54391.0,58098.48,73943.52
12-21 16:00,67764.0,73376.0,71193.0,68262.0,57824.0,60486.8,76983.20000000001
12-21 17:00,69146.0,74346.0,71771.0,68382.0,59296.0,61334.24,78061.76000000001
12-21 18:00,68922.0,73802.0,71126.0,67520.0,59322.0,61001.6,77638.40000000001
12-21 19:00,67587.0,72845.0,69501.0,66675.0,58172.0,60125.12,76522.88
12-21 20:00,64510.0,69438.0,66684.0,62078.0,55562.0,57773.76,73530.24
12-21 21:00,60089.0,65546.0,63041.0,58537.0,52226.0,54370.8,69199.20000000001
12-21 22:00,57941.0,63542.0,61525.0,56821.0,50638.0,52254.4,66505.6
12-21 23:00,52932.0,59204.0,56980.0,52999.0,47480.0,49664.56,63209.44000000001
12-22 00:00,48026.0,54810.0,52025.0,48653.0,44884.0,46932.16,59731.840000000004
12-22 01:00,44700.0,51770.0,48810.0,46218.0,43231.0,45733.6,58206.40000000001
12-22 02:00,43292.0,50274.0,47113.0,43938.0,42003.0,44945.12,57202.880000000005
12-22 03:00,43625.0,50754.0,47703.0,43069.0,41556.0,45158.96,57475.04000000001
12-22 04:00,45386.0,52254.0,49386.0,43786.0,41366.0,46192.96,58791.04000000001
12-22 05:00,49296.0,55563.0,52985.0,44430.0,41366.0,49404.96,62879.04000000001
12-22 06:00,57319.0,63019.0,59395.0,46290.0,40866.0,54929.6,69910.40000000001
12-22 07:00,62672.0,68602.0,64581.0,50495.0,43314.0,59183.52,75324.48000000001
12-22 08:00,64227.0,70095.0,66507.0,54448.0,47007.0,60719.12,77278.88
12-22 09:00,64401.0,70656.0,67165.0,57058.0,50085.0,60861.68,77460.32
12-22 10:00,65095.0,71125.0,67638.0,58217.0,52245.0,60966.4,77593.6
12-22 11:00,65867.0,71391.0,68065.0,59012.0,54359.0,61276.16,77987.84000000001
12-22 12:00,65517.0,71192.0,67662.0,58781.0,54195.0,61169.68,77852.32
12-22 13:00,64788.0,70264.0,66361.0,57538.0,52692.0,59979.92,76338.08
12-22 14:00,63601.0,68654.0,64451.0,56087.0,51341.0,58340.48,74251.52
12-22 15:00,63039.0,68061.0,64114.0,56198.0,51439.0,57905.76,73698.24
12-22 16:00,65959.0,70802.0,66583.0,59123.0,54230.0,61014.8,77655.20000000001
12-22 17:00,67090.0,71799.0,67157.0,60765.0,55683.0,61654.56,78469.44
12-22 18:00,66609.0,71270.0,66819.0,60968.0,55919.0,61460.96,78223.04000000001
12-22 19:00,65088.0,69961.0,65877.0,59628.0,55204.0,60248.32,76679.68000000001
12-22 20:00,62066.0,66545.0,62112.0,56846.0,53230.0,58160.08,74021.92000000001
12-22 21:00,58970.0,62570.0,58487.0,53253.0,50984.0,56683.44,72142.56000000001
12-22 22:00,56275.0,60840.0,56817.0,52512.0,50393.0,52999.76,67454.24
12-22 23:00,51310.0,56691.0,52340.0,48651.0,47268.0,49888.08,63493.920000000006
12-23 00:00,47423.0,52570.0,48406.0,44697.0,44318.0,46781.68,59540.32000000001
12-23 01:00,44387.0,49127.0,45092.0,41741.0,41830.0,44773.52,56984.48
12-23 02:00,42501.0,47106.0,43273.0,40376.0,40441.0,43787.04,55728.96000000001
12-23 03:00,43006.0,47018.0,42990.0,39910.0,40825.0,43673.52,55584.48
12-23 04:00,44566.0,48552.0,43608.0,40198.0,42708.0,44840.4,57069.600000000006
12-23 05:00,47983.0,51041.0,44312.0,40169.0,44823.0,47083.52,59924.48
12-23 06:00,54163.0,56742.0,46280.0,40335.0,48617.0,51722.0,65828.0
12-23 07:00,60247.0,62395.0,50295.0,43354.0,52974.0,56137.840000000004,71448.16
12-23 08:00,61846.0,64940.0,53799.0,47151.0,55516.0,58272.72,74165.28000000001
12-23 09:00,62838.0,65659.0,57071.0,50796.0,57311.0,59087.6,75202.40000000001
12-23 10:00,63345.0,66282.0,58931.0,53402.0,57711.0,59514.4,75745.6
12-23 11:00,63612.0,66285.0,60162.0,55598.0,58996.0,59948.24,76297.76000000001
12-23 12:00,63227.0,66058.0,60537.0,55448.0,58946.0,59703.6,75986.40000000001
12-23 13:00,62068.0,64911.0,59583.0,54580.0,58258.0,58763.76,74790.24
12-23 14:00,59888.0,62887.0,58742.0,53231.0,57180.0,57855.6,73634.40000000001
12-23 15:00,59360.0,62386.0,58446.0,52801.0,56918.0,57562.56,73261.44
12-23 16:00,62678.0,66512.0,61556.0,54770.0,59882.0,59554.88,75797.12000000001
12-23 17:00,64427.0,67875.0,62573.0,55672.0,60725.0,60268.56,76705.44
12-23 18:00,63830.0,67370.0,62363.0,55578.0,60570.0,60026.56,76397.44
12-23 19:00,61578.0,65977.0,60935.0,54379.0,59172.0,58527.92,74490.08
12-23 20:00,58260.0,62446.0,58154.0,52718.0,56771.0,55511.28,70650.72
12-23 21:00,54689.0,58579.0,54586.0,50142.0,53387.0,52091.6,66298.40000000001
12-23 22:00,52360.0,56306.0,53294.0,49796.0,51379.0,50506.72,64281.280000000006
12-23 23:00,47777.0,52759.0,49973.0,46743.0,47648.0,47405.6,60334.40000000001
12-24 00:00,43162.0,48925.0,45696.0,43078.0,44012.0,44015.840000000004,56020.16
12-24 01:00,40363.0,45825.0,42594.0,40068.0,41414.0,41364.4,52645.600000000006
12-24 02:00,38815.0,44006.0,40950.0,39165.0,40389.0,39600.0,50400.00000000001
12-24 03:00,38724.0,43312.0,40408.0,39783.0,39896.0,38749.92,49318.08
12-24 04:00,39467.0,43149.0,40870.0,40896.0,40660.0,39223.36,49920.64000000001
12-24 05:00,40347.0,43145.0,40833.0,41812.0,41596.0,40026.8,50943.200000000004
12-24 06:00,42624.0,44702.0,40570.0,43341.0,42766.0,41505.2,52824.8
12-24 07:00,46713.0,48310.0,44065.0,48000.0,46410.0,44657.36,56836.64000000001
12-24 08:00,50294.0,52717.0,47817.0,51290.0,49671.0,48278.56,61445.44
12-24 09:00,52836.0,55962.0,51222.0,53566.0,52589.0,50870.16,64743.840000000004
12-24 10:00,54007.0,56763.0,53513.0,53928.0,54189.0,51955.2,66124.8
12-24 11:00,54728.0,57610.0,55070.0,54220.0,54760.0,52681.2,67048.8
12-24 12:00,54226.0,57464.0,55209.0,54325.0,54551.0,52807.04,67208.96
12-24 13:00,52354.0,56256.0,53820.0,53721.0,53676.0,52318.64,66587.36
12-24 14:00,50212.0,54333.0,52185.0,52319.0,51988.0,50910.64,64795.36000000001
12-24 15:00,48941.0,53276.0,51379.0,50857.0,50704.0,50103.68,63768.32000000001
12-24 16:00,53245.0,56045.0,53848.0,53963.0,52553.0,52102.16,66311.84000000001
12-24 17:00,54829.0,57625.0,55220.0,55359.0,53566.0,52518.4,66841.6
12-24 18:00,54341.0,56879.0,54713.0,54508.0,52774.0,51454.48,65487.520000000004
12-24 19:00,51568.0,54046.0,52044.0,52201.0,50028.0,48382.4,61577.600000000006
12-24 20:00,48849.0,50768.0,49063.0,49103.0,47118.0,45386.0,57764.00000000001
12-24 21:00,47200.0,49145.0,47831.0,47886.0,45761.0,43585.52,55472.48
12-24 22:00,47310.0,49738.0,48730.0,48771.0,45454.0,43174.56,54949.44
12-24 23:00,44787.0,47891.0,47030.0,46450.0,43754.0,41369.68,52652.32000000001
12-25 00:00,41274.0,44456.0,43926.0,44227.0,41323.0,39317.52,50040.48
12-25 01:00,38257.0,41909.0,41019.0,42032.0,39330.0,37095.52,47212.48
12-25 02:00,36376.0,40176.0,39380.0,40545.0,37314.0,35707.76,45446.240000000005
12-25 03:00,35777.0,39144.0,38573.0,40148.0,36896.0,35692.8,45427.200000000004
12-25 04:00,36438.0,39039.0,39235.0,40118.0,37250.0,35992.88,45809.12
12-25 05:00,36731.0,39194.0,39538.0,40232.0,37608.0,36097.6,45942.4
12-25 06:00,37331.0,39101.0,39651.0,40000.0,37429.0,36450.48,46391.520000000004
12-25 07:00,40159.0,41861.0,42929.0,42548.0,39759.0,38860.8,49459.200000000004
12-25 08:00,43604.0,45807.0,46491.0,46034.0,43361.0,42525.12,54122.880000000005
12-25 09:00,46934.0,50287.0,50271.0,49777.0,47483.0,45909.6,58430.40000000001
12-25 10:00,49549.0,53359.0,52874.0,52457.0,50074.0,47335.2,60244.8
12-25 11:00,51331.0,55304.0,54591.0,54124.0,52162.0,48556.64,61799.36000000001
12-25 12:00,50472.0,54755.0,53926.0,53845.0,51761.0,48391.2,61588.8
12-25 13:00,46785.0,50972.0,50753.0,50666.0,48676.0,46120.8,58699.200000000004
12-25 14:00,44571.0,49027.0,48334.0,48696.0,47048.0,44574.64,56731.36000000001
12-25 15:00,44560.0,48292.0,47408.0,47990.0,46666.0,44200.64,56255.36000000001
12-25 16:00,47985.0,50882.0,50603.0,50629.0,48454.0,46720.96,59463.04000000001
12-25 17:00,50072.0,52464.0,52459.0,52812.0,49927.0,48339.28,61522.72000000001
12-25 18:00,50235.0,52679.0,53103.0,53326.0,50358.0,48404.4,61605.600000000006
12-25 19:00,49979.0,52332.0,52708.0,52897.0,49918.0,47761.12,60786.880000000005
12-25 20:00,48572.0,51170.0,51163.0,51546.0,48342.0,46356.64,58999.36000000001
12-25 21:00,46459.0,49315.0,49351.0,49580.0,46760.0,44946.88,57205.12
12-25 22:00,46567.0,49365.0,49388.0,49596.0,46338.0,44930.16,57183.840000000004
12-25 23:00,44383.0,46437.0,47061.0,47133.0,44105.0,43131.44,54894.560000000005
12-26 00:00,40595.0,43238.0,44590.0,44536.0,41139.0,40635.76,51718.240000000005
12-26 01:00,37724.0,40997.0,42121.0,42405.0,39080.0,39276.16,49987.840000000004
12-26 02:00,36452.0,39339.0,40812.0,40930.0,37935.0,38218.4,48641.600000000006
12-26 03:00,36402.0,39271.0,40397.0,40308.0,37652.0,37789.840000000004,48096.16
12-26 04:00,37055.0,39681.0,41089.0,40922.0,38002.0,37803.92,48114.08
12-26 05:00,37371.0,39862.0,41246.0,40919.0,38009.0,37778.4,48081.600000000006
12-26 06:00,37615.0,39803.0,41164.0,40522.0,37858.0,37677.2,47952.8
12-26 07:00,40526.0,42135.0,43970.0,42647.0,40192.0,39527.840000000004,50308.16
12-26 08:00,43400.0,45809.0,47557.0,45832.0,43084.0,42404.56,53969.44
12-26 09:00,46555.0,49565.0,50862.0,49110.0,46013.0,45409.76,57794.240000000005
12-26 10:00,48336.0,51963.0,53138.0,51267.0,48186.0,47008.72,59829.280000000006
12-26 11:00,50007.0,54135.0,54317.0,53075.0,49981.0,48620.0,61880.00000000001
12-26 12:00,49500.0,53932.0,54203.0,52933.0,49969.0,48352.48,61539.520000000004
12-26 13:00,46861.0,51449.0,51799.0,50593.0,48371.0,46692.8,59427.200000000004
12-26 14:00,44930.0,49234.0,50099.0,49182.0,46780.0,45327.92,57690.08000000001
12-26 15:00,44152.0,48535.0,49234.0,49100.0,46259.0,44747.12,56950.880000000005
12-26 16:00,48441.0,51712.0,52478.0,51974.0,48820.0,48002.24,61093.76000000001
12-26 17:00,51151.0,53643.0,54646.0,53934.0,50083.0,49642.56,63181.44000000001
12-26 18:00,51817.0,54112.0,54996.0,54253.0,50469.0,49862.56,63461.44000000001
12-26 19:00,51199.0,53646.0,54291.0,53587.0,50101.0,49331.92,62786.08000000001
12-26 20:00,49679.0,52397.0,52396.0,52174.0,48126.0,47966.16,61047.840000000004
12-26 21:00,47893.0,50690.0,50661.0,51028.0,46696.0,46595.12,59302.880000000005
12-26 22:00,47372.0,50532.0,50486.0,51038.0,46563.0,46430.56,59093.44
12-26 23:00,44387.0,47952.0,47815.0,48542.0,44032.0,44725.12,56922.880000000005
12-27 00:00,41435.0,45122.0,44404.0,45765.0,41293.0,42060.48,53531.520000000004
12-27 01:00,38691.0,42675.0,41636.0,43628.0,39586.0,40010.96,50923.04000000001
12-27 02:00,37210.0,41887.0,40059.0,42312.0,38208.0,38833.52,49424.48
12-27 03:00,37293.0,41578.0,39887.0,42264.0,38150.0,39288.48,50003.520000000004
12-27 04:00,37900.0,43151.0,41521.0,43557.0,39394.0,40455.36,51488.64000000001
12-27 05:00,38212.0,45445.0,43898.0,45712.0,40660.0,42332.4,53877.600000000006
12-27 06:00,38206.0,49846.0,47983.0,49339.0,44000.0,45186.24,57509.76
12-27 07:00,40726.0,54446.0,52657.0,53303.0,48189.0,49098.72,62489.280000000006
12-27 08:00,43646.0,57158.0,56224.0,56543.0,50936.0,51986.0,66164.0
12-27 09:00,46132.0,59057.0,58476.0,58350.0,52978.0,53753.04,68412.96
12-27 10:00,48269.0,60137.0,59508.0,59032.0,53870.0,54412.16,69251.84000000001
12-27 11:00,49923.0,61218.0,60689.0,60111.0,54680.0,55393.36,70500.64000000001
12-27 12:00,49830.0,61562.0,60762.0,60138.0,54907.0,55739.2,70940.8
12-27 13:00,48461.0,60921.0,59831.0,59195.0,54558.0,54892.64,69863.36
12-27 14:00,46666.0,59460.0,58647.0,57740.0,53519.0,53755.68,68416.32
12-27 15:00,46624.0,58695.0,58105.0,57709.0,53370.0,54030.24,68765.76000000001
12-27 16:00,50517.0,61754.0,61217.0,60743.0,56582.0,56386.0,71764.0
12-27 17:00,53780.0,63462.0,62653.0,62469.0,57955.0,57512.4,73197.6
12-27 18:00,53849.0,63537.0,62512.0,62399.0,58000.0,57523.840000000004,73212.16
12-27 19:00,53132.0,62191.0,61359.0,61260.0,56915.0,56523.28,71938.72
12-27 20:00,50827.0,58875.0,58228.0,58133.0,53771.0,53706.4,68353.6
12-27 21:00,48577.0,55135.0,54940.0,54603.0,50768.0,50385.28,64126.72000000001
12-27 22:00,48189.0,53885.0,53589.0,53632.0,49838.0,49398.8,62871.200000000004
12-27 23:00,45126.0,50222.0,50497.0,50658.0,46742.0,46148.08,58733.920000000006
12-28 00:00,41237.0,46807.0,46943.0,47609.0,43508.0,42573.52,54184.48
12-28 01:00,38934.0,44229.0,44348.0,45007.0,41343.0,40639.28,51722.72000000001
12-28 02:00,38016.0,42775.0,42406.0,43910.0,40481.0,39696.8,50523.200000000004
12-28 03:00,38654.0,42521.0,42691.0,43941.0,40507.0,40242.4,51217.600000000006
12-28 04:00,40399.0,44119.0,44441.0,44730.0,41006.0,41026.48,52215.520000000004
12-28 05:00,42186.0,46035.0,46562.0,46573.0,41362.0,42867.44,54558.560000000005
12-28 06:00,46505.0,49728.0,50509.0,49533.0,41981.0,46117.28,58694.72000000001
12-28 07:00,51213.0,54363.0,54955.0,52992.0,45234.0,49158.56,62565.44
12-28 08:00,53557.0,57371.0,58215.0,55639.0,47781.0,51971.04,66144.96
12-28 09:00,54975.0,58726.0,60344.0,57468.0,50318.0,53073.68,67548.32
12-28 10:00,55738.0,59542.0,61609.0,58222.0,51558.0,54136.72,68901.28000000001
12-28 11:00,56936.0,60587.0,62770.0,59070.0,52471.0,55468.16,70595.84000000001
12-28 12:00,56963.0,60561.0,62975.0,59402.0,52648.0,55673.2,70856.8
12-28 13:00,56122.0,59597.0,62445.0,58313.0,51781.0,55231.44,70294.56000000001
12-28 14:00,54515.0,58145.0,60734.0,56862.0,50783.0,54618.96,69515.04000000001
12-28 15:00,54658.0,57478.0,60145.0,56807.0,51181.0,54487.840000000004,69348.16
12-28 16:00,58990.0,60714.0,62404.0,60074.0,54556.0,56596.32,72031.68000000001
12-28 17:00,61352.0,62556.0,64320.0,61546.0,56640.0,57432.32,73095.68000000001
12-28 18:00,61489.0,62345.0,64436.0,61341.0,56741.0,57277.44,72898.56000000001
12-28 19:00,60530.0,61277.0,63268.0,59919.0,55718.0,55895.840000000004,71140.16
12-28 20:00,57718.0,58346.0,59875.0,57089.0,53156.0,52630.16,66983.84000000001
12-28 21:00,54124.0,54651.0,56347.0,54092.0,50494.0,49380.32,62847.68000000001
12-28 22:00,53005.0,53549.0,54998.0,53373.0,50036.0,47459.28,60402.72000000001
12-28 23:00,48987.0,49928.0,51721.0,50434.0,47264.0,44510.4,56649.600000000006
12-29 00:00,44466.0,46308.0,48287.0,47881.0,44199.0,40788.0,51912.00000000001
12-29 01:00,41666.0,43607.0,45506.0,45060.0,42005.0,38891.6,49498.4
12-29 02:00,40588.0,42731.0,43987.0,43919.0,41067.0,38104.88,48497.12
12-29 03:00,40690.0,42971.0,44026.0,43108.0,40669.0,38081.12,48466.880000000005
12-29 04:00,42107.0,44155.0,45032.0,43696.0,40637.0,38964.64,49591.36000000001
12-29 05:00,44179.0,45798.0,46367.0,44505.0,40630.0,40252.96,51231.04000000001
12-29 06:00,47337.0,49291.0,49480.0,45386.0,40112.0,42511.92,54106.08
12-29 07:00,51844.0,53927.0,54316.0,48600.0,41821.0,45958.0,58492.00000000001
12-29 08:00,54529.0,56294.0,57532.0,52078.0,44389.0,48387.68,61584.32000000001
12-29 09:00,55926.0,57590.0,59178.0,55307.0,47260.0,49653.12,63194.880000000005
12-29 10:00,56617.0,57843.0,59909.0,56546.0,49065.0,50694.16,64519.840000000004
12-29 11:00,57403.0,58940.0,60422.0,57805.0,51154.0,51858.4,66001.6
12-29 12:00,57114.0,59082.0,60303.0,57308.0,51382.0,51824.08,65957.92000000001
12-29 13:00,56296.0,58250.0,59185.0,56562.0,49901.0,51196.64,65159.36000000001
12-29 14:00,54465.0,56844.0,58415.0,55612.0,48268.0,50102.8,63767.200000000004
12-29 15:00,54481.0,56258.0,58927.0,56238.0,48412.0,50057.92,63710.08000000001
12-29 16:00,58761.0,60197.0,62679.0,59177.0,52157.0,52224.48,66467.52
12-29 17:00,60571.0,62757.0,64761.0,60506.0,54353.0,53477.6,68062.40000000001
12-29 18:00,60518.0,62868.0,64614.0,60886.0,54812.0,53495.2,68084.8
12-29 19:00,59127.0,61955.0,63386.0,60232.0,54203.0,52365.28,66646.72
12-29 20:00,56028.0,58863.0,60045.0,56904.0,52494.0,50028.88,63673.12
12-29 21:00,53079.0,55614.0,56515.0,53872.0,50205.0,47211.12,60086.880000000005
12-29 22:00,51628.0,54508.0,55505.0,52907.0,50499.0,46060.08,58621.920000000006
12-29 23:00,47866.0,51560.0,52155.0,49458.0,47875.0,43204.48,54987.520000000004
12-30 00:00,44169.0,47888.0,48041.0,45832.0,45286.0,40353.28,51358.72000000001
12-30 01:00,41076.0,45098.0,45034.0,43520.0,43231.0,38469.2,48960.8
12-30 02:00,39823.0,43876.0,43647.0,41782.0,42598.0,37742.32,48035.68000000001
12-30 03:00,40020.0,43961.0,42672.0,41064.0,42482.0,37084.96,47199.04
12-30 04:00,41184.0,44846.0,42797.0,41626.0,43573.0,38681.28,49230.72
12-30 05:00,43410.0,46432.0,43289.0,41804.0,45190.0,40946.4,52113.600000000006
12-30 06:00,47088.0,49638.0,44012.0,41375.0,48372.0,43237.04,55028.96000000001
12-30 07:00,51529.0,53724.0,47323.0,43257.0,52049.0,47371.28,60290.72000000001
12-30 08:00,54102.0,55947.0,50821.0,46128.0,54569.0,50013.04,63652.96000000001
12-30 09:00,55804.0,58240.0,53755.0,49087.0,55923.0,51471.2,65508.8
12-30 10:00,56797.0,58476.0,55680.0,51979.0,55928.0,52334.48,66607.52
12-30 11:00,57532.0,58348.0,57033.0,54101.0,56702.0,53761.840000000004,68424.16
12-30 12:00,57633.0,58604.0,57145.0,54367.0,56589.0,54006.48,68735.52
12-30 13:00,57062.0,57800.0,56478.0,52733.0,55573.0,52851.04,67264.96
12-30 14:00,55521.0,55862.0,55544.0,51301.0,54601.0,51911.2,66068.8
12-30 15:00,55247.0,55476.0,55417.0,50717.0,55028.0,51875.12,66022.88
12-30 16:00,59466.0,59760.0,58066.0,53010.0,58397.0,54441.2,69288.8
12-30 17:00,61659.0,62141.0,60342.0,54688.0,60844.0,56019.04,71296.96
12-30 18:00,62022.0,62150.0,60527.0,54695.0,61159.0,55790.24,71005.76000000001
12-30 19:00,60724.0,61206.0,59811.0,53692.0,59972.0,54681.44,69594.56000000001
12-30 20:00,58081.0,58018.0,56466.0,51534.0,57414.0,51604.96,65679.04000000001
12-30 21:00,54809.0,55014.0,53202.0,49147.0,54286.0,48526.72,61761.280000000006
12-30 22:00,53294.0,54251.0,52181.0,49205.0,53367.0,46944.48,59747.520000000004
12-30 23:00,50057.0,51010.0,49158.0,46727.0,50052.0,44414.48,56527.520000000004
12-31 00:00,46545.0,48177.0,44959.0,43791.0,46436.0,41642.48,52999.520000000004
12-31 01:00,43468.0,45703.0,41905.0,41424.0,44292.0,39030.64,49675.36000000001
12-31 02:00,42009.0,44222.0,39774.0,39731.0,42835.0,37607.68,47864.32000000001
12-31 03:00,41596.0,43406.0,38833.0,39756.0,42541.0,37033.92,47134.08
12-31 04:00,42276.0,43228.0,38633.0,40509.0,43056.0,38170.88,48581.12
12-31 05:00,42668.0,43276.0,38695.0,41201.0,43323.0,39267.36,49976.64000000001
12-31 06:00,43367.0,43579.0,38898.0,42577.0,44154.0,40322.48,51319.520000000004
12-31 07:00,46676.0,46402.0,41150.0,45749.0,46709.0,42498.72,54089.280000000006
12-31 08:00,50169.0,49604.0,44225.0,48807.0,49412.0,45137.840000000004,57448.16
12-31 09:00,52901.0,52339.0,47774.0,51273.0,52110.0,47554.32,60523.68000000001
12-31 10:00,53984.0,53856.0,50586.0,52409.0,53268.0,48980.8,62339.200000000004
12-31 11:00,54869.0,54797.0,53199.0,53527.0,54122.0,49916.24,63529.76000000001
12-31 12:00,54768.0,55211.0,53354.0,53975.0,54068.0,49746.4,63313.600000000006
12-31 13:00,53458.0,54625.0,52391.0,53416.0,53395.0,49098.72,62489.280000000006
12-31 14:00,52246.0,52985.0,50983.0,52751.0,52193.0,47593.04,60572.96000000001
12-31 15:00,51806.0,52823.0,51382.0,52458.0,51100.0,47468.96,60415.04000000001
12-31 16:00,54954.0,56709.0,55104.0,55678.0,54207.0,50196.96,63887.04000000001
12-31 17:00,57111.0,58776.0,56998.0,57161.0,55479.0,51885.68,66036.32
12-31 18:00,56534.0,58765.0,56869.0,56938.0,55110.0,51850.48,65991.52
12-31 19:00,54275.0,56799.0,54737.0,55836.0,53258.0,50226.88,63925.12
12-31 20:00,50805.0,53369.0,51129.0,52349.0,49923.0,46874.08,59657.920000000006
12-31 21:00,48144.0,50319.0,48247.0,49556.0,47590.0,43642.72,55545.280000000006
12-31 22:00,48002.0,50472.0,47806.0,49218.0,47422.0,42333.28,53878.72000000001
12-31 23:00,46309.0,49396.0,46019.0,47286.0,45430.0,40773.04,51892.96000000001
